run_label,seed,shuffled_label_control,true_dataset,pred_dataset,count,row_fraction
encoder_seed_2026,2026,False,emg2pose,emg2pose,973,0.7244973938942666
encoder_seed_2026,2026,False,emg2pose,emg2qwerty,346,0.2576321667907669
encoder_seed_2026,2026,False,emg2pose,harmonic,0,0.0
encoder_seed_2026,2026,False,emg2pose,ninapro_db10_meganepro,0,0.0
encoder_seed_2026,2026,False,emg2pose,physionet_grabmyo,0,0.0
encoder_seed_2026,2026,False,emg2pose,physionet_hyser,24,0.0178704393149664
encoder_seed_2026,2026,False,emg2qwerty,emg2pose,158,0.1673728813559322
encoder_seed_2026,2026,False,emg2qwerty,emg2qwerty,784,0.8305084745762712
encoder_seed_2026,2026,False,emg2qwerty,harmonic,0,0.0
encoder_seed_2026,2026,False,emg2qwerty,ninapro_db10_meganepro,0,0.0
encoder_seed_2026,2026,False,emg2qwerty,physionet_grabmyo,0,0.0
encoder_seed_2026,2026,False,emg2qwerty,physionet_hyser,2,0.0021186440677966
encoder_seed_2026,2026,False,harmonic,emg2pose,0,0.0
encoder_seed_2026,2026,False,harmonic,emg2qwerty,0,0.0
encoder_seed_2026,2026,False,harmonic,harmonic,969,1.0
encoder_seed_2026,2026,False,harmonic,ninapro_db10_meganepro,0,0.0
encoder_seed_2026,2026,False,harmonic,physionet_grabmyo,0,0.0
encoder_seed_2026,2026,False,harmonic,physionet_hyser,0,0.0
encoder_seed_2026,2026,False,ninapro_db10_meganepro,emg2pose,0,0.0
encoder_seed_2026,2026,False,ninapro_db10_meganepro,emg2qwerty,0,0.0
encoder_seed_2026,2026,False,ninapro_db10_meganepro,harmonic,0,0.0
encoder_seed_2026,2026,False,ninapro_db10_meganepro,ninapro_db10_meganepro,1253,0.998406374501992
encoder_seed_2026,2026,False,ninapro_db10_meganepro,physionet_grabmyo,2,0.0015936254980079
encoder_seed_2026,2026,False,ninapro_db10_meganepro,physionet_hyser,0,0.0
encoder_seed_2026,2026,False,physionet_grabmyo,emg2pose,0,0.0
encoder_seed_2026,2026,False,physionet_grabmyo,emg2qwerty,0,0.0
encoder_seed_2026,2026,False,physionet_grabmyo,harmonic,0,0.0
encoder_seed_2026,2026,False,physionet_grabmyo,ninapro_db10_meganepro,0,0.0
encoder_seed_2026,2026,False,physionet_grabmyo,physionet_grabmyo,1255,1.0
encoder_seed_2026,2026,False,physionet_grabmyo,physionet_hyser,0,0.0
encoder_seed_2026,2026,False,physionet_hyser,emg2pose,1,0.0007968127490039
encoder_seed_2026,2026,False,physionet_hyser,emg2qwerty,0,0.0
encoder_seed_2026,2026,False,physionet_hyser,harmonic,0,0.0
encoder_seed_2026,2026,False,physionet_hyser,ninapro_db10_meganepro,0,0.0
encoder_seed_2026,2026,False,physionet_hyser,physionet_grabmyo,0,0.0
encoder_seed_2026,2026,False,physionet_hyser,physionet_hyser,1254,0.999203187250996
encoder_seed_2026,2027,False,emg2pose,emg2pose,1026,0.7555228276877761
encoder_seed_2026,2027,False,emg2pose,emg2qwerty,328,0.2415316642120765
encoder_seed_2026,2027,False,emg2pose,harmonic,0,0.0
encoder_seed_2026,2027,False,emg2pose,ninapro_db10_meganepro,0,0.0
encoder_seed_2026,2027,False,emg2pose,physionet_grabmyo,0,0.0
encoder_seed_2026,2027,False,emg2pose,physionet_hyser,4,0.0029455081001472
encoder_seed_2026,2027,False,emg2qwerty,emg2pose,232,0.2572062084257206
encoder_seed_2026,2027,False,emg2qwerty,emg2qwerty,667,0.7394678492239468
encoder_seed_2026,2027,False,emg2qwerty,harmonic,0,0.0
encoder_seed_2026,2027,False,emg2qwerty,ninapro_db10_meganepro,0,0.0
encoder_seed_2026,2027,False,emg2qwerty,physionet_grabmyo,0,0.0
encoder_seed_2026,2027,False,emg2qwerty,physionet_hyser,3,0.0033259423503325
encoder_seed_2026,2027,False,harmonic,emg2pose,0,0.0
encoder_seed_2026,2027,False,harmonic,emg2qwerty,0,0.0
encoder_seed_2026,2027,False,harmonic,harmonic,1486,1.0
encoder_seed_2026,2027,False,harmonic,ninapro_db10_meganepro,0,0.0
encoder_seed_2026,2027,False,harmonic,physionet_grabmyo,0,0.0
encoder_seed_2026,2027,False,harmonic,physionet_hyser,0,0.0
encoder_seed_2026,2027,False,ninapro_db10_meganepro,emg2pose,0,0.0
encoder_seed_2026,2027,False,ninapro_db10_meganepro,emg2qwerty,0,0.0
encoder_seed_2026,2027,False,ninapro_db10_meganepro,harmonic,0,0.0
encoder_seed_2026,2027,False,ninapro_db10_meganepro,ninapro_db10_meganepro,1252,1.0
encoder_seed_2026,2027,False,ninapro_db10_meganepro,physionet_grabmyo,0,0.0
encoder_seed_2026,2027,False,ninapro_db10_meganepro,physionet_hyser,0,0.0
encoder_seed_2026,2027,False,physionet_grabmyo,emg2pose,0,0.0
encoder_seed_2026,2027,False,physionet_grabmyo,emg2qwerty,0,0.0
encoder_seed_2026,2027,False,physionet_grabmyo,harmonic,0,0.0
encoder_seed_2026,2027,False,physionet_grabmyo,ninapro_db10_meganepro,0,0.0
encoder_seed_2026,2027,False,physionet_grabmyo,physionet_grabmyo,1259,1.0
encoder_seed_2026,2027,False,physionet_grabmyo,physionet_hyser,0,0.0
encoder_seed_2026,2027,False,physionet_hyser,emg2pose,0,0.0
encoder_seed_2026,2027,False,physionet_hyser,emg2qwerty,0,0.0
encoder_seed_2026,2027,False,physionet_hyser,harmonic,0,0.0
encoder_seed_2026,2027,False,physionet_hyser,ninapro_db10_meganepro,0,0.0
encoder_seed_2026,2027,False,physionet_hyser,physionet_grabmyo,0,0.0
encoder_seed_2026,2027,False,physionet_hyser,physionet_hyser,1254,1.0
encoder_seed_2026,2028,False,emg2pose,emg2pose,1031,0.762010347376201
encoder_seed_2026,2028,False,emg2pose,emg2qwerty,320,0.2365114560236511
encoder_seed_2026,2028,False,emg2pose,harmonic,0,0.0
encoder_seed_2026,2028,False,emg2pose,ninapro_db10_meganepro,0,0.0
encoder_seed_2026,2028,False,emg2pose,physionet_grabmyo,0,0.0
encoder_seed_2026,2028,False,emg2pose,physionet_hyser,2,0.0014781966001478
encoder_seed_2026,2028,False,emg2qwerty,emg2pose,170,0.1886792452830188
encoder_seed_2026,2028,False,emg2qwerty,emg2qwerty,730,0.8102108768035516
encoder_seed_2026,2028,False,emg2qwerty,harmonic,0,0.0
encoder_seed_2026,2028,False,emg2qwerty,ninapro_db10_meganepro,0,0.0
encoder_seed_2026,2028,False,emg2qwerty,physionet_grabmyo,0,0.0
encoder_seed_2026,2028,False,emg2qwerty,physionet_hyser,1,0.0011098779134295
encoder_seed_2026,2028,False,harmonic,emg2pose,0,0.0
encoder_seed_2026,2028,False,harmonic,emg2qwerty,0,0.0
encoder_seed_2026,2028,False,harmonic,harmonic,1486,1.0
encoder_seed_2026,2028,False,harmonic,ninapro_db10_meganepro,0,0.0
encoder_seed_2026,2028,False,harmonic,physionet_grabmyo,0,0.0
encoder_seed_2026,2028,False,harmonic,physionet_hyser,0,0.0
encoder_seed_2026,2028,False,ninapro_db10_meganepro,emg2pose,0,0.0
encoder_seed_2026,2028,False,ninapro_db10_meganepro,emg2qwerty,0,0.0
encoder_seed_2026,2028,False,ninapro_db10_meganepro,harmonic,0,0.0
encoder_seed_2026,2028,False,ninapro_db10_meganepro,ninapro_db10_meganepro,1265,1.0
encoder_seed_2026,2028,False,ninapro_db10_meganepro,physionet_grabmyo,0,0.0
encoder_seed_2026,2028,False,ninapro_db10_meganepro,physionet_hyser,0,0.0
encoder_seed_2026,2028,False,physionet_grabmyo,emg2pose,0,0.0
encoder_seed_2026,2028,False,physionet_grabmyo,emg2qwerty,0,0.0
encoder_seed_2026,2028,False,physionet_grabmyo,harmonic,0,0.0
encoder_seed_2026,2028,False,physionet_grabmyo,ninapro_db10_meganepro,1,0.0007745933384972
encoder_seed_2026,2028,False,physionet_grabmyo,physionet_grabmyo,1290,0.9992254066615028
encoder_seed_2026,2028,False,physionet_grabmyo,physionet_hyser,0,0.0
encoder_seed_2026,2028,False,physionet_hyser,emg2pose,1,0.0008169934640522
encoder_seed_2026,2028,False,physionet_hyser,emg2qwerty,0,0.0
encoder_seed_2026,2028,False,physionet_hyser,harmonic,0,0.0
encoder_seed_2026,2028,False,physionet_hyser,ninapro_db10_meganepro,0,0.0
encoder_seed_2026,2028,False,physionet_hyser,physionet_grabmyo,0,0.0
encoder_seed_2026,2028,False,physionet_hyser,physionet_hyser,1223,0.9991830065359476
encoder_seed_2026,2029,False,emg2pose,emg2pose,1126,0.8472535741158767
encoder_seed_2026,2029,False,emg2pose,emg2qwerty,202,0.1519939804364183
encoder_seed_2026,2029,False,emg2pose,harmonic,0,0.0
encoder_seed_2026,2029,False,emg2pose,ninapro_db10_meganepro,0,0.0
encoder_seed_2026,2029,False,emg2pose,physionet_grabmyo,0,0.0
encoder_seed_2026,2029,False,emg2pose,physionet_hyser,1,0.000752445447705
encoder_seed_2026,2029,False,emg2qwerty,emg2pose,157,0.1740576496674057
encoder_seed_2026,2029,False,emg2qwerty,emg2qwerty,745,0.8259423503325942
encoder_seed_2026,2029,False,emg2qwerty,harmonic,0,0.0
encoder_seed_2026,2029,False,emg2qwerty,ninapro_db10_meganepro,0,0.0
encoder_seed_2026,2029,False,emg2qwerty,physionet_grabmyo,0,0.0
encoder_seed_2026,2029,False,emg2qwerty,physionet_hyser,0,0.0
encoder_seed_2026,2029,False,harmonic,emg2pose,0,0.0
encoder_seed_2026,2029,False,harmonic,emg2qwerty,0,0.0
encoder_seed_2026,2029,False,harmonic,harmonic,1075,1.0
encoder_seed_2026,2029,False,harmonic,ninapro_db10_meganepro,0,0.0
encoder_seed_2026,2029,False,harmonic,physionet_grabmyo,0,0.0
encoder_seed_2026,2029,False,harmonic,physionet_hyser,0,0.0
encoder_seed_2026,2029,False,ninapro_db10_meganepro,emg2pose,0,0.0
encoder_seed_2026,2029,False,ninapro_db10_meganepro,emg2qwerty,0,0.0
encoder_seed_2026,2029,False,ninapro_db10_meganepro,harmonic,0,0.0
encoder_seed_2026,2029,False,ninapro_db10_meganepro,ninapro_db10_meganepro,1272,1.0
encoder_seed_2026,2029,False,ninapro_db10_meganepro,physionet_grabmyo,0,0.0
encoder_seed_2026,2029,False,ninapro_db10_meganepro,physionet_hyser,0,0.0
encoder_seed_2026,2029,False,physionet_grabmyo,emg2pose,0,0.0
encoder_seed_2026,2029,False,physionet_grabmyo,emg2qwerty,0,0.0
encoder_seed_2026,2029,False,physionet_grabmyo,harmonic,0,0.0
encoder_seed_2026,2029,False,physionet_grabmyo,ninapro_db10_meganepro,0,0.0
encoder_seed_2026,2029,False,physionet_grabmyo,physionet_grabmyo,1280,1.0
encoder_seed_2026,2029,False,physionet_grabmyo,physionet_hyser,0,0.0
encoder_seed_2026,2029,False,physionet_hyser,emg2pose,1,0.0007980845969672
encoder_seed_2026,2029,False,physionet_hyser,emg2qwerty,0,0.0
encoder_seed_2026,2029,False,physionet_hyser,harmonic,0,0.0
encoder_seed_2026,2029,False,physionet_hyser,ninapro_db10_meganepro,0,0.0
encoder_seed_2026,2029,False,physionet_hyser,physionet_grabmyo,0,0.0
encoder_seed_2026,2029,False,physionet_hyser,physionet_hyser,1252,0.9992019154030328
encoder_seed_2026,2030,False,emg2pose,emg2pose,895,0.7047244094488189
encoder_seed_2026,2030,False,emg2pose,emg2qwerty,370,0.2913385826771653
encoder_seed_2026,2030,False,emg2pose,harmonic,0,0.0
encoder_seed_2026,2030,False,emg2pose,ninapro_db10_meganepro,0,0.0
encoder_seed_2026,2030,False,emg2pose,physionet_grabmyo,1,0.0007874015748031
encoder_seed_2026,2030,False,emg2pose,physionet_hyser,4,0.0031496062992125
encoder_seed_2026,2030,False,emg2qwerty,emg2pose,152,0.1313742437337943
encoder_seed_2026,2030,False,emg2qwerty,emg2qwerty,999,0.8634399308556612
encoder_seed_2026,2030,False,emg2qwerty,harmonic,0,0.0
encoder_seed_2026,2030,False,emg2qwerty,ninapro_db10_meganepro,0,0.0
encoder_seed_2026,2030,False,emg2qwerty,physionet_grabmyo,0,0.0
encoder_seed_2026,2030,False,emg2qwerty,physionet_hyser,6,0.0051858254105445
encoder_seed_2026,2030,False,harmonic,emg2pose,0,0.0
encoder_seed_2026,2030,False,harmonic,emg2qwerty,0,0.0
encoder_seed_2026,2030,False,harmonic,harmonic,1295,1.0
encoder_seed_2026,2030,False,harmonic,ninapro_db10_meganepro,0,0.0
encoder_seed_2026,2030,False,harmonic,physionet_grabmyo,0,0.0
encoder_seed_2026,2030,False,harmonic,physionet_hyser,0,0.0
encoder_seed_2026,2030,False,ninapro_db10_meganepro,emg2pose,0,0.0
encoder_seed_2026,2030,False,ninapro_db10_meganepro,emg2qwerty,0,0.0
encoder_seed_2026,2030,False,ninapro_db10_meganepro,harmonic,0,0.0
encoder_seed_2026,2030,False,ninapro_db10_meganepro,ninapro_db10_meganepro,1230,1.0
encoder_seed_2026,2030,False,ninapro_db10_meganepro,physionet_grabmyo,0,0.0
encoder_seed_2026,2030,False,ninapro_db10_meganepro,physionet_hyser,0,0.0
encoder_seed_2026,2030,False,physionet_grabmyo,emg2pose,0,0.0
encoder_seed_2026,2030,False,physionet_grabmyo,emg2qwerty,0,0.0
encoder_seed_2026,2030,False,physionet_grabmyo,harmonic,1,0.0007849293563579
encoder_seed_2026,2030,False,physionet_grabmyo,ninapro_db10_meganepro,0,0.0
encoder_seed_2026,2030,False,physionet_grabmyo,physionet_grabmyo,1273,0.999215070643642
encoder_seed_2026,2030,False,physionet_grabmyo,physionet_hyser,0,0.0
encoder_seed_2026,2030,False,physionet_hyser,emg2pose,0,0.0
encoder_seed_2026,2030,False,physionet_hyser,emg2qwerty,0,0.0
encoder_seed_2026,2030,False,physionet_hyser,harmonic,0,0.0
encoder_seed_2026,2030,False,physionet_hyser,ninapro_db10_meganepro,0,0.0
encoder_seed_2026,2030,False,physionet_hyser,physionet_grabmyo,0,0.0
encoder_seed_2026,2030,False,physionet_hyser,physionet_hyser,1202,1.0
encoder_seed_2026,2031,False,emg2pose,emg2pose,938,0.726568551510457
encoder_seed_2026,2031,False,emg2pose,emg2qwerty,332,0.2571649883810999
encoder_seed_2026,2031,False,emg2pose,harmonic,0,0.0
encoder_seed_2026,2031,False,emg2pose,ninapro_db10_meganepro,0,0.0
encoder_seed_2026,2031,False,emg2pose,physionet_grabmyo,0,0.0
encoder_seed_2026,2031,False,emg2pose,physionet_hyser,21,0.016266460108443
encoder_seed_2026,2031,False,emg2qwerty,emg2pose,206,0.2251366120218579
encoder_seed_2026,2031,False,emg2qwerty,emg2qwerty,705,0.7704918032786885
encoder_seed_2026,2031,False,emg2qwerty,harmonic,0,0.0
encoder_seed_2026,2031,False,emg2qwerty,ninapro_db10_meganepro,0,0.0
encoder_seed_2026,2031,False,emg2qwerty,physionet_grabmyo,0,0.0
encoder_seed_2026,2031,False,emg2qwerty,physionet_hyser,4,0.0043715846994535
encoder_seed_2026,2031,False,harmonic,emg2pose,0,0.0
encoder_seed_2026,2031,False,harmonic,emg2qwerty,0,0.0
encoder_seed_2026,2031,False,harmonic,harmonic,1290,1.0
encoder_seed_2026,2031,False,harmonic,ninapro_db10_meganepro,0,0.0
encoder_seed_2026,2031,False,harmonic,physionet_grabmyo,0,0.0
encoder_seed_2026,2031,False,harmonic,physionet_hyser,0,0.0
encoder_seed_2026,2031,False,ninapro_db10_meganepro,emg2pose,0,0.0
encoder_seed_2026,2031,False,ninapro_db10_meganepro,emg2qwerty,0,0.0
encoder_seed_2026,2031,False,ninapro_db10_meganepro,harmonic,0,0.0
encoder_seed_2026,2031,False,ninapro_db10_meganepro,ninapro_db10_meganepro,1235,1.0
encoder_seed_2026,2031,False,ninapro_db10_meganepro,physionet_grabmyo,0,0.0
encoder_seed_2026,2031,False,ninapro_db10_meganepro,physionet_hyser,0,0.0
encoder_seed_2026,2031,False,physionet_grabmyo,emg2pose,0,0.0
encoder_seed_2026,2031,False,physionet_grabmyo,emg2qwerty,0,0.0
encoder_seed_2026,2031,False,physionet_grabmyo,harmonic,0,0.0
encoder_seed_2026,2031,False,physionet_grabmyo,ninapro_db10_meganepro,0,0.0
encoder_seed_2026,2031,False,physionet_grabmyo,physionet_grabmyo,1272,1.0
encoder_seed_2026,2031,False,physionet_grabmyo,physionet_hyser,0,0.0
encoder_seed_2026,2031,False,physionet_hyser,emg2pose,0,0.0
encoder_seed_2026,2031,False,physionet_hyser,emg2qwerty,0,0.0
encoder_seed_2026,2031,False,physionet_hyser,harmonic,0,0.0
encoder_seed_2026,2031,False,physionet_hyser,ninapro_db10_meganepro,0,0.0
encoder_seed_2026,2031,False,physionet_hyser,physionet_grabmyo,0,0.0
encoder_seed_2026,2031,False,physionet_hyser,physionet_hyser,1233,1.0
encoder_seed_2026,2032,False,emg2pose,emg2pose,1120,0.8517110266159695
encoder_seed_2026,2032,False,emg2pose,emg2qwerty,190,0.1444866920152091
encoder_seed_2026,2032,False,emg2pose,harmonic,1,0.0007604562737642
encoder_seed_2026,2032,False,emg2pose,ninapro_db10_meganepro,0,0.0
encoder_seed_2026,2032,False,emg2pose,physionet_grabmyo,0,0.0
encoder_seed_2026,2032,False,emg2pose,physionet_hyser,4,0.003041825095057
encoder_seed_2026,2032,False,emg2qwerty,emg2pose,426,0.3790035587188612
encoder_seed_2026,2032,False,emg2qwerty,emg2qwerty,683,0.6076512455516014
encoder_seed_2026,2032,False,emg2qwerty,harmonic,1,0.0008896797153024
encoder_seed_2026,2032,False,emg2qwerty,ninapro_db10_meganepro,0,0.0
encoder_seed_2026,2032,False,emg2qwerty,physionet_grabmyo,0,0.0
encoder_seed_2026,2032,False,emg2qwerty,physionet_hyser,14,0.0124555160142348
encoder_seed_2026,2032,False,harmonic,emg2pose,0,0.0
encoder_seed_2026,2032,False,harmonic,emg2qwerty,0,0.0
encoder_seed_2026,2032,False,harmonic,harmonic,1131,1.0
encoder_seed_2026,2032,False,harmonic,ninapro_db10_meganepro,0,0.0
encoder_seed_2026,2032,False,harmonic,physionet_grabmyo,0,0.0
encoder_seed_2026,2032,False,harmonic,physionet_hyser,0,0.0
encoder_seed_2026,2032,False,ninapro_db10_meganepro,emg2pose,0,0.0
encoder_seed_2026,2032,False,ninapro_db10_meganepro,emg2qwerty,0,0.0
encoder_seed_2026,2032,False,ninapro_db10_meganepro,harmonic,0,0.0
encoder_seed_2026,2032,False,ninapro_db10_meganepro,ninapro_db10_meganepro,1242,1.0
encoder_seed_2026,2032,False,ninapro_db10_meganepro,physionet_grabmyo,0,0.0
encoder_seed_2026,2032,False,ninapro_db10_meganepro,physionet_hyser,0,0.0
encoder_seed_2026,2032,False,physionet_grabmyo,emg2pose,0,0.0
encoder_seed_2026,2032,False,physionet_grabmyo,emg2qwerty,0,0.0
encoder_seed_2026,2032,False,physionet_grabmyo,harmonic,0,0.0
encoder_seed_2026,2032,False,physionet_grabmyo,ninapro_db10_meganepro,0,0.0
encoder_seed_2026,2032,False,physionet_grabmyo,physionet_grabmyo,1230,1.0
encoder_seed_2026,2032,False,physionet_grabmyo,physionet_hyser,0,0.0
encoder_seed_2026,2032,False,physionet_hyser,emg2pose,0,0.0
encoder_seed_2026,2032,False,physionet_hyser,emg2qwerty,0,0.0
encoder_seed_2026,2032,False,physionet_hyser,harmonic,0,0.0
encoder_seed_2026,2032,False,physionet_hyser,ninapro_db10_meganepro,0,0.0
encoder_seed_2026,2032,False,physionet_hyser,physionet_grabmyo,0,0.0
encoder_seed_2026,2032,False,physionet_hyser,physionet_hyser,1241,1.0
encoder_seed_2026,2033,False,emg2pose,emg2pose,1019,0.7696374622356495
encoder_seed_2026,2033,False,emg2pose,emg2qwerty,301,0.2273413897280966
encoder_seed_2026,2033,False,emg2pose,harmonic,0,0.0
encoder_seed_2026,2033,False,emg2pose,ninapro_db10_meganepro,0,0.0
encoder_seed_2026,2033,False,emg2pose,physionet_grabmyo,0,0.0
encoder_seed_2026,2033,False,emg2pose,physionet_hyser,4,0.0030211480362537
encoder_seed_2026,2033,False,emg2qwerty,emg2pose,517,0.4599644128113879
encoder_seed_2026,2033,False,emg2qwerty,emg2qwerty,593,0.5275800711743772
encoder_seed_2026,2033,False,emg2qwerty,harmonic,1,0.0008896797153024
encoder_seed_2026,2033,False,emg2qwerty,ninapro_db10_meganepro,0,0.0
encoder_seed_2026,2033,False,emg2qwerty,physionet_grabmyo,0,0.0
encoder_seed_2026,2033,False,emg2qwerty,physionet_hyser,13,0.0115658362989323
encoder_seed_2026,2033,False,harmonic,emg2pose,0,0.0
encoder_seed_2026,2033,False,harmonic,emg2qwerty,0,0.0
encoder_seed_2026,2033,False,harmonic,harmonic,1450,1.0
encoder_seed_2026,2033,False,harmonic,ninapro_db10_meganepro,0,0.0
encoder_seed_2026,2033,False,harmonic,physionet_grabmyo,0,0.0
encoder_seed_2026,2033,False,harmonic,physionet_hyser,0,0.0
encoder_seed_2026,2033,False,ninapro_db10_meganepro,emg2pose,0,0.0
encoder_seed_2026,2033,False,ninapro_db10_meganepro,emg2qwerty,0,0.0
encoder_seed_2026,2033,False,ninapro_db10_meganepro,harmonic,0,0.0
encoder_seed_2026,2033,False,ninapro_db10_meganepro,ninapro_db10_meganepro,1253,1.0
encoder_seed_2026,2033,False,ninapro_db10_meganepro,physionet_grabmyo,0,0.0
encoder_seed_2026,2033,False,ninapro_db10_meganepro,physionet_hyser,0,0.0
encoder_seed_2026,2033,False,physionet_grabmyo,emg2pose,0,0.0
encoder_seed_2026,2033,False,physionet_grabmyo,emg2qwerty,0,0.0
encoder_seed_2026,2033,False,physionet_grabmyo,harmonic,1,0.0007788161993769
encoder_seed_2026,2033,False,physionet_grabmyo,ninapro_db10_meganepro,0,0.0
encoder_seed_2026,2033,False,physionet_grabmyo,physionet_grabmyo,1283,0.9992211838006232
encoder_seed_2026,2033,False,physionet_grabmyo,physionet_hyser,0,0.0
encoder_seed_2026,2033,False,physionet_hyser,emg2pose,0,0.0
encoder_seed_2026,2033,False,physionet_hyser,emg2qwerty,0,0.0
encoder_seed_2026,2033,False,physionet_hyser,harmonic,0,0.0
encoder_seed_2026,2033,False,physionet_hyser,ninapro_db10_meganepro,0,0.0
encoder_seed_2026,2033,False,physionet_hyser,physionet_grabmyo,0,0.0
encoder_seed_2026,2033,False,physionet_hyser,physionet_hyser,1279,1.0
encoder_seed_2026,2034,False,emg2pose,emg2pose,1152,0.8335745296671491
encoder_seed_2026,2034,False,emg2pose,emg2qwerty,228,0.1649782923299566
encoder_seed_2026,2034,False,emg2pose,harmonic,0,0.0
encoder_seed_2026,2034,False,emg2pose,ninapro_db10_meganepro,0,0.0
encoder_seed_2026,2034,False,emg2pose,physionet_grabmyo,0,0.0
encoder_seed_2026,2034,False,emg2pose,physionet_hyser,2,0.0014471780028943
encoder_seed_2026,2034,False,emg2qwerty,emg2pose,133,0.1608222490931076
encoder_seed_2026,2034,False,emg2qwerty,emg2qwerty,692,0.8367593712212817
encoder_seed_2026,2034,False,emg2qwerty,harmonic,0,0.0
encoder_seed_2026,2034,False,emg2qwerty,ninapro_db10_meganepro,0,0.0
encoder_seed_2026,2034,False,emg2qwerty,physionet_grabmyo,0,0.0
encoder_seed_2026,2034,False,emg2qwerty,physionet_hyser,2,0.0024183796856106
encoder_seed_2026,2034,False,harmonic,emg2pose,0,0.0
encoder_seed_2026,2034,False,harmonic,emg2qwerty,0,0.0
encoder_seed_2026,2034,False,harmonic,harmonic,1268,1.0
encoder_seed_2026,2034,False,harmonic,ninapro_db10_meganepro,0,0.0
encoder_seed_2026,2034,False,harmonic,physionet_grabmyo,0,0.0
encoder_seed_2026,2034,False,harmonic,physionet_hyser,0,0.0
encoder_seed_2026,2034,False,ninapro_db10_meganepro,emg2pose,0,0.0
encoder_seed_2026,2034,False,ninapro_db10_meganepro,emg2qwerty,0,0.0
encoder_seed_2026,2034,False,ninapro_db10_meganepro,harmonic,0,0.0
encoder_seed_2026,2034,False,ninapro_db10_meganepro,ninapro_db10_meganepro,1251,1.0
encoder_seed_2026,2034,False,ninapro_db10_meganepro,physionet_grabmyo,0,0.0
encoder_seed_2026,2034,False,ninapro_db10_meganepro,physionet_hyser,0,0.0
encoder_seed_2026,2034,False,physionet_grabmyo,emg2pose,0,0.0
encoder_seed_2026,2034,False,physionet_grabmyo,emg2qwerty,0,0.0
encoder_seed_2026,2034,False,physionet_grabmyo,harmonic,0,0.0
encoder_seed_2026,2034,False,physionet_grabmyo,ninapro_db10_meganepro,0,0.0
encoder_seed_2026,2034,False,physionet_grabmyo,physionet_grabmyo,1266,1.0
encoder_seed_2026,2034,False,physionet_grabmyo,physionet_hyser,0,0.0
encoder_seed_2026,2034,False,physionet_hyser,emg2pose,1,0.0008058017727639
encoder_seed_2026,2034,False,physionet_hyser,emg2qwerty,0,0.0
encoder_seed_2026,2034,False,physionet_hyser,harmonic,0,0.0
encoder_seed_2026,2034,False,physionet_hyser,ninapro_db10_meganepro,0,0.0
encoder_seed_2026,2034,False,physionet_hyser,physionet_grabmyo,0,0.0
encoder_seed_2026,2034,False,physionet_hyser,physionet_hyser,1240,0.999194198227236
encoder_seed_2026,2035,False,emg2pose,emg2pose,1068,0.7807017543859649
encoder_seed_2026,2035,False,emg2pose,emg2qwerty,296,0.2163742690058479
encoder_seed_2026,2035,False,emg2pose,harmonic,0,0.0
encoder_seed_2026,2035,False,emg2pose,ninapro_db10_meganepro,0,0.0
encoder_seed_2026,2035,False,emg2pose,physionet_grabmyo,0,0.0
encoder_seed_2026,2035,False,emg2pose,physionet_hyser,4,0.0029239766081871
encoder_seed_2026,2035,False,emg2qwerty,emg2pose,194,0.2224770642201834
encoder_seed_2026,2035,False,emg2qwerty,emg2qwerty,675,0.7740825688073395
encoder_seed_2026,2035,False,emg2qwerty,harmonic,0,0.0
encoder_seed_2026,2035,False,emg2qwerty,ninapro_db10_meganepro,0,0.0
encoder_seed_2026,2035,False,emg2qwerty,physionet_grabmyo,0,0.0
encoder_seed_2026,2035,False,emg2qwerty,physionet_hyser,3,0.003440366972477
encoder_seed_2026,2035,False,harmonic,emg2pose,0,0.0
encoder_seed_2026,2035,False,harmonic,emg2qwerty,0,0.0
encoder_seed_2026,2035,False,harmonic,harmonic,1466,1.0
encoder_seed_2026,2035,False,harmonic,ninapro_db10_meganepro,0,0.0
encoder_seed_2026,2035,False,harmonic,physionet_grabmyo,0,0.0
encoder_seed_2026,2035,False,harmonic,physionet_hyser,0,0.0
encoder_seed_2026,2035,False,ninapro_db10_meganepro,emg2pose,0,0.0
encoder_seed_2026,2035,False,ninapro_db10_meganepro,emg2qwerty,0,0.0
encoder_seed_2026,2035,False,ninapro_db10_meganepro,harmonic,0,0.0
encoder_seed_2026,2035,False,ninapro_db10_meganepro,ninapro_db10_meganepro,1242,0.9983922829581994
encoder_seed_2026,2035,False,ninapro_db10_meganepro,physionet_grabmyo,2,0.0016077170418006
encoder_seed_2026,2035,False,ninapro_db10_meganepro,physionet_hyser,0,0.0
encoder_seed_2026,2035,False,physionet_grabmyo,emg2pose,0,0.0
encoder_seed_2026,2035,False,physionet_grabmyo,emg2qwerty,0,0.0
encoder_seed_2026,2035,False,physionet_grabmyo,harmonic,0,0.0
encoder_seed_2026,2035,False,physionet_grabmyo,ninapro_db10_meganepro,0,0.0
encoder_seed_2026,2035,False,physionet_grabmyo,physionet_grabmyo,1298,1.0
encoder_seed_2026,2035,False,physionet_grabmyo,physionet_hyser,0,0.0
encoder_seed_2026,2035,False,physionet_hyser,emg2pose,0,0.0
encoder_seed_2026,2035,False,physionet_hyser,emg2qwerty,0,0.0
encoder_seed_2026,2035,False,physionet_hyser,harmonic,0,0.0
encoder_seed_2026,2035,False,physionet_hyser,ninapro_db10_meganepro,0,0.0
encoder_seed_2026,2035,False,physionet_hyser,physionet_grabmyo,0,0.0
encoder_seed_2026,2035,False,physionet_hyser,physionet_hyser,1291,1.0
encoder_seed_2026,2026,True,emg2pose,emg2pose,197,0.1466865227103499
encoder_seed_2026,2026,True,emg2pose,emg2qwerty,198,0.1474311243484735
encoder_seed_2026,2026,True,emg2pose,harmonic,209,0.1556217423678332
encoder_seed_2026,2026,True,emg2pose,ninapro_db10_meganepro,225,0.1675353685778108
encoder_seed_2026,2026,True,emg2pose,physionet_grabmyo,216,0.1608339538346984
encoder_seed_2026,2026,True,emg2pose,physionet_hyser,298,0.2218912881608339
encoder_seed_2026,2026,True,emg2qwerty,emg2pose,202,0.2139830508474576
encoder_seed_2026,2026,True,emg2qwerty,emg2qwerty,175,0.1853813559322034
encoder_seed_2026,2026,True,emg2qwerty,harmonic,168,0.1779661016949152
encoder_seed_2026,2026,True,emg2qwerty,ninapro_db10_meganepro,140,0.1483050847457627
encoder_seed_2026,2026,True,emg2qwerty,physionet_grabmyo,116,0.1228813559322034
encoder_seed_2026,2026,True,emg2qwerty,physionet_hyser,143,0.1514830508474576
encoder_seed_2026,2026,True,harmonic,emg2pose,51,0.0526315789473684
encoder_seed_2026,2026,True,harmonic,emg2qwerty,0,0.0
encoder_seed_2026,2026,True,harmonic,harmonic,99,0.1021671826625387
encoder_seed_2026,2026,True,harmonic,ninapro_db10_meganepro,4,0.0041279669762641
encoder_seed_2026,2026,True,harmonic,physionet_grabmyo,705,0.7275541795665634
encoder_seed_2026,2026,True,harmonic,physionet_hyser,110,0.1135190918472652
encoder_seed_2026,2026,True,ninapro_db10_meganepro,emg2pose,137,0.1091633466135458
encoder_seed_2026,2026,True,ninapro_db10_meganepro,emg2qwerty,196,0.1561752988047808
encoder_seed_2026,2026,True,ninapro_db10_meganepro,harmonic,368,0.2932270916334661
encoder_seed_2026,2026,True,ninapro_db10_meganepro,ninapro_db10_meganepro,88,0.0701195219123506
encoder_seed_2026,2026,True,ninapro_db10_meganepro,physionet_grabmyo,401,0.3195219123505976
encoder_seed_2026,2026,True,ninapro_db10_meganepro,physionet_hyser,65,0.0517928286852589
encoder_seed_2026,2026,True,physionet_grabmyo,emg2pose,382,0.3043824701195219
encoder_seed_2026,2026,True,physionet_grabmyo,emg2qwerty,161,0.1282868525896414
encoder_seed_2026,2026,True,physionet_grabmyo,harmonic,53,0.0422310756972111
encoder_seed_2026,2026,True,physionet_grabmyo,ninapro_db10_meganepro,221,0.1760956175298804
encoder_seed_2026,2026,True,physionet_grabmyo,physionet_grabmyo,235,0.1872509960159362
encoder_seed_2026,2026,True,physionet_grabmyo,physionet_hyser,203,0.1617529880478087
encoder_seed_2026,2026,True,physionet_hyser,emg2pose,212,0.1689243027888446
encoder_seed_2026,2026,True,physionet_hyser,emg2qwerty,243,0.1936254980079681
encoder_seed_2026,2026,True,physionet_hyser,harmonic,333,0.2653386454183267
encoder_seed_2026,2026,True,physionet_hyser,ninapro_db10_meganepro,147,0.1171314741035856
encoder_seed_2026,2026,True,physionet_hyser,physionet_grabmyo,240,0.1912350597609561
encoder_seed_2026,2026,True,physionet_hyser,physionet_hyser,80,0.0637450199203187
encoder_seed_2026,2027,True,emg2pose,emg2pose,212,0.1561119293078056
encoder_seed_2026,2027,True,emg2pose,emg2qwerty,236,0.1737849779086892
encoder_seed_2026,2027,True,emg2pose,harmonic,213,0.1568483063328424
encoder_seed_2026,2027,True,emg2pose,ninapro_db10_meganepro,243,0.1789396170839469
encoder_seed_2026,2027,True,emg2pose,physionet_grabmyo,227,0.1671575846833578
encoder_seed_2026,2027,True,emg2pose,physionet_hyser,227,0.1671575846833578
encoder_seed_2026,2027,True,emg2qwerty,emg2pose,200,0.2217294900221729
encoder_seed_2026,2027,True,emg2qwerty,emg2qwerty,139,0.1541019955654102
encoder_seed_2026,2027,True,emg2qwerty,harmonic,93,0.1031042128603104
encoder_seed_2026,2027,True,emg2qwerty,ninapro_db10_meganepro,182,0.2017738359201774
encoder_seed_2026,2027,True,emg2qwerty,physionet_grabmyo,133,0.147450110864745
encoder_seed_2026,2027,True,emg2qwerty,physionet_hyser,155,0.171840354767184
encoder_seed_2026,2027,True,harmonic,emg2pose,60,0.0403768506056527
encoder_seed_2026,2027,True,harmonic,emg2qwerty,319,0.2146702557200538
encoder_seed_2026,2027,True,harmonic,harmonic,958,0.6446837146702558
encoder_seed_2026,2027,True,harmonic,ninapro_db10_meganepro,0,0.0
encoder_seed_2026,2027,True,harmonic,physionet_grabmyo,126,0.0847913862718708
encoder_seed_2026,2027,True,harmonic,physionet_hyser,23,0.0154777927321668
encoder_seed_2026,2027,True,ninapro_db10_meganepro,emg2pose,465,0.371405750798722
encoder_seed_2026,2027,True,ninapro_db10_meganepro,emg2qwerty,239,0.1908945686900958
encoder_seed_2026,2027,True,ninapro_db10_meganepro,harmonic,296,0.2364217252396166
encoder_seed_2026,2027,True,ninapro_db10_meganepro,ninapro_db10_meganepro,39,0.0311501597444089
encoder_seed_2026,2027,True,ninapro_db10_meganepro,physionet_grabmyo,143,0.1142172523961661
encoder_seed_2026,2027,True,ninapro_db10_meganepro,physionet_hyser,70,0.0559105431309904
encoder_seed_2026,2027,True,physionet_grabmyo,emg2pose,121,0.0961080222398729
encoder_seed_2026,2027,True,physionet_grabmyo,emg2qwerty,82,0.0651310563939634
encoder_seed_2026,2027,True,physionet_grabmyo,harmonic,349,0.2772041302621127
encoder_seed_2026,2027,True,physionet_grabmyo,ninapro_db10_meganepro,206,0.1636219221604448
encoder_seed_2026,2027,True,physionet_grabmyo,physionet_grabmyo,184,0.1461477362986497
encoder_seed_2026,2027,True,physionet_grabmyo,physionet_hyser,317,0.2517871326449563
encoder_seed_2026,2027,True,physionet_hyser,emg2pose,163,0.1299840510366826
encoder_seed_2026,2027,True,physionet_hyser,emg2qwerty,84,0.0669856459330143
encoder_seed_2026,2027,True,physionet_hyser,harmonic,251,0.2001594896331738
encoder_seed_2026,2027,True,physionet_hyser,ninapro_db10_meganepro,71,0.0566188197767145
encoder_seed_2026,2027,True,physionet_hyser,physionet_grabmyo,373,0.2974481658692185
encoder_seed_2026,2027,True,physionet_hyser,physionet_hyser,312,0.2488038277511961
encoder_seed_2026,2028,True,emg2pose,emg2pose,243,0.17960088691796
encoder_seed_2026,2028,True,emg2pose,emg2qwerty,250,0.1847745750184774
encoder_seed_2026,2028,True,emg2pose,harmonic,231,0.1707317073170731
encoder_seed_2026,2028,True,emg2pose,ninapro_db10_meganepro,243,0.17960088691796
encoder_seed_2026,2028,True,emg2pose,physionet_grabmyo,190,0.1404286770140428
encoder_seed_2026,2028,True,emg2pose,physionet_hyser,196,0.1448632668144863
encoder_seed_2026,2028,True,emg2qwerty,emg2pose,169,0.1875693673695893
encoder_seed_2026,2028,True,emg2qwerty,emg2qwerty,131,0.1453940066592675
encoder_seed_2026,2028,True,emg2qwerty,harmonic,141,0.1564927857935627
encoder_seed_2026,2028,True,emg2qwerty,ninapro_db10_meganepro,179,0.1986681465038845
encoder_seed_2026,2028,True,emg2qwerty,physionet_grabmyo,164,0.1820199778024417
encoder_seed_2026,2028,True,emg2qwerty,physionet_hyser,117,0.1298557158712541
encoder_seed_2026,2028,True,harmonic,emg2pose,4,0.0026917900403768
encoder_seed_2026,2028,True,harmonic,emg2qwerty,0,0.0
encoder_seed_2026,2028,True,harmonic,harmonic,112,0.0753701211305518
encoder_seed_2026,2028,True,harmonic,ninapro_db10_meganepro,67,0.0450874831763122
encoder_seed_2026,2028,True,harmonic,physionet_grabmyo,923,0.6211305518169583
encoder_seed_2026,2028,True,harmonic,physionet_hyser,380,0.2557200538358008
encoder_seed_2026,2028,True,ninapro_db10_meganepro,emg2pose,167,0.1320158102766798
encoder_seed_2026,2028,True,ninapro_db10_meganepro,emg2qwerty,76,0.0600790513833992
encoder_seed_2026,2028,True,ninapro_db10_meganepro,harmonic,281,0.2221343873517786
encoder_seed_2026,2028,True,ninapro_db10_meganepro,ninapro_db10_meganepro,193,0.1525691699604743
encoder_seed_2026,2028,True,ninapro_db10_meganepro,physionet_grabmyo,243,0.192094861660079
encoder_seed_2026,2028,True,ninapro_db10_meganepro,physionet_hyser,305,0.2411067193675889
encoder_seed_2026,2028,True,physionet_grabmyo,emg2pose,186,0.1440743609604957
encoder_seed_2026,2028,True,physionet_grabmyo,emg2qwerty,119,0.0921766072811773
encoder_seed_2026,2028,True,physionet_grabmyo,harmonic,364,0.2819519752130132
encoder_seed_2026,2028,True,physionet_grabmyo,ninapro_db10_meganepro,131,0.1014717273431448
encoder_seed_2026,2028,True,physionet_grabmyo,physionet_grabmyo,142,0.109992254066615
encoder_seed_2026,2028,True,physionet_grabmyo,physionet_hyser,349,0.2703330751355538
encoder_seed_2026,2028,True,physionet_hyser,emg2pose,262,0.2140522875816993
encoder_seed_2026,2028,True,physionet_hyser,emg2qwerty,253,0.2066993464052287
encoder_seed_2026,2028,True,physionet_hyser,harmonic,102,0.0833333333333333
encoder_seed_2026,2028,True,physionet_hyser,ninapro_db10_meganepro,424,0.3464052287581699
encoder_seed_2026,2028,True,physionet_hyser,physionet_grabmyo,113,0.0923202614379085
encoder_seed_2026,2028,True,physionet_hyser,physionet_hyser,70,0.0571895424836601
encoder_seed_2026,2029,True,emg2pose,emg2pose,211,0.1587659894657637
encoder_seed_2026,2029,True,emg2pose,emg2qwerty,221,0.1662904439428141
encoder_seed_2026,2029,True,emg2pose,harmonic,215,0.1617757712565839
encoder_seed_2026,2029,True,emg2pose,ninapro_db10_meganepro,259,0.1948833709556057
encoder_seed_2026,2029,True,emg2pose,physionet_grabmyo,206,0.1550037622272385
encoder_seed_2026,2029,True,emg2pose,physionet_hyser,217,0.163280662151994
encoder_seed_2026,2029,True,emg2qwerty,emg2pose,132,0.1463414634146341
encoder_seed_2026,2029,True,emg2qwerty,emg2qwerty,113,0.1252771618625277
encoder_seed_2026,2029,True,emg2qwerty,harmonic,272,0.3015521064301552
encoder_seed_2026,2029,True,emg2qwerty,ninapro_db10_meganepro,126,0.1396895787139689
encoder_seed_2026,2029,True,emg2qwerty,physionet_grabmyo,158,0.1751662971175166
encoder_seed_2026,2029,True,emg2qwerty,physionet_hyser,101,0.1119733924611973
encoder_seed_2026,2029,True,harmonic,emg2pose,38,0.0353488372093023
encoder_seed_2026,2029,True,harmonic,emg2qwerty,654,0.6083720930232558
encoder_seed_2026,2029,True,harmonic,harmonic,264,0.2455813953488372
encoder_seed_2026,2029,True,harmonic,ninapro_db10_meganepro,7,0.0065116279069767
encoder_seed_2026,2029,True,harmonic,physionet_grabmyo,0,0.0
encoder_seed_2026,2029,True,harmonic,physionet_hyser,112,0.1041860465116279
encoder_seed_2026,2029,True,ninapro_db10_meganepro,emg2pose,412,0.3238993710691824
encoder_seed_2026,2029,True,ninapro_db10_meganepro,emg2qwerty,206,0.1619496855345912
encoder_seed_2026,2029,True,ninapro_db10_meganepro,harmonic,96,0.0754716981132075
encoder_seed_2026,2029,True,ninapro_db10_meganepro,ninapro_db10_meganepro,114,0.0896226415094339
encoder_seed_2026,2029,True,ninapro_db10_meganepro,physionet_grabmyo,195,0.1533018867924528
encoder_seed_2026,2029,True,ninapro_db10_meganepro,physionet_hyser,249,0.1957547169811321
encoder_seed_2026,2029,True,physionet_grabmyo,emg2pose,281,0.21953125
encoder_seed_2026,2029,True,physionet_grabmyo,emg2qwerty,184,0.14375
encoder_seed_2026,2029,True,physionet_grabmyo,harmonic,184,0.14375
encoder_seed_2026,2029,True,physionet_grabmyo,ninapro_db10_meganepro,215,0.16796875
encoder_seed_2026,2029,True,physionet_grabmyo,physionet_grabmyo,246,0.1921875
encoder_seed_2026,2029,True,physionet_grabmyo,physionet_hyser,170,0.1328125
encoder_seed_2026,2029,True,physionet_hyser,emg2pose,124,0.0989624900239425
encoder_seed_2026,2029,True,physionet_hyser,emg2qwerty,258,0.2059058260175578
encoder_seed_2026,2029,True,physionet_hyser,harmonic,214,0.1707901037509976
encoder_seed_2026,2029,True,physionet_hyser,ninapro_db10_meganepro,190,0.1516360734237829
encoder_seed_2026,2029,True,physionet_hyser,physionet_grabmyo,179,0.1428571428571428
encoder_seed_2026,2029,True,physionet_hyser,physionet_hyser,288,0.2298483639265762
encoder_seed_2026,2030,True,emg2pose,emg2pose,235,0.1850393700787401
encoder_seed_2026,2030,True,emg2pose,emg2qwerty,245,0.1929133858267716
encoder_seed_2026,2030,True,emg2pose,harmonic,207,0.1629921259842519
encoder_seed_2026,2030,True,emg2pose,ninapro_db10_meganepro,184,0.1448818897637795
encoder_seed_2026,2030,True,emg2pose,physionet_grabmyo,187,0.1472440944881889
encoder_seed_2026,2030,True,emg2pose,physionet_hyser,212,0.1669291338582677
encoder_seed_2026,2030,True,emg2qwerty,emg2pose,269,0.2324978392394122
encoder_seed_2026,2030,True,emg2qwerty,emg2qwerty,158,0.1365600691443388
encoder_seed_2026,2030,True,emg2qwerty,harmonic,179,0.1547104580812446
encoder_seed_2026,2030,True,emg2qwerty,ninapro_db10_meganepro,147,0.1270527225583405
encoder_seed_2026,2030,True,emg2qwerty,physionet_grabmyo,234,0.2022471910112359
encoder_seed_2026,2030,True,emg2qwerty,physionet_hyser,170,0.1469317199654278
encoder_seed_2026,2030,True,harmonic,emg2pose,63,0.0486486486486486
encoder_seed_2026,2030,True,harmonic,emg2qwerty,0,0.0
encoder_seed_2026,2030,True,harmonic,harmonic,343,0.2648648648648649
encoder_seed_2026,2030,True,harmonic,ninapro_db10_meganepro,50,0.0386100386100386
encoder_seed_2026,2030,True,harmonic,physionet_grabmyo,7,0.0054054054054054
encoder_seed_2026,2030,True,harmonic,physionet_hyser,832,0.6424710424710425
encoder_seed_2026,2030,True,ninapro_db10_meganepro,emg2pose,321,0.2609756097560975
encoder_seed_2026,2030,True,ninapro_db10_meganepro,emg2qwerty,474,0.3853658536585366
encoder_seed_2026,2030,True,ninapro_db10_meganepro,harmonic,33,0.0268292682926829
encoder_seed_2026,2030,True,ninapro_db10_meganepro,ninapro_db10_meganepro,40,0.032520325203252
encoder_seed_2026,2030,True,ninapro_db10_meganepro,physionet_grabmyo,292,0.2373983739837398
encoder_seed_2026,2030,True,ninapro_db10_meganepro,physionet_hyser,70,0.056910569105691
encoder_seed_2026,2030,True,physionet_grabmyo,emg2pose,192,0.1507064364207221
encoder_seed_2026,2030,True,physionet_grabmyo,emg2qwerty,127,0.0996860282574568
encoder_seed_2026,2030,True,physionet_grabmyo,harmonic,212,0.1664050235478807
encoder_seed_2026,2030,True,physionet_grabmyo,ninapro_db10_meganepro,166,0.130298273155416
encoder_seed_2026,2030,True,physionet_grabmyo,physionet_grabmyo,459,0.3602825745682888
encoder_seed_2026,2030,True,physionet_grabmyo,physionet_hyser,118,0.0926216640502354
encoder_seed_2026,2030,True,physionet_hyser,emg2pose,144,0.1198003327787021
encoder_seed_2026,2030,True,physionet_hyser,emg2qwerty,115,0.0956738768718802
encoder_seed_2026,2030,True,physionet_hyser,harmonic,316,0.2628951747088186
encoder_seed_2026,2030,True,physionet_hyser,ninapro_db10_meganepro,201,0.1672212978369384
encoder_seed_2026,2030,True,physionet_hyser,physionet_grabmyo,229,0.1905158069883527
encoder_seed_2026,2030,True,physionet_hyser,physionet_hyser,197,0.1638935108153078
encoder_seed_2026,2031,True,emg2pose,emg2pose,220,0.1704105344694035
encoder_seed_2026,2031,True,emg2pose,emg2qwerty,211,0.1634391944229279
encoder_seed_2026,2031,True,emg2pose,harmonic,177,0.1371030209140201
encoder_seed_2026,2031,True,emg2pose,ninapro_db10_meganepro,225,0.17428350116189
encoder_seed_2026,2031,True,emg2pose,physionet_grabmyo,233,0.1804802478698683
encoder_seed_2026,2031,True,emg2pose,physionet_hyser,225,0.17428350116189
encoder_seed_2026,2031,True,emg2qwerty,emg2pose,178,0.194535519125683
encoder_seed_2026,2031,True,emg2qwerty,emg2qwerty,142,0.1551912568306011
encoder_seed_2026,2031,True,emg2qwerty,harmonic,114,0.1245901639344262
encoder_seed_2026,2031,True,emg2qwerty,ninapro_db10_meganepro,129,0.140983606557377
encoder_seed_2026,2031,True,emg2qwerty,physionet_grabmyo,279,0.3049180327868852
encoder_seed_2026,2031,True,emg2qwerty,physionet_hyser,73,0.0797814207650273
encoder_seed_2026,2031,True,harmonic,emg2pose,65,0.0503875968992248
encoder_seed_2026,2031,True,harmonic,emg2qwerty,10,0.0077519379844961
encoder_seed_2026,2031,True,harmonic,harmonic,3,0.0023255813953488
encoder_seed_2026,2031,True,harmonic,ninapro_db10_meganepro,0,0.0
encoder_seed_2026,2031,True,harmonic,physionet_grabmyo,16,0.0124031007751937
encoder_seed_2026,2031,True,harmonic,physionet_hyser,1196,0.9271317829457364
encoder_seed_2026,2031,True,ninapro_db10_meganepro,emg2pose,211,0.1708502024291498
encoder_seed_2026,2031,True,ninapro_db10_meganepro,emg2qwerty,124,0.1004048582995951
encoder_seed_2026,2031,True,ninapro_db10_meganepro,harmonic,156,0.1263157894736842
encoder_seed_2026,2031,True,ninapro_db10_meganepro,ninapro_db10_meganepro,194,0.1570850202429149
encoder_seed_2026,2031,True,ninapro_db10_meganepro,physionet_grabmyo,184,0.1489878542510121
encoder_seed_2026,2031,True,ninapro_db10_meganepro,physionet_hyser,366,0.2963562753036437
encoder_seed_2026,2031,True,physionet_grabmyo,emg2pose,189,0.1485849056603773
encoder_seed_2026,2031,True,physionet_grabmyo,emg2qwerty,275,0.2161949685534591
encoder_seed_2026,2031,True,physionet_grabmyo,harmonic,362,0.2845911949685534
encoder_seed_2026,2031,True,physionet_grabmyo,ninapro_db10_meganepro,162,0.1273584905660377
encoder_seed_2026,2031,True,physionet_grabmyo,physionet_grabmyo,169,0.1328616352201257
encoder_seed_2026,2031,True,physionet_grabmyo,physionet_hyser,115,0.0904088050314465
encoder_seed_2026,2031,True,physionet_hyser,emg2pose,103,0.0835360908353609
encoder_seed_2026,2031,True,physionet_hyser,emg2qwerty,252,0.2043795620437956
encoder_seed_2026,2031,True,physionet_hyser,harmonic,228,0.1849148418491484
encoder_seed_2026,2031,True,physionet_hyser,ninapro_db10_meganepro,373,0.3025141930251419
encoder_seed_2026,2031,True,physionet_hyser,physionet_grabmyo,151,0.1224655312246553
encoder_seed_2026,2031,True,physionet_hyser,physionet_hyser,126,0.1021897810218978
encoder_seed_2026,2032,True,emg2pose,emg2pose,205,0.155893536121673
encoder_seed_2026,2032,True,emg2pose,emg2qwerty,231,0.1756653992395437
encoder_seed_2026,2032,True,emg2pose,harmonic,178,0.135361216730038
encoder_seed_2026,2032,True,emg2pose,ninapro_db10_meganepro,235,0.1787072243346007
encoder_seed_2026,2032,True,emg2pose,physionet_grabmyo,231,0.1756653992395437
encoder_seed_2026,2032,True,emg2pose,physionet_hyser,235,0.1787072243346007
encoder_seed_2026,2032,True,emg2qwerty,emg2pose,185,0.1645907473309608
encoder_seed_2026,2032,True,emg2qwerty,emg2qwerty,161,0.143238434163701
encoder_seed_2026,2032,True,emg2qwerty,harmonic,208,0.1850533807829181
encoder_seed_2026,2032,True,emg2qwerty,ninapro_db10_meganepro,194,0.1725978647686832
encoder_seed_2026,2032,True,emg2qwerty,physionet_grabmyo,205,0.1823843416370106
encoder_seed_2026,2032,True,emg2qwerty,physionet_hyser,171,0.152135231316726
encoder_seed_2026,2032,True,harmonic,emg2pose,10,0.008841732979664
encoder_seed_2026,2032,True,harmonic,emg2qwerty,34,0.0300618921308576
encoder_seed_2026,2032,True,harmonic,harmonic,956,0.8452696728558797
encoder_seed_2026,2032,True,harmonic,ninapro_db10_meganepro,0,0.0
encoder_seed_2026,2032,True,harmonic,physionet_grabmyo,0,0.0
encoder_seed_2026,2032,True,harmonic,physionet_hyser,131,0.1158267020335985
encoder_seed_2026,2032,True,ninapro_db10_meganepro,emg2pose,113,0.0909822866344605
encoder_seed_2026,2032,True,ninapro_db10_meganepro,emg2qwerty,285,0.2294685990338164
encoder_seed_2026,2032,True,ninapro_db10_meganepro,harmonic,227,0.1827697262479871
encoder_seed_2026,2032,True,ninapro_db10_meganepro,ninapro_db10_meganepro,349,0.2809983896940419
encoder_seed_2026,2032,True,ninapro_db10_meganepro,physionet_grabmyo,75,0.0603864734299516
encoder_seed_2026,2032,True,ninapro_db10_meganepro,physionet_hyser,193,0.1553945249597423
encoder_seed_2026,2032,True,physionet_grabmyo,emg2pose,245,0.1991869918699187
encoder_seed_2026,2032,True,physionet_grabmyo,emg2qwerty,307,0.2495934959349593
encoder_seed_2026,2032,True,physionet_grabmyo,harmonic,86,0.0699186991869918
encoder_seed_2026,2032,True,physionet_grabmyo,ninapro_db10_meganepro,227,0.1845528455284552
encoder_seed_2026,2032,True,physionet_grabmyo,physionet_grabmyo,253,0.2056910569105691
encoder_seed_2026,2032,True,physionet_grabmyo,physionet_hyser,112,0.0910569105691057
encoder_seed_2026,2032,True,physionet_hyser,emg2pose,291,0.2344883158742949
encoder_seed_2026,2032,True,physionet_hyser,emg2qwerty,135,0.1087832393231265
encoder_seed_2026,2032,True,physionet_hyser,harmonic,117,0.0942788074133763
encoder_seed_2026,2032,True,physionet_hyser,ninapro_db10_meganepro,267,0.2151490733279613
encoder_seed_2026,2032,True,physionet_hyser,physionet_grabmyo,253,0.2038678485092667
encoder_seed_2026,2032,True,physionet_hyser,physionet_hyser,178,0.1434327155519742
encoder_seed_2026,2033,True,emg2pose,emg2pose,207,0.1563444108761329
encoder_seed_2026,2033,True,emg2pose,emg2qwerty,219,0.1654078549848942
encoder_seed_2026,2033,True,emg2pose,harmonic,207,0.1563444108761329
encoder_seed_2026,2033,True,emg2pose,ninapro_db10_meganepro,211,0.1593655589123867
encoder_seed_2026,2033,True,emg2pose,physionet_grabmyo,237,0.1790030211480362
encoder_seed_2026,2033,True,emg2pose,physionet_hyser,243,0.1835347432024169
encoder_seed_2026,2033,True,emg2qwerty,emg2pose,163,0.145017793594306
encoder_seed_2026,2033,True,emg2qwerty,emg2qwerty,177,0.1574733096085409
encoder_seed_2026,2033,True,emg2qwerty,harmonic,173,0.1539145907473309
encoder_seed_2026,2033,True,emg2qwerty,ninapro_db10_meganepro,210,0.1868327402135231
encoder_seed_2026,2033,True,emg2qwerty,physionet_grabmyo,230,0.2046263345195729
encoder_seed_2026,2033,True,emg2qwerty,physionet_hyser,171,0.152135231316726
encoder_seed_2026,2033,True,harmonic,emg2pose,302,0.2082758620689655
encoder_seed_2026,2033,True,harmonic,emg2qwerty,57,0.0393103448275862
encoder_seed_2026,2033,True,harmonic,harmonic,10,0.0068965517241379
encoder_seed_2026,2033,True,harmonic,ninapro_db10_meganepro,885,0.6103448275862069
encoder_seed_2026,2033,True,harmonic,physionet_grabmyo,180,0.1241379310344827
encoder_seed_2026,2033,True,harmonic,physionet_hyser,16,0.0110344827586206
encoder_seed_2026,2033,True,ninapro_db10_meganepro,emg2pose,296,0.2362330407023144
encoder_seed_2026,2033,True,ninapro_db10_meganepro,emg2qwerty,274,0.2186751795690343
encoder_seed_2026,2033,True,ninapro_db10_meganepro,harmonic,341,0.2721468475658419
encoder_seed_2026,2033,True,ninapro_db10_meganepro,ninapro_db10_meganepro,89,0.0710295291300878
encoder_seed_2026,2033,True,ninapro_db10_meganepro,physionet_grabmyo,199,0.1588188347964884
encoder_seed_2026,2033,True,ninapro_db10_meganepro,physionet_hyser,54,0.043096568236233
encoder_seed_2026,2033,True,physionet_grabmyo,emg2pose,136,0.1059190031152648
encoder_seed_2026,2033,True,physionet_grabmyo,emg2qwerty,249,0.1939252336448598
encoder_seed_2026,2033,True,physionet_grabmyo,harmonic,331,0.2577881619937694
encoder_seed_2026,2033,True,physionet_grabmyo,ninapro_db10_meganepro,169,0.131619937694704
encoder_seed_2026,2033,True,physionet_grabmyo,physionet_grabmyo,188,0.146417445482866
encoder_seed_2026,2033,True,physionet_grabmyo,physionet_hyser,211,0.1643302180685358
encoder_seed_2026,2033,True,physionet_hyser,emg2pose,269,0.2103205629397967
encoder_seed_2026,2033,True,physionet_hyser,emg2qwerty,172,0.1344800625488663
encoder_seed_2026,2033,True,physionet_hyser,harmonic,79,0.0617670054730258
encoder_seed_2026,2033,True,physionet_hyser,ninapro_db10_meganepro,161,0.125879593432369
encoder_seed_2026,2033,True,physionet_hyser,physionet_grabmyo,218,0.1704456606724003
encoder_seed_2026,2033,True,physionet_hyser,physionet_hyser,380,0.2971071149335418
encoder_seed_2026,2034,True,emg2pose,emg2pose,217,0.1570188133140376
encoder_seed_2026,2034,True,emg2pose,emg2qwerty,210,0.1519536903039073
encoder_seed_2026,2034,True,emg2pose,harmonic,242,0.175108538350217
encoder_seed_2026,2034,True,emg2pose,ninapro_db10_meganepro,246,0.1780028943560057
encoder_seed_2026,2034,True,emg2pose,physionet_grabmyo,200,0.1447178002894356
encoder_seed_2026,2034,True,emg2pose,physionet_hyser,267,0.1931982633863965
encoder_seed_2026,2034,True,emg2qwerty,emg2pose,160,0.1934703748488512
encoder_seed_2026,2034,True,emg2qwerty,emg2qwerty,199,0.2406287787182587
encoder_seed_2026,2034,True,emg2qwerty,harmonic,126,0.1523579201934704
encoder_seed_2026,2034,True,emg2qwerty,ninapro_db10_meganepro,110,0.1330108827085852
encoder_seed_2026,2034,True,emg2qwerty,physionet_grabmyo,87,0.1051995163240628
encoder_seed_2026,2034,True,emg2qwerty,physionet_hyser,145,0.1753325272067714
encoder_seed_2026,2034,True,harmonic,emg2pose,826,0.6514195583596214
encoder_seed_2026,2034,True,harmonic,emg2qwerty,93,0.0733438485804416
encoder_seed_2026,2034,True,harmonic,harmonic,259,0.2042586750788643
encoder_seed_2026,2034,True,harmonic,ninapro_db10_meganepro,0,0.0
encoder_seed_2026,2034,True,harmonic,physionet_grabmyo,90,0.0709779179810725
encoder_seed_2026,2034,True,harmonic,physionet_hyser,0,0.0
encoder_seed_2026,2034,True,ninapro_db10_meganepro,emg2pose,72,0.0575539568345323
encoder_seed_2026,2034,True,ninapro_db10_meganepro,emg2qwerty,138,0.1103117505995203
encoder_seed_2026,2034,True,ninapro_db10_meganepro,harmonic,208,0.1662669864108713
encoder_seed_2026,2034,True,ninapro_db10_meganepro,ninapro_db10_meganepro,105,0.0839328537170263
encoder_seed_2026,2034,True,ninapro_db10_meganepro,physionet_grabmyo,302,0.2414068745003997
encoder_seed_2026,2034,True,ninapro_db10_meganepro,physionet_hyser,426,0.3405275779376499
encoder_seed_2026,2034,True,physionet_grabmyo,emg2pose,99,0.0781990521327014
encoder_seed_2026,2034,True,physionet_grabmyo,emg2qwerty,420,0.3317535545023696
encoder_seed_2026,2034,True,physionet_grabmyo,harmonic,229,0.1808846761453396
encoder_seed_2026,2034,True,physionet_grabmyo,ninapro_db10_meganepro,115,0.0908372827804107
encoder_seed_2026,2034,True,physionet_grabmyo,physionet_grabmyo,289,0.2282780410742496
encoder_seed_2026,2034,True,physionet_grabmyo,physionet_hyser,114,0.0900473933649289
encoder_seed_2026,2034,True,physionet_hyser,emg2pose,323,0.2602739726027397
encoder_seed_2026,2034,True,physionet_hyser,emg2qwerty,61,0.0491539081385979
encoder_seed_2026,2034,True,physionet_hyser,harmonic,123,0.0991136180499597
encoder_seed_2026,2034,True,physionet_hyser,ninapro_db10_meganepro,417,0.3360193392425463
encoder_seed_2026,2034,True,physionet_hyser,physionet_grabmyo,170,0.136986301369863
encoder_seed_2026,2034,True,physionet_hyser,physionet_hyser,147,0.1184528605962933
encoder_seed_2026,2035,True,emg2pose,emg2pose,226,0.1652046783625731
encoder_seed_2026,2035,True,emg2pose,emg2qwerty,292,0.2134502923976608
encoder_seed_2026,2035,True,emg2pose,harmonic,239,0.1747076023391812
encoder_seed_2026,2035,True,emg2pose,ninapro_db10_meganepro,233,0.1703216374269006
encoder_seed_2026,2035,True,emg2pose,physionet_grabmyo,182,0.1330409356725146
encoder_seed_2026,2035,True,emg2pose,physionet_hyser,196,0.1432748538011695
encoder_seed_2026,2035,True,emg2qwerty,emg2pose,98,0.1123853211009174
encoder_seed_2026,2035,True,emg2qwerty,emg2qwerty,102,0.1169724770642201
encoder_seed_2026,2035,True,emg2qwerty,harmonic,236,0.2706422018348624
encoder_seed_2026,2035,True,emg2qwerty,ninapro_db10_meganepro,170,0.1949541284403669
encoder_seed_2026,2035,True,emg2qwerty,physionet_grabmyo,162,0.1857798165137614
encoder_seed_2026,2035,True,emg2qwerty,physionet_hyser,104,0.1192660550458715
encoder_seed_2026,2035,True,harmonic,emg2pose,0,0.0
encoder_seed_2026,2035,True,harmonic,emg2qwerty,98,0.0668485675306957
encoder_seed_2026,2035,True,harmonic,harmonic,494,0.3369713506139154
encoder_seed_2026,2035,True,harmonic,ninapro_db10_meganepro,13,0.0088676671214188
encoder_seed_2026,2035,True,harmonic,physionet_grabmyo,0,0.0
encoder_seed_2026,2035,True,harmonic,physionet_hyser,861,0.58731241473397
encoder_seed_2026,2035,True,ninapro_db10_meganepro,emg2pose,161,0.1294212218649517
encoder_seed_2026,2035,True,ninapro_db10_meganepro,emg2qwerty,413,0.3319935691318328
encoder_seed_2026,2035,True,ninapro_db10_meganepro,harmonic,85,0.0683279742765273
encoder_seed_2026,2035,True,ninapro_db10_meganepro,ninapro_db10_meganepro,108,0.0868167202572347
encoder_seed_2026,2035,True,ninapro_db10_meganepro,physionet_grabmyo,379,0.3046623794212219
encoder_seed_2026,2035,True,ninapro_db10_meganepro,physionet_hyser,98,0.0787781350482315
encoder_seed_2026,2035,True,physionet_grabmyo,emg2pose,114,0.0878274268104776
encoder_seed_2026,2035,True,physionet_grabmyo,emg2qwerty,195,0.150231124807396
encoder_seed_2026,2035,True,physionet_grabmyo,harmonic,52,0.0400616332819722
encoder_seed_2026,2035,True,physionet_grabmyo,ninapro_db10_meganepro,185,0.1425269645608628
encoder_seed_2026,2035,True,physionet_grabmyo,physionet_grabmyo,414,0.3189522342064715
encoder_seed_2026,2035,True,physionet_grabmyo,physionet_hyser,338,0.2604006163328197
encoder_seed_2026,2035,True,physionet_hyser,emg2pose,292,0.2261812548412083
encoder_seed_2026,2035,True,physionet_hyser,emg2qwerty,216,0.1673121611154144
encoder_seed_2026,2035,True,physionet_hyser,harmonic,129,0.0999225406661502
encoder_seed_2026,2035,True,physionet_hyser,ninapro_db10_meganepro,138,0.1068938807126258
encoder_seed_2026,2035,True,physionet_hyser,physionet_grabmyo,127,0.0983733539891557
encoder_seed_2026,2035,True,physionet_hyser,physionet_hyser,389,0.3013168086754454
encoder_seed_2027,2026,False,emg2pose,emg2pose,957,0.7125837676842889
encoder_seed_2027,2026,False,emg2pose,emg2qwerty,365,0.2717795979151154
encoder_seed_2027,2026,False,emg2pose,harmonic,0,0.0
encoder_seed_2027,2026,False,emg2pose,ninapro_db10_meganepro,0,0.0
encoder_seed_2027,2026,False,emg2pose,physionet_grabmyo,1,0.0007446016381236
encoder_seed_2027,2026,False,emg2pose,physionet_hyser,20,0.014892032762472
encoder_seed_2027,2026,False,emg2qwerty,emg2pose,171,0.1811440677966101
encoder_seed_2027,2026,False,emg2qwerty,emg2qwerty,771,0.8167372881355932
encoder_seed_2027,2026,False,emg2qwerty,harmonic,0,0.0
encoder_seed_2027,2026,False,emg2qwerty,ninapro_db10_meganepro,0,0.0
encoder_seed_2027,2026,False,emg2qwerty,physionet_grabmyo,0,0.0
encoder_seed_2027,2026,False,emg2qwerty,physionet_hyser,2,0.0021186440677966
encoder_seed_2027,2026,False,harmonic,emg2pose,0,0.0
encoder_seed_2027,2026,False,harmonic,emg2qwerty,0,0.0
encoder_seed_2027,2026,False,harmonic,harmonic,969,1.0
encoder_seed_2027,2026,False,harmonic,ninapro_db10_meganepro,0,0.0
encoder_seed_2027,2026,False,harmonic,physionet_grabmyo,0,0.0
encoder_seed_2027,2026,False,harmonic,physionet_hyser,0,0.0
encoder_seed_2027,2026,False,ninapro_db10_meganepro,emg2pose,0,0.0
encoder_seed_2027,2026,False,ninapro_db10_meganepro,emg2qwerty,0,0.0
encoder_seed_2027,2026,False,ninapro_db10_meganepro,harmonic,0,0.0
encoder_seed_2027,2026,False,ninapro_db10_meganepro,ninapro_db10_meganepro,1254,0.999203187250996
encoder_seed_2027,2026,False,ninapro_db10_meganepro,physionet_grabmyo,1,0.0007968127490039
encoder_seed_2027,2026,False,ninapro_db10_meganepro,physionet_hyser,0,0.0
encoder_seed_2027,2026,False,physionet_grabmyo,emg2pose,0,0.0
encoder_seed_2027,2026,False,physionet_grabmyo,emg2qwerty,0,0.0
encoder_seed_2027,2026,False,physionet_grabmyo,harmonic,0,0.0
encoder_seed_2027,2026,False,physionet_grabmyo,ninapro_db10_meganepro,0,0.0
encoder_seed_2027,2026,False,physionet_grabmyo,physionet_grabmyo,1255,1.0
encoder_seed_2027,2026,False,physionet_grabmyo,physionet_hyser,0,0.0
encoder_seed_2027,2026,False,physionet_hyser,emg2pose,0,0.0
encoder_seed_2027,2026,False,physionet_hyser,emg2qwerty,0,0.0
encoder_seed_2027,2026,False,physionet_hyser,harmonic,0,0.0
encoder_seed_2027,2026,False,physionet_hyser,ninapro_db10_meganepro,0,0.0
encoder_seed_2027,2026,False,physionet_hyser,physionet_grabmyo,0,0.0
encoder_seed_2027,2026,False,physionet_hyser,physionet_hyser,1255,1.0
encoder_seed_2027,2027,False,emg2pose,emg2pose,1036,0.7628865979381443
encoder_seed_2027,2027,False,emg2pose,emg2qwerty,319,0.2349042709867452
encoder_seed_2027,2027,False,emg2pose,harmonic,1,0.0007363770250368
encoder_seed_2027,2027,False,emg2pose,ninapro_db10_meganepro,0,0.0
encoder_seed_2027,2027,False,emg2pose,physionet_grabmyo,0,0.0
encoder_seed_2027,2027,False,emg2pose,physionet_hyser,2,0.0014727540500736
encoder_seed_2027,2027,False,emg2qwerty,emg2pose,256,0.2838137472283814
encoder_seed_2027,2027,False,emg2qwerty,emg2qwerty,643,0.7128603104212861
encoder_seed_2027,2027,False,emg2qwerty,harmonic,0,0.0
encoder_seed_2027,2027,False,emg2qwerty,ninapro_db10_meganepro,0,0.0
encoder_seed_2027,2027,False,emg2qwerty,physionet_grabmyo,0,0.0
encoder_seed_2027,2027,False,emg2qwerty,physionet_hyser,3,0.0033259423503325
encoder_seed_2027,2027,False,harmonic,emg2pose,0,0.0
encoder_seed_2027,2027,False,harmonic,emg2qwerty,0,0.0
encoder_seed_2027,2027,False,harmonic,harmonic,1486,1.0
encoder_seed_2027,2027,False,harmonic,ninapro_db10_meganepro,0,0.0
encoder_seed_2027,2027,False,harmonic,physionet_grabmyo,0,0.0
encoder_seed_2027,2027,False,harmonic,physionet_hyser,0,0.0
encoder_seed_2027,2027,False,ninapro_db10_meganepro,emg2pose,0,0.0
encoder_seed_2027,2027,False,ninapro_db10_meganepro,emg2qwerty,0,0.0
encoder_seed_2027,2027,False,ninapro_db10_meganepro,harmonic,0,0.0
encoder_seed_2027,2027,False,ninapro_db10_meganepro,ninapro_db10_meganepro,1252,1.0
encoder_seed_2027,2027,False,ninapro_db10_meganepro,physionet_grabmyo,0,0.0
encoder_seed_2027,2027,False,ninapro_db10_meganepro,physionet_hyser,0,0.0
encoder_seed_2027,2027,False,physionet_grabmyo,emg2pose,0,0.0
encoder_seed_2027,2027,False,physionet_grabmyo,emg2qwerty,0,0.0
encoder_seed_2027,2027,False,physionet_grabmyo,harmonic,0,0.0
encoder_seed_2027,2027,False,physionet_grabmyo,ninapro_db10_meganepro,0,0.0
encoder_seed_2027,2027,False,physionet_grabmyo,physionet_grabmyo,1259,1.0
encoder_seed_2027,2027,False,physionet_grabmyo,physionet_hyser,0,0.0
encoder_seed_2027,2027,False,physionet_hyser,emg2pose,0,0.0
encoder_seed_2027,2027,False,physionet_hyser,emg2qwerty,0,0.0
encoder_seed_2027,2027,False,physionet_hyser,harmonic,0,0.0
encoder_seed_2027,2027,False,physionet_hyser,ninapro_db10_meganepro,0,0.0
encoder_seed_2027,2027,False,physionet_hyser,physionet_grabmyo,0,0.0
encoder_seed_2027,2027,False,physionet_hyser,physionet_hyser,1254,1.0
encoder_seed_2027,2028,False,emg2pose,emg2pose,1053,0.7782705099778271
encoder_seed_2027,2028,False,emg2pose,emg2qwerty,297,0.2195121951219512
encoder_seed_2027,2028,False,emg2pose,harmonic,0,0.0
encoder_seed_2027,2028,False,emg2pose,ninapro_db10_meganepro,0,0.0
encoder_seed_2027,2028,False,emg2pose,physionet_grabmyo,0,0.0
encoder_seed_2027,2028,False,emg2pose,physionet_hyser,3,0.0022172949002217
encoder_seed_2027,2028,False,emg2qwerty,emg2pose,165,0.1831298557158712
encoder_seed_2027,2028,False,emg2qwerty,emg2qwerty,733,0.8135405105438401
encoder_seed_2027,2028,False,emg2qwerty,harmonic,0,0.0
encoder_seed_2027,2028,False,emg2qwerty,ninapro_db10_meganepro,2,0.002219755826859
encoder_seed_2027,2028,False,emg2qwerty,physionet_grabmyo,0,0.0
encoder_seed_2027,2028,False,emg2qwerty,physionet_hyser,1,0.0011098779134295
encoder_seed_2027,2028,False,harmonic,emg2pose,0,0.0
encoder_seed_2027,2028,False,harmonic,emg2qwerty,0,0.0
encoder_seed_2027,2028,False,harmonic,harmonic,1486,1.0
encoder_seed_2027,2028,False,harmonic,ninapro_db10_meganepro,0,0.0
encoder_seed_2027,2028,False,harmonic,physionet_grabmyo,0,0.0
encoder_seed_2027,2028,False,harmonic,physionet_hyser,0,0.0
encoder_seed_2027,2028,False,ninapro_db10_meganepro,emg2pose,0,0.0
encoder_seed_2027,2028,False,ninapro_db10_meganepro,emg2qwerty,0,0.0
encoder_seed_2027,2028,False,ninapro_db10_meganepro,harmonic,0,0.0
encoder_seed_2027,2028,False,ninapro_db10_meganepro,ninapro_db10_meganepro,1265,1.0
encoder_seed_2027,2028,False,ninapro_db10_meganepro,physionet_grabmyo,0,0.0
encoder_seed_2027,2028,False,ninapro_db10_meganepro,physionet_hyser,0,0.0
encoder_seed_2027,2028,False,physionet_grabmyo,emg2pose,0,0.0
encoder_seed_2027,2028,False,physionet_grabmyo,emg2qwerty,0,0.0
encoder_seed_2027,2028,False,physionet_grabmyo,harmonic,0,0.0
encoder_seed_2027,2028,False,physionet_grabmyo,ninapro_db10_meganepro,0,0.0
encoder_seed_2027,2028,False,physionet_grabmyo,physionet_grabmyo,1291,1.0
encoder_seed_2027,2028,False,physionet_grabmyo,physionet_hyser,0,0.0
encoder_seed_2027,2028,False,physionet_hyser,emg2pose,1,0.0008169934640522
encoder_seed_2027,2028,False,physionet_hyser,emg2qwerty,0,0.0
encoder_seed_2027,2028,False,physionet_hyser,harmonic,0,0.0
encoder_seed_2027,2028,False,physionet_hyser,ninapro_db10_meganepro,0,0.0
encoder_seed_2027,2028,False,physionet_hyser,physionet_grabmyo,0,0.0
encoder_seed_2027,2028,False,physionet_hyser,physionet_hyser,1223,0.9991830065359476
encoder_seed_2027,2029,False,emg2pose,emg2pose,1133,0.8525206922498119
encoder_seed_2027,2029,False,emg2pose,emg2qwerty,196,0.1474793077501881
encoder_seed_2027,2029,False,emg2pose,harmonic,0,0.0
encoder_seed_2027,2029,False,emg2pose,ninapro_db10_meganepro,0,0.0
encoder_seed_2027,2029,False,emg2pose,physionet_grabmyo,0,0.0
encoder_seed_2027,2029,False,emg2pose,physionet_hyser,0,0.0
encoder_seed_2027,2029,False,emg2qwerty,emg2pose,134,0.1485587583148558
encoder_seed_2027,2029,False,emg2qwerty,emg2qwerty,767,0.8503325942350333
encoder_seed_2027,2029,False,emg2qwerty,harmonic,0,0.0
encoder_seed_2027,2029,False,emg2qwerty,ninapro_db10_meganepro,0,0.0
encoder_seed_2027,2029,False,emg2qwerty,physionet_grabmyo,0,0.0
encoder_seed_2027,2029,False,emg2qwerty,physionet_hyser,1,0.0011086474501108
encoder_seed_2027,2029,False,harmonic,emg2pose,0,0.0
encoder_seed_2027,2029,False,harmonic,emg2qwerty,0,0.0
encoder_seed_2027,2029,False,harmonic,harmonic,1075,1.0
encoder_seed_2027,2029,False,harmonic,ninapro_db10_meganepro,0,0.0
encoder_seed_2027,2029,False,harmonic,physionet_grabmyo,0,0.0
encoder_seed_2027,2029,False,harmonic,physionet_hyser,0,0.0
encoder_seed_2027,2029,False,ninapro_db10_meganepro,emg2pose,0,0.0
encoder_seed_2027,2029,False,ninapro_db10_meganepro,emg2qwerty,0,0.0
encoder_seed_2027,2029,False,ninapro_db10_meganepro,harmonic,0,0.0
encoder_seed_2027,2029,False,ninapro_db10_meganepro,ninapro_db10_meganepro,1272,1.0
encoder_seed_2027,2029,False,ninapro_db10_meganepro,physionet_grabmyo,0,0.0
encoder_seed_2027,2029,False,ninapro_db10_meganepro,physionet_hyser,0,0.0
encoder_seed_2027,2029,False,physionet_grabmyo,emg2pose,0,0.0
encoder_seed_2027,2029,False,physionet_grabmyo,emg2qwerty,0,0.0
encoder_seed_2027,2029,False,physionet_grabmyo,harmonic,0,0.0
encoder_seed_2027,2029,False,physionet_grabmyo,ninapro_db10_meganepro,0,0.0
encoder_seed_2027,2029,False,physionet_grabmyo,physionet_grabmyo,1280,1.0
encoder_seed_2027,2029,False,physionet_grabmyo,physionet_hyser,0,0.0
encoder_seed_2027,2029,False,physionet_hyser,emg2pose,0,0.0
encoder_seed_2027,2029,False,physionet_hyser,emg2qwerty,0,0.0
encoder_seed_2027,2029,False,physionet_hyser,harmonic,0,0.0
encoder_seed_2027,2029,False,physionet_hyser,ninapro_db10_meganepro,0,0.0
encoder_seed_2027,2029,False,physionet_hyser,physionet_grabmyo,0,0.0
encoder_seed_2027,2029,False,physionet_hyser,physionet_hyser,1253,1.0
encoder_seed_2027,2030,False,emg2pose,emg2pose,901,0.7094488188976378
encoder_seed_2027,2030,False,emg2pose,emg2qwerty,365,0.2874015748031496
encoder_seed_2027,2030,False,emg2pose,harmonic,1,0.0007874015748031
encoder_seed_2027,2030,False,emg2pose,ninapro_db10_meganepro,0,0.0
encoder_seed_2027,2030,False,emg2pose,physionet_grabmyo,0,0.0
encoder_seed_2027,2030,False,emg2pose,physionet_hyser,3,0.0023622047244094
encoder_seed_2027,2030,False,emg2qwerty,emg2pose,129,0.111495246326707
encoder_seed_2027,2030,False,emg2qwerty,emg2qwerty,1024,0.88504753673293
encoder_seed_2027,2030,False,emg2qwerty,harmonic,0,0.0
encoder_seed_2027,2030,False,emg2qwerty,ninapro_db10_meganepro,0,0.0
encoder_seed_2027,2030,False,emg2qwerty,physionet_grabmyo,0,0.0
encoder_seed_2027,2030,False,emg2qwerty,physionet_hyser,4,0.003457216940363
encoder_seed_2027,2030,False,harmonic,emg2pose,0,0.0
encoder_seed_2027,2030,False,harmonic,emg2qwerty,0,0.0
encoder_seed_2027,2030,False,harmonic,harmonic,1295,1.0
encoder_seed_2027,2030,False,harmonic,ninapro_db10_meganepro,0,0.0
encoder_seed_2027,2030,False,harmonic,physionet_grabmyo,0,0.0
encoder_seed_2027,2030,False,harmonic,physionet_hyser,0,0.0
encoder_seed_2027,2030,False,ninapro_db10_meganepro,emg2pose,0,0.0
encoder_seed_2027,2030,False,ninapro_db10_meganepro,emg2qwerty,0,0.0
encoder_seed_2027,2030,False,ninapro_db10_meganepro,harmonic,0,0.0
encoder_seed_2027,2030,False,ninapro_db10_meganepro,ninapro_db10_meganepro,1230,1.0
encoder_seed_2027,2030,False,ninapro_db10_meganepro,physionet_grabmyo,0,0.0
encoder_seed_2027,2030,False,ninapro_db10_meganepro,physionet_hyser,0,0.0
encoder_seed_2027,2030,False,physionet_grabmyo,emg2pose,0,0.0
encoder_seed_2027,2030,False,physionet_grabmyo,emg2qwerty,0,0.0
encoder_seed_2027,2030,False,physionet_grabmyo,harmonic,1,0.0007849293563579
encoder_seed_2027,2030,False,physionet_grabmyo,ninapro_db10_meganepro,0,0.0
encoder_seed_2027,2030,False,physionet_grabmyo,physionet_grabmyo,1273,0.999215070643642
encoder_seed_2027,2030,False,physionet_grabmyo,physionet_hyser,0,0.0
encoder_seed_2027,2030,False,physionet_hyser,emg2pose,0,0.0
encoder_seed_2027,2030,False,physionet_hyser,emg2qwerty,0,0.0
encoder_seed_2027,2030,False,physionet_hyser,harmonic,0,0.0
encoder_seed_2027,2030,False,physionet_hyser,ninapro_db10_meganepro,0,0.0
encoder_seed_2027,2030,False,physionet_hyser,physionet_grabmyo,0,0.0
encoder_seed_2027,2030,False,physionet_hyser,physionet_hyser,1202,1.0
encoder_seed_2027,2031,False,emg2pose,emg2pose,942,0.7296669248644462
encoder_seed_2027,2031,False,emg2pose,emg2qwerty,329,0.254841208365608
encoder_seed_2027,2031,False,emg2pose,harmonic,0,0.0
encoder_seed_2027,2031,False,emg2pose,ninapro_db10_meganepro,0,0.0
encoder_seed_2027,2031,False,emg2pose,physionet_grabmyo,0,0.0
encoder_seed_2027,2031,False,emg2pose,physionet_hyser,20,0.0154918667699457
encoder_seed_2027,2031,False,emg2qwerty,emg2pose,204,0.2229508196721311
encoder_seed_2027,2031,False,emg2qwerty,emg2qwerty,706,0.7715846994535519
encoder_seed_2027,2031,False,emg2qwerty,harmonic,0,0.0
encoder_seed_2027,2031,False,emg2qwerty,ninapro_db10_meganepro,0,0.0
encoder_seed_2027,2031,False,emg2qwerty,physionet_grabmyo,0,0.0
encoder_seed_2027,2031,False,emg2qwerty,physionet_hyser,5,0.0054644808743169
encoder_seed_2027,2031,False,harmonic,emg2pose,0,0.0
encoder_seed_2027,2031,False,harmonic,emg2qwerty,0,0.0
encoder_seed_2027,2031,False,harmonic,harmonic,1290,1.0
encoder_seed_2027,2031,False,harmonic,ninapro_db10_meganepro,0,0.0
encoder_seed_2027,2031,False,harmonic,physionet_grabmyo,0,0.0
encoder_seed_2027,2031,False,harmonic,physionet_hyser,0,0.0
encoder_seed_2027,2031,False,ninapro_db10_meganepro,emg2pose,0,0.0
encoder_seed_2027,2031,False,ninapro_db10_meganepro,emg2qwerty,0,0.0
encoder_seed_2027,2031,False,ninapro_db10_meganepro,harmonic,0,0.0
encoder_seed_2027,2031,False,ninapro_db10_meganepro,ninapro_db10_meganepro,1235,1.0
encoder_seed_2027,2031,False,ninapro_db10_meganepro,physionet_grabmyo,0,0.0
encoder_seed_2027,2031,False,ninapro_db10_meganepro,physionet_hyser,0,0.0
encoder_seed_2027,2031,False,physionet_grabmyo,emg2pose,0,0.0
encoder_seed_2027,2031,False,physionet_grabmyo,emg2qwerty,0,0.0
encoder_seed_2027,2031,False,physionet_grabmyo,harmonic,0,0.0
encoder_seed_2027,2031,False,physionet_grabmyo,ninapro_db10_meganepro,0,0.0
encoder_seed_2027,2031,False,physionet_grabmyo,physionet_grabmyo,1272,1.0
encoder_seed_2027,2031,False,physionet_grabmyo,physionet_hyser,0,0.0
encoder_seed_2027,2031,False,physionet_hyser,emg2pose,0,0.0
encoder_seed_2027,2031,False,physionet_hyser,emg2qwerty,0,0.0
encoder_seed_2027,2031,False,physionet_hyser,harmonic,0,0.0
encoder_seed_2027,2031,False,physionet_hyser,ninapro_db10_meganepro,0,0.0
encoder_seed_2027,2031,False,physionet_hyser,physionet_grabmyo,0,0.0
encoder_seed_2027,2031,False,physionet_hyser,physionet_hyser,1233,1.0
encoder_seed_2027,2032,False,emg2pose,emg2pose,1123,0.8539923954372624
encoder_seed_2027,2032,False,emg2pose,emg2qwerty,187,0.1422053231939163
encoder_seed_2027,2032,False,emg2pose,harmonic,3,0.0022813688212927
encoder_seed_2027,2032,False,emg2pose,ninapro_db10_meganepro,0,0.0
encoder_seed_2027,2032,False,emg2pose,physionet_grabmyo,0,0.0
encoder_seed_2027,2032,False,emg2pose,physionet_hyser,2,0.0015209125475285
encoder_seed_2027,2032,False,emg2qwerty,emg2pose,400,0.3558718861209964
encoder_seed_2027,2032,False,emg2qwerty,emg2qwerty,706,0.6281138790035588
encoder_seed_2027,2032,False,emg2qwerty,harmonic,0,0.0
encoder_seed_2027,2032,False,emg2qwerty,ninapro_db10_meganepro,0,0.0
encoder_seed_2027,2032,False,emg2qwerty,physionet_grabmyo,0,0.0
encoder_seed_2027,2032,False,emg2qwerty,physionet_hyser,18,0.0160142348754448
encoder_seed_2027,2032,False,harmonic,emg2pose,0,0.0
encoder_seed_2027,2032,False,harmonic,emg2qwerty,0,0.0
encoder_seed_2027,2032,False,harmonic,harmonic,1131,1.0
encoder_seed_2027,2032,False,harmonic,ninapro_db10_meganepro,0,0.0
encoder_seed_2027,2032,False,harmonic,physionet_grabmyo,0,0.0
encoder_seed_2027,2032,False,harmonic,physionet_hyser,0,0.0
encoder_seed_2027,2032,False,ninapro_db10_meganepro,emg2pose,0,0.0
encoder_seed_2027,2032,False,ninapro_db10_meganepro,emg2qwerty,0,0.0
encoder_seed_2027,2032,False,ninapro_db10_meganepro,harmonic,0,0.0
encoder_seed_2027,2032,False,ninapro_db10_meganepro,ninapro_db10_meganepro,1242,1.0
encoder_seed_2027,2032,False,ninapro_db10_meganepro,physionet_grabmyo,0,0.0
encoder_seed_2027,2032,False,ninapro_db10_meganepro,physionet_hyser,0,0.0
encoder_seed_2027,2032,False,physionet_grabmyo,emg2pose,0,0.0
encoder_seed_2027,2032,False,physionet_grabmyo,emg2qwerty,0,0.0
encoder_seed_2027,2032,False,physionet_grabmyo,harmonic,0,0.0
encoder_seed_2027,2032,False,physionet_grabmyo,ninapro_db10_meganepro,0,0.0
encoder_seed_2027,2032,False,physionet_grabmyo,physionet_grabmyo,1230,1.0
encoder_seed_2027,2032,False,physionet_grabmyo,physionet_hyser,0,0.0
encoder_seed_2027,2032,False,physionet_hyser,emg2pose,0,0.0
encoder_seed_2027,2032,False,physionet_hyser,emg2qwerty,0,0.0
encoder_seed_2027,2032,False,physionet_hyser,harmonic,0,0.0
encoder_seed_2027,2032,False,physionet_hyser,ninapro_db10_meganepro,0,0.0
encoder_seed_2027,2032,False,physionet_hyser,physionet_grabmyo,0,0.0
encoder_seed_2027,2032,False,physionet_hyser,physionet_hyser,1241,1.0
encoder_seed_2027,2033,False,emg2pose,emg2pose,1016,0.7673716012084593
encoder_seed_2027,2033,False,emg2pose,emg2qwerty,299,0.2258308157099698
encoder_seed_2027,2033,False,emg2pose,harmonic,1,0.0007552870090634
encoder_seed_2027,2033,False,emg2pose,ninapro_db10_meganepro,1,0.0007552870090634
encoder_seed_2027,2033,False,emg2pose,physionet_grabmyo,2,0.0015105740181268
encoder_seed_2027,2033,False,emg2pose,physionet_hyser,5,0.0037764350453172
encoder_seed_2027,2033,False,emg2qwerty,emg2pose,530,0.4715302491103202
encoder_seed_2027,2033,False,emg2qwerty,emg2qwerty,575,0.5115658362989324
encoder_seed_2027,2033,False,emg2qwerty,harmonic,1,0.0008896797153024
encoder_seed_2027,2033,False,emg2qwerty,ninapro_db10_meganepro,0,0.0
encoder_seed_2027,2033,False,emg2qwerty,physionet_grabmyo,0,0.0
encoder_seed_2027,2033,False,emg2qwerty,physionet_hyser,18,0.0160142348754448
encoder_seed_2027,2033,False,harmonic,emg2pose,0,0.0
encoder_seed_2027,2033,False,harmonic,emg2qwerty,0,0.0
encoder_seed_2027,2033,False,harmonic,harmonic,1450,1.0
encoder_seed_2027,2033,False,harmonic,ninapro_db10_meganepro,0,0.0
encoder_seed_2027,2033,False,harmonic,physionet_grabmyo,0,0.0
encoder_seed_2027,2033,False,harmonic,physionet_hyser,0,0.0
encoder_seed_2027,2033,False,ninapro_db10_meganepro,emg2pose,0,0.0
encoder_seed_2027,2033,False,ninapro_db10_meganepro,emg2qwerty,0,0.0
encoder_seed_2027,2033,False,ninapro_db10_meganepro,harmonic,0,0.0
encoder_seed_2027,2033,False,ninapro_db10_meganepro,ninapro_db10_meganepro,1253,1.0
encoder_seed_2027,2033,False,ninapro_db10_meganepro,physionet_grabmyo,0,0.0
encoder_seed_2027,2033,False,ninapro_db10_meganepro,physionet_hyser,0,0.0
encoder_seed_2027,2033,False,physionet_grabmyo,emg2pose,0,0.0
encoder_seed_2027,2033,False,physionet_grabmyo,emg2qwerty,0,0.0
encoder_seed_2027,2033,False,physionet_grabmyo,harmonic,0,0.0
encoder_seed_2027,2033,False,physionet_grabmyo,ninapro_db10_meganepro,0,0.0
encoder_seed_2027,2033,False,physionet_grabmyo,physionet_grabmyo,1284,1.0
encoder_seed_2027,2033,False,physionet_grabmyo,physionet_hyser,0,0.0
encoder_seed_2027,2033,False,physionet_hyser,emg2pose,0,0.0
encoder_seed_2027,2033,False,physionet_hyser,emg2qwerty,0,0.0
encoder_seed_2027,2033,False,physionet_hyser,harmonic,0,0.0
encoder_seed_2027,2033,False,physionet_hyser,ninapro_db10_meganepro,0,0.0
encoder_seed_2027,2033,False,physionet_hyser,physionet_grabmyo,0,0.0
encoder_seed_2027,2033,False,physionet_hyser,physionet_hyser,1279,1.0
encoder_seed_2027,2034,False,emg2pose,emg2pose,1154,0.8350217076700435
encoder_seed_2027,2034,False,emg2pose,emg2qwerty,225,0.162807525325615
encoder_seed_2027,2034,False,emg2pose,harmonic,2,0.0014471780028943
encoder_seed_2027,2034,False,emg2pose,ninapro_db10_meganepro,0,0.0
encoder_seed_2027,2034,False,emg2pose,physionet_grabmyo,0,0.0
encoder_seed_2027,2034,False,emg2pose,physionet_hyser,1,0.0007235890014471
encoder_seed_2027,2034,False,emg2qwerty,emg2pose,158,0.1910519951632406
encoder_seed_2027,2034,False,emg2qwerty,emg2qwerty,666,0.8053204353083434
encoder_seed_2027,2034,False,emg2qwerty,harmonic,0,0.0
encoder_seed_2027,2034,False,emg2qwerty,ninapro_db10_meganepro,0,0.0
encoder_seed_2027,2034,False,emg2qwerty,physionet_grabmyo,0,0.0
encoder_seed_2027,2034,False,emg2qwerty,physionet_hyser,3,0.0036275695284159
encoder_seed_2027,2034,False,harmonic,emg2pose,0,0.0
encoder_seed_2027,2034,False,harmonic,emg2qwerty,0,0.0
encoder_seed_2027,2034,False,harmonic,harmonic,1268,1.0
encoder_seed_2027,2034,False,harmonic,ninapro_db10_meganepro,0,0.0
encoder_seed_2027,2034,False,harmonic,physionet_grabmyo,0,0.0
encoder_seed_2027,2034,False,harmonic,physionet_hyser,0,0.0
encoder_seed_2027,2034,False,ninapro_db10_meganepro,emg2pose,0,0.0
encoder_seed_2027,2034,False,ninapro_db10_meganepro,emg2qwerty,0,0.0
encoder_seed_2027,2034,False,ninapro_db10_meganepro,harmonic,0,0.0
encoder_seed_2027,2034,False,ninapro_db10_meganepro,ninapro_db10_meganepro,1251,1.0
encoder_seed_2027,2034,False,ninapro_db10_meganepro,physionet_grabmyo,0,0.0
encoder_seed_2027,2034,False,ninapro_db10_meganepro,physionet_hyser,0,0.0
encoder_seed_2027,2034,False,physionet_grabmyo,emg2pose,0,0.0
encoder_seed_2027,2034,False,physionet_grabmyo,emg2qwerty,0,0.0
encoder_seed_2027,2034,False,physionet_grabmyo,harmonic,0,0.0
encoder_seed_2027,2034,False,physionet_grabmyo,ninapro_db10_meganepro,0,0.0
encoder_seed_2027,2034,False,physionet_grabmyo,physionet_grabmyo,1266,1.0
encoder_seed_2027,2034,False,physionet_grabmyo,physionet_hyser,0,0.0
encoder_seed_2027,2034,False,physionet_hyser,emg2pose,0,0.0
encoder_seed_2027,2034,False,physionet_hyser,emg2qwerty,0,0.0
encoder_seed_2027,2034,False,physionet_hyser,harmonic,0,0.0
encoder_seed_2027,2034,False,physionet_hyser,ninapro_db10_meganepro,0,0.0
encoder_seed_2027,2034,False,physionet_hyser,physionet_grabmyo,0,0.0
encoder_seed_2027,2034,False,physionet_hyser,physionet_hyser,1241,1.0
encoder_seed_2027,2035,False,emg2pose,emg2pose,1050,0.7675438596491229
encoder_seed_2027,2035,False,emg2pose,emg2qwerty,317,0.2317251461988304
encoder_seed_2027,2035,False,emg2pose,harmonic,0,0.0
encoder_seed_2027,2035,False,emg2pose,ninapro_db10_meganepro,0,0.0
encoder_seed_2027,2035,False,emg2pose,physionet_grabmyo,0,0.0
encoder_seed_2027,2035,False,emg2pose,physionet_hyser,1,0.0007309941520467
encoder_seed_2027,2035,False,emg2qwerty,emg2pose,189,0.216743119266055
encoder_seed_2027,2035,False,emg2qwerty,emg2qwerty,676,0.7752293577981652
encoder_seed_2027,2035,False,emg2qwerty,harmonic,0,0.0
encoder_seed_2027,2035,False,emg2qwerty,ninapro_db10_meganepro,3,0.003440366972477
encoder_seed_2027,2035,False,emg2qwerty,physionet_grabmyo,1,0.0011467889908256
encoder_seed_2027,2035,False,emg2qwerty,physionet_hyser,3,0.003440366972477
encoder_seed_2027,2035,False,harmonic,emg2pose,0,0.0
encoder_seed_2027,2035,False,harmonic,emg2qwerty,0,0.0
encoder_seed_2027,2035,False,harmonic,harmonic,1466,1.0
encoder_seed_2027,2035,False,harmonic,ninapro_db10_meganepro,0,0.0
encoder_seed_2027,2035,False,harmonic,physionet_grabmyo,0,0.0
encoder_seed_2027,2035,False,harmonic,physionet_hyser,0,0.0
encoder_seed_2027,2035,False,ninapro_db10_meganepro,emg2pose,0,0.0
encoder_seed_2027,2035,False,ninapro_db10_meganepro,emg2qwerty,0,0.0
encoder_seed_2027,2035,False,ninapro_db10_meganepro,harmonic,0,0.0
encoder_seed_2027,2035,False,ninapro_db10_meganepro,ninapro_db10_meganepro,1243,0.9991961414790996
encoder_seed_2027,2035,False,ninapro_db10_meganepro,physionet_grabmyo,1,0.0008038585209003
encoder_seed_2027,2035,False,ninapro_db10_meganepro,physionet_hyser,0,0.0
encoder_seed_2027,2035,False,physionet_grabmyo,emg2pose,0,0.0
encoder_seed_2027,2035,False,physionet_grabmyo,emg2qwerty,0,0.0
encoder_seed_2027,2035,False,physionet_grabmyo,harmonic,1,0.0007704160246533
encoder_seed_2027,2035,False,physionet_grabmyo,ninapro_db10_meganepro,0,0.0
encoder_seed_2027,2035,False,physionet_grabmyo,physionet_grabmyo,1297,0.9992295839753468
encoder_seed_2027,2035,False,physionet_grabmyo,physionet_hyser,0,0.0
encoder_seed_2027,2035,False,physionet_hyser,emg2pose,0,0.0
encoder_seed_2027,2035,False,physionet_hyser,emg2qwerty,0,0.0
encoder_seed_2027,2035,False,physionet_hyser,harmonic,0,0.0
encoder_seed_2027,2035,False,physionet_hyser,ninapro_db10_meganepro,0,0.0
encoder_seed_2027,2035,False,physionet_hyser,physionet_grabmyo,0,0.0
encoder_seed_2027,2035,False,physionet_hyser,physionet_hyser,1291,1.0
encoder_seed_2027,2026,True,emg2pose,emg2pose,191,0.1422189128816083
encoder_seed_2027,2026,True,emg2pose,emg2qwerty,222,0.16530156366344
encoder_seed_2027,2026,True,emg2pose,harmonic,240,0.1787043931496649
encoder_seed_2027,2026,True,emg2pose,ninapro_db10_meganepro,202,0.1504095309009679
encoder_seed_2027,2026,True,emg2pose,physionet_grabmyo,221,0.1645569620253164
encoder_seed_2027,2026,True,emg2pose,physionet_hyser,267,0.1988086373790022
encoder_seed_2027,2026,True,emg2qwerty,emg2pose,187,0.198093220338983
encoder_seed_2027,2026,True,emg2qwerty,emg2qwerty,157,0.1663135593220339
encoder_seed_2027,2026,True,emg2qwerty,harmonic,164,0.173728813559322
encoder_seed_2027,2026,True,emg2qwerty,ninapro_db10_meganepro,149,0.1578389830508474
encoder_seed_2027,2026,True,emg2qwerty,physionet_grabmyo,140,0.1483050847457627
encoder_seed_2027,2026,True,emg2qwerty,physionet_hyser,147,0.1557203389830508
encoder_seed_2027,2026,True,harmonic,emg2pose,0,0.0
encoder_seed_2027,2026,True,harmonic,emg2qwerty,5,0.0051599587203302
encoder_seed_2027,2026,True,harmonic,harmonic,124,0.1279669762641898
encoder_seed_2027,2026,True,harmonic,ninapro_db10_meganepro,705,0.7275541795665634
encoder_seed_2027,2026,True,harmonic,physionet_grabmyo,133,0.1372549019607843
encoder_seed_2027,2026,True,harmonic,physionet_hyser,2,0.002063983488132
encoder_seed_2027,2026,True,ninapro_db10_meganepro,emg2pose,74,0.0589641434262948
encoder_seed_2027,2026,True,ninapro_db10_meganepro,emg2qwerty,280,0.2231075697211155
encoder_seed_2027,2026,True,ninapro_db10_meganepro,harmonic,46,0.0366533864541832
encoder_seed_2027,2026,True,ninapro_db10_meganepro,ninapro_db10_meganepro,263,0.2095617529880478
encoder_seed_2027,2026,True,ninapro_db10_meganepro,physionet_grabmyo,357,0.2844621513944223
encoder_seed_2027,2026,True,ninapro_db10_meganepro,physionet_hyser,235,0.1872509960159362
encoder_seed_2027,2026,True,physionet_grabmyo,emg2pose,300,0.2390438247011952
encoder_seed_2027,2026,True,physionet_grabmyo,emg2qwerty,217,0.1729083665338645
encoder_seed_2027,2026,True,physionet_grabmyo,harmonic,54,0.0430278884462151
encoder_seed_2027,2026,True,physionet_grabmyo,ninapro_db10_meganepro,237,0.1888446215139442
encoder_seed_2027,2026,True,physionet_grabmyo,physionet_grabmyo,222,0.1768924302788844
encoder_seed_2027,2026,True,physionet_grabmyo,physionet_hyser,225,0.1792828685258964
encoder_seed_2027,2026,True,physionet_hyser,emg2pose,296,0.2358565737051793
encoder_seed_2027,2026,True,physionet_hyser,emg2qwerty,165,0.1314741035856573
encoder_seed_2027,2026,True,physionet_hyser,harmonic,186,0.148207171314741
encoder_seed_2027,2026,True,physionet_hyser,ninapro_db10_meganepro,163,0.1298804780876494
encoder_seed_2027,2026,True,physionet_hyser,physionet_grabmyo,354,0.2820717131474103
encoder_seed_2027,2026,True,physionet_hyser,physionet_hyser,91,0.0725099601593625
encoder_seed_2027,2027,True,emg2pose,emg2pose,226,0.166421207658321
encoder_seed_2027,2027,True,emg2pose,emg2qwerty,243,0.1789396170839469
encoder_seed_2027,2027,True,emg2pose,harmonic,186,0.1369661266568483
encoder_seed_2027,2027,True,emg2pose,ninapro_db10_meganepro,267,0.1966126656848306
encoder_seed_2027,2027,True,emg2pose,physionet_grabmyo,222,0.1634756995581738
encoder_seed_2027,2027,True,emg2pose,physionet_hyser,214,0.1575846833578792
encoder_seed_2027,2027,True,emg2qwerty,emg2pose,181,0.2006651884700665
encoder_seed_2027,2027,True,emg2qwerty,emg2qwerty,118,0.130820399113082
encoder_seed_2027,2027,True,emg2qwerty,harmonic,100,0.1108647450110864
encoder_seed_2027,2027,True,emg2qwerty,ninapro_db10_meganepro,174,0.1929046563192904
encoder_seed_2027,2027,True,emg2qwerty,physionet_grabmyo,170,0.188470066518847
encoder_seed_2027,2027,True,emg2qwerty,physionet_hyser,159,0.1762749445676275
encoder_seed_2027,2027,True,harmonic,emg2pose,91,0.0612382234185733
encoder_seed_2027,2027,True,harmonic,emg2qwerty,27,0.0181695827725437
encoder_seed_2027,2027,True,harmonic,harmonic,1239,0.8337819650067295
encoder_seed_2027,2027,True,harmonic,ninapro_db10_meganepro,112,0.0753701211305518
encoder_seed_2027,2027,True,harmonic,physionet_grabmyo,3,0.0020188425302826
encoder_seed_2027,2027,True,harmonic,physionet_hyser,14,0.0094212651413189
encoder_seed_2027,2027,True,ninapro_db10_meganepro,emg2pose,398,0.3178913738019169
encoder_seed_2027,2027,True,ninapro_db10_meganepro,emg2qwerty,230,0.1837060702875399
encoder_seed_2027,2027,True,ninapro_db10_meganepro,harmonic,113,0.0902555910543131
encoder_seed_2027,2027,True,ninapro_db10_meganepro,ninapro_db10_meganepro,89,0.0710862619808306
encoder_seed_2027,2027,True,ninapro_db10_meganepro,physionet_grabmyo,259,0.2068690095846645
encoder_seed_2027,2027,True,ninapro_db10_meganepro,physionet_hyser,163,0.1301916932907348
encoder_seed_2027,2027,True,physionet_grabmyo,emg2pose,133,0.1056393963463065
encoder_seed_2027,2027,True,physionet_grabmyo,emg2qwerty,74,0.0587768069896743
encoder_seed_2027,2027,True,physionet_grabmyo,harmonic,405,0.3216838760921366
encoder_seed_2027,2027,True,physionet_grabmyo,ninapro_db10_meganepro,224,0.1779189833200953
encoder_seed_2027,2027,True,physionet_grabmyo,physionet_grabmyo,122,0.096902303415409
encoder_seed_2027,2027,True,physionet_grabmyo,physionet_hyser,301,0.2390786338363781
encoder_seed_2027,2027,True,physionet_hyser,emg2pose,167,0.1331738437001595
encoder_seed_2027,2027,True,physionet_hyser,emg2qwerty,141,0.1124401913875598
encoder_seed_2027,2027,True,physionet_hyser,harmonic,197,0.157097288676236
encoder_seed_2027,2027,True,physionet_hyser,ninapro_db10_meganepro,53,0.0422647527910685
encoder_seed_2027,2027,True,physionet_hyser,physionet_grabmyo,329,0.2623604465709729
encoder_seed_2027,2027,True,physionet_hyser,physionet_hyser,367,0.2926634768740032
encoder_seed_2027,2028,True,emg2pose,emg2pose,260,0.1921655580192165
encoder_seed_2027,2028,True,emg2pose,emg2qwerty,241,0.1781226903178122
encoder_seed_2027,2028,True,emg2pose,harmonic,245,0.1810790835181079
encoder_seed_2027,2028,True,emg2pose,ninapro_db10_meganepro,216,0.1596452328159645
encoder_seed_2027,2028,True,emg2pose,physionet_grabmyo,202,0.1492978566149297
encoder_seed_2027,2028,True,emg2pose,physionet_hyser,189,0.1396895787139689
encoder_seed_2027,2028,True,emg2qwerty,emg2pose,175,0.1942286348501664
encoder_seed_2027,2028,True,emg2qwerty,emg2qwerty,158,0.1753607103218646
encoder_seed_2027,2028,True,emg2qwerty,harmonic,160,0.1775804661487236
encoder_seed_2027,2028,True,emg2qwerty,ninapro_db10_meganepro,170,0.1886792452830188
encoder_seed_2027,2028,True,emg2qwerty,physionet_grabmyo,96,0.1065482796892341
encoder_seed_2027,2028,True,emg2qwerty,physionet_hyser,142,0.1576026637069922
encoder_seed_2027,2028,True,harmonic,emg2pose,50,0.0336473755047106
encoder_seed_2027,2028,True,harmonic,emg2qwerty,8,0.0053835800807537
encoder_seed_2027,2028,True,harmonic,harmonic,408,0.2745625841184387
encoder_seed_2027,2028,True,harmonic,ninapro_db10_meganepro,67,0.0450874831763122
encoder_seed_2027,2028,True,harmonic,physionet_grabmyo,0,0.0
encoder_seed_2027,2028,True,harmonic,physionet_hyser,953,0.6413189771197847
encoder_seed_2027,2028,True,ninapro_db10_meganepro,emg2pose,123,0.0972332015810276
encoder_seed_2027,2028,True,ninapro_db10_meganepro,emg2qwerty,149,0.1177865612648221
encoder_seed_2027,2028,True,ninapro_db10_meganepro,harmonic,234,0.1849802371541501
encoder_seed_2027,2028,True,ninapro_db10_meganepro,ninapro_db10_meganepro,203,0.1604743083003952
encoder_seed_2027,2028,True,ninapro_db10_meganepro,physionet_grabmyo,185,0.1462450592885375
encoder_seed_2027,2028,True,ninapro_db10_meganepro,physionet_hyser,371,0.2932806324110672
encoder_seed_2027,2028,True,physionet_grabmyo,emg2pose,156,0.120836560805577
encoder_seed_2027,2028,True,physionet_grabmyo,emg2qwerty,195,0.1510457010069713
encoder_seed_2027,2028,True,physionet_grabmyo,harmonic,338,0.2618125484120837
encoder_seed_2027,2028,True,physionet_grabmyo,ninapro_db10_meganepro,146,0.1130906274206041
encoder_seed_2027,2028,True,physionet_grabmyo,physionet_grabmyo,164,0.1270333075135553
encoder_seed_2027,2028,True,physionet_grabmyo,physionet_hyser,292,0.2261812548412083
encoder_seed_2027,2028,True,physionet_hyser,emg2pose,324,0.2647058823529412
encoder_seed_2027,2028,True,physionet_hyser,emg2qwerty,172,0.1405228758169934
encoder_seed_2027,2028,True,physionet_hyser,harmonic,150,0.1225490196078431
encoder_seed_2027,2028,True,physionet_hyser,ninapro_db10_meganepro,321,0.2622549019607843
encoder_seed_2027,2028,True,physionet_hyser,physionet_grabmyo,161,0.1315359477124183
encoder_seed_2027,2028,True,physionet_hyser,physionet_hyser,96,0.0784313725490196
encoder_seed_2027,2029,True,emg2pose,emg2pose,246,0.1851015801354401
encoder_seed_2027,2029,True,emg2pose,emg2qwerty,212,0.1595184349134688
encoder_seed_2027,2029,True,emg2pose,harmonic,207,0.1557562076749435
encoder_seed_2027,2029,True,emg2pose,ninapro_db10_meganepro,202,0.1519939804364183
encoder_seed_2027,2029,True,emg2pose,physionet_grabmyo,254,0.1911211437170805
encoder_seed_2027,2029,True,emg2pose,physionet_hyser,208,0.1565086531226486
encoder_seed_2027,2029,True,emg2qwerty,emg2pose,170,0.188470066518847
encoder_seed_2027,2029,True,emg2qwerty,emg2qwerty,96,0.106430155210643
encoder_seed_2027,2029,True,emg2qwerty,harmonic,230,0.2549889135254989
encoder_seed_2027,2029,True,emg2qwerty,ninapro_db10_meganepro,156,0.1729490022172949
encoder_seed_2027,2029,True,emg2qwerty,physionet_grabmyo,141,0.1563192904656319
encoder_seed_2027,2029,True,emg2qwerty,physionet_hyser,109,0.1208425720620842
encoder_seed_2027,2029,True,harmonic,emg2pose,309,0.2874418604651163
encoder_seed_2027,2029,True,harmonic,emg2qwerty,638,0.5934883720930233
encoder_seed_2027,2029,True,harmonic,harmonic,0,0.0
encoder_seed_2027,2029,True,harmonic,ninapro_db10_meganepro,5,0.0046511627906976
encoder_seed_2027,2029,True,harmonic,physionet_grabmyo,12,0.0111627906976744
encoder_seed_2027,2029,True,harmonic,physionet_hyser,111,0.1032558139534883
encoder_seed_2027,2029,True,ninapro_db10_meganepro,emg2pose,324,0.2547169811320754
encoder_seed_2027,2029,True,ninapro_db10_meganepro,emg2qwerty,369,0.2900943396226415
encoder_seed_2027,2029,True,ninapro_db10_meganepro,harmonic,244,0.1918238993710692
encoder_seed_2027,2029,True,ninapro_db10_meganepro,ninapro_db10_meganepro,31,0.0243710691823899
encoder_seed_2027,2029,True,ninapro_db10_meganepro,physionet_grabmyo,214,0.1682389937106918
encoder_seed_2027,2029,True,ninapro_db10_meganepro,physionet_hyser,90,0.070754716981132
encoder_seed_2027,2029,True,physionet_grabmyo,emg2pose,288,0.225
encoder_seed_2027,2029,True,physionet_grabmyo,emg2qwerty,225,0.17578125
encoder_seed_2027,2029,True,physionet_grabmyo,harmonic,191,0.14921875
encoder_seed_2027,2029,True,physionet_grabmyo,ninapro_db10_meganepro,182,0.1421875
encoder_seed_2027,2029,True,physionet_grabmyo,physionet_grabmyo,204,0.159375
encoder_seed_2027,2029,True,physionet_grabmyo,physionet_hyser,190,0.1484375
encoder_seed_2027,2029,True,physionet_hyser,emg2pose,133,0.106145251396648
encoder_seed_2027,2029,True,physionet_hyser,emg2qwerty,325,0.2593774940143655
encoder_seed_2027,2029,True,physionet_hyser,harmonic,255,0.203511572226656
encoder_seed_2027,2029,True,physionet_hyser,ninapro_db10_meganepro,166,0.1324820430965682
encoder_seed_2027,2029,True,physionet_hyser,physionet_grabmyo,132,0.1053471667996807
encoder_seed_2027,2029,True,physionet_hyser,physionet_hyser,242,0.1931364724660814
encoder_seed_2027,2030,True,emg2pose,emg2pose,227,0.1787401574803149
encoder_seed_2027,2030,True,emg2pose,emg2qwerty,228,0.1795275590551181
encoder_seed_2027,2030,True,emg2pose,harmonic,174,0.137007874015748
encoder_seed_2027,2030,True,emg2pose,ninapro_db10_meganepro,219,0.1724409448818897
encoder_seed_2027,2030,True,emg2pose,physionet_grabmyo,156,0.1228346456692913
encoder_seed_2027,2030,True,emg2pose,physionet_hyser,266,0.2094488188976378
encoder_seed_2027,2030,True,emg2qwerty,emg2pose,268,0.2316335350043215
encoder_seed_2027,2030,True,emg2qwerty,emg2qwerty,152,0.1313742437337943
encoder_seed_2027,2030,True,emg2qwerty,harmonic,208,0.1797752808988764
encoder_seed_2027,2030,True,emg2qwerty,ninapro_db10_meganepro,176,0.1521175453759723
encoder_seed_2027,2030,True,emg2qwerty,physionet_grabmyo,177,0.1529818496110631
encoder_seed_2027,2030,True,emg2qwerty,physionet_hyser,176,0.1521175453759723
encoder_seed_2027,2030,True,harmonic,emg2pose,0,0.0
encoder_seed_2027,2030,True,harmonic,emg2qwerty,70,0.054054054054054
encoder_seed_2027,2030,True,harmonic,harmonic,1200,0.9266409266409268
encoder_seed_2027,2030,True,harmonic,ninapro_db10_meganepro,16,0.0123552123552123
encoder_seed_2027,2030,True,harmonic,physionet_grabmyo,9,0.0069498069498069
encoder_seed_2027,2030,True,harmonic,physionet_hyser,0,0.0
encoder_seed_2027,2030,True,ninapro_db10_meganepro,emg2pose,373,0.3032520325203252
encoder_seed_2027,2030,True,ninapro_db10_meganepro,emg2qwerty,336,0.2731707317073171
encoder_seed_2027,2030,True,ninapro_db10_meganepro,harmonic,66,0.0536585365853658
encoder_seed_2027,2030,True,ninapro_db10_meganepro,ninapro_db10_meganepro,193,0.156910569105691
encoder_seed_2027,2030,True,ninapro_db10_meganepro,physionet_grabmyo,126,0.1024390243902439
encoder_seed_2027,2030,True,ninapro_db10_meganepro,physionet_hyser,136,0.1105691056910569
encoder_seed_2027,2030,True,physionet_grabmyo,emg2pose,223,0.1750392464678179
encoder_seed_2027,2030,True,physionet_grabmyo,emg2qwerty,87,0.0682888540031397
encoder_seed_2027,2030,True,physionet_grabmyo,harmonic,209,0.1640502354788069
encoder_seed_2027,2030,True,physionet_grabmyo,ninapro_db10_meganepro,159,0.1248037676609105
encoder_seed_2027,2030,True,physionet_grabmyo,physionet_grabmyo,437,0.3430141287284144
encoder_seed_2027,2030,True,physionet_grabmyo,physionet_hyser,159,0.1248037676609105
encoder_seed_2027,2030,True,physionet_hyser,emg2pose,122,0.1014975041597337
encoder_seed_2027,2030,True,physionet_hyser,emg2qwerty,157,0.1306156405990016
encoder_seed_2027,2030,True,physionet_hyser,harmonic,376,0.3128119800332778
encoder_seed_2027,2030,True,physionet_hyser,ninapro_db10_meganepro,318,0.2645590682196339
encoder_seed_2027,2030,True,physionet_hyser,physionet_grabmyo,63,0.0524126455906822
encoder_seed_2027,2030,True,physionet_hyser,physionet_hyser,166,0.1381031613976705
encoder_seed_2027,2031,True,emg2pose,emg2pose,250,0.1936483346243222
encoder_seed_2027,2031,True,emg2pose,emg2qwerty,262,0.2029434546862897
encoder_seed_2027,2031,True,emg2pose,harmonic,160,0.1239349341595662
encoder_seed_2027,2031,True,emg2pose,ninapro_db10_meganepro,194,0.150271107668474
encoder_seed_2027,2031,True,emg2pose,physionet_grabmyo,208,0.1611154144074361
encoder_seed_2027,2031,True,emg2pose,physionet_hyser,217,0.1680867544539117
encoder_seed_2027,2031,True,emg2qwerty,emg2pose,163,0.1781420765027322
encoder_seed_2027,2031,True,emg2qwerty,emg2qwerty,156,0.1704918032786885
encoder_seed_2027,2031,True,emg2qwerty,harmonic,114,0.1245901639344262
encoder_seed_2027,2031,True,emg2qwerty,ninapro_db10_meganepro,133,0.1453551912568306
encoder_seed_2027,2031,True,emg2qwerty,physionet_grabmyo,199,0.2174863387978142
encoder_seed_2027,2031,True,emg2qwerty,physionet_hyser,150,0.1639344262295081
encoder_seed_2027,2031,True,harmonic,emg2pose,3,0.0023255813953488
encoder_seed_2027,2031,True,harmonic,emg2qwerty,0,0.0
encoder_seed_2027,2031,True,harmonic,harmonic,0,0.0
encoder_seed_2027,2031,True,harmonic,ninapro_db10_meganepro,0,0.0
encoder_seed_2027,2031,True,harmonic,physionet_grabmyo,756,0.586046511627907
encoder_seed_2027,2031,True,harmonic,physionet_hyser,531,0.4116279069767442
encoder_seed_2027,2031,True,ninapro_db10_meganepro,emg2pose,215,0.1740890688259109
encoder_seed_2027,2031,True,ninapro_db10_meganepro,emg2qwerty,33,0.0267206477732793
encoder_seed_2027,2031,True,ninapro_db10_meganepro,harmonic,342,0.2769230769230769
encoder_seed_2027,2031,True,ninapro_db10_meganepro,ninapro_db10_meganepro,308,0.2493927125506073
encoder_seed_2027,2031,True,ninapro_db10_meganepro,physionet_grabmyo,75,0.0607287449392712
encoder_seed_2027,2031,True,ninapro_db10_meganepro,physionet_hyser,262,0.2121457489878542
encoder_seed_2027,2031,True,physionet_grabmyo,emg2pose,231,0.1816037735849056
encoder_seed_2027,2031,True,physionet_grabmyo,emg2qwerty,384,0.3018867924528302
encoder_seed_2027,2031,True,physionet_grabmyo,harmonic,316,0.2484276729559748
encoder_seed_2027,2031,True,physionet_grabmyo,ninapro_db10_meganepro,87,0.0683962264150943
encoder_seed_2027,2031,True,physionet_grabmyo,physionet_grabmyo,133,0.1045597484276729
encoder_seed_2027,2031,True,physionet_grabmyo,physionet_hyser,121,0.095125786163522
encoder_seed_2027,2031,True,physionet_hyser,emg2pose,203,0.1646390916463909
encoder_seed_2027,2031,True,physionet_hyser,emg2qwerty,243,0.1970802919708029
encoder_seed_2027,2031,True,physionet_hyser,harmonic,224,0.1816707218167072
encoder_seed_2027,2031,True,physionet_hyser,ninapro_db10_meganepro,242,0.1962692619626926
encoder_seed_2027,2031,True,physionet_hyser,physionet_grabmyo,113,0.0916463909164639
encoder_seed_2027,2031,True,physionet_hyser,physionet_hyser,208,0.1686942416869424
encoder_seed_2027,2032,True,emg2pose,emg2pose,276,0.2098859315589353
encoder_seed_2027,2032,True,emg2pose,emg2qwerty,254,0.1931558935361216
encoder_seed_2027,2032,True,emg2pose,harmonic,173,0.1315589353612167
encoder_seed_2027,2032,True,emg2pose,ninapro_db10_meganepro,213,0.161977186311787
encoder_seed_2027,2032,True,emg2pose,physionet_grabmyo,213,0.161977186311787
encoder_seed_2027,2032,True,emg2pose,physionet_hyser,186,0.1414448669201521
encoder_seed_2027,2032,True,emg2qwerty,emg2pose,211,0.1877224199288256
encoder_seed_2027,2032,True,emg2qwerty,emg2qwerty,194,0.1725978647686832
encoder_seed_2027,2032,True,emg2qwerty,harmonic,188,0.1672597864768683
encoder_seed_2027,2032,True,emg2qwerty,ninapro_db10_meganepro,208,0.1850533807829181
encoder_seed_2027,2032,True,emg2qwerty,physionet_grabmyo,158,0.1405693950177935
encoder_seed_2027,2032,True,emg2qwerty,physionet_hyser,165,0.146797153024911
encoder_seed_2027,2032,True,harmonic,emg2pose,0,0.0
encoder_seed_2027,2032,True,harmonic,emg2qwerty,42,0.0371352785145888
encoder_seed_2027,2032,True,harmonic,harmonic,962,0.8505747126436781
encoder_seed_2027,2032,True,harmonic,ninapro_db10_meganepro,0,0.0
encoder_seed_2027,2032,True,harmonic,physionet_grabmyo,2,0.0017683465959328
encoder_seed_2027,2032,True,harmonic,physionet_hyser,125,0.1105216622458001
encoder_seed_2027,2032,True,ninapro_db10_meganepro,emg2pose,53,0.0426731078904992
encoder_seed_2027,2032,True,ninapro_db10_meganepro,emg2qwerty,374,0.3011272141706924
encoder_seed_2027,2032,True,ninapro_db10_meganepro,harmonic,221,0.177938808373591
encoder_seed_2027,2032,True,ninapro_db10_meganepro,ninapro_db10_meganepro,259,0.2085346215780998
encoder_seed_2027,2032,True,ninapro_db10_meganepro,physionet_grabmyo,30,0.0241545893719806
encoder_seed_2027,2032,True,ninapro_db10_meganepro,physionet_hyser,305,0.2455716586151368
encoder_seed_2027,2032,True,physionet_grabmyo,emg2pose,284,0.2308943089430894
encoder_seed_2027,2032,True,physionet_grabmyo,emg2qwerty,285,0.2317073170731707
encoder_seed_2027,2032,True,physionet_grabmyo,harmonic,55,0.0447154471544715
encoder_seed_2027,2032,True,physionet_grabmyo,ninapro_db10_meganepro,179,0.1455284552845528
encoder_seed_2027,2032,True,physionet_grabmyo,physionet_grabmyo,260,0.2113821138211382
encoder_seed_2027,2032,True,physionet_grabmyo,physionet_hyser,167,0.1357723577235772
encoder_seed_2027,2032,True,physionet_hyser,emg2pose,231,0.1861402095084609
encoder_seed_2027,2032,True,physionet_hyser,emg2qwerty,98,0.0789685737308622
encoder_seed_2027,2032,True,physionet_hyser,harmonic,92,0.0741337630942788
encoder_seed_2027,2032,True,physionet_hyser,ninapro_db10_meganepro,281,0.2264302981466559
encoder_seed_2027,2032,True,physionet_hyser,physionet_grabmyo,263,0.2119258662369057
encoder_seed_2027,2032,True,physionet_hyser,physionet_hyser,276,0.2224012892828364
encoder_seed_2027,2033,True,emg2pose,emg2pose,234,0.1767371601208459
encoder_seed_2027,2033,True,emg2pose,emg2qwerty,238,0.1797583081570997
encoder_seed_2027,2033,True,emg2pose,harmonic,176,0.1329305135951661
encoder_seed_2027,2033,True,emg2pose,ninapro_db10_meganepro,228,0.1722054380664652
encoder_seed_2027,2033,True,emg2pose,physionet_grabmyo,220,0.1661631419939577
encoder_seed_2027,2033,True,emg2pose,physionet_hyser,228,0.1722054380664652
encoder_seed_2027,2033,True,emg2qwerty,emg2pose,207,0.1841637010676156
encoder_seed_2027,2033,True,emg2qwerty,emg2qwerty,171,0.152135231316726
encoder_seed_2027,2033,True,emg2qwerty,harmonic,140,0.1245551601423487
encoder_seed_2027,2033,True,emg2qwerty,ninapro_db10_meganepro,248,0.2206405693950178
encoder_seed_2027,2033,True,emg2qwerty,physionet_grabmyo,190,0.1690391459074733
encoder_seed_2027,2033,True,emg2qwerty,physionet_hyser,168,0.1494661921708185
encoder_seed_2027,2033,True,harmonic,emg2pose,296,0.2041379310344827
encoder_seed_2027,2033,True,harmonic,emg2qwerty,885,0.6103448275862069
encoder_seed_2027,2033,True,harmonic,harmonic,23,0.0158620689655172
encoder_seed_2027,2033,True,harmonic,ninapro_db10_meganepro,71,0.0489655172413793
encoder_seed_2027,2033,True,harmonic,physionet_grabmyo,159,0.1096551724137931
encoder_seed_2027,2033,True,harmonic,physionet_hyser,16,0.0110344827586206
encoder_seed_2027,2033,True,ninapro_db10_meganepro,emg2pose,207,0.1652035115722266
encoder_seed_2027,2033,True,ninapro_db10_meganepro,emg2qwerty,132,0.1053471667996807
encoder_seed_2027,2033,True,ninapro_db10_meganepro,harmonic,223,0.1779728651237031
encoder_seed_2027,2033,True,ninapro_db10_meganepro,ninapro_db10_meganepro,278,0.2218675179569034
encoder_seed_2027,2033,True,ninapro_db10_meganepro,physionet_grabmyo,261,0.2083000798084597
encoder_seed_2027,2033,True,ninapro_db10_meganepro,physionet_hyser,152,0.1213088587390263
encoder_seed_2027,2033,True,physionet_grabmyo,emg2pose,189,0.1471962616822429
encoder_seed_2027,2033,True,physionet_grabmyo,emg2qwerty,206,0.160436137071651
encoder_seed_2027,2033,True,physionet_grabmyo,harmonic,380,0.2959501557632398
encoder_seed_2027,2033,True,physionet_grabmyo,ninapro_db10_meganepro,179,0.1394080996884735
encoder_seed_2027,2033,True,physionet_grabmyo,physionet_grabmyo,134,0.1043613707165109
encoder_seed_2027,2033,True,physionet_grabmyo,physionet_hyser,196,0.1526479750778816
encoder_seed_2027,2033,True,physionet_hyser,emg2pose,323,0.2525410476935105
encoder_seed_2027,2033,True,physionet_hyser,emg2qwerty,151,0.1180609851446442
encoder_seed_2027,2033,True,physionet_hyser,harmonic,74,0.0578577013291634
encoder_seed_2027,2033,True,physionet_hyser,ninapro_db10_meganepro,136,0.106333072713057
encoder_seed_2027,2033,True,physionet_hyser,physionet_grabmyo,197,0.1540265832681782
encoder_seed_2027,2033,True,physionet_hyser,physionet_hyser,398,0.3111806098514464
encoder_seed_2027,2034,True,emg2pose,emg2pose,232,0.1678726483357453
encoder_seed_2027,2034,True,emg2pose,emg2qwerty,264,0.191027496382055
encoder_seed_2027,2034,True,emg2pose,harmonic,216,0.1562952243125904
encoder_seed_2027,2034,True,emg2pose,ninapro_db10_meganepro,262,0.1895803183791606
encoder_seed_2027,2034,True,emg2pose,physionet_grabmyo,182,0.1316931982633864
encoder_seed_2027,2034,True,emg2pose,physionet_hyser,226,0.1635311143270622
encoder_seed_2027,2034,True,emg2qwerty,emg2pose,138,0.1668681983071342
encoder_seed_2027,2034,True,emg2qwerty,emg2qwerty,218,0.2636033857315598
encoder_seed_2027,2034,True,emg2qwerty,harmonic,101,0.1221281741233373
encoder_seed_2027,2034,True,emg2qwerty,ninapro_db10_meganepro,123,0.1487303506650544
encoder_seed_2027,2034,True,emg2qwerty,physionet_grabmyo,104,0.1257557436517533
encoder_seed_2027,2034,True,emg2qwerty,physionet_hyser,143,0.1729141475211608
encoder_seed_2027,2034,True,harmonic,emg2pose,848,0.668769716088328
encoder_seed_2027,2034,True,harmonic,emg2qwerty,0,0.0
encoder_seed_2027,2034,True,harmonic,harmonic,252,0.1987381703470031
encoder_seed_2027,2034,True,harmonic,ninapro_db10_meganepro,0,0.0
encoder_seed_2027,2034,True,harmonic,physionet_grabmyo,131,0.1033123028391167
encoder_seed_2027,2034,True,harmonic,physionet_hyser,37,0.029179810725552
encoder_seed_2027,2034,True,ninapro_db10_meganepro,emg2pose,157,0.1254996003197442
encoder_seed_2027,2034,True,ninapro_db10_meganepro,emg2qwerty,96,0.0767386091127098
encoder_seed_2027,2034,True,ninapro_db10_meganepro,harmonic,263,0.2102318145483613
encoder_seed_2027,2034,True,ninapro_db10_meganepro,ninapro_db10_meganepro,75,0.0599520383693045
encoder_seed_2027,2034,True,ninapro_db10_meganepro,physionet_grabmyo,356,0.2845723421262989
encoder_seed_2027,2034,True,ninapro_db10_meganepro,physionet_hyser,304,0.2430055955235811
encoder_seed_2027,2034,True,physionet_grabmyo,emg2pose,79,0.0624012638230647
encoder_seed_2027,2034,True,physionet_grabmyo,emg2qwerty,407,0.3214849921011058
encoder_seed_2027,2034,True,physionet_grabmyo,harmonic,282,0.2227488151658767
encoder_seed_2027,2034,True,physionet_grabmyo,ninapro_db10_meganepro,139,0.1097946287519747
encoder_seed_2027,2034,True,physionet_grabmyo,physionet_grabmyo,276,0.2180094786729857
encoder_seed_2027,2034,True,physionet_grabmyo,physionet_hyser,83,0.0655608214849921
encoder_seed_2027,2034,True,physionet_hyser,emg2pose,260,0.209508460918614
encoder_seed_2027,2034,True,physionet_hyser,emg2qwerty,92,0.0741337630942788
encoder_seed_2027,2034,True,physionet_hyser,harmonic,318,0.2562449637389202
encoder_seed_2027,2034,True,physionet_hyser,ninapro_db10_meganepro,246,0.1982272360999194
encoder_seed_2027,2034,True,physionet_hyser,physionet_grabmyo,203,0.1635777598710717
encoder_seed_2027,2034,True,physionet_hyser,physionet_hyser,122,0.0983078162771958
encoder_seed_2027,2035,True,emg2pose,emg2pose,210,0.1535087719298245
encoder_seed_2027,2035,True,emg2pose,emg2qwerty,277,0.202485380116959
encoder_seed_2027,2035,True,emg2pose,harmonic,268,0.195906432748538
encoder_seed_2027,2035,True,emg2pose,ninapro_db10_meganepro,253,0.1849415204678362
encoder_seed_2027,2035,True,emg2pose,physionet_grabmyo,142,0.1038011695906432
encoder_seed_2027,2035,True,emg2pose,physionet_hyser,218,0.1593567251461988
encoder_seed_2027,2035,True,emg2qwerty,emg2pose,77,0.0883027522935779
encoder_seed_2027,2035,True,emg2qwerty,emg2qwerty,131,0.1502293577981651
encoder_seed_2027,2035,True,emg2qwerty,harmonic,149,0.1708715596330275
encoder_seed_2027,2035,True,emg2qwerty,ninapro_db10_meganepro,184,0.2110091743119266
encoder_seed_2027,2035,True,emg2qwerty,physionet_grabmyo,189,0.216743119266055
encoder_seed_2027,2035,True,emg2qwerty,physionet_hyser,142,0.1628440366972477
encoder_seed_2027,2035,True,harmonic,emg2pose,13,0.0088676671214188
encoder_seed_2027,2035,True,harmonic,emg2qwerty,935,0.6377899045020464
encoder_seed_2027,2035,True,harmonic,harmonic,488,0.3328785811732606
encoder_seed_2027,2035,True,harmonic,ninapro_db10_meganepro,0,0.0
encoder_seed_2027,2035,True,harmonic,physionet_grabmyo,0,0.0
encoder_seed_2027,2035,True,harmonic,physionet_hyser,30,0.0204638472032742
encoder_seed_2027,2035,True,ninapro_db10_meganepro,emg2pose,57,0.0458199356913183
encoder_seed_2027,2035,True,ninapro_db10_meganepro,emg2qwerty,498,0.4003215434083601
encoder_seed_2027,2035,True,ninapro_db10_meganepro,harmonic,108,0.0868167202572347
encoder_seed_2027,2035,True,ninapro_db10_meganepro,ninapro_db10_meganepro,333,0.267684887459807
encoder_seed_2027,2035,True,ninapro_db10_meganepro,physionet_grabmyo,155,0.1245980707395498
encoder_seed_2027,2035,True,ninapro_db10_meganepro,physionet_hyser,93,0.0747588424437299
encoder_seed_2027,2035,True,physionet_grabmyo,emg2pose,103,0.0793528505392912
encoder_seed_2027,2035,True,physionet_grabmyo,emg2qwerty,146,0.1124807395993836
encoder_seed_2027,2035,True,physionet_grabmyo,harmonic,98,0.0755007704160246
encoder_seed_2027,2035,True,physionet_grabmyo,ninapro_db10_meganepro,214,0.1648690292758089
encoder_seed_2027,2035,True,physionet_grabmyo,physionet_grabmyo,410,0.3158705701078582
encoder_seed_2027,2035,True,physionet_grabmyo,physionet_hyser,327,0.2519260400616332
encoder_seed_2027,2035,True,physionet_hyser,emg2pose,329,0.254841208365608
encoder_seed_2027,2035,True,physionet_hyser,emg2qwerty,234,0.1812548412083656
encoder_seed_2027,2035,True,physionet_hyser,harmonic,171,0.1324554608830364
encoder_seed_2027,2035,True,physionet_hyser,ninapro_db10_meganepro,170,0.1316808675445391
encoder_seed_2027,2035,True,physionet_hyser,physionet_grabmyo,104,0.080557707203718
encoder_seed_2027,2035,True,physionet_hyser,physionet_hyser,283,0.2192099147947327
encoder_seed_2028,2026,False,emg2pose,emg2pose,982,0.731198808637379
encoder_seed_2028,2026,False,emg2pose,emg2qwerty,339,0.2524199553239017
encoder_seed_2028,2026,False,emg2pose,harmonic,3,0.0022338049143708
encoder_seed_2028,2026,False,emg2pose,ninapro_db10_meganepro,0,0.0
encoder_seed_2028,2026,False,emg2pose,physionet_grabmyo,0,0.0
encoder_seed_2028,2026,False,emg2pose,physionet_hyser,19,0.0141474311243484
encoder_seed_2028,2026,False,emg2qwerty,emg2pose,171,0.1811440677966101
encoder_seed_2028,2026,False,emg2qwerty,emg2qwerty,770,0.815677966101695
encoder_seed_2028,2026,False,emg2qwerty,harmonic,0,0.0
encoder_seed_2028,2026,False,emg2qwerty,ninapro_db10_meganepro,1,0.0010593220338983
encoder_seed_2028,2026,False,emg2qwerty,physionet_grabmyo,0,0.0
encoder_seed_2028,2026,False,emg2qwerty,physionet_hyser,2,0.0021186440677966
encoder_seed_2028,2026,False,harmonic,emg2pose,0,0.0
encoder_seed_2028,2026,False,harmonic,emg2qwerty,0,0.0
encoder_seed_2028,2026,False,harmonic,harmonic,969,1.0
encoder_seed_2028,2026,False,harmonic,ninapro_db10_meganepro,0,0.0
encoder_seed_2028,2026,False,harmonic,physionet_grabmyo,0,0.0
encoder_seed_2028,2026,False,harmonic,physionet_hyser,0,0.0
encoder_seed_2028,2026,False,ninapro_db10_meganepro,emg2pose,0,0.0
encoder_seed_2028,2026,False,ninapro_db10_meganepro,emg2qwerty,0,0.0
encoder_seed_2028,2026,False,ninapro_db10_meganepro,harmonic,2,0.0015936254980079
encoder_seed_2028,2026,False,ninapro_db10_meganepro,ninapro_db10_meganepro,1252,0.997609561752988
encoder_seed_2028,2026,False,ninapro_db10_meganepro,physionet_grabmyo,1,0.0007968127490039
encoder_seed_2028,2026,False,ninapro_db10_meganepro,physionet_hyser,0,0.0
encoder_seed_2028,2026,False,physionet_grabmyo,emg2pose,0,0.0
encoder_seed_2028,2026,False,physionet_grabmyo,emg2qwerty,0,0.0
encoder_seed_2028,2026,False,physionet_grabmyo,harmonic,0,0.0
encoder_seed_2028,2026,False,physionet_grabmyo,ninapro_db10_meganepro,0,0.0
encoder_seed_2028,2026,False,physionet_grabmyo,physionet_grabmyo,1255,1.0
encoder_seed_2028,2026,False,physionet_grabmyo,physionet_hyser,0,0.0
encoder_seed_2028,2026,False,physionet_hyser,emg2pose,0,0.0
encoder_seed_2028,2026,False,physionet_hyser,emg2qwerty,0,0.0
encoder_seed_2028,2026,False,physionet_hyser,harmonic,0,0.0
encoder_seed_2028,2026,False,physionet_hyser,ninapro_db10_meganepro,0,0.0
encoder_seed_2028,2026,False,physionet_hyser,physionet_grabmyo,0,0.0
encoder_seed_2028,2026,False,physionet_hyser,physionet_hyser,1255,1.0
encoder_seed_2028,2027,False,emg2pose,emg2pose,1039,0.7650957290132547
encoder_seed_2028,2027,False,emg2pose,emg2qwerty,315,0.2319587628865979
encoder_seed_2028,2027,False,emg2pose,harmonic,1,0.0007363770250368
encoder_seed_2028,2027,False,emg2pose,ninapro_db10_meganepro,0,0.0
encoder_seed_2028,2027,False,emg2pose,physionet_grabmyo,0,0.0
encoder_seed_2028,2027,False,emg2pose,physionet_hyser,3,0.0022091310751104
encoder_seed_2028,2027,False,emg2qwerty,emg2pose,272,0.3015521064301552
encoder_seed_2028,2027,False,emg2qwerty,emg2qwerty,627,0.6951219512195121
encoder_seed_2028,2027,False,emg2qwerty,harmonic,0,0.0
encoder_seed_2028,2027,False,emg2qwerty,ninapro_db10_meganepro,2,0.0022172949002217
encoder_seed_2028,2027,False,emg2qwerty,physionet_grabmyo,0,0.0
encoder_seed_2028,2027,False,emg2qwerty,physionet_hyser,1,0.0011086474501108
encoder_seed_2028,2027,False,harmonic,emg2pose,0,0.0
encoder_seed_2028,2027,False,harmonic,emg2qwerty,0,0.0
encoder_seed_2028,2027,False,harmonic,harmonic,1486,1.0
encoder_seed_2028,2027,False,harmonic,ninapro_db10_meganepro,0,0.0
encoder_seed_2028,2027,False,harmonic,physionet_grabmyo,0,0.0
encoder_seed_2028,2027,False,harmonic,physionet_hyser,0,0.0
encoder_seed_2028,2027,False,ninapro_db10_meganepro,emg2pose,0,0.0
encoder_seed_2028,2027,False,ninapro_db10_meganepro,emg2qwerty,0,0.0
encoder_seed_2028,2027,False,ninapro_db10_meganepro,harmonic,0,0.0
encoder_seed_2028,2027,False,ninapro_db10_meganepro,ninapro_db10_meganepro,1251,0.9992012779552716
encoder_seed_2028,2027,False,ninapro_db10_meganepro,physionet_grabmyo,1,0.0007987220447284
encoder_seed_2028,2027,False,ninapro_db10_meganepro,physionet_hyser,0,0.0
encoder_seed_2028,2027,False,physionet_grabmyo,emg2pose,0,0.0
encoder_seed_2028,2027,False,physionet_grabmyo,emg2qwerty,0,0.0
encoder_seed_2028,2027,False,physionet_grabmyo,harmonic,0,0.0
encoder_seed_2028,2027,False,physionet_grabmyo,ninapro_db10_meganepro,0,0.0
encoder_seed_2028,2027,False,physionet_grabmyo,physionet_grabmyo,1259,1.0
encoder_seed_2028,2027,False,physionet_grabmyo,physionet_hyser,0,0.0
encoder_seed_2028,2027,False,physionet_hyser,emg2pose,0,0.0
encoder_seed_2028,2027,False,physionet_hyser,emg2qwerty,0,0.0
encoder_seed_2028,2027,False,physionet_hyser,harmonic,0,0.0
encoder_seed_2028,2027,False,physionet_hyser,ninapro_db10_meganepro,0,0.0
encoder_seed_2028,2027,False,physionet_hyser,physionet_grabmyo,0,0.0
encoder_seed_2028,2027,False,physionet_hyser,physionet_hyser,1254,1.0
encoder_seed_2028,2028,False,emg2pose,emg2pose,1010,0.7464892830746489
encoder_seed_2028,2028,False,emg2pose,emg2qwerty,340,0.2512934220251293
encoder_seed_2028,2028,False,emg2pose,harmonic,0,0.0
encoder_seed_2028,2028,False,emg2pose,ninapro_db10_meganepro,1,0.0007390983000739
encoder_seed_2028,2028,False,emg2pose,physionet_grabmyo,0,0.0
encoder_seed_2028,2028,False,emg2pose,physionet_hyser,2,0.0014781966001478
encoder_seed_2028,2028,False,emg2qwerty,emg2pose,156,0.1731409544950055
encoder_seed_2028,2028,False,emg2qwerty,emg2qwerty,741,0.8224195338512763
encoder_seed_2028,2028,False,emg2qwerty,harmonic,0,0.0
encoder_seed_2028,2028,False,emg2qwerty,ninapro_db10_meganepro,2,0.002219755826859
encoder_seed_2028,2028,False,emg2qwerty,physionet_grabmyo,2,0.002219755826859
encoder_seed_2028,2028,False,emg2qwerty,physionet_hyser,0,0.0
encoder_seed_2028,2028,False,harmonic,emg2pose,0,0.0
encoder_seed_2028,2028,False,harmonic,emg2qwerty,0,0.0
encoder_seed_2028,2028,False,harmonic,harmonic,1486,1.0
encoder_seed_2028,2028,False,harmonic,ninapro_db10_meganepro,0,0.0
encoder_seed_2028,2028,False,harmonic,physionet_grabmyo,0,0.0
encoder_seed_2028,2028,False,harmonic,physionet_hyser,0,0.0
encoder_seed_2028,2028,False,ninapro_db10_meganepro,emg2pose,0,0.0
encoder_seed_2028,2028,False,ninapro_db10_meganepro,emg2qwerty,0,0.0
encoder_seed_2028,2028,False,ninapro_db10_meganepro,harmonic,0,0.0
encoder_seed_2028,2028,False,ninapro_db10_meganepro,ninapro_db10_meganepro,1265,1.0
encoder_seed_2028,2028,False,ninapro_db10_meganepro,physionet_grabmyo,0,0.0
encoder_seed_2028,2028,False,ninapro_db10_meganepro,physionet_hyser,0,0.0
encoder_seed_2028,2028,False,physionet_grabmyo,emg2pose,0,0.0
encoder_seed_2028,2028,False,physionet_grabmyo,emg2qwerty,0,0.0
encoder_seed_2028,2028,False,physionet_grabmyo,harmonic,0,0.0
encoder_seed_2028,2028,False,physionet_grabmyo,ninapro_db10_meganepro,1,0.0007745933384972
encoder_seed_2028,2028,False,physionet_grabmyo,physionet_grabmyo,1290,0.9992254066615028
encoder_seed_2028,2028,False,physionet_grabmyo,physionet_hyser,0,0.0
encoder_seed_2028,2028,False,physionet_hyser,emg2pose,0,0.0
encoder_seed_2028,2028,False,physionet_hyser,emg2qwerty,0,0.0
encoder_seed_2028,2028,False,physionet_hyser,harmonic,0,0.0
encoder_seed_2028,2028,False,physionet_hyser,ninapro_db10_meganepro,0,0.0
encoder_seed_2028,2028,False,physionet_hyser,physionet_grabmyo,0,0.0
encoder_seed_2028,2028,False,physionet_hyser,physionet_hyser,1224,1.0
encoder_seed_2028,2029,False,emg2pose,emg2pose,1139,0.8570353649360422
encoder_seed_2028,2029,False,emg2pose,emg2qwerty,189,0.1422121896162528
encoder_seed_2028,2029,False,emg2pose,harmonic,1,0.000752445447705
encoder_seed_2028,2029,False,emg2pose,ninapro_db10_meganepro,0,0.0
encoder_seed_2028,2029,False,emg2pose,physionet_grabmyo,0,0.0
encoder_seed_2028,2029,False,emg2pose,physionet_hyser,0,0.0
encoder_seed_2028,2029,False,emg2qwerty,emg2pose,130,0.1441241685144124
encoder_seed_2028,2029,False,emg2qwerty,emg2qwerty,769,0.852549889135255
encoder_seed_2028,2029,False,emg2qwerty,harmonic,1,0.0011086474501108
encoder_seed_2028,2029,False,emg2qwerty,ninapro_db10_meganepro,1,0.0011086474501108
encoder_seed_2028,2029,False,emg2qwerty,physionet_grabmyo,0,0.0
encoder_seed_2028,2029,False,emg2qwerty,physionet_hyser,1,0.0011086474501108
encoder_seed_2028,2029,False,harmonic,emg2pose,0,0.0
encoder_seed_2028,2029,False,harmonic,emg2qwerty,0,0.0
encoder_seed_2028,2029,False,harmonic,harmonic,1075,1.0
encoder_seed_2028,2029,False,harmonic,ninapro_db10_meganepro,0,0.0
encoder_seed_2028,2029,False,harmonic,physionet_grabmyo,0,0.0
encoder_seed_2028,2029,False,harmonic,physionet_hyser,0,0.0
encoder_seed_2028,2029,False,ninapro_db10_meganepro,emg2pose,0,0.0
encoder_seed_2028,2029,False,ninapro_db10_meganepro,emg2qwerty,0,0.0
encoder_seed_2028,2029,False,ninapro_db10_meganepro,harmonic,0,0.0
encoder_seed_2028,2029,False,ninapro_db10_meganepro,ninapro_db10_meganepro,1271,0.9992138364779874
encoder_seed_2028,2029,False,ninapro_db10_meganepro,physionet_grabmyo,1,0.0007861635220125
encoder_seed_2028,2029,False,ninapro_db10_meganepro,physionet_hyser,0,0.0
encoder_seed_2028,2029,False,physionet_grabmyo,emg2pose,0,0.0
encoder_seed_2028,2029,False,physionet_grabmyo,emg2qwerty,0,0.0
encoder_seed_2028,2029,False,physionet_grabmyo,harmonic,0,0.0
encoder_seed_2028,2029,False,physionet_grabmyo,ninapro_db10_meganepro,0,0.0
encoder_seed_2028,2029,False,physionet_grabmyo,physionet_grabmyo,1280,1.0
encoder_seed_2028,2029,False,physionet_grabmyo,physionet_hyser,0,0.0
encoder_seed_2028,2029,False,physionet_hyser,emg2pose,0,0.0
encoder_seed_2028,2029,False,physionet_hyser,emg2qwerty,0,0.0
encoder_seed_2028,2029,False,physionet_hyser,harmonic,0,0.0
encoder_seed_2028,2029,False,physionet_hyser,ninapro_db10_meganepro,0,0.0
encoder_seed_2028,2029,False,physionet_hyser,physionet_grabmyo,0,0.0
encoder_seed_2028,2029,False,physionet_hyser,physionet_hyser,1253,1.0
encoder_seed_2028,2030,False,emg2pose,emg2pose,885,0.6968503937007874
encoder_seed_2028,2030,False,emg2pose,emg2qwerty,382,0.3007874015748031
encoder_seed_2028,2030,False,emg2pose,harmonic,1,0.0007874015748031
encoder_seed_2028,2030,False,emg2pose,ninapro_db10_meganepro,0,0.0
encoder_seed_2028,2030,False,emg2pose,physionet_grabmyo,0,0.0
encoder_seed_2028,2030,False,emg2pose,physionet_hyser,2,0.0015748031496062
encoder_seed_2028,2030,False,emg2qwerty,emg2pose,132,0.1140881590319792
encoder_seed_2028,2030,False,emg2qwerty,emg2qwerty,1020,0.881590319792567
encoder_seed_2028,2030,False,emg2qwerty,harmonic,0,0.0
encoder_seed_2028,2030,False,emg2qwerty,ninapro_db10_meganepro,0,0.0
encoder_seed_2028,2030,False,emg2qwerty,physionet_grabmyo,0,0.0
encoder_seed_2028,2030,False,emg2qwerty,physionet_hyser,5,0.0043215211754537
encoder_seed_2028,2030,False,harmonic,emg2pose,0,0.0
encoder_seed_2028,2030,False,harmonic,emg2qwerty,0,0.0
encoder_seed_2028,2030,False,harmonic,harmonic,1295,1.0
encoder_seed_2028,2030,False,harmonic,ninapro_db10_meganepro,0,0.0
encoder_seed_2028,2030,False,harmonic,physionet_grabmyo,0,0.0
encoder_seed_2028,2030,False,harmonic,physionet_hyser,0,0.0
encoder_seed_2028,2030,False,ninapro_db10_meganepro,emg2pose,0,0.0
encoder_seed_2028,2030,False,ninapro_db10_meganepro,emg2qwerty,0,0.0
encoder_seed_2028,2030,False,ninapro_db10_meganepro,harmonic,0,0.0
encoder_seed_2028,2030,False,ninapro_db10_meganepro,ninapro_db10_meganepro,1230,1.0
encoder_seed_2028,2030,False,ninapro_db10_meganepro,physionet_grabmyo,0,0.0
encoder_seed_2028,2030,False,ninapro_db10_meganepro,physionet_hyser,0,0.0
encoder_seed_2028,2030,False,physionet_grabmyo,emg2pose,0,0.0
encoder_seed_2028,2030,False,physionet_grabmyo,emg2qwerty,0,0.0
encoder_seed_2028,2030,False,physionet_grabmyo,harmonic,0,0.0
encoder_seed_2028,2030,False,physionet_grabmyo,ninapro_db10_meganepro,0,0.0
encoder_seed_2028,2030,False,physionet_grabmyo,physionet_grabmyo,1274,1.0
encoder_seed_2028,2030,False,physionet_grabmyo,physionet_hyser,0,0.0
encoder_seed_2028,2030,False,physionet_hyser,emg2pose,0,0.0
encoder_seed_2028,2030,False,physionet_hyser,emg2qwerty,0,0.0
encoder_seed_2028,2030,False,physionet_hyser,harmonic,0,0.0
encoder_seed_2028,2030,False,physionet_hyser,ninapro_db10_meganepro,0,0.0
encoder_seed_2028,2030,False,physionet_hyser,physionet_grabmyo,0,0.0
encoder_seed_2028,2030,False,physionet_hyser,physionet_hyser,1202,1.0
encoder_seed_2028,2031,False,emg2pose,emg2pose,916,0.7095274980635167
encoder_seed_2028,2031,False,emg2pose,emg2qwerty,356,0.2757552285050348
encoder_seed_2028,2031,False,emg2pose,harmonic,2,0.0015491866769945
encoder_seed_2028,2031,False,emg2pose,ninapro_db10_meganepro,0,0.0
encoder_seed_2028,2031,False,emg2pose,physionet_grabmyo,0,0.0
encoder_seed_2028,2031,False,emg2pose,physionet_hyser,17,0.0131680867544539
encoder_seed_2028,2031,False,emg2qwerty,emg2pose,209,0.2284153005464481
encoder_seed_2028,2031,False,emg2qwerty,emg2qwerty,703,0.7683060109289618
encoder_seed_2028,2031,False,emg2qwerty,harmonic,0,0.0
encoder_seed_2028,2031,False,emg2qwerty,ninapro_db10_meganepro,0,0.0
encoder_seed_2028,2031,False,emg2qwerty,physionet_grabmyo,0,0.0
encoder_seed_2028,2031,False,emg2qwerty,physionet_hyser,3,0.0032786885245901
encoder_seed_2028,2031,False,harmonic,emg2pose,0,0.0
encoder_seed_2028,2031,False,harmonic,emg2qwerty,0,0.0
encoder_seed_2028,2031,False,harmonic,harmonic,1290,1.0
encoder_seed_2028,2031,False,harmonic,ninapro_db10_meganepro,0,0.0
encoder_seed_2028,2031,False,harmonic,physionet_grabmyo,0,0.0
encoder_seed_2028,2031,False,harmonic,physionet_hyser,0,0.0
encoder_seed_2028,2031,False,ninapro_db10_meganepro,emg2pose,0,0.0
encoder_seed_2028,2031,False,ninapro_db10_meganepro,emg2qwerty,0,0.0
encoder_seed_2028,2031,False,ninapro_db10_meganepro,harmonic,0,0.0
encoder_seed_2028,2031,False,ninapro_db10_meganepro,ninapro_db10_meganepro,1235,1.0
encoder_seed_2028,2031,False,ninapro_db10_meganepro,physionet_grabmyo,0,0.0
encoder_seed_2028,2031,False,ninapro_db10_meganepro,physionet_hyser,0,0.0
encoder_seed_2028,2031,False,physionet_grabmyo,emg2pose,0,0.0
encoder_seed_2028,2031,False,physionet_grabmyo,emg2qwerty,0,0.0
encoder_seed_2028,2031,False,physionet_grabmyo,harmonic,0,0.0
encoder_seed_2028,2031,False,physionet_grabmyo,ninapro_db10_meganepro,0,0.0
encoder_seed_2028,2031,False,physionet_grabmyo,physionet_grabmyo,1272,1.0
encoder_seed_2028,2031,False,physionet_grabmyo,physionet_hyser,0,0.0
encoder_seed_2028,2031,False,physionet_hyser,emg2pose,0,0.0
encoder_seed_2028,2031,False,physionet_hyser,emg2qwerty,0,0.0
encoder_seed_2028,2031,False,physionet_hyser,harmonic,0,0.0
encoder_seed_2028,2031,False,physionet_hyser,ninapro_db10_meganepro,0,0.0
encoder_seed_2028,2031,False,physionet_hyser,physionet_grabmyo,0,0.0
encoder_seed_2028,2031,False,physionet_hyser,physionet_hyser,1233,1.0
encoder_seed_2028,2032,False,emg2pose,emg2pose,1137,0.864638783269962
encoder_seed_2028,2032,False,emg2pose,emg2qwerty,172,0.1307984790874524
encoder_seed_2028,2032,False,emg2pose,harmonic,4,0.003041825095057
encoder_seed_2028,2032,False,emg2pose,ninapro_db10_meganepro,0,0.0
encoder_seed_2028,2032,False,emg2pose,physionet_grabmyo,0,0.0
encoder_seed_2028,2032,False,emg2pose,physionet_hyser,2,0.0015209125475285
encoder_seed_2028,2032,False,emg2qwerty,emg2pose,393,0.349644128113879
encoder_seed_2028,2032,False,emg2qwerty,emg2qwerty,717,0.6379003558718861
encoder_seed_2028,2032,False,emg2qwerty,harmonic,0,0.0
encoder_seed_2028,2032,False,emg2qwerty,ninapro_db10_meganepro,0,0.0
encoder_seed_2028,2032,False,emg2qwerty,physionet_grabmyo,0,0.0
encoder_seed_2028,2032,False,emg2qwerty,physionet_hyser,14,0.0124555160142348
encoder_seed_2028,2032,False,harmonic,emg2pose,0,0.0
encoder_seed_2028,2032,False,harmonic,emg2qwerty,0,0.0
encoder_seed_2028,2032,False,harmonic,harmonic,1131,1.0
encoder_seed_2028,2032,False,harmonic,ninapro_db10_meganepro,0,0.0
encoder_seed_2028,2032,False,harmonic,physionet_grabmyo,0,0.0
encoder_seed_2028,2032,False,harmonic,physionet_hyser,0,0.0
encoder_seed_2028,2032,False,ninapro_db10_meganepro,emg2pose,0,0.0
encoder_seed_2028,2032,False,ninapro_db10_meganepro,emg2qwerty,0,0.0
encoder_seed_2028,2032,False,ninapro_db10_meganepro,harmonic,0,0.0
encoder_seed_2028,2032,False,ninapro_db10_meganepro,ninapro_db10_meganepro,1242,1.0
encoder_seed_2028,2032,False,ninapro_db10_meganepro,physionet_grabmyo,0,0.0
encoder_seed_2028,2032,False,ninapro_db10_meganepro,physionet_hyser,0,0.0
encoder_seed_2028,2032,False,physionet_grabmyo,emg2pose,0,0.0
encoder_seed_2028,2032,False,physionet_grabmyo,emg2qwerty,0,0.0
encoder_seed_2028,2032,False,physionet_grabmyo,harmonic,0,0.0
encoder_seed_2028,2032,False,physionet_grabmyo,ninapro_db10_meganepro,0,0.0
encoder_seed_2028,2032,False,physionet_grabmyo,physionet_grabmyo,1230,1.0
encoder_seed_2028,2032,False,physionet_grabmyo,physionet_hyser,0,0.0
encoder_seed_2028,2032,False,physionet_hyser,emg2pose,0,0.0
encoder_seed_2028,2032,False,physionet_hyser,emg2qwerty,0,0.0
encoder_seed_2028,2032,False,physionet_hyser,harmonic,0,0.0
encoder_seed_2028,2032,False,physionet_hyser,ninapro_db10_meganepro,0,0.0
encoder_seed_2028,2032,False,physionet_hyser,physionet_grabmyo,0,0.0
encoder_seed_2028,2032,False,physionet_hyser,physionet_hyser,1241,1.0
encoder_seed_2028,2033,False,emg2pose,emg2pose,1021,0.7711480362537765
encoder_seed_2028,2033,False,emg2pose,emg2qwerty,297,0.2243202416918429
encoder_seed_2028,2033,False,emg2pose,harmonic,1,0.0007552870090634
encoder_seed_2028,2033,False,emg2pose,ninapro_db10_meganepro,0,0.0
encoder_seed_2028,2033,False,emg2pose,physionet_grabmyo,0,0.0
encoder_seed_2028,2033,False,emg2pose,physionet_hyser,5,0.0037764350453172
encoder_seed_2028,2033,False,emg2qwerty,emg2pose,514,0.4572953736654804
encoder_seed_2028,2033,False,emg2qwerty,emg2qwerty,596,0.5302491103202847
encoder_seed_2028,2033,False,emg2qwerty,harmonic,0,0.0
encoder_seed_2028,2033,False,emg2qwerty,ninapro_db10_meganepro,0,0.0
encoder_seed_2028,2033,False,emg2qwerty,physionet_grabmyo,0,0.0
encoder_seed_2028,2033,False,emg2qwerty,physionet_hyser,14,0.0124555160142348
encoder_seed_2028,2033,False,harmonic,emg2pose,0,0.0
encoder_seed_2028,2033,False,harmonic,emg2qwerty,0,0.0
encoder_seed_2028,2033,False,harmonic,harmonic,1450,1.0
encoder_seed_2028,2033,False,harmonic,ninapro_db10_meganepro,0,0.0
encoder_seed_2028,2033,False,harmonic,physionet_grabmyo,0,0.0
encoder_seed_2028,2033,False,harmonic,physionet_hyser,0,0.0
encoder_seed_2028,2033,False,ninapro_db10_meganepro,emg2pose,0,0.0
encoder_seed_2028,2033,False,ninapro_db10_meganepro,emg2qwerty,0,0.0
encoder_seed_2028,2033,False,ninapro_db10_meganepro,harmonic,0,0.0
encoder_seed_2028,2033,False,ninapro_db10_meganepro,ninapro_db10_meganepro,1253,1.0
encoder_seed_2028,2033,False,ninapro_db10_meganepro,physionet_grabmyo,0,0.0
encoder_seed_2028,2033,False,ninapro_db10_meganepro,physionet_hyser,0,0.0
encoder_seed_2028,2033,False,physionet_grabmyo,emg2pose,0,0.0
encoder_seed_2028,2033,False,physionet_grabmyo,emg2qwerty,0,0.0
encoder_seed_2028,2033,False,physionet_grabmyo,harmonic,0,0.0
encoder_seed_2028,2033,False,physionet_grabmyo,ninapro_db10_meganepro,0,0.0
encoder_seed_2028,2033,False,physionet_grabmyo,physionet_grabmyo,1284,1.0
encoder_seed_2028,2033,False,physionet_grabmyo,physionet_hyser,0,0.0
encoder_seed_2028,2033,False,physionet_hyser,emg2pose,0,0.0
encoder_seed_2028,2033,False,physionet_hyser,emg2qwerty,0,0.0
encoder_seed_2028,2033,False,physionet_hyser,harmonic,0,0.0
encoder_seed_2028,2033,False,physionet_hyser,ninapro_db10_meganepro,0,0.0
encoder_seed_2028,2033,False,physionet_hyser,physionet_grabmyo,0,0.0
encoder_seed_2028,2033,False,physionet_hyser,physionet_hyser,1279,1.0
encoder_seed_2028,2034,False,emg2pose,emg2pose,1169,0.8458755426917511
encoder_seed_2028,2034,False,emg2pose,emg2qwerty,211,0.1526772793053545
encoder_seed_2028,2034,False,emg2pose,harmonic,0,0.0
encoder_seed_2028,2034,False,emg2pose,ninapro_db10_meganepro,0,0.0
encoder_seed_2028,2034,False,emg2pose,physionet_grabmyo,0,0.0
encoder_seed_2028,2034,False,emg2pose,physionet_hyser,2,0.0014471780028943
encoder_seed_2028,2034,False,emg2qwerty,emg2pose,158,0.1910519951632406
encoder_seed_2028,2034,False,emg2qwerty,emg2qwerty,666,0.8053204353083434
encoder_seed_2028,2034,False,emg2qwerty,harmonic,0,0.0
encoder_seed_2028,2034,False,emg2qwerty,ninapro_db10_meganepro,1,0.0012091898428053
encoder_seed_2028,2034,False,emg2qwerty,physionet_grabmyo,0,0.0
encoder_seed_2028,2034,False,emg2qwerty,physionet_hyser,2,0.0024183796856106
encoder_seed_2028,2034,False,harmonic,emg2pose,0,0.0
encoder_seed_2028,2034,False,harmonic,emg2qwerty,0,0.0
encoder_seed_2028,2034,False,harmonic,harmonic,1268,1.0
encoder_seed_2028,2034,False,harmonic,ninapro_db10_meganepro,0,0.0
encoder_seed_2028,2034,False,harmonic,physionet_grabmyo,0,0.0
encoder_seed_2028,2034,False,harmonic,physionet_hyser,0,0.0
encoder_seed_2028,2034,False,ninapro_db10_meganepro,emg2pose,0,0.0
encoder_seed_2028,2034,False,ninapro_db10_meganepro,emg2qwerty,0,0.0
encoder_seed_2028,2034,False,ninapro_db10_meganepro,harmonic,0,0.0
encoder_seed_2028,2034,False,ninapro_db10_meganepro,ninapro_db10_meganepro,1250,0.9992006394884092
encoder_seed_2028,2034,False,ninapro_db10_meganepro,physionet_grabmyo,1,0.0007993605115907
encoder_seed_2028,2034,False,ninapro_db10_meganepro,physionet_hyser,0,0.0
encoder_seed_2028,2034,False,physionet_grabmyo,emg2pose,0,0.0
encoder_seed_2028,2034,False,physionet_grabmyo,emg2qwerty,0,0.0
encoder_seed_2028,2034,False,physionet_grabmyo,harmonic,2,0.0015797788309636
encoder_seed_2028,2034,False,physionet_grabmyo,ninapro_db10_meganepro,0,0.0
encoder_seed_2028,2034,False,physionet_grabmyo,physionet_grabmyo,1264,0.9984202211690364
encoder_seed_2028,2034,False,physionet_grabmyo,physionet_hyser,0,0.0
encoder_seed_2028,2034,False,physionet_hyser,emg2pose,0,0.0
encoder_seed_2028,2034,False,physionet_hyser,emg2qwerty,0,0.0
encoder_seed_2028,2034,False,physionet_hyser,harmonic,0,0.0
encoder_seed_2028,2034,False,physionet_hyser,ninapro_db10_meganepro,0,0.0
encoder_seed_2028,2034,False,physionet_hyser,physionet_grabmyo,0,0.0
encoder_seed_2028,2034,False,physionet_hyser,physionet_hyser,1241,1.0
encoder_seed_2028,2035,False,emg2pose,emg2pose,1079,0.7887426900584795
encoder_seed_2028,2035,False,emg2pose,emg2qwerty,288,0.2105263157894736
encoder_seed_2028,2035,False,emg2pose,harmonic,0,0.0
encoder_seed_2028,2035,False,emg2pose,ninapro_db10_meganepro,1,0.0007309941520467
encoder_seed_2028,2035,False,emg2pose,physionet_grabmyo,0,0.0
encoder_seed_2028,2035,False,emg2pose,physionet_hyser,0,0.0
encoder_seed_2028,2035,False,emg2qwerty,emg2pose,181,0.2075688073394495
encoder_seed_2028,2035,False,emg2qwerty,emg2qwerty,688,0.7889908256880734
encoder_seed_2028,2035,False,emg2qwerty,harmonic,0,0.0
encoder_seed_2028,2035,False,emg2qwerty,ninapro_db10_meganepro,0,0.0
encoder_seed_2028,2035,False,emg2qwerty,physionet_grabmyo,2,0.0022935779816513
encoder_seed_2028,2035,False,emg2qwerty,physionet_hyser,1,0.0011467889908256
encoder_seed_2028,2035,False,harmonic,emg2pose,0,0.0
encoder_seed_2028,2035,False,harmonic,emg2qwerty,0,0.0
encoder_seed_2028,2035,False,harmonic,harmonic,1466,1.0
encoder_seed_2028,2035,False,harmonic,ninapro_db10_meganepro,0,0.0
encoder_seed_2028,2035,False,harmonic,physionet_grabmyo,0,0.0
encoder_seed_2028,2035,False,harmonic,physionet_hyser,0,0.0
encoder_seed_2028,2035,False,ninapro_db10_meganepro,emg2pose,0,0.0
encoder_seed_2028,2035,False,ninapro_db10_meganepro,emg2qwerty,0,0.0
encoder_seed_2028,2035,False,ninapro_db10_meganepro,harmonic,2,0.0016077170418006
encoder_seed_2028,2035,False,ninapro_db10_meganepro,ninapro_db10_meganepro,1241,0.997588424437299
encoder_seed_2028,2035,False,ninapro_db10_meganepro,physionet_grabmyo,1,0.0008038585209003
encoder_seed_2028,2035,False,ninapro_db10_meganepro,physionet_hyser,0,0.0
encoder_seed_2028,2035,False,physionet_grabmyo,emg2pose,0,0.0
encoder_seed_2028,2035,False,physionet_grabmyo,emg2qwerty,0,0.0
encoder_seed_2028,2035,False,physionet_grabmyo,harmonic,1,0.0007704160246533
encoder_seed_2028,2035,False,physionet_grabmyo,ninapro_db10_meganepro,1,0.0007704160246533
encoder_seed_2028,2035,False,physionet_grabmyo,physionet_grabmyo,1296,0.9984591679506932
encoder_seed_2028,2035,False,physionet_grabmyo,physionet_hyser,0,0.0
encoder_seed_2028,2035,False,physionet_hyser,emg2pose,0,0.0
encoder_seed_2028,2035,False,physionet_hyser,emg2qwerty,0,0.0
encoder_seed_2028,2035,False,physionet_hyser,harmonic,0,0.0
encoder_seed_2028,2035,False,physionet_hyser,ninapro_db10_meganepro,0,0.0
encoder_seed_2028,2035,False,physionet_hyser,physionet_grabmyo,0,0.0
encoder_seed_2028,2035,False,physionet_hyser,physionet_hyser,1291,1.0
encoder_seed_2028,2026,True,emg2pose,emg2pose,217,0.161578555472822
encoder_seed_2028,2026,True,emg2pose,emg2qwerty,219,0.1630677587490692
encoder_seed_2028,2026,True,emg2pose,harmonic,235,0.1749813849590469
encoder_seed_2028,2026,True,emg2pose,ninapro_db10_meganepro,177,0.1317944899478778
encoder_seed_2028,2026,True,emg2pose,physionet_grabmyo,216,0.1608339538346984
encoder_seed_2028,2026,True,emg2pose,physionet_hyser,279,0.2077438570364854
encoder_seed_2028,2026,True,emg2qwerty,emg2pose,186,0.1970338983050847
encoder_seed_2028,2026,True,emg2qwerty,emg2qwerty,174,0.1843220338983051
encoder_seed_2028,2026,True,emg2qwerty,harmonic,172,0.1822033898305084
encoder_seed_2028,2026,True,emg2qwerty,ninapro_db10_meganepro,133,0.1408898305084746
encoder_seed_2028,2026,True,emg2qwerty,physionet_grabmyo,138,0.1461864406779661
encoder_seed_2028,2026,True,emg2qwerty,physionet_hyser,141,0.149364406779661
encoder_seed_2028,2026,True,harmonic,emg2pose,2,0.002063983488132
encoder_seed_2028,2026,True,harmonic,emg2qwerty,0,0.0
encoder_seed_2028,2026,True,harmonic,harmonic,170,0.175438596491228
encoder_seed_2028,2026,True,harmonic,ninapro_db10_meganepro,705,0.7275541795665634
encoder_seed_2028,2026,True,harmonic,physionet_grabmyo,5,0.0051599587203302
encoder_seed_2028,2026,True,harmonic,physionet_hyser,87,0.0897832817337461
encoder_seed_2028,2026,True,ninapro_db10_meganepro,emg2pose,118,0.0940239043824701
encoder_seed_2028,2026,True,ninapro_db10_meganepro,emg2qwerty,374,0.29800796812749
encoder_seed_2028,2026,True,ninapro_db10_meganepro,harmonic,105,0.0836653386454183
encoder_seed_2028,2026,True,ninapro_db10_meganepro,ninapro_db10_meganepro,108,0.0860557768924302
encoder_seed_2028,2026,True,ninapro_db10_meganepro,physionet_grabmyo,372,0.2964143426294821
encoder_seed_2028,2026,True,ninapro_db10_meganepro,physionet_hyser,178,0.1418326693227091
encoder_seed_2028,2026,True,physionet_grabmyo,emg2pose,300,0.2390438247011952
encoder_seed_2028,2026,True,physionet_grabmyo,emg2qwerty,279,0.2223107569721115
encoder_seed_2028,2026,True,physionet_grabmyo,harmonic,81,0.0645418326693227
encoder_seed_2028,2026,True,physionet_grabmyo,ninapro_db10_meganepro,162,0.1290836653386454
encoder_seed_2028,2026,True,physionet_grabmyo,physionet_grabmyo,218,0.1737051792828685
encoder_seed_2028,2026,True,physionet_grabmyo,physionet_hyser,215,0.1713147410358565
encoder_seed_2028,2026,True,physionet_hyser,emg2pose,259,0.2063745019920318
encoder_seed_2028,2026,True,physionet_hyser,emg2qwerty,146,0.1163346613545816
encoder_seed_2028,2026,True,physionet_hyser,harmonic,323,0.2573705179282868
encoder_seed_2028,2026,True,physionet_hyser,ninapro_db10_meganepro,187,0.149003984063745
encoder_seed_2028,2026,True,physionet_hyser,physionet_grabmyo,245,0.1952191235059761
encoder_seed_2028,2026,True,physionet_hyser,physionet_hyser,95,0.0756972111553784
encoder_seed_2028,2027,True,emg2pose,emg2pose,215,0.158321060382916
encoder_seed_2028,2027,True,emg2pose,emg2qwerty,254,0.187039764359352
encoder_seed_2028,2027,True,emg2pose,harmonic,201,0.1480117820324006
encoder_seed_2028,2027,True,emg2pose,ninapro_db10_meganepro,265,0.195139911634757
encoder_seed_2028,2027,True,emg2pose,physionet_grabmyo,239,0.1759941089837997
encoder_seed_2028,2027,True,emg2pose,physionet_hyser,184,0.1354933726067746
encoder_seed_2028,2027,True,emg2qwerty,emg2pose,204,0.2261640798226164
encoder_seed_2028,2027,True,emg2qwerty,emg2qwerty,140,0.155210643015521
encoder_seed_2028,2027,True,emg2qwerty,harmonic,112,0.1241685144124168
encoder_seed_2028,2027,True,emg2qwerty,ninapro_db10_meganepro,197,0.2184035476718403
encoder_seed_2028,2027,True,emg2qwerty,physionet_grabmyo,95,0.1053215077605321
encoder_seed_2028,2027,True,emg2qwerty,physionet_hyser,154,0.1707317073170731
encoder_seed_2028,2027,True,harmonic,emg2pose,0,0.0
encoder_seed_2028,2027,True,harmonic,emg2qwerty,311,0.2092866756393001
encoder_seed_2028,2027,True,harmonic,harmonic,1032,0.6944818304172274
encoder_seed_2028,2027,True,harmonic,ninapro_db10_meganepro,143,0.0962314939434724
encoder_seed_2028,2027,True,harmonic,physionet_grabmyo,0,0.0
encoder_seed_2028,2027,True,harmonic,physionet_hyser,0,0.0
encoder_seed_2028,2027,True,ninapro_db10_meganepro,emg2pose,448,0.3578274760383386
encoder_seed_2028,2027,True,ninapro_db10_meganepro,emg2qwerty,181,0.1445686900958466
encoder_seed_2028,2027,True,ninapro_db10_meganepro,harmonic,94,0.0750798722044728
encoder_seed_2028,2027,True,ninapro_db10_meganepro,ninapro_db10_meganepro,105,0.0838658146964856
encoder_seed_2028,2027,True,ninapro_db10_meganepro,physionet_grabmyo,237,0.1892971246006389
encoder_seed_2028,2027,True,ninapro_db10_meganepro,physionet_hyser,187,0.1493610223642172
encoder_seed_2028,2027,True,physionet_grabmyo,emg2pose,108,0.0857823669579031
encoder_seed_2028,2027,True,physionet_grabmyo,emg2qwerty,64,0.0508339952343129
encoder_seed_2028,2027,True,physionet_grabmyo,harmonic,494,0.392374900714853
encoder_seed_2028,2027,True,physionet_grabmyo,ninapro_db10_meganepro,212,0.1683876092136616
encoder_seed_2028,2027,True,physionet_grabmyo,physionet_grabmyo,158,0.1254964257347101
encoder_seed_2028,2027,True,physionet_grabmyo,physionet_hyser,223,0.1771247021445591
encoder_seed_2028,2027,True,physionet_hyser,emg2pose,157,0.1251993620414673
encoder_seed_2028,2027,True,physionet_hyser,emg2qwerty,160,0.1275917065390749
encoder_seed_2028,2027,True,physionet_hyser,harmonic,163,0.1299840510366826
encoder_seed_2028,2027,True,physionet_hyser,ninapro_db10_meganepro,51,0.0406698564593301
encoder_seed_2028,2027,True,physionet_hyser,physionet_grabmyo,344,0.2743221690590112
encoder_seed_2028,2027,True,physionet_hyser,physionet_hyser,379,0.3022328548644338
encoder_seed_2028,2028,True,emg2pose,emg2pose,248,0.1832963784183296
encoder_seed_2028,2028,True,emg2pose,emg2qwerty,299,0.220990391722099
encoder_seed_2028,2028,True,emg2pose,harmonic,234,0.1729490022172949
encoder_seed_2028,2028,True,emg2pose,ninapro_db10_meganepro,193,0.1426459719142646
encoder_seed_2028,2028,True,emg2pose,physionet_grabmyo,186,0.1374722838137472
encoder_seed_2028,2028,True,emg2pose,physionet_hyser,193,0.1426459719142646
encoder_seed_2028,2028,True,emg2qwerty,emg2pose,148,0.1642619311875693
encoder_seed_2028,2028,True,emg2qwerty,emg2qwerty,151,0.1675915649278579
encoder_seed_2028,2028,True,emg2qwerty,harmonic,168,0.1864594894561598
encoder_seed_2028,2028,True,emg2qwerty,ninapro_db10_meganepro,161,0.1786903440621531
encoder_seed_2028,2028,True,emg2qwerty,physionet_grabmyo,129,0.1431742508324084
encoder_seed_2028,2028,True,emg2qwerty,physionet_hyser,144,0.1598224195338513
encoder_seed_2028,2028,True,harmonic,emg2pose,0,0.0
encoder_seed_2028,2028,True,harmonic,emg2qwerty,84,0.0565275908479138
encoder_seed_2028,2028,True,harmonic,harmonic,18,0.0121130551816958
encoder_seed_2028,2028,True,harmonic,ninapro_db10_meganepro,67,0.0450874831763122
encoder_seed_2028,2028,True,harmonic,physionet_grabmyo,28,0.0188425302826379
encoder_seed_2028,2028,True,harmonic,physionet_hyser,1289,0.8674293405114402
encoder_seed_2028,2028,True,ninapro_db10_meganepro,emg2pose,67,0.0529644268774703
encoder_seed_2028,2028,True,ninapro_db10_meganepro,emg2qwerty,84,0.0664031620553359
encoder_seed_2028,2028,True,ninapro_db10_meganepro,harmonic,316,0.2498023715415019
encoder_seed_2028,2028,True,ninapro_db10_meganepro,ninapro_db10_meganepro,142,0.1122529644268774
encoder_seed_2028,2028,True,ninapro_db10_meganepro,physionet_grabmyo,312,0.2466403162055336
encoder_seed_2028,2028,True,ninapro_db10_meganepro,physionet_hyser,344,0.2719367588932806
encoder_seed_2028,2028,True,physionet_grabmyo,emg2pose,134,0.1037955073586367
encoder_seed_2028,2028,True,physionet_grabmyo,emg2qwerty,193,0.1494965143299767
encoder_seed_2028,2028,True,physionet_grabmyo,harmonic,311,0.2408985282726568
encoder_seed_2028,2028,True,physionet_grabmyo,ninapro_db10_meganepro,132,0.1022463206816421
encoder_seed_2028,2028,True,physionet_grabmyo,physionet_grabmyo,202,0.1564678543764523
encoder_seed_2028,2028,True,physionet_grabmyo,physionet_hyser,319,0.2470952749806351
encoder_seed_2028,2028,True,physionet_hyser,emg2pose,280,0.2287581699346405
encoder_seed_2028,2028,True,physionet_hyser,emg2qwerty,233,0.190359477124183
encoder_seed_2028,2028,True,physionet_hyser,harmonic,133,0.1086601307189542
encoder_seed_2028,2028,True,physionet_hyser,ninapro_db10_meganepro,348,0.284313725490196
encoder_seed_2028,2028,True,physionet_hyser,physionet_grabmyo,191,0.1560457516339869
encoder_seed_2028,2028,True,physionet_hyser,physionet_hyser,39,0.0318627450980392
encoder_seed_2028,2029,True,emg2pose,emg2pose,251,0.1888638073739653
encoder_seed_2028,2029,True,emg2pose,emg2qwerty,229,0.1723100075244544
encoder_seed_2028,2029,True,emg2pose,harmonic,208,0.1565086531226486
encoder_seed_2028,2029,True,emg2pose,ninapro_db10_meganepro,204,0.1534988713318284
encoder_seed_2028,2029,True,emg2pose,physionet_grabmyo,234,0.1760722347629796
encoder_seed_2028,2029,True,emg2pose,physionet_hyser,203,0.1527464258841234
encoder_seed_2028,2029,True,emg2qwerty,emg2pose,114,0.1263858093126385
encoder_seed_2028,2029,True,emg2qwerty,emg2qwerty,113,0.1252771618625277
encoder_seed_2028,2029,True,emg2qwerty,harmonic,233,0.2583148558758315
encoder_seed_2028,2029,True,emg2qwerty,ninapro_db10_meganepro,152,0.1685144124168514
encoder_seed_2028,2029,True,emg2qwerty,physionet_grabmyo,192,0.212860310421286
encoder_seed_2028,2029,True,emg2qwerty,physionet_hyser,98,0.1086474501108647
encoder_seed_2028,2029,True,harmonic,emg2pose,283,0.2632558139534883
encoder_seed_2028,2029,True,harmonic,emg2qwerty,643,0.598139534883721
encoder_seed_2028,2029,True,harmonic,harmonic,0,0.0
encoder_seed_2028,2029,True,harmonic,ninapro_db10_meganepro,0,0.0
encoder_seed_2028,2029,True,harmonic,physionet_grabmyo,27,0.0251162790697674
encoder_seed_2028,2029,True,harmonic,physionet_hyser,122,0.1134883720930232
encoder_seed_2028,2029,True,ninapro_db10_meganepro,emg2pose,228,0.1792452830188679
encoder_seed_2028,2029,True,ninapro_db10_meganepro,emg2qwerty,391,0.3073899371069182
encoder_seed_2028,2029,True,ninapro_db10_meganepro,harmonic,60,0.0471698113207547
encoder_seed_2028,2029,True,ninapro_db10_meganepro,ninapro_db10_meganepro,116,0.0911949685534591
encoder_seed_2028,2029,True,ninapro_db10_meganepro,physionet_grabmyo,163,0.1281446540880503
encoder_seed_2028,2029,True,ninapro_db10_meganepro,physionet_hyser,314,0.2468553459119497
encoder_seed_2028,2029,True,physionet_grabmyo,emg2pose,287,0.22421875
encoder_seed_2028,2029,True,physionet_grabmyo,emg2qwerty,188,0.146875
encoder_seed_2028,2029,True,physionet_grabmyo,harmonic,161,0.12578125
encoder_seed_2028,2029,True,physionet_grabmyo,ninapro_db10_meganepro,295,0.23046875
encoder_seed_2028,2029,True,physionet_grabmyo,physionet_grabmyo,186,0.1453125
encoder_seed_2028,2029,True,physionet_grabmyo,physionet_hyser,163,0.12734375
encoder_seed_2028,2029,True,physionet_hyser,emg2pose,117,0.0933758978451715
encoder_seed_2028,2029,True,physionet_hyser,emg2qwerty,244,0.1947326416600159
encoder_seed_2028,2029,True,physionet_hyser,harmonic,209,0.1667996807661612
encoder_seed_2028,2029,True,physionet_hyser,ninapro_db10_meganepro,235,0.1875498802873104
encoder_seed_2028,2029,True,physionet_hyser,physionet_grabmyo,142,0.1133280127693535
encoder_seed_2028,2029,True,physionet_hyser,physionet_hyser,306,0.2442138866719872
encoder_seed_2028,2030,True,emg2pose,emg2pose,237,0.1866141732283464
encoder_seed_2028,2030,True,emg2pose,emg2qwerty,213,0.1677165354330708
encoder_seed_2028,2030,True,emg2pose,harmonic,190,0.1496062992125984
encoder_seed_2028,2030,True,emg2pose,ninapro_db10_meganepro,205,0.1614173228346456
encoder_seed_2028,2030,True,emg2pose,physionet_grabmyo,209,0.1645669291338582
encoder_seed_2028,2030,True,emg2pose,physionet_hyser,216,0.1700787401574803
encoder_seed_2028,2030,True,emg2qwerty,emg2pose,280,0.2420051858254105
encoder_seed_2028,2030,True,emg2qwerty,emg2qwerty,107,0.0924805531547104
encoder_seed_2028,2030,True,emg2qwerty,harmonic,174,0.1503889369057908
encoder_seed_2028,2030,True,emg2qwerty,ninapro_db10_meganepro,194,0.1676750216076059
encoder_seed_2028,2030,True,emg2qwerty,physionet_grabmyo,218,0.1884183232497839
encoder_seed_2028,2030,True,emg2qwerty,physionet_hyser,184,0.1590319792566983
encoder_seed_2028,2030,True,harmonic,emg2pose,0,0.0
encoder_seed_2028,2030,True,harmonic,emg2qwerty,97,0.0749034749034749
encoder_seed_2028,2030,True,harmonic,harmonic,359,0.2772200772200772
encoder_seed_2028,2030,True,harmonic,ninapro_db10_meganepro,0,0.0
encoder_seed_2028,2030,True,harmonic,physionet_grabmyo,7,0.0054054054054054
encoder_seed_2028,2030,True,harmonic,physionet_hyser,832,0.6424710424710425
encoder_seed_2028,2030,True,ninapro_db10_meganepro,emg2pose,345,0.2804878048780488
encoder_seed_2028,2030,True,ninapro_db10_meganepro,emg2qwerty,357,0.2902439024390243
encoder_seed_2028,2030,True,ninapro_db10_meganepro,harmonic,81,0.0658536585365853
encoder_seed_2028,2030,True,ninapro_db10_meganepro,ninapro_db10_meganepro,83,0.0674796747967479
encoder_seed_2028,2030,True,ninapro_db10_meganepro,physionet_grabmyo,183,0.148780487804878
encoder_seed_2028,2030,True,ninapro_db10_meganepro,physionet_hyser,181,0.1471544715447154
encoder_seed_2028,2030,True,physionet_grabmyo,emg2pose,216,0.1695447409733124
encoder_seed_2028,2030,True,physionet_grabmyo,emg2qwerty,124,0.097331240188383
encoder_seed_2028,2030,True,physionet_grabmyo,harmonic,190,0.1491365777080062
encoder_seed_2028,2030,True,physionet_grabmyo,ninapro_db10_meganepro,202,0.1585557299843014
encoder_seed_2028,2030,True,physionet_grabmyo,physionet_grabmyo,390,0.3061224489795918
encoder_seed_2028,2030,True,physionet_grabmyo,physionet_hyser,152,0.119309262166405
encoder_seed_2028,2030,True,physionet_hyser,emg2pose,134,0.1114808652246256
encoder_seed_2028,2030,True,physionet_hyser,emg2qwerty,178,0.1480865224625624
encoder_seed_2028,2030,True,physionet_hyser,harmonic,292,0.2429284525790349
encoder_seed_2028,2030,True,physionet_hyser,ninapro_db10_meganepro,211,0.1755407653910149
encoder_seed_2028,2030,True,physionet_hyser,physionet_grabmyo,204,0.1697171381031613
encoder_seed_2028,2030,True,physionet_hyser,physionet_hyser,183,0.1522462562396006
encoder_seed_2028,2031,True,emg2pose,emg2pose,238,0.1843532145623547
encoder_seed_2028,2031,True,emg2pose,emg2qwerty,215,0.1665375677769171
encoder_seed_2028,2031,True,emg2pose,harmonic,196,0.1518202943454686
encoder_seed_2028,2031,True,emg2pose,ninapro_db10_meganepro,181,0.1402013942680093
encoder_seed_2028,2031,True,emg2pose,physionet_grabmyo,234,0.1812548412083656
encoder_seed_2028,2031,True,emg2pose,physionet_hyser,227,0.1758326878388846
encoder_seed_2028,2031,True,emg2qwerty,emg2pose,185,0.2021857923497267
encoder_seed_2028,2031,True,emg2qwerty,emg2qwerty,175,0.1912568306010929
encoder_seed_2028,2031,True,emg2qwerty,harmonic,89,0.0972677595628415
encoder_seed_2028,2031,True,emg2qwerty,ninapro_db10_meganepro,134,0.146448087431694
encoder_seed_2028,2031,True,emg2qwerty,physionet_grabmyo,207,0.2262295081967213
encoder_seed_2028,2031,True,emg2qwerty,physionet_hyser,125,0.1366120218579235
encoder_seed_2028,2031,True,harmonic,emg2pose,5,0.003875968992248
encoder_seed_2028,2031,True,harmonic,emg2qwerty,0,0.0
encoder_seed_2028,2031,True,harmonic,harmonic,8,0.0062015503875968
encoder_seed_2028,2031,True,harmonic,ninapro_db10_meganepro,0,0.0
encoder_seed_2028,2031,True,harmonic,physionet_grabmyo,893,0.6922480620155039
encoder_seed_2028,2031,True,harmonic,physionet_hyser,384,0.2976744186046511
encoder_seed_2028,2031,True,ninapro_db10_meganepro,emg2pose,29,0.0234817813765182
encoder_seed_2028,2031,True,ninapro_db10_meganepro,emg2qwerty,215,0.1740890688259109
encoder_seed_2028,2031,True,ninapro_db10_meganepro,harmonic,92,0.074493927125506
encoder_seed_2028,2031,True,ninapro_db10_meganepro,ninapro_db10_meganepro,260,0.2105263157894736
encoder_seed_2028,2031,True,ninapro_db10_meganepro,physionet_grabmyo,198,0.1603238866396761
encoder_seed_2028,2031,True,ninapro_db10_meganepro,physionet_hyser,441,0.357085020242915
encoder_seed_2028,2031,True,physionet_grabmyo,emg2pose,176,0.1383647798742138
encoder_seed_2028,2031,True,physionet_grabmyo,emg2qwerty,344,0.270440251572327
encoder_seed_2028,2031,True,physionet_grabmyo,harmonic,401,0.315251572327044
encoder_seed_2028,2031,True,physionet_grabmyo,ninapro_db10_meganepro,70,0.0550314465408805
encoder_seed_2028,2031,True,physionet_grabmyo,physionet_grabmyo,176,0.1383647798742138
encoder_seed_2028,2031,True,physionet_grabmyo,physionet_hyser,105,0.0825471698113207
encoder_seed_2028,2031,True,physionet_hyser,emg2pose,191,0.1549067315490673
encoder_seed_2028,2031,True,physionet_hyser,emg2qwerty,196,0.1589618815896188
encoder_seed_2028,2031,True,physionet_hyser,harmonic,161,0.1305758313057583
encoder_seed_2028,2031,True,physionet_hyser,ninapro_db10_meganepro,337,0.2733171127331711
encoder_seed_2028,2031,True,physionet_hyser,physionet_grabmyo,166,0.1346309813463098
encoder_seed_2028,2031,True,physionet_hyser,physionet_hyser,182,0.1476074614760746
encoder_seed_2028,2032,True,emg2pose,emg2pose,222,0.1688212927756654
encoder_seed_2028,2032,True,emg2pose,emg2qwerty,224,0.1703422053231939
encoder_seed_2028,2032,True,emg2pose,harmonic,203,0.1543726235741445
encoder_seed_2028,2032,True,emg2pose,ninapro_db10_meganepro,238,0.1809885931558935
encoder_seed_2028,2032,True,emg2pose,physionet_grabmyo,248,0.1885931558935361
encoder_seed_2028,2032,True,emg2pose,physionet_hyser,180,0.1368821292775665
encoder_seed_2028,2032,True,emg2qwerty,emg2pose,233,0.2072953736654804
encoder_seed_2028,2032,True,emg2qwerty,emg2qwerty,260,0.2313167259786477
encoder_seed_2028,2032,True,emg2qwerty,harmonic,201,0.1788256227758007
encoder_seed_2028,2032,True,emg2qwerty,ninapro_db10_meganepro,137,0.1218861209964412
encoder_seed_2028,2032,True,emg2qwerty,physionet_grabmyo,159,0.141459074733096
encoder_seed_2028,2032,True,emg2qwerty,physionet_hyser,134,0.1192170818505338
encoder_seed_2028,2032,True,harmonic,emg2pose,34,0.0300618921308576
encoder_seed_2028,2032,True,harmonic,emg2qwerty,0,0.0
encoder_seed_2028,2032,True,harmonic,harmonic,958,0.8470380194518126
encoder_seed_2028,2032,True,harmonic,ninapro_db10_meganepro,102,0.0901856763925729
encoder_seed_2028,2032,True,harmonic,physionet_grabmyo,1,0.0008841732979664
encoder_seed_2028,2032,True,harmonic,physionet_hyser,36,0.0318302387267904
encoder_seed_2028,2032,True,ninapro_db10_meganepro,emg2pose,57,0.0458937198067632
encoder_seed_2028,2032,True,ninapro_db10_meganepro,emg2qwerty,457,0.3679549114331723
encoder_seed_2028,2032,True,ninapro_db10_meganepro,harmonic,148,0.1191626409017713
encoder_seed_2028,2032,True,ninapro_db10_meganepro,ninapro_db10_meganepro,278,0.2238325281803542
encoder_seed_2028,2032,True,ninapro_db10_meganepro,physionet_grabmyo,75,0.0603864734299516
encoder_seed_2028,2032,True,ninapro_db10_meganepro,physionet_hyser,227,0.1827697262479871
encoder_seed_2028,2032,True,physionet_grabmyo,emg2pose,308,0.2504065040650406
encoder_seed_2028,2032,True,physionet_grabmyo,emg2qwerty,297,0.2414634146341463
encoder_seed_2028,2032,True,physionet_grabmyo,harmonic,97,0.0788617886178861
encoder_seed_2028,2032,True,physionet_grabmyo,ninapro_db10_meganepro,150,0.1219512195121951
encoder_seed_2028,2032,True,physionet_grabmyo,physionet_grabmyo,274,0.2227642276422764
encoder_seed_2028,2032,True,physionet_grabmyo,physionet_hyser,104,0.0845528455284552
encoder_seed_2028,2032,True,physionet_hyser,emg2pose,320,0.257856567284448
encoder_seed_2028,2032,True,physionet_hyser,emg2qwerty,71,0.0572119258662369
encoder_seed_2028,2032,True,physionet_hyser,harmonic,143,0.1152296535052377
encoder_seed_2028,2032,True,physionet_hyser,ninapro_db10_meganepro,198,0.1595487510072522
encoder_seed_2028,2032,True,physionet_hyser,physionet_grabmyo,304,0.2449637389202256
encoder_seed_2028,2032,True,physionet_hyser,physionet_hyser,205,0.1651893634165995
encoder_seed_2028,2033,True,emg2pose,emg2pose,239,0.1805135951661631
encoder_seed_2028,2033,True,emg2pose,emg2qwerty,227,0.1714501510574018
encoder_seed_2028,2033,True,emg2pose,harmonic,187,0.141238670694864
encoder_seed_2028,2033,True,emg2pose,ninapro_db10_meganepro,222,0.1676737160120845
encoder_seed_2028,2033,True,emg2pose,physionet_grabmyo,203,0.1533232628398791
encoder_seed_2028,2033,True,emg2pose,physionet_hyser,246,0.1858006042296072
encoder_seed_2028,2033,True,emg2qwerty,emg2pose,177,0.1574733096085409
encoder_seed_2028,2033,True,emg2qwerty,emg2qwerty,174,0.1548042704626334
encoder_seed_2028,2033,True,emg2qwerty,harmonic,179,0.1592526690391459
encoder_seed_2028,2033,True,emg2qwerty,ninapro_db10_meganepro,189,0.1681494661921708
encoder_seed_2028,2033,True,emg2qwerty,physionet_grabmyo,240,0.2135231316725978
encoder_seed_2028,2033,True,emg2qwerty,physionet_hyser,165,0.146797153024911
encoder_seed_2028,2033,True,harmonic,emg2pose,7,0.0048275862068965
encoder_seed_2028,2033,True,harmonic,emg2qwerty,895,0.6172413793103448
encoder_seed_2028,2033,True,harmonic,harmonic,0,0.0
encoder_seed_2028,2033,True,harmonic,ninapro_db10_meganepro,302,0.2082758620689655
encoder_seed_2028,2033,True,harmonic,physionet_grabmyo,246,0.1696551724137931
encoder_seed_2028,2033,True,harmonic,physionet_hyser,0,0.0
encoder_seed_2028,2033,True,ninapro_db10_meganepro,emg2pose,197,0.1572226656025538
encoder_seed_2028,2033,True,ninapro_db10_meganepro,emg2qwerty,203,0.1620111731843575
encoder_seed_2028,2033,True,ninapro_db10_meganepro,harmonic,287,0.2290502793296089
encoder_seed_2028,2033,True,ninapro_db10_meganepro,ninapro_db10_meganepro,231,0.1843575418994413
encoder_seed_2028,2033,True,ninapro_db10_meganepro,physionet_grabmyo,211,0.1683958499600957
encoder_seed_2028,2033,True,ninapro_db10_meganepro,physionet_hyser,124,0.0989624900239425
encoder_seed_2028,2033,True,physionet_grabmyo,emg2pose,169,0.131619937694704
encoder_seed_2028,2033,True,physionet_grabmyo,emg2qwerty,264,0.205607476635514
encoder_seed_2028,2033,True,physionet_grabmyo,harmonic,380,0.2959501557632398
encoder_seed_2028,2033,True,physionet_grabmyo,ninapro_db10_meganepro,101,0.0786604361370716
encoder_seed_2028,2033,True,physionet_grabmyo,physionet_grabmyo,220,0.1713395638629283
encoder_seed_2028,2033,True,physionet_grabmyo,physionet_hyser,150,0.116822429906542
encoder_seed_2028,2033,True,physionet_hyser,emg2pose,334,0.2611415168100078
encoder_seed_2028,2033,True,physionet_hyser,emg2qwerty,119,0.0930414386239249
encoder_seed_2028,2033,True,physionet_hyser,harmonic,101,0.0789679437060203
encoder_seed_2028,2033,True,physionet_hyser,ninapro_db10_meganepro,191,0.1493354182955434
encoder_seed_2028,2033,True,physionet_hyser,physionet_grabmyo,227,0.1774824081313526
encoder_seed_2028,2033,True,physionet_hyser,physionet_hyser,307,0.2400312744331509
encoder_seed_2028,2034,True,emg2pose,emg2pose,195,0.1410998552821997
encoder_seed_2028,2034,True,emg2pose,emg2qwerty,243,0.1758321273516642
encoder_seed_2028,2034,True,emg2pose,harmonic,224,0.1620839363241678
encoder_seed_2028,2034,True,emg2pose,ninapro_db10_meganepro,282,0.2040520984081042
encoder_seed_2028,2034,True,emg2pose,physionet_grabmyo,192,0.1389290882778582
encoder_seed_2028,2034,True,emg2pose,physionet_hyser,246,0.1780028943560057
encoder_seed_2028,2034,True,emg2qwerty,emg2pose,158,0.1910519951632406
encoder_seed_2028,2034,True,emg2qwerty,emg2qwerty,215,0.2599758162031439
encoder_seed_2028,2034,True,emg2qwerty,harmonic,133,0.1608222490931076
encoder_seed_2028,2034,True,emg2qwerty,ninapro_db10_meganepro,100,0.120918984280532
encoder_seed_2028,2034,True,emg2qwerty,physionet_grabmyo,94,0.1136638452237001
encoder_seed_2028,2034,True,emg2qwerty,physionet_hyser,127,0.1535671100362756
encoder_seed_2028,2034,True,harmonic,emg2pose,826,0.6514195583596214
encoder_seed_2028,2034,True,harmonic,emg2qwerty,98,0.0772870662460567
encoder_seed_2028,2034,True,harmonic,harmonic,254,0.2003154574132492
encoder_seed_2028,2034,True,harmonic,ninapro_db10_meganepro,0,0.0
encoder_seed_2028,2034,True,harmonic,physionet_grabmyo,26,0.0205047318611987
encoder_seed_2028,2034,True,harmonic,physionet_hyser,64,0.0504731861198738
encoder_seed_2028,2034,True,ninapro_db10_meganepro,emg2pose,155,0.1239008792965627
encoder_seed_2028,2034,True,ninapro_db10_meganepro,emg2qwerty,108,0.0863309352517985
encoder_seed_2028,2034,True,ninapro_db10_meganepro,harmonic,303,0.2422062350119904
encoder_seed_2028,2034,True,ninapro_db10_meganepro,ninapro_db10_meganepro,90,0.0719424460431654
encoder_seed_2028,2034,True,ninapro_db10_meganepro,physionet_grabmyo,328,0.2621902478017586
encoder_seed_2028,2034,True,ninapro_db10_meganepro,physionet_hyser,267,0.2134292565947242
encoder_seed_2028,2034,True,physionet_grabmyo,emg2pose,55,0.0434439178515007
encoder_seed_2028,2034,True,physionet_grabmyo,emg2qwerty,365,0.2883096366508689
encoder_seed_2028,2034,True,physionet_grabmyo,harmonic,293,0.2314375987361769
encoder_seed_2028,2034,True,physionet_grabmyo,ninapro_db10_meganepro,148,0.1169036334913112
encoder_seed_2028,2034,True,physionet_grabmyo,physionet_grabmyo,285,0.2251184834123222
encoder_seed_2028,2034,True,physionet_grabmyo,physionet_hyser,120,0.0947867298578199
encoder_seed_2028,2034,True,physionet_hyser,emg2pose,327,0.2634971796937953
encoder_seed_2028,2034,True,physionet_hyser,emg2qwerty,116,0.0934730056406124
encoder_seed_2028,2034,True,physionet_hyser,harmonic,208,0.1676067687348912
encoder_seed_2028,2034,True,physionet_hyser,ninapro_db10_meganepro,253,0.2038678485092667
encoder_seed_2028,2034,True,physionet_hyser,physionet_grabmyo,242,0.1950040290088638
encoder_seed_2028,2034,True,physionet_hyser,physionet_hyser,95,0.0765511684125705
encoder_seed_2028,2035,True,emg2pose,emg2pose,214,0.1564327485380117
encoder_seed_2028,2035,True,emg2pose,emg2qwerty,246,0.1798245614035087
encoder_seed_2028,2035,True,emg2pose,harmonic,226,0.1652046783625731
encoder_seed_2028,2035,True,emg2pose,ninapro_db10_meganepro,280,0.2046783625730994
encoder_seed_2028,2035,True,emg2pose,physionet_grabmyo,183,0.1337719298245614
encoder_seed_2028,2035,True,emg2pose,physionet_hyser,219,0.1600877192982456
encoder_seed_2028,2035,True,emg2qwerty,emg2pose,100,0.1146788990825688
encoder_seed_2028,2035,True,emg2qwerty,emg2qwerty,137,0.1571100917431192
encoder_seed_2028,2035,True,emg2qwerty,harmonic,181,0.2075688073394495
encoder_seed_2028,2035,True,emg2qwerty,ninapro_db10_meganepro,178,0.2041284403669724
encoder_seed_2028,2035,True,emg2qwerty,physionet_grabmyo,169,0.1938073394495413
encoder_seed_2028,2035,True,emg2qwerty,physionet_hyser,107,0.1227064220183486
encoder_seed_2028,2035,True,harmonic,emg2pose,878,0.5989085948158254
encoder_seed_2028,2035,True,harmonic,emg2qwerty,98,0.0668485675306957
encoder_seed_2028,2035,True,harmonic,harmonic,488,0.3328785811732606
encoder_seed_2028,2035,True,harmonic,ninapro_db10_meganepro,2,0.0013642564802182
encoder_seed_2028,2035,True,harmonic,physionet_grabmyo,0,0.0
encoder_seed_2028,2035,True,harmonic,physionet_hyser,0,0.0
encoder_seed_2028,2035,True,ninapro_db10_meganepro,emg2pose,82,0.0659163987138263
encoder_seed_2028,2035,True,ninapro_db10_meganepro,emg2qwerty,343,0.2757234726688103
encoder_seed_2028,2035,True,ninapro_db10_meganepro,harmonic,72,0.0578778135048231
encoder_seed_2028,2035,True,ninapro_db10_meganepro,ninapro_db10_meganepro,157,0.1262057877813504
encoder_seed_2028,2035,True,ninapro_db10_meganepro,physionet_grabmyo,387,0.3110932475884244
encoder_seed_2028,2035,True,ninapro_db10_meganepro,physionet_hyser,203,0.1631832797427652
encoder_seed_2028,2035,True,physionet_grabmyo,emg2pose,136,0.1047765793528505
encoder_seed_2028,2035,True,physionet_grabmyo,emg2qwerty,156,0.1201848998459167
encoder_seed_2028,2035,True,physionet_grabmyo,harmonic,63,0.0485362095531587
encoder_seed_2028,2035,True,physionet_grabmyo,ninapro_db10_meganepro,230,0.1771956856702619
encoder_seed_2028,2035,True,physionet_grabmyo,physionet_grabmyo,493,0.3798151001540832
encoder_seed_2028,2035,True,physionet_grabmyo,physionet_hyser,220,0.1694915254237288
encoder_seed_2028,2035,True,physionet_hyser,emg2pose,311,0.2408985282726568
encoder_seed_2028,2035,True,physionet_hyser,emg2qwerty,246,0.190549961270333
encoder_seed_2028,2035,True,physionet_hyser,harmonic,196,0.1518202943454686
encoder_seed_2028,2035,True,physionet_hyser,ninapro_db10_meganepro,220,0.1704105344694035
encoder_seed_2028,2035,True,physionet_hyser,physionet_grabmyo,118,0.09140201394268
encoder_seed_2028,2035,True,physionet_hyser,physionet_hyser,200,0.1549186676994577
encoder_seed_2029,2026,False,emg2pose,emg2pose,957,0.7125837676842889
encoder_seed_2029,2026,False,emg2pose,emg2qwerty,361,0.268801191362621
encoder_seed_2029,2026,False,emg2pose,harmonic,1,0.0007446016381236
encoder_seed_2029,2026,False,emg2pose,ninapro_db10_meganepro,0,0.0
encoder_seed_2029,2026,False,emg2pose,physionet_grabmyo,1,0.0007446016381236
encoder_seed_2029,2026,False,emg2pose,physionet_hyser,23,0.0171258376768428
encoder_seed_2029,2026,False,emg2qwerty,emg2pose,165,0.1747881355932203
encoder_seed_2029,2026,False,emg2qwerty,emg2qwerty,777,0.823093220338983
encoder_seed_2029,2026,False,emg2qwerty,harmonic,0,0.0
encoder_seed_2029,2026,False,emg2qwerty,ninapro_db10_meganepro,0,0.0
encoder_seed_2029,2026,False,emg2qwerty,physionet_grabmyo,0,0.0
encoder_seed_2029,2026,False,emg2qwerty,physionet_hyser,2,0.0021186440677966
encoder_seed_2029,2026,False,harmonic,emg2pose,0,0.0
encoder_seed_2029,2026,False,harmonic,emg2qwerty,0,0.0
encoder_seed_2029,2026,False,harmonic,harmonic,969,1.0
encoder_seed_2029,2026,False,harmonic,ninapro_db10_meganepro,0,0.0
encoder_seed_2029,2026,False,harmonic,physionet_grabmyo,0,0.0
encoder_seed_2029,2026,False,harmonic,physionet_hyser,0,0.0
encoder_seed_2029,2026,False,ninapro_db10_meganepro,emg2pose,0,0.0
encoder_seed_2029,2026,False,ninapro_db10_meganepro,emg2qwerty,0,0.0
encoder_seed_2029,2026,False,ninapro_db10_meganepro,harmonic,0,0.0
encoder_seed_2029,2026,False,ninapro_db10_meganepro,ninapro_db10_meganepro,1253,0.998406374501992
encoder_seed_2029,2026,False,ninapro_db10_meganepro,physionet_grabmyo,2,0.0015936254980079
encoder_seed_2029,2026,False,ninapro_db10_meganepro,physionet_hyser,0,0.0
encoder_seed_2029,2026,False,physionet_grabmyo,emg2pose,0,0.0
encoder_seed_2029,2026,False,physionet_grabmyo,emg2qwerty,0,0.0
encoder_seed_2029,2026,False,physionet_grabmyo,harmonic,2,0.0015936254980079
encoder_seed_2029,2026,False,physionet_grabmyo,ninapro_db10_meganepro,0,0.0
encoder_seed_2029,2026,False,physionet_grabmyo,physionet_grabmyo,1253,0.998406374501992
encoder_seed_2029,2026,False,physionet_grabmyo,physionet_hyser,0,0.0
encoder_seed_2029,2026,False,physionet_hyser,emg2pose,0,0.0
encoder_seed_2029,2026,False,physionet_hyser,emg2qwerty,0,0.0
encoder_seed_2029,2026,False,physionet_hyser,harmonic,0,0.0
encoder_seed_2029,2026,False,physionet_hyser,ninapro_db10_meganepro,0,0.0
encoder_seed_2029,2026,False,physionet_hyser,physionet_grabmyo,0,0.0
encoder_seed_2029,2026,False,physionet_hyser,physionet_hyser,1255,1.0
encoder_seed_2029,2027,False,emg2pose,emg2pose,1046,0.7702503681885126
encoder_seed_2029,2027,False,emg2pose,emg2qwerty,305,0.2245949926362297
encoder_seed_2029,2027,False,emg2pose,harmonic,5,0.003681885125184
encoder_seed_2029,2027,False,emg2pose,ninapro_db10_meganepro,0,0.0
encoder_seed_2029,2027,False,emg2pose,physionet_grabmyo,0,0.0
encoder_seed_2029,2027,False,emg2pose,physionet_hyser,2,0.0014727540500736
encoder_seed_2029,2027,False,emg2qwerty,emg2pose,263,0.2915742793791574
encoder_seed_2029,2027,False,emg2qwerty,emg2qwerty,636,0.70509977827051
encoder_seed_2029,2027,False,emg2qwerty,harmonic,0,0.0
encoder_seed_2029,2027,False,emg2qwerty,ninapro_db10_meganepro,1,0.0011086474501108
encoder_seed_2029,2027,False,emg2qwerty,physionet_grabmyo,0,0.0
encoder_seed_2029,2027,False,emg2qwerty,physionet_hyser,2,0.0022172949002217
encoder_seed_2029,2027,False,harmonic,emg2pose,0,0.0
encoder_seed_2029,2027,False,harmonic,emg2qwerty,0,0.0
encoder_seed_2029,2027,False,harmonic,harmonic,1486,1.0
encoder_seed_2029,2027,False,harmonic,ninapro_db10_meganepro,0,0.0
encoder_seed_2029,2027,False,harmonic,physionet_grabmyo,0,0.0
encoder_seed_2029,2027,False,harmonic,physionet_hyser,0,0.0
encoder_seed_2029,2027,False,ninapro_db10_meganepro,emg2pose,0,0.0
encoder_seed_2029,2027,False,ninapro_db10_meganepro,emg2qwerty,0,0.0
encoder_seed_2029,2027,False,ninapro_db10_meganepro,harmonic,0,0.0
encoder_seed_2029,2027,False,ninapro_db10_meganepro,ninapro_db10_meganepro,1252,1.0
encoder_seed_2029,2027,False,ninapro_db10_meganepro,physionet_grabmyo,0,0.0
encoder_seed_2029,2027,False,ninapro_db10_meganepro,physionet_hyser,0,0.0
encoder_seed_2029,2027,False,physionet_grabmyo,emg2pose,0,0.0
encoder_seed_2029,2027,False,physionet_grabmyo,emg2qwerty,0,0.0
encoder_seed_2029,2027,False,physionet_grabmyo,harmonic,0,0.0
encoder_seed_2029,2027,False,physionet_grabmyo,ninapro_db10_meganepro,0,0.0
encoder_seed_2029,2027,False,physionet_grabmyo,physionet_grabmyo,1259,1.0
encoder_seed_2029,2027,False,physionet_grabmyo,physionet_hyser,0,0.0
encoder_seed_2029,2027,False,physionet_hyser,emg2pose,0,0.0
encoder_seed_2029,2027,False,physionet_hyser,emg2qwerty,0,0.0
encoder_seed_2029,2027,False,physionet_hyser,harmonic,0,0.0
encoder_seed_2029,2027,False,physionet_hyser,ninapro_db10_meganepro,0,0.0
encoder_seed_2029,2027,False,physionet_hyser,physionet_grabmyo,0,0.0
encoder_seed_2029,2027,False,physionet_hyser,physionet_hyser,1254,1.0
encoder_seed_2029,2028,False,emg2pose,emg2pose,1021,0.754619364375462
encoder_seed_2029,2028,False,emg2pose,emg2qwerty,328,0.2424242424242424
encoder_seed_2029,2028,False,emg2pose,harmonic,1,0.0007390983000739
encoder_seed_2029,2028,False,emg2pose,ninapro_db10_meganepro,1,0.0007390983000739
encoder_seed_2029,2028,False,emg2pose,physionet_grabmyo,0,0.0
encoder_seed_2029,2028,False,emg2pose,physionet_hyser,2,0.0014781966001478
encoder_seed_2029,2028,False,emg2qwerty,emg2pose,165,0.1831298557158712
encoder_seed_2029,2028,False,emg2qwerty,emg2qwerty,728,0.8079911209766926
encoder_seed_2029,2028,False,emg2qwerty,harmonic,0,0.0
encoder_seed_2029,2028,False,emg2qwerty,ninapro_db10_meganepro,1,0.0011098779134295
encoder_seed_2029,2028,False,emg2qwerty,physionet_grabmyo,6,0.0066592674805771
encoder_seed_2029,2028,False,emg2qwerty,physionet_hyser,1,0.0011098779134295
encoder_seed_2029,2028,False,harmonic,emg2pose,0,0.0
encoder_seed_2029,2028,False,harmonic,emg2qwerty,0,0.0
encoder_seed_2029,2028,False,harmonic,harmonic,1486,1.0
encoder_seed_2029,2028,False,harmonic,ninapro_db10_meganepro,0,0.0
encoder_seed_2029,2028,False,harmonic,physionet_grabmyo,0,0.0
encoder_seed_2029,2028,False,harmonic,physionet_hyser,0,0.0
encoder_seed_2029,2028,False,ninapro_db10_meganepro,emg2pose,0,0.0
encoder_seed_2029,2028,False,ninapro_db10_meganepro,emg2qwerty,0,0.0
encoder_seed_2029,2028,False,ninapro_db10_meganepro,harmonic,0,0.0
encoder_seed_2029,2028,False,ninapro_db10_meganepro,ninapro_db10_meganepro,1265,1.0
encoder_seed_2029,2028,False,ninapro_db10_meganepro,physionet_grabmyo,0,0.0
encoder_seed_2029,2028,False,ninapro_db10_meganepro,physionet_hyser,0,0.0
encoder_seed_2029,2028,False,physionet_grabmyo,emg2pose,0,0.0
encoder_seed_2029,2028,False,physionet_grabmyo,emg2qwerty,0,0.0
encoder_seed_2029,2028,False,physionet_grabmyo,harmonic,0,0.0
encoder_seed_2029,2028,False,physionet_grabmyo,ninapro_db10_meganepro,0,0.0
encoder_seed_2029,2028,False,physionet_grabmyo,physionet_grabmyo,1291,1.0
encoder_seed_2029,2028,False,physionet_grabmyo,physionet_hyser,0,0.0
encoder_seed_2029,2028,False,physionet_hyser,emg2pose,0,0.0
encoder_seed_2029,2028,False,physionet_hyser,emg2qwerty,0,0.0
encoder_seed_2029,2028,False,physionet_hyser,harmonic,0,0.0
encoder_seed_2029,2028,False,physionet_hyser,ninapro_db10_meganepro,0,0.0
encoder_seed_2029,2028,False,physionet_hyser,physionet_grabmyo,0,0.0
encoder_seed_2029,2028,False,physionet_hyser,physionet_hyser,1224,1.0
encoder_seed_2029,2029,False,emg2pose,emg2pose,1119,0.8419864559819413
encoder_seed_2029,2029,False,emg2pose,emg2qwerty,209,0.1572610985703536
encoder_seed_2029,2029,False,emg2pose,harmonic,0,0.0
encoder_seed_2029,2029,False,emg2pose,ninapro_db10_meganepro,1,0.000752445447705
encoder_seed_2029,2029,False,emg2pose,physionet_grabmyo,0,0.0
encoder_seed_2029,2029,False,emg2pose,physionet_hyser,0,0.0
encoder_seed_2029,2029,False,emg2qwerty,emg2pose,133,0.147450110864745
encoder_seed_2029,2029,False,emg2qwerty,emg2qwerty,766,0.8492239467849224
encoder_seed_2029,2029,False,emg2qwerty,harmonic,0,0.0
encoder_seed_2029,2029,False,emg2qwerty,ninapro_db10_meganepro,0,0.0
encoder_seed_2029,2029,False,emg2qwerty,physionet_grabmyo,0,0.0
encoder_seed_2029,2029,False,emg2qwerty,physionet_hyser,3,0.0033259423503325
encoder_seed_2029,2029,False,harmonic,emg2pose,0,0.0
encoder_seed_2029,2029,False,harmonic,emg2qwerty,0,0.0
encoder_seed_2029,2029,False,harmonic,harmonic,1075,1.0
encoder_seed_2029,2029,False,harmonic,ninapro_db10_meganepro,0,0.0
encoder_seed_2029,2029,False,harmonic,physionet_grabmyo,0,0.0
encoder_seed_2029,2029,False,harmonic,physionet_hyser,0,0.0
encoder_seed_2029,2029,False,ninapro_db10_meganepro,emg2pose,0,0.0
encoder_seed_2029,2029,False,ninapro_db10_meganepro,emg2qwerty,0,0.0
encoder_seed_2029,2029,False,ninapro_db10_meganepro,harmonic,0,0.0
encoder_seed_2029,2029,False,ninapro_db10_meganepro,ninapro_db10_meganepro,1272,1.0
encoder_seed_2029,2029,False,ninapro_db10_meganepro,physionet_grabmyo,0,0.0
encoder_seed_2029,2029,False,ninapro_db10_meganepro,physionet_hyser,0,0.0
encoder_seed_2029,2029,False,physionet_grabmyo,emg2pose,0,0.0
encoder_seed_2029,2029,False,physionet_grabmyo,emg2qwerty,0,0.0
encoder_seed_2029,2029,False,physionet_grabmyo,harmonic,0,0.0
encoder_seed_2029,2029,False,physionet_grabmyo,ninapro_db10_meganepro,0,0.0
encoder_seed_2029,2029,False,physionet_grabmyo,physionet_grabmyo,1280,1.0
encoder_seed_2029,2029,False,physionet_grabmyo,physionet_hyser,0,0.0
encoder_seed_2029,2029,False,physionet_hyser,emg2pose,0,0.0
encoder_seed_2029,2029,False,physionet_hyser,emg2qwerty,0,0.0
encoder_seed_2029,2029,False,physionet_hyser,harmonic,0,0.0
encoder_seed_2029,2029,False,physionet_hyser,ninapro_db10_meganepro,0,0.0
encoder_seed_2029,2029,False,physionet_hyser,physionet_grabmyo,0,0.0
encoder_seed_2029,2029,False,physionet_hyser,physionet_hyser,1253,1.0
encoder_seed_2029,2030,False,emg2pose,emg2pose,895,0.7047244094488189
encoder_seed_2029,2030,False,emg2pose,emg2qwerty,369,0.2905511811023622
encoder_seed_2029,2030,False,emg2pose,harmonic,4,0.0031496062992125
encoder_seed_2029,2030,False,emg2pose,ninapro_db10_meganepro,0,0.0
encoder_seed_2029,2030,False,emg2pose,physionet_grabmyo,0,0.0
encoder_seed_2029,2030,False,emg2pose,physionet_hyser,2,0.0015748031496062
encoder_seed_2029,2030,False,emg2qwerty,emg2pose,141,0.121866897147796
encoder_seed_2029,2030,False,emg2qwerty,emg2qwerty,1009,0.8720829732065687
encoder_seed_2029,2030,False,emg2qwerty,harmonic,0,0.0
encoder_seed_2029,2030,False,emg2qwerty,ninapro_db10_meganepro,0,0.0
encoder_seed_2029,2030,False,emg2qwerty,physionet_grabmyo,0,0.0
encoder_seed_2029,2030,False,emg2qwerty,physionet_hyser,7,0.0060501296456352
encoder_seed_2029,2030,False,harmonic,emg2pose,0,0.0
encoder_seed_2029,2030,False,harmonic,emg2qwerty,0,0.0
encoder_seed_2029,2030,False,harmonic,harmonic,1295,1.0
encoder_seed_2029,2030,False,harmonic,ninapro_db10_meganepro,0,0.0
encoder_seed_2029,2030,False,harmonic,physionet_grabmyo,0,0.0
encoder_seed_2029,2030,False,harmonic,physionet_hyser,0,0.0
encoder_seed_2029,2030,False,ninapro_db10_meganepro,emg2pose,0,0.0
encoder_seed_2029,2030,False,ninapro_db10_meganepro,emg2qwerty,0,0.0
encoder_seed_2029,2030,False,ninapro_db10_meganepro,harmonic,0,0.0
encoder_seed_2029,2030,False,ninapro_db10_meganepro,ninapro_db10_meganepro,1230,1.0
encoder_seed_2029,2030,False,ninapro_db10_meganepro,physionet_grabmyo,0,0.0
encoder_seed_2029,2030,False,ninapro_db10_meganepro,physionet_hyser,0,0.0
encoder_seed_2029,2030,False,physionet_grabmyo,emg2pose,0,0.0
encoder_seed_2029,2030,False,physionet_grabmyo,emg2qwerty,0,0.0
encoder_seed_2029,2030,False,physionet_grabmyo,harmonic,0,0.0
encoder_seed_2029,2030,False,physionet_grabmyo,ninapro_db10_meganepro,0,0.0
encoder_seed_2029,2030,False,physionet_grabmyo,physionet_grabmyo,1274,1.0
encoder_seed_2029,2030,False,physionet_grabmyo,physionet_hyser,0,0.0
encoder_seed_2029,2030,False,physionet_hyser,emg2pose,0,0.0
encoder_seed_2029,2030,False,physionet_hyser,emg2qwerty,0,0.0
encoder_seed_2029,2030,False,physionet_hyser,harmonic,0,0.0
encoder_seed_2029,2030,False,physionet_hyser,ninapro_db10_meganepro,0,0.0
encoder_seed_2029,2030,False,physionet_hyser,physionet_grabmyo,0,0.0
encoder_seed_2029,2030,False,physionet_hyser,physionet_hyser,1202,1.0
encoder_seed_2029,2031,False,emg2pose,emg2pose,905,0.7010069713400465
encoder_seed_2029,2031,False,emg2pose,emg2qwerty,367,0.284275755228505
encoder_seed_2029,2031,False,emg2pose,harmonic,1,0.0007745933384972
encoder_seed_2029,2031,False,emg2pose,ninapro_db10_meganepro,0,0.0
encoder_seed_2029,2031,False,emg2pose,physionet_grabmyo,0,0.0
encoder_seed_2029,2031,False,emg2pose,physionet_hyser,18,0.0139426800929512
encoder_seed_2029,2031,False,emg2qwerty,emg2pose,189,0.2065573770491803
encoder_seed_2029,2031,False,emg2qwerty,emg2qwerty,722,0.7890710382513662
encoder_seed_2029,2031,False,emg2qwerty,harmonic,0,0.0
encoder_seed_2029,2031,False,emg2qwerty,ninapro_db10_meganepro,0,0.0
encoder_seed_2029,2031,False,emg2qwerty,physionet_grabmyo,0,0.0
encoder_seed_2029,2031,False,emg2qwerty,physionet_hyser,4,0.0043715846994535
encoder_seed_2029,2031,False,harmonic,emg2pose,0,0.0
encoder_seed_2029,2031,False,harmonic,emg2qwerty,0,0.0
encoder_seed_2029,2031,False,harmonic,harmonic,1290,1.0
encoder_seed_2029,2031,False,harmonic,ninapro_db10_meganepro,0,0.0
encoder_seed_2029,2031,False,harmonic,physionet_grabmyo,0,0.0
encoder_seed_2029,2031,False,harmonic,physionet_hyser,0,0.0
encoder_seed_2029,2031,False,ninapro_db10_meganepro,emg2pose,0,0.0
encoder_seed_2029,2031,False,ninapro_db10_meganepro,emg2qwerty,0,0.0
encoder_seed_2029,2031,False,ninapro_db10_meganepro,harmonic,0,0.0
encoder_seed_2029,2031,False,ninapro_db10_meganepro,ninapro_db10_meganepro,1235,1.0
encoder_seed_2029,2031,False,ninapro_db10_meganepro,physionet_grabmyo,0,0.0
encoder_seed_2029,2031,False,ninapro_db10_meganepro,physionet_hyser,0,0.0
encoder_seed_2029,2031,False,physionet_grabmyo,emg2pose,0,0.0
encoder_seed_2029,2031,False,physionet_grabmyo,emg2qwerty,0,0.0
encoder_seed_2029,2031,False,physionet_grabmyo,harmonic,2,0.0015723270440251
encoder_seed_2029,2031,False,physionet_grabmyo,ninapro_db10_meganepro,0,0.0
encoder_seed_2029,2031,False,physionet_grabmyo,physionet_grabmyo,1270,0.9984276729559748
encoder_seed_2029,2031,False,physionet_grabmyo,physionet_hyser,0,0.0
encoder_seed_2029,2031,False,physionet_hyser,emg2pose,0,0.0
encoder_seed_2029,2031,False,physionet_hyser,emg2qwerty,0,0.0
encoder_seed_2029,2031,False,physionet_hyser,harmonic,0,0.0
encoder_seed_2029,2031,False,physionet_hyser,ninapro_db10_meganepro,0,0.0
encoder_seed_2029,2031,False,physionet_hyser,physionet_grabmyo,0,0.0
encoder_seed_2029,2031,False,physionet_hyser,physionet_hyser,1233,1.0
encoder_seed_2029,2032,False,emg2pose,emg2pose,1124,0.8547528517110267
encoder_seed_2029,2032,False,emg2pose,emg2qwerty,183,0.1391634980988593
encoder_seed_2029,2032,False,emg2pose,harmonic,4,0.003041825095057
encoder_seed_2029,2032,False,emg2pose,ninapro_db10_meganepro,0,0.0
encoder_seed_2029,2032,False,emg2pose,physionet_grabmyo,0,0.0
encoder_seed_2029,2032,False,emg2pose,physionet_hyser,4,0.003041825095057
encoder_seed_2029,2032,False,emg2qwerty,emg2pose,392,0.3487544483985765
encoder_seed_2029,2032,False,emg2qwerty,emg2qwerty,723,0.6432384341637011
encoder_seed_2029,2032,False,emg2qwerty,harmonic,0,0.0
encoder_seed_2029,2032,False,emg2qwerty,ninapro_db10_meganepro,0,0.0
encoder_seed_2029,2032,False,emg2qwerty,physionet_grabmyo,0,0.0
encoder_seed_2029,2032,False,emg2qwerty,physionet_hyser,9,0.0080071174377224
encoder_seed_2029,2032,False,harmonic,emg2pose,0,0.0
encoder_seed_2029,2032,False,harmonic,emg2qwerty,0,0.0
encoder_seed_2029,2032,False,harmonic,harmonic,1131,1.0
encoder_seed_2029,2032,False,harmonic,ninapro_db10_meganepro,0,0.0
encoder_seed_2029,2032,False,harmonic,physionet_grabmyo,0,0.0
encoder_seed_2029,2032,False,harmonic,physionet_hyser,0,0.0
encoder_seed_2029,2032,False,ninapro_db10_meganepro,emg2pose,0,0.0
encoder_seed_2029,2032,False,ninapro_db10_meganepro,emg2qwerty,0,0.0
encoder_seed_2029,2032,False,ninapro_db10_meganepro,harmonic,0,0.0
encoder_seed_2029,2032,False,ninapro_db10_meganepro,ninapro_db10_meganepro,1242,1.0
encoder_seed_2029,2032,False,ninapro_db10_meganepro,physionet_grabmyo,0,0.0
encoder_seed_2029,2032,False,ninapro_db10_meganepro,physionet_hyser,0,0.0
encoder_seed_2029,2032,False,physionet_grabmyo,emg2pose,0,0.0
encoder_seed_2029,2032,False,physionet_grabmyo,emg2qwerty,0,0.0
encoder_seed_2029,2032,False,physionet_grabmyo,harmonic,0,0.0
encoder_seed_2029,2032,False,physionet_grabmyo,ninapro_db10_meganepro,0,0.0
encoder_seed_2029,2032,False,physionet_grabmyo,physionet_grabmyo,1230,1.0
encoder_seed_2029,2032,False,physionet_grabmyo,physionet_hyser,0,0.0
encoder_seed_2029,2032,False,physionet_hyser,emg2pose,0,0.0
encoder_seed_2029,2032,False,physionet_hyser,emg2qwerty,0,0.0
encoder_seed_2029,2032,False,physionet_hyser,harmonic,0,0.0
encoder_seed_2029,2032,False,physionet_hyser,ninapro_db10_meganepro,0,0.0
encoder_seed_2029,2032,False,physionet_hyser,physionet_grabmyo,0,0.0
encoder_seed_2029,2032,False,physionet_hyser,physionet_hyser,1241,1.0
encoder_seed_2029,2033,False,emg2pose,emg2pose,1013,0.7651057401812689
encoder_seed_2029,2033,False,emg2pose,emg2qwerty,302,0.2280966767371601
encoder_seed_2029,2033,False,emg2pose,harmonic,4,0.0030211480362537
encoder_seed_2029,2033,False,emg2pose,ninapro_db10_meganepro,0,0.0
encoder_seed_2029,2033,False,emg2pose,physionet_grabmyo,0,0.0
encoder_seed_2029,2033,False,emg2pose,physionet_hyser,5,0.0037764350453172
encoder_seed_2029,2033,False,emg2qwerty,emg2pose,488,0.4341637010676156
encoder_seed_2029,2033,False,emg2qwerty,emg2qwerty,627,0.5578291814946619
encoder_seed_2029,2033,False,emg2qwerty,harmonic,0,0.0
encoder_seed_2029,2033,False,emg2qwerty,ninapro_db10_meganepro,1,0.0008896797153024
encoder_seed_2029,2033,False,emg2qwerty,physionet_grabmyo,0,0.0
encoder_seed_2029,2033,False,emg2qwerty,physionet_hyser,8,0.0071174377224199
encoder_seed_2029,2033,False,harmonic,emg2pose,0,0.0
encoder_seed_2029,2033,False,harmonic,emg2qwerty,0,0.0
encoder_seed_2029,2033,False,harmonic,harmonic,1450,1.0
encoder_seed_2029,2033,False,harmonic,ninapro_db10_meganepro,0,0.0
encoder_seed_2029,2033,False,harmonic,physionet_grabmyo,0,0.0
encoder_seed_2029,2033,False,harmonic,physionet_hyser,0,0.0
encoder_seed_2029,2033,False,ninapro_db10_meganepro,emg2pose,0,0.0
encoder_seed_2029,2033,False,ninapro_db10_meganepro,emg2qwerty,0,0.0
encoder_seed_2029,2033,False,ninapro_db10_meganepro,harmonic,0,0.0
encoder_seed_2029,2033,False,ninapro_db10_meganepro,ninapro_db10_meganepro,1253,1.0
encoder_seed_2029,2033,False,ninapro_db10_meganepro,physionet_grabmyo,0,0.0
encoder_seed_2029,2033,False,ninapro_db10_meganepro,physionet_hyser,0,0.0
encoder_seed_2029,2033,False,physionet_grabmyo,emg2pose,0,0.0
encoder_seed_2029,2033,False,physionet_grabmyo,emg2qwerty,0,0.0
encoder_seed_2029,2033,False,physionet_grabmyo,harmonic,0,0.0
encoder_seed_2029,2033,False,physionet_grabmyo,ninapro_db10_meganepro,0,0.0
encoder_seed_2029,2033,False,physionet_grabmyo,physionet_grabmyo,1284,1.0
encoder_seed_2029,2033,False,physionet_grabmyo,physionet_hyser,0,0.0
encoder_seed_2029,2033,False,physionet_hyser,emg2pose,0,0.0
encoder_seed_2029,2033,False,physionet_hyser,emg2qwerty,0,0.0
encoder_seed_2029,2033,False,physionet_hyser,harmonic,0,0.0
encoder_seed_2029,2033,False,physionet_hyser,ninapro_db10_meganepro,0,0.0
encoder_seed_2029,2033,False,physionet_hyser,physionet_grabmyo,0,0.0
encoder_seed_2029,2033,False,physionet_hyser,physionet_hyser,1279,1.0
encoder_seed_2029,2034,False,emg2pose,emg2pose,1165,0.8429811866859623
encoder_seed_2029,2034,False,emg2pose,emg2qwerty,212,0.1534008683068017
encoder_seed_2029,2034,False,emg2pose,harmonic,3,0.0021707670043415
encoder_seed_2029,2034,False,emg2pose,ninapro_db10_meganepro,0,0.0
encoder_seed_2029,2034,False,emg2pose,physionet_grabmyo,0,0.0
encoder_seed_2029,2034,False,emg2pose,physionet_hyser,2,0.0014471780028943
encoder_seed_2029,2034,False,emg2qwerty,emg2pose,122,0.1475211608222491
encoder_seed_2029,2034,False,emg2qwerty,emg2qwerty,704,0.8512696493349455
encoder_seed_2029,2034,False,emg2qwerty,harmonic,0,0.0
encoder_seed_2029,2034,False,emg2qwerty,ninapro_db10_meganepro,0,0.0
encoder_seed_2029,2034,False,emg2qwerty,physionet_grabmyo,0,0.0
encoder_seed_2029,2034,False,emg2qwerty,physionet_hyser,1,0.0012091898428053
encoder_seed_2029,2034,False,harmonic,emg2pose,0,0.0
encoder_seed_2029,2034,False,harmonic,emg2qwerty,0,0.0
encoder_seed_2029,2034,False,harmonic,harmonic,1268,1.0
encoder_seed_2029,2034,False,harmonic,ninapro_db10_meganepro,0,0.0
encoder_seed_2029,2034,False,harmonic,physionet_grabmyo,0,0.0
encoder_seed_2029,2034,False,harmonic,physionet_hyser,0,0.0
encoder_seed_2029,2034,False,ninapro_db10_meganepro,emg2pose,0,0.0
encoder_seed_2029,2034,False,ninapro_db10_meganepro,emg2qwerty,0,0.0
encoder_seed_2029,2034,False,ninapro_db10_meganepro,harmonic,0,0.0
encoder_seed_2029,2034,False,ninapro_db10_meganepro,ninapro_db10_meganepro,1251,1.0
encoder_seed_2029,2034,False,ninapro_db10_meganepro,physionet_grabmyo,0,0.0
encoder_seed_2029,2034,False,ninapro_db10_meganepro,physionet_hyser,0,0.0
encoder_seed_2029,2034,False,physionet_grabmyo,emg2pose,0,0.0
encoder_seed_2029,2034,False,physionet_grabmyo,emg2qwerty,0,0.0
encoder_seed_2029,2034,False,physionet_grabmyo,harmonic,1,0.0007898894154818
encoder_seed_2029,2034,False,physionet_grabmyo,ninapro_db10_meganepro,0,0.0
encoder_seed_2029,2034,False,physionet_grabmyo,physionet_grabmyo,1265,0.999210110584518
encoder_seed_2029,2034,False,physionet_grabmyo,physionet_hyser,0,0.0
encoder_seed_2029,2034,False,physionet_hyser,emg2pose,0,0.0
encoder_seed_2029,2034,False,physionet_hyser,emg2qwerty,0,0.0
encoder_seed_2029,2034,False,physionet_hyser,harmonic,0,0.0
encoder_seed_2029,2034,False,physionet_hyser,ninapro_db10_meganepro,0,0.0
encoder_seed_2029,2034,False,physionet_hyser,physionet_grabmyo,0,0.0
encoder_seed_2029,2034,False,physionet_hyser,physionet_hyser,1241,1.0
encoder_seed_2029,2035,False,emg2pose,emg2pose,1081,0.7902046783625731
encoder_seed_2029,2035,False,emg2pose,emg2qwerty,284,0.2076023391812865
encoder_seed_2029,2035,False,emg2pose,harmonic,0,0.0
encoder_seed_2029,2035,False,emg2pose,ninapro_db10_meganepro,0,0.0
encoder_seed_2029,2035,False,emg2pose,physionet_grabmyo,0,0.0
encoder_seed_2029,2035,False,emg2pose,physionet_hyser,3,0.0021929824561403
encoder_seed_2029,2035,False,emg2qwerty,emg2pose,181,0.2075688073394495
encoder_seed_2029,2035,False,emg2qwerty,emg2qwerty,684,0.7844036697247706
encoder_seed_2029,2035,False,emg2qwerty,harmonic,0,0.0
encoder_seed_2029,2035,False,emg2qwerty,ninapro_db10_meganepro,0,0.0
encoder_seed_2029,2035,False,emg2qwerty,physionet_grabmyo,5,0.0057339449541284
encoder_seed_2029,2035,False,emg2qwerty,physionet_hyser,2,0.0022935779816513
encoder_seed_2029,2035,False,harmonic,emg2pose,0,0.0
encoder_seed_2029,2035,False,harmonic,emg2qwerty,0,0.0
encoder_seed_2029,2035,False,harmonic,harmonic,1466,1.0
encoder_seed_2029,2035,False,harmonic,ninapro_db10_meganepro,0,0.0
encoder_seed_2029,2035,False,harmonic,physionet_grabmyo,0,0.0
encoder_seed_2029,2035,False,harmonic,physionet_hyser,0,0.0
encoder_seed_2029,2035,False,ninapro_db10_meganepro,emg2pose,0,0.0
encoder_seed_2029,2035,False,ninapro_db10_meganepro,emg2qwerty,0,0.0
encoder_seed_2029,2035,False,ninapro_db10_meganepro,harmonic,0,0.0
encoder_seed_2029,2035,False,ninapro_db10_meganepro,ninapro_db10_meganepro,1241,0.997588424437299
encoder_seed_2029,2035,False,ninapro_db10_meganepro,physionet_grabmyo,3,0.0024115755627009
encoder_seed_2029,2035,False,ninapro_db10_meganepro,physionet_hyser,0,0.0
encoder_seed_2029,2035,False,physionet_grabmyo,emg2pose,0,0.0
encoder_seed_2029,2035,False,physionet_grabmyo,emg2qwerty,0,0.0
encoder_seed_2029,2035,False,physionet_grabmyo,harmonic,1,0.0007704160246533
encoder_seed_2029,2035,False,physionet_grabmyo,ninapro_db10_meganepro,0,0.0
encoder_seed_2029,2035,False,physionet_grabmyo,physionet_grabmyo,1297,0.9992295839753468
encoder_seed_2029,2035,False,physionet_grabmyo,physionet_hyser,0,0.0
encoder_seed_2029,2035,False,physionet_hyser,emg2pose,0,0.0
encoder_seed_2029,2035,False,physionet_hyser,emg2qwerty,0,0.0
encoder_seed_2029,2035,False,physionet_hyser,harmonic,0,0.0
encoder_seed_2029,2035,False,physionet_hyser,ninapro_db10_meganepro,0,0.0
encoder_seed_2029,2035,False,physionet_hyser,physionet_grabmyo,0,0.0
encoder_seed_2029,2035,False,physionet_hyser,physionet_hyser,1291,1.0
encoder_seed_2029,2026,True,emg2pose,emg2pose,217,0.161578555472822
encoder_seed_2029,2026,True,emg2pose,emg2qwerty,208,0.1548771407297096
encoder_seed_2029,2026,True,emg2pose,harmonic,192,0.1429635145197319
encoder_seed_2029,2026,True,emg2pose,ninapro_db10_meganepro,233,0.1734921816827997
encoder_seed_2029,2026,True,emg2pose,physionet_grabmyo,238,0.1772151898734177
encoder_seed_2029,2026,True,emg2pose,physionet_hyser,255,0.189873417721519
encoder_seed_2029,2026,True,emg2qwerty,emg2pose,194,0.2055084745762712
encoder_seed_2029,2026,True,emg2qwerty,emg2qwerty,167,0.1769067796610169
encoder_seed_2029,2026,True,emg2qwerty,harmonic,174,0.1843220338983051
encoder_seed_2029,2026,True,emg2qwerty,ninapro_db10_meganepro,166,0.1758474576271186
encoder_seed_2029,2026,True,emg2qwerty,physionet_grabmyo,111,0.1175847457627118
encoder_seed_2029,2026,True,emg2qwerty,physionet_hyser,132,0.1398305084745762
encoder_seed_2029,2026,True,harmonic,emg2pose,0,0.0
encoder_seed_2029,2026,True,harmonic,emg2qwerty,0,0.0
encoder_seed_2029,2026,True,harmonic,harmonic,124,0.1279669762641898
encoder_seed_2029,2026,True,harmonic,ninapro_db10_meganepro,714,0.7368421052631579
encoder_seed_2029,2026,True,harmonic,physionet_grabmyo,131,0.1351909184726522
encoder_seed_2029,2026,True,harmonic,physionet_hyser,0,0.0
encoder_seed_2029,2026,True,ninapro_db10_meganepro,emg2pose,145,0.1155378486055776
encoder_seed_2029,2026,True,ninapro_db10_meganepro,emg2qwerty,103,0.0820717131474103
encoder_seed_2029,2026,True,ninapro_db10_meganepro,harmonic,125,0.099601593625498
encoder_seed_2029,2026,True,ninapro_db10_meganepro,ninapro_db10_meganepro,258,0.2055776892430278
encoder_seed_2029,2026,True,ninapro_db10_meganepro,physionet_grabmyo,452,0.3601593625498008
encoder_seed_2029,2026,True,ninapro_db10_meganepro,physionet_hyser,172,0.1370517928286852
encoder_seed_2029,2026,True,physionet_grabmyo,emg2pose,286,0.2278884462151394
encoder_seed_2029,2026,True,physionet_grabmyo,emg2qwerty,261,0.2079681274900398
encoder_seed_2029,2026,True,physionet_grabmyo,harmonic,79,0.0629482071713147
encoder_seed_2029,2026,True,physionet_grabmyo,ninapro_db10_meganepro,163,0.1298804780876494
encoder_seed_2029,2026,True,physionet_grabmyo,physionet_grabmyo,218,0.1737051792828685
encoder_seed_2029,2026,True,physionet_grabmyo,physionet_hyser,248,0.197609561752988
encoder_seed_2029,2026,True,physionet_hyser,emg2pose,332,0.2645418326693227
encoder_seed_2029,2026,True,physionet_hyser,emg2qwerty,182,0.1450199203187251
encoder_seed_2029,2026,True,physionet_hyser,harmonic,228,0.1816733067729083
encoder_seed_2029,2026,True,physionet_hyser,ninapro_db10_meganepro,168,0.1338645418326693
encoder_seed_2029,2026,True,physionet_hyser,physionet_grabmyo,247,0.196812749003984
encoder_seed_2029,2026,True,physionet_hyser,physionet_hyser,98,0.0780876494023904
encoder_seed_2029,2027,True,emg2pose,emg2pose,168,0.1237113402061855
encoder_seed_2029,2027,True,emg2pose,emg2qwerty,254,0.187039764359352
encoder_seed_2029,2027,True,emg2pose,harmonic,180,0.1325478645066274
encoder_seed_2029,2027,True,emg2pose,ninapro_db10_meganepro,284,0.2091310751104565
encoder_seed_2029,2027,True,emg2pose,physionet_grabmyo,221,0.1627393225331369
encoder_seed_2029,2027,True,emg2pose,physionet_hyser,251,0.1848306332842415
encoder_seed_2029,2027,True,emg2qwerty,emg2pose,164,0.1818181818181818
encoder_seed_2029,2027,True,emg2qwerty,emg2qwerty,154,0.1707317073170731
encoder_seed_2029,2027,True,emg2qwerty,harmonic,87,0.0964523281596452
encoder_seed_2029,2027,True,emg2qwerty,ninapro_db10_meganepro,207,0.229490022172949
encoder_seed_2029,2027,True,emg2qwerty,physionet_grabmyo,142,0.1574279379157428
encoder_seed_2029,2027,True,emg2qwerty,physionet_hyser,148,0.164079822616408
encoder_seed_2029,2027,True,harmonic,emg2pose,3,0.0020188425302826
encoder_seed_2029,2027,True,harmonic,emg2qwerty,315,0.211978465679677
encoder_seed_2029,2027,True,harmonic,harmonic,958,0.6446837146702558
encoder_seed_2029,2027,True,harmonic,ninapro_db10_meganepro,150,0.1009421265141319
encoder_seed_2029,2027,True,harmonic,physionet_grabmyo,60,0.0403768506056527
encoder_seed_2029,2027,True,harmonic,physionet_hyser,0,0.0
encoder_seed_2029,2027,True,ninapro_db10_meganepro,emg2pose,331,0.2643769968051118
encoder_seed_2029,2027,True,ninapro_db10_meganepro,emg2qwerty,337,0.2691693290734824
encoder_seed_2029,2027,True,ninapro_db10_meganepro,harmonic,163,0.1301916932907348
encoder_seed_2029,2027,True,ninapro_db10_meganepro,ninapro_db10_meganepro,55,0.0439297124600639
encoder_seed_2029,2027,True,ninapro_db10_meganepro,physionet_grabmyo,131,0.1046325878594249
encoder_seed_2029,2027,True,ninapro_db10_meganepro,physionet_hyser,235,0.1876996805111821
encoder_seed_2029,2027,True,physionet_grabmyo,emg2pose,153,0.1215250198570293
encoder_seed_2029,2027,True,physionet_grabmyo,emg2qwerty,127,0.1008737092930897
encoder_seed_2029,2027,True,physionet_grabmyo,harmonic,308,0.244638602065131
encoder_seed_2029,2027,True,physionet_grabmyo,ninapro_db10_meganepro,232,0.1842732327243844
encoder_seed_2029,2027,True,physionet_grabmyo,physionet_grabmyo,125,0.0992851469420174
encoder_seed_2029,2027,True,physionet_grabmyo,physionet_hyser,314,0.2494042891183479
encoder_seed_2029,2027,True,physionet_hyser,emg2pose,149,0.1188197767145135
encoder_seed_2029,2027,True,physionet_hyser,emg2qwerty,127,0.1012759170653907
encoder_seed_2029,2027,True,physionet_hyser,harmonic,237,0.1889952153110047
encoder_seed_2029,2027,True,physionet_hyser,ninapro_db10_meganepro,83,0.0661881977671451
encoder_seed_2029,2027,True,physionet_hyser,physionet_grabmyo,337,0.2687400318979266
encoder_seed_2029,2027,True,physionet_hyser,physionet_hyser,321,0.2559808612440191
encoder_seed_2029,2028,True,emg2pose,emg2pose,286,0.2113821138211382
encoder_seed_2029,2028,True,emg2pose,emg2qwerty,244,0.180339985218034
encoder_seed_2029,2028,True,emg2pose,harmonic,209,0.1544715447154471
encoder_seed_2029,2028,True,emg2pose,ninapro_db10_meganepro,232,0.1714708056171471
encoder_seed_2029,2028,True,emg2pose,physionet_grabmyo,209,0.1544715447154471
encoder_seed_2029,2028,True,emg2pose,physionet_hyser,173,0.1278640059127864
encoder_seed_2029,2028,True,emg2qwerty,emg2pose,135,0.1498335183129855
encoder_seed_2029,2028,True,emg2qwerty,emg2qwerty,131,0.1453940066592675
encoder_seed_2029,2028,True,emg2qwerty,harmonic,172,0.1908990011098779
encoder_seed_2029,2028,True,emg2qwerty,ninapro_db10_meganepro,154,0.1709211986681465
encoder_seed_2029,2028,True,emg2qwerty,physionet_grabmyo,141,0.1564927857935627
encoder_seed_2029,2028,True,emg2qwerty,physionet_hyser,168,0.1864594894561598
encoder_seed_2029,2028,True,harmonic,emg2pose,88,0.0592193808882907
encoder_seed_2029,2028,True,harmonic,emg2qwerty,408,0.2745625841184387
encoder_seed_2029,2028,True,harmonic,harmonic,0,0.0
encoder_seed_2029,2028,True,harmonic,ninapro_db10_meganepro,81,0.0545087483176312
encoder_seed_2029,2028,True,harmonic,physionet_grabmyo,0,0.0
encoder_seed_2029,2028,True,harmonic,physionet_hyser,909,0.6117092866756393
encoder_seed_2029,2028,True,ninapro_db10_meganepro,emg2pose,45,0.0355731225296442
encoder_seed_2029,2028,True,ninapro_db10_meganepro,emg2qwerty,20,0.0158102766798418
encoder_seed_2029,2028,True,ninapro_db10_meganepro,harmonic,402,0.3177865612648221
encoder_seed_2029,2028,True,ninapro_db10_meganepro,ninapro_db10_meganepro,196,0.1549407114624506
encoder_seed_2029,2028,True,ninapro_db10_meganepro,physionet_grabmyo,295,0.233201581027668
encoder_seed_2029,2028,True,ninapro_db10_meganepro,physionet_hyser,307,0.2426877470355731
encoder_seed_2029,2028,True,physionet_grabmyo,emg2pose,149,0.115414407436096
encoder_seed_2029,2028,True,physionet_grabmyo,emg2qwerty,214,0.1657629744384198
encoder_seed_2029,2028,True,physionet_grabmyo,harmonic,354,0.2742060418280402
encoder_seed_2029,2028,True,physionet_grabmyo,ninapro_db10_meganepro,97,0.075135553834237
encoder_seed_2029,2028,True,physionet_grabmyo,physionet_grabmyo,123,0.0952749806351665
encoder_seed_2029,2028,True,physionet_grabmyo,physionet_hyser,354,0.2742060418280402
encoder_seed_2029,2028,True,physionet_hyser,emg2pose,221,0.1805555555555555
encoder_seed_2029,2028,True,physionet_hyser,emg2qwerty,265,0.2165032679738562
encoder_seed_2029,2028,True,physionet_hyser,harmonic,131,0.1070261437908496
encoder_seed_2029,2028,True,physionet_hyser,ninapro_db10_meganepro,407,0.332516339869281
encoder_seed_2029,2028,True,physionet_hyser,physionet_grabmyo,127,0.1037581699346405
encoder_seed_2029,2028,True,physionet_hyser,physionet_hyser,73,0.059640522875817
encoder_seed_2029,2029,True,emg2pose,emg2pose,257,0.1933784800601956
encoder_seed_2029,2029,True,emg2pose,emg2qwerty,240,0.1805869074492099
encoder_seed_2029,2029,True,emg2pose,harmonic,195,0.146726862302483
encoder_seed_2029,2029,True,emg2pose,ninapro_db10_meganepro,230,0.1730624529721595
encoder_seed_2029,2029,True,emg2pose,physionet_grabmyo,204,0.1534988713318284
encoder_seed_2029,2029,True,emg2pose,physionet_hyser,203,0.1527464258841234
encoder_seed_2029,2029,True,emg2qwerty,emg2pose,152,0.1685144124168514
encoder_seed_2029,2029,True,emg2qwerty,emg2qwerty,95,0.1053215077605321
encoder_seed_2029,2029,True,emg2qwerty,harmonic,214,0.237250554323725
encoder_seed_2029,2029,True,emg2qwerty,ninapro_db10_meganepro,147,0.1629711751662971
encoder_seed_2029,2029,True,emg2qwerty,physionet_grabmyo,179,0.1984478935698448
encoder_seed_2029,2029,True,emg2qwerty,physionet_hyser,115,0.1274944567627494
encoder_seed_2029,2029,True,harmonic,emg2pose,337,0.3134883720930232
encoder_seed_2029,2029,True,harmonic,emg2qwerty,638,0.5934883720930233
encoder_seed_2029,2029,True,harmonic,harmonic,0,0.0
encoder_seed_2029,2029,True,harmonic,ninapro_db10_meganepro,12,0.0111627906976744
encoder_seed_2029,2029,True,harmonic,physionet_grabmyo,0,0.0
encoder_seed_2029,2029,True,harmonic,physionet_hyser,88,0.081860465116279
encoder_seed_2029,2029,True,ninapro_db10_meganepro,emg2pose,194,0.1525157232704402
encoder_seed_2029,2029,True,ninapro_db10_meganepro,emg2qwerty,470,0.3694968553459119
encoder_seed_2029,2029,True,ninapro_db10_meganepro,harmonic,100,0.0786163522012578
encoder_seed_2029,2029,True,ninapro_db10_meganepro,ninapro_db10_meganepro,171,0.1344339622641509
encoder_seed_2029,2029,True,ninapro_db10_meganepro,physionet_grabmyo,107,0.0841194968553459
encoder_seed_2029,2029,True,ninapro_db10_meganepro,physionet_hyser,230,0.180817610062893
encoder_seed_2029,2029,True,physionet_grabmyo,emg2pose,221,0.17265625
encoder_seed_2029,2029,True,physionet_grabmyo,emg2qwerty,221,0.17265625
encoder_seed_2029,2029,True,physionet_grabmyo,harmonic,228,0.178125
encoder_seed_2029,2029,True,physionet_grabmyo,ninapro_db10_meganepro,165,0.12890625
encoder_seed_2029,2029,True,physionet_grabmyo,physionet_grabmyo,190,0.1484375
encoder_seed_2029,2029,True,physionet_grabmyo,physionet_hyser,255,0.19921875
encoder_seed_2029,2029,True,physionet_hyser,emg2pose,156,0.1245011971268954
encoder_seed_2029,2029,True,physionet_hyser,emg2qwerty,231,0.1843575418994413
encoder_seed_2029,2029,True,physionet_hyser,harmonic,197,0.1572226656025538
encoder_seed_2029,2029,True,physionet_hyser,ninapro_db10_meganepro,262,0.2090981644054269
encoder_seed_2029,2029,True,physionet_hyser,physionet_grabmyo,147,0.1173184357541899
encoder_seed_2029,2029,True,physionet_hyser,physionet_hyser,260,0.2075019952114924
encoder_seed_2029,2030,True,emg2pose,emg2pose,226,0.1779527559055118
encoder_seed_2029,2030,True,emg2pose,emg2qwerty,228,0.1795275590551181
encoder_seed_2029,2030,True,emg2pose,harmonic,155,0.1220472440944882
encoder_seed_2029,2030,True,emg2pose,ninapro_db10_meganepro,238,0.1874015748031496
encoder_seed_2029,2030,True,emg2pose,physionet_grabmyo,209,0.1645669291338582
encoder_seed_2029,2030,True,emg2pose,physionet_hyser,214,0.168503937007874
encoder_seed_2029,2030,True,emg2qwerty,emg2pose,240,0.2074330164217804
encoder_seed_2029,2030,True,emg2qwerty,emg2qwerty,162,0.1400172860847018
encoder_seed_2029,2030,True,emg2qwerty,harmonic,149,0.128781331028522
encoder_seed_2029,2030,True,emg2qwerty,ninapro_db10_meganepro,154,0.1331028522039758
encoder_seed_2029,2030,True,emg2qwerty,physionet_grabmyo,198,0.1711322385479688
encoder_seed_2029,2030,True,emg2qwerty,physionet_hyser,254,0.219533275713051
encoder_seed_2029,2030,True,harmonic,emg2pose,104,0.0803088803088803
encoder_seed_2029,2030,True,harmonic,emg2qwerty,9,0.0069498069498069
encoder_seed_2029,2030,True,harmonic,harmonic,288,0.2223938223938223
encoder_seed_2029,2030,True,harmonic,ninapro_db10_meganepro,46,0.0355212355212355
encoder_seed_2029,2030,True,harmonic,physionet_grabmyo,0,0.0
encoder_seed_2029,2030,True,harmonic,physionet_hyser,848,0.6548262548262548
encoder_seed_2029,2030,True,ninapro_db10_meganepro,emg2pose,355,0.2886178861788618
encoder_seed_2029,2030,True,ninapro_db10_meganepro,emg2qwerty,268,0.2178861788617886
encoder_seed_2029,2030,True,ninapro_db10_meganepro,harmonic,36,0.0292682926829268
encoder_seed_2029,2030,True,ninapro_db10_meganepro,ninapro_db10_meganepro,95,0.0772357723577235
encoder_seed_2029,2030,True,ninapro_db10_meganepro,physionet_grabmyo,240,0.1951219512195122
encoder_seed_2029,2030,True,ninapro_db10_meganepro,physionet_hyser,236,0.191869918699187
encoder_seed_2029,2030,True,physionet_grabmyo,emg2pose,222,0.1742543171114599
encoder_seed_2029,2030,True,physionet_grabmyo,emg2qwerty,120,0.0941915227629513
encoder_seed_2029,2030,True,physionet_grabmyo,harmonic,149,0.1169544740973312
encoder_seed_2029,2030,True,physionet_grabmyo,ninapro_db10_meganepro,171,0.1342229199372056
encoder_seed_2029,2030,True,physionet_grabmyo,physionet_grabmyo,399,0.3131868131868132
encoder_seed_2029,2030,True,physionet_grabmyo,physionet_hyser,213,0.1671899529042386
encoder_seed_2029,2030,True,physionet_hyser,emg2pose,144,0.1198003327787021
encoder_seed_2029,2030,True,physionet_hyser,emg2qwerty,116,0.0965058236272878
encoder_seed_2029,2030,True,physionet_hyser,harmonic,382,0.3178036605657238
encoder_seed_2029,2030,True,physionet_hyser,ninapro_db10_meganepro,226,0.1880199667221297
encoder_seed_2029,2030,True,physionet_hyser,physionet_grabmyo,123,0.1023294509151414
encoder_seed_2029,2030,True,physionet_hyser,physionet_hyser,211,0.1755407653910149
encoder_seed_2029,2031,True,emg2pose,emg2pose,182,0.1409759876065066
encoder_seed_2029,2031,True,emg2pose,emg2qwerty,201,0.155693261037955
encoder_seed_2029,2031,True,emg2pose,harmonic,270,0.209140201394268
encoder_seed_2029,2031,True,emg2pose,ninapro_db10_meganepro,214,0.1657629744384198
encoder_seed_2029,2031,True,emg2pose,physionet_grabmyo,216,0.1673121611154144
encoder_seed_2029,2031,True,emg2pose,physionet_hyser,208,0.1611154144074361
encoder_seed_2029,2031,True,emg2qwerty,emg2pose,192,0.2098360655737705
encoder_seed_2029,2031,True,emg2qwerty,emg2qwerty,140,0.1530054644808743
encoder_seed_2029,2031,True,emg2qwerty,harmonic,152,0.1661202185792349
encoder_seed_2029,2031,True,emg2qwerty,ninapro_db10_meganepro,184,0.2010928961748634
encoder_seed_2029,2031,True,emg2qwerty,physionet_grabmyo,142,0.1551912568306011
encoder_seed_2029,2031,True,emg2qwerty,physionet_hyser,105,0.1147540983606557
encoder_seed_2029,2031,True,harmonic,emg2pose,3,0.0023255813953488
encoder_seed_2029,2031,True,harmonic,emg2qwerty,10,0.0077519379844961
encoder_seed_2029,2031,True,harmonic,harmonic,25,0.0193798449612403
encoder_seed_2029,2031,True,harmonic,ninapro_db10_meganepro,0,0.0
encoder_seed_2029,2031,True,harmonic,physionet_grabmyo,16,0.0124031007751937
encoder_seed_2029,2031,True,harmonic,physionet_hyser,1236,0.958139534883721
encoder_seed_2029,2031,True,ninapro_db10_meganepro,emg2pose,189,0.1530364372469635
encoder_seed_2029,2031,True,ninapro_db10_meganepro,emg2qwerty,61,0.0493927125506072
encoder_seed_2029,2031,True,ninapro_db10_meganepro,harmonic,273,0.2210526315789473
encoder_seed_2029,2031,True,ninapro_db10_meganepro,ninapro_db10_meganepro,318,0.2574898785425101
encoder_seed_2029,2031,True,ninapro_db10_meganepro,physionet_grabmyo,236,0.1910931174089069
encoder_seed_2029,2031,True,ninapro_db10_meganepro,physionet_hyser,158,0.1279352226720647
encoder_seed_2029,2031,True,physionet_grabmyo,emg2pose,169,0.1328616352201257
encoder_seed_2029,2031,True,physionet_grabmyo,emg2qwerty,233,0.1831761006289308
encoder_seed_2029,2031,True,physionet_grabmyo,harmonic,394,0.3097484276729559
encoder_seed_2029,2031,True,physionet_grabmyo,ninapro_db10_meganepro,146,0.1147798742138364
encoder_seed_2029,2031,True,physionet_grabmyo,physionet_grabmyo,198,0.1556603773584905
encoder_seed_2029,2031,True,physionet_grabmyo,physionet_hyser,132,0.1037735849056603
encoder_seed_2029,2031,True,physionet_hyser,emg2pose,183,0.1484184914841849
encoder_seed_2029,2031,True,physionet_hyser,emg2qwerty,194,0.1573398215733982
encoder_seed_2029,2031,True,physionet_hyser,harmonic,220,0.178426601784266
encoder_seed_2029,2031,True,physionet_hyser,ninapro_db10_meganepro,300,0.24330900243309
encoder_seed_2029,2031,True,physionet_hyser,physionet_grabmyo,151,0.1224655312246553
encoder_seed_2029,2031,True,physionet_hyser,physionet_hyser,185,0.1500405515004055
encoder_seed_2029,2032,True,emg2pose,emg2pose,228,0.1733840304182509
encoder_seed_2029,2032,True,emg2pose,emg2qwerty,230,0.1749049429657794
encoder_seed_2029,2032,True,emg2pose,harmonic,201,0.1528517110266159
encoder_seed_2029,2032,True,emg2pose,ninapro_db10_meganepro,180,0.1368821292775665
encoder_seed_2029,2032,True,emg2pose,physionet_grabmyo,228,0.1733840304182509
encoder_seed_2029,2032,True,emg2pose,physionet_hyser,248,0.1885931558935361
encoder_seed_2029,2032,True,emg2qwerty,emg2pose,186,0.1654804270462633
encoder_seed_2029,2032,True,emg2qwerty,emg2qwerty,220,0.195729537366548
encoder_seed_2029,2032,True,emg2qwerty,harmonic,215,0.1912811387900355
encoder_seed_2029,2032,True,emg2qwerty,ninapro_db10_meganepro,150,0.1334519572953736
encoder_seed_2029,2032,True,emg2qwerty,physionet_grabmyo,196,0.1743772241992882
encoder_seed_2029,2032,True,emg2qwerty,physionet_hyser,157,0.1396797153024911
encoder_seed_2029,2032,True,harmonic,emg2pose,0,0.0
encoder_seed_2029,2032,True,harmonic,emg2qwerty,7,0.0061892130857648
encoder_seed_2029,2032,True,harmonic,harmonic,962,0.8505747126436781
encoder_seed_2029,2032,True,harmonic,ninapro_db10_meganepro,104,0.0919540229885057
encoder_seed_2029,2032,True,harmonic,physionet_grabmyo,0,0.0
encoder_seed_2029,2032,True,harmonic,physionet_hyser,58,0.0512820512820512
encoder_seed_2029,2032,True,ninapro_db10_meganepro,emg2pose,159,0.1280193236714976
encoder_seed_2029,2032,True,ninapro_db10_meganepro,emg2qwerty,316,0.2544283413848631
encoder_seed_2029,2032,True,ninapro_db10_meganepro,harmonic,170,0.1368760064412238
encoder_seed_2029,2032,True,ninapro_db10_meganepro,ninapro_db10_meganepro,238,0.1916264090177133
encoder_seed_2029,2032,True,ninapro_db10_meganepro,physionet_grabmyo,65,0.0523349436392914
encoder_seed_2029,2032,True,ninapro_db10_meganepro,physionet_hyser,294,0.2367149758454106
encoder_seed_2029,2032,True,physionet_grabmyo,emg2pose,299,0.2430894308943089
encoder_seed_2029,2032,True,physionet_grabmyo,emg2qwerty,309,0.2512195121951219
encoder_seed_2029,2032,True,physionet_grabmyo,harmonic,82,0.0666666666666666
encoder_seed_2029,2032,True,physionet_grabmyo,ninapro_db10_meganepro,133,0.108130081300813
encoder_seed_2029,2032,True,physionet_grabmyo,physionet_grabmyo,242,0.1967479674796748
encoder_seed_2029,2032,True,physionet_grabmyo,physionet_hyser,165,0.1341463414634146
encoder_seed_2029,2032,True,physionet_hyser,emg2pose,307,0.2473811442385173
encoder_seed_2029,2032,True,physionet_hyser,emg2qwerty,146,0.1176470588235294
encoder_seed_2029,2032,True,physionet_hyser,harmonic,116,0.0934730056406124
encoder_seed_2029,2032,True,physionet_hyser,ninapro_db10_meganepro,227,0.1829170024174053
encoder_seed_2029,2032,True,physionet_hyser,physionet_grabmyo,255,0.2054794520547945
encoder_seed_2029,2032,True,physionet_hyser,physionet_hyser,190,0.153102336825141
encoder_seed_2029,2033,True,emg2pose,emg2pose,212,0.1601208459214501
encoder_seed_2029,2033,True,emg2pose,emg2qwerty,203,0.1533232628398791
encoder_seed_2029,2033,True,emg2pose,harmonic,200,0.1510574018126888
encoder_seed_2029,2033,True,emg2pose,ninapro_db10_meganepro,223,0.168429003021148
encoder_seed_2029,2033,True,emg2pose,physionet_grabmyo,236,0.1782477341389728
encoder_seed_2029,2033,True,emg2pose,physionet_hyser,250,0.188821752265861
encoder_seed_2029,2033,True,emg2qwerty,emg2pose,171,0.152135231316726
encoder_seed_2029,2033,True,emg2qwerty,emg2qwerty,169,0.1503558718861209
encoder_seed_2029,2033,True,emg2qwerty,harmonic,184,0.1637010676156583
encoder_seed_2029,2033,True,emg2qwerty,ninapro_db10_meganepro,177,0.1574733096085409
encoder_seed_2029,2033,True,emg2qwerty,physionet_grabmyo,229,0.2037366548042704
encoder_seed_2029,2033,True,emg2qwerty,physionet_hyser,194,0.1725978647686832
encoder_seed_2029,2033,True,harmonic,emg2pose,13,0.0089655172413793
encoder_seed_2029,2033,True,harmonic,emg2qwerty,885,0.6103448275862069
encoder_seed_2029,2033,True,harmonic,harmonic,10,0.0068965517241379
encoder_seed_2029,2033,True,harmonic,ninapro_db10_meganepro,296,0.2041379310344827
encoder_seed_2029,2033,True,harmonic,physionet_grabmyo,230,0.1586206896551724
encoder_seed_2029,2033,True,harmonic,physionet_hyser,16,0.0110344827586206
encoder_seed_2029,2033,True,ninapro_db10_meganepro,emg2pose,338,0.2697525937749401
encoder_seed_2029,2033,True,ninapro_db10_meganepro,emg2qwerty,135,0.1077414205905826
encoder_seed_2029,2033,True,ninapro_db10_meganepro,harmonic,242,0.1931364724660814
encoder_seed_2029,2033,True,ninapro_db10_meganepro,ninapro_db10_meganepro,191,0.1524341580207502
encoder_seed_2029,2033,True,ninapro_db10_meganepro,physionet_grabmyo,212,0.169193934557063
encoder_seed_2029,2033,True,ninapro_db10_meganepro,physionet_hyser,135,0.1077414205905826
encoder_seed_2029,2033,True,physionet_grabmyo,emg2pose,186,0.1448598130841121
encoder_seed_2029,2033,True,physionet_grabmyo,emg2qwerty,215,0.1674454828660436
encoder_seed_2029,2033,True,physionet_grabmyo,harmonic,412,0.3208722741433021
encoder_seed_2029,2033,True,physionet_grabmyo,ninapro_db10_meganepro,94,0.073208722741433
encoder_seed_2029,2033,True,physionet_grabmyo,physionet_grabmyo,214,0.1666666666666666
encoder_seed_2029,2033,True,physionet_grabmyo,physionet_hyser,163,0.1269470404984423
encoder_seed_2029,2033,True,physionet_hyser,emg2pose,228,0.1782642689601251
encoder_seed_2029,2033,True,physionet_hyser,emg2qwerty,166,0.1297888975762314
encoder_seed_2029,2033,True,physionet_hyser,harmonic,132,0.1032056293979671
encoder_seed_2029,2033,True,physionet_hyser,ninapro_db10_meganepro,160,0.1250977326035965
encoder_seed_2029,2033,True,physionet_hyser,physionet_grabmyo,205,0.1602814698983581
encoder_seed_2029,2033,True,physionet_hyser,physionet_hyser,388,0.3033620015637217
encoder_seed_2029,2034,True,emg2pose,emg2pose,225,0.162807525325615
encoder_seed_2029,2034,True,emg2pose,emg2qwerty,244,0.1765557163531114
encoder_seed_2029,2034,True,emg2pose,harmonic,217,0.1570188133140376
encoder_seed_2029,2034,True,emg2pose,ninapro_db10_meganepro,209,0.1512301013024602
encoder_seed_2029,2034,True,emg2pose,physionet_grabmyo,224,0.1620839363241678
encoder_seed_2029,2034,True,emg2pose,physionet_hyser,263,0.1903039073806078
encoder_seed_2029,2034,True,emg2qwerty,emg2pose,148,0.1789600967351874
encoder_seed_2029,2034,True,emg2qwerty,emg2qwerty,218,0.2636033857315598
encoder_seed_2029,2034,True,emg2qwerty,harmonic,110,0.1330108827085852
encoder_seed_2029,2034,True,emg2qwerty,ninapro_db10_meganepro,113,0.1366384522370012
encoder_seed_2029,2034,True,emg2qwerty,physionet_grabmyo,98,0.1185006045949214
encoder_seed_2029,2034,True,emg2qwerty,physionet_hyser,140,0.1692865779927448
encoder_seed_2029,2034,True,harmonic,emg2pose,826,0.6514195583596214
encoder_seed_2029,2034,True,harmonic,emg2qwerty,93,0.0733438485804416
encoder_seed_2029,2034,True,harmonic,harmonic,289,0.2279179810725552
encoder_seed_2029,2034,True,harmonic,ninapro_db10_meganepro,0,0.0
encoder_seed_2029,2034,True,harmonic,physionet_grabmyo,11,0.0086750788643533
encoder_seed_2029,2034,True,harmonic,physionet_hyser,49,0.0386435331230283
encoder_seed_2029,2034,True,ninapro_db10_meganepro,emg2pose,151,0.1207034372501998
encoder_seed_2029,2034,True,ninapro_db10_meganepro,emg2qwerty,49,0.0391686650679456
encoder_seed_2029,2034,True,ninapro_db10_meganepro,harmonic,219,0.1750599520383693
encoder_seed_2029,2034,True,ninapro_db10_meganepro,ninapro_db10_meganepro,131,0.1047162270183852
encoder_seed_2029,2034,True,ninapro_db10_meganepro,physionet_grabmyo,306,0.2446043165467626
encoder_seed_2029,2034,True,ninapro_db10_meganepro,physionet_hyser,395,0.3157474020783373
encoder_seed_2029,2034,True,physionet_grabmyo,emg2pose,71,0.0560821484992101
encoder_seed_2029,2034,True,physionet_grabmyo,emg2qwerty,329,0.2598736176935229
encoder_seed_2029,2034,True,physionet_grabmyo,harmonic,320,0.2527646129541864
encoder_seed_2029,2034,True,physionet_grabmyo,ninapro_db10_meganepro,192,0.1516587677725118
encoder_seed_2029,2034,True,physionet_grabmyo,physionet_grabmyo,271,0.2140600315955766
encoder_seed_2029,2034,True,physionet_grabmyo,physionet_hyser,83,0.0655608214849921
encoder_seed_2029,2034,True,physionet_hyser,emg2pose,261,0.2103142626913779
encoder_seed_2029,2034,True,physionet_hyser,emg2qwerty,113,0.0910556003223207
encoder_seed_2029,2034,True,physionet_hyser,harmonic,240,0.193392425463336
encoder_seed_2029,2034,True,physionet_hyser,ninapro_db10_meganepro,304,0.2449637389202256
encoder_seed_2029,2034,True,physionet_hyser,physionet_grabmyo,153,0.1232876712328767
encoder_seed_2029,2034,True,physionet_hyser,physionet_hyser,170,0.136986301369863
encoder_seed_2029,2035,True,emg2pose,emg2pose,258,0.1885964912280701
encoder_seed_2029,2035,True,emg2pose,emg2qwerty,266,0.1944444444444444
encoder_seed_2029,2035,True,emg2pose,harmonic,249,0.1820175438596491
encoder_seed_2029,2035,True,emg2pose,ninapro_db10_meganepro,239,0.1747076023391812
encoder_seed_2029,2035,True,emg2pose,physionet_grabmyo,173,0.1264619883040935
encoder_seed_2029,2035,True,emg2pose,physionet_hyser,183,0.1337719298245614
encoder_seed_2029,2035,True,emg2qwerty,emg2pose,127,0.1456422018348623
encoder_seed_2029,2035,True,emg2qwerty,emg2qwerty,119,0.1364678899082568
encoder_seed_2029,2035,True,emg2qwerty,harmonic,155,0.1777522935779816
encoder_seed_2029,2035,True,emg2qwerty,ninapro_db10_meganepro,219,0.2511467889908257
encoder_seed_2029,2035,True,emg2qwerty,physionet_grabmyo,152,0.1743119266055046
encoder_seed_2029,2035,True,emg2qwerty,physionet_hyser,100,0.1146788990825688
encoder_seed_2029,2035,True,harmonic,emg2pose,0,0.0
encoder_seed_2029,2035,True,harmonic,emg2qwerty,925,0.630968622100955
encoder_seed_2029,2035,True,harmonic,harmonic,174,0.1186903137789904
encoder_seed_2029,2035,True,harmonic,ninapro_db10_meganepro,17,0.0115961800818553
encoder_seed_2029,2035,True,harmonic,physionet_grabmyo,2,0.0013642564802182
encoder_seed_2029,2035,True,harmonic,physionet_hyser,348,0.2373806275579809
encoder_seed_2029,2035,True,ninapro_db10_meganepro,emg2pose,168,0.135048231511254
encoder_seed_2029,2035,True,ninapro_db10_meganepro,emg2qwerty,206,0.1655948553054662
encoder_seed_2029,2035,True,ninapro_db10_meganepro,harmonic,253,0.2033762057877813
encoder_seed_2029,2035,True,ninapro_db10_meganepro,ninapro_db10_meganepro,196,0.157556270096463
encoder_seed_2029,2035,True,ninapro_db10_meganepro,physionet_grabmyo,152,0.1221864951768488
encoder_seed_2029,2035,True,ninapro_db10_meganepro,physionet_hyser,269,0.2162379421221865
encoder_seed_2029,2035,True,physionet_grabmyo,emg2pose,139,0.1070878274268104
encoder_seed_2029,2035,True,physionet_grabmyo,emg2qwerty,130,0.1001540832049306
encoder_seed_2029,2035,True,physionet_grabmyo,harmonic,60,0.0462249614791987
encoder_seed_2029,2035,True,physionet_grabmyo,ninapro_db10_meganepro,243,0.187211093990755
encoder_seed_2029,2035,True,physionet_grabmyo,physionet_grabmyo,459,0.3536209553158705
encoder_seed_2029,2035,True,physionet_grabmyo,physionet_hyser,267,0.2057010785824345
encoder_seed_2029,2035,True,physionet_hyser,emg2pose,259,0.2006196746707978
encoder_seed_2029,2035,True,physionet_hyser,emg2qwerty,225,0.17428350116189
encoder_seed_2029,2035,True,physionet_hyser,harmonic,171,0.1324554608830364
encoder_seed_2029,2035,True,physionet_hyser,ninapro_db10_meganepro,243,0.1882261812548412
encoder_seed_2029,2035,True,physionet_hyser,physionet_grabmyo,123,0.0952749806351665
encoder_seed_2029,2035,True,physionet_hyser,physionet_hyser,270,0.209140201394268
encoder_seed_2030,2026,False,emg2pose,emg2pose,982,0.731198808637379
encoder_seed_2030,2026,False,emg2pose,emg2qwerty,341,0.2539091586001489
encoder_seed_2030,2026,False,emg2pose,harmonic,0,0.0
encoder_seed_2030,2026,False,emg2pose,ninapro_db10_meganepro,1,0.0007446016381236
encoder_seed_2030,2026,False,emg2pose,physionet_grabmyo,0,0.0
encoder_seed_2030,2026,False,emg2pose,physionet_hyser,19,0.0141474311243484
encoder_seed_2030,2026,False,emg2qwerty,emg2pose,180,0.1906779661016949
encoder_seed_2030,2026,False,emg2qwerty,emg2qwerty,762,0.8072033898305084
encoder_seed_2030,2026,False,emg2qwerty,harmonic,0,0.0
encoder_seed_2030,2026,False,emg2qwerty,ninapro_db10_meganepro,0,0.0
encoder_seed_2030,2026,False,emg2qwerty,physionet_grabmyo,0,0.0
encoder_seed_2030,2026,False,emg2qwerty,physionet_hyser,2,0.0021186440677966
encoder_seed_2030,2026,False,harmonic,emg2pose,0,0.0
encoder_seed_2030,2026,False,harmonic,emg2qwerty,0,0.0
encoder_seed_2030,2026,False,harmonic,harmonic,969,1.0
encoder_seed_2030,2026,False,harmonic,ninapro_db10_meganepro,0,0.0
encoder_seed_2030,2026,False,harmonic,physionet_grabmyo,0,0.0
encoder_seed_2030,2026,False,harmonic,physionet_hyser,0,0.0
encoder_seed_2030,2026,False,ninapro_db10_meganepro,emg2pose,0,0.0
encoder_seed_2030,2026,False,ninapro_db10_meganepro,emg2qwerty,0,0.0
encoder_seed_2030,2026,False,ninapro_db10_meganepro,harmonic,2,0.0015936254980079
encoder_seed_2030,2026,False,ninapro_db10_meganepro,ninapro_db10_meganepro,1253,0.998406374501992
encoder_seed_2030,2026,False,ninapro_db10_meganepro,physionet_grabmyo,0,0.0
encoder_seed_2030,2026,False,ninapro_db10_meganepro,physionet_hyser,0,0.0
encoder_seed_2030,2026,False,physionet_grabmyo,emg2pose,0,0.0
encoder_seed_2030,2026,False,physionet_grabmyo,emg2qwerty,0,0.0
encoder_seed_2030,2026,False,physionet_grabmyo,harmonic,0,0.0
encoder_seed_2030,2026,False,physionet_grabmyo,ninapro_db10_meganepro,0,0.0
encoder_seed_2030,2026,False,physionet_grabmyo,physionet_grabmyo,1255,1.0
encoder_seed_2030,2026,False,physionet_grabmyo,physionet_hyser,0,0.0
encoder_seed_2030,2026,False,physionet_hyser,emg2pose,0,0.0
encoder_seed_2030,2026,False,physionet_hyser,emg2qwerty,0,0.0
encoder_seed_2030,2026,False,physionet_hyser,harmonic,0,0.0
encoder_seed_2030,2026,False,physionet_hyser,ninapro_db10_meganepro,0,0.0
encoder_seed_2030,2026,False,physionet_hyser,physionet_grabmyo,0,0.0
encoder_seed_2030,2026,False,physionet_hyser,physionet_hyser,1255,1.0
encoder_seed_2030,2027,False,emg2pose,emg2pose,1060,0.780559646539028
encoder_seed_2030,2027,False,emg2pose,emg2qwerty,297,0.2187039764359352
encoder_seed_2030,2027,False,emg2pose,harmonic,1,0.0007363770250368
encoder_seed_2030,2027,False,emg2pose,ninapro_db10_meganepro,0,0.0
encoder_seed_2030,2027,False,emg2pose,physionet_grabmyo,0,0.0
encoder_seed_2030,2027,False,emg2pose,physionet_hyser,0,0.0
encoder_seed_2030,2027,False,emg2qwerty,emg2pose,262,0.2904656319290465
encoder_seed_2030,2027,False,emg2qwerty,emg2qwerty,639,0.7084257206208425
encoder_seed_2030,2027,False,emg2qwerty,harmonic,0,0.0
encoder_seed_2030,2027,False,emg2qwerty,ninapro_db10_meganepro,0,0.0
encoder_seed_2030,2027,False,emg2qwerty,physionet_grabmyo,0,0.0
encoder_seed_2030,2027,False,emg2qwerty,physionet_hyser,1,0.0011086474501108
encoder_seed_2030,2027,False,harmonic,emg2pose,0,0.0
encoder_seed_2030,2027,False,harmonic,emg2qwerty,0,0.0
encoder_seed_2030,2027,False,harmonic,harmonic,1486,1.0
encoder_seed_2030,2027,False,harmonic,ninapro_db10_meganepro,0,0.0
encoder_seed_2030,2027,False,harmonic,physionet_grabmyo,0,0.0
encoder_seed_2030,2027,False,harmonic,physionet_hyser,0,0.0
encoder_seed_2030,2027,False,ninapro_db10_meganepro,emg2pose,0,0.0
encoder_seed_2030,2027,False,ninapro_db10_meganepro,emg2qwerty,0,0.0
encoder_seed_2030,2027,False,ninapro_db10_meganepro,harmonic,0,0.0
encoder_seed_2030,2027,False,ninapro_db10_meganepro,ninapro_db10_meganepro,1252,1.0
encoder_seed_2030,2027,False,ninapro_db10_meganepro,physionet_grabmyo,0,0.0
encoder_seed_2030,2027,False,ninapro_db10_meganepro,physionet_hyser,0,0.0
encoder_seed_2030,2027,False,physionet_grabmyo,emg2pose,0,0.0
encoder_seed_2030,2027,False,physionet_grabmyo,emg2qwerty,0,0.0
encoder_seed_2030,2027,False,physionet_grabmyo,harmonic,0,0.0
encoder_seed_2030,2027,False,physionet_grabmyo,ninapro_db10_meganepro,0,0.0
encoder_seed_2030,2027,False,physionet_grabmyo,physionet_grabmyo,1259,1.0
encoder_seed_2030,2027,False,physionet_grabmyo,physionet_hyser,0,0.0
encoder_seed_2030,2027,False,physionet_hyser,emg2pose,0,0.0
encoder_seed_2030,2027,False,physionet_hyser,emg2qwerty,0,0.0
encoder_seed_2030,2027,False,physionet_hyser,harmonic,0,0.0
encoder_seed_2030,2027,False,physionet_hyser,ninapro_db10_meganepro,0,0.0
encoder_seed_2030,2027,False,physionet_hyser,physionet_grabmyo,0,0.0
encoder_seed_2030,2027,False,physionet_hyser,physionet_hyser,1254,1.0
encoder_seed_2030,2028,False,emg2pose,emg2pose,1058,0.7819660014781966
encoder_seed_2030,2028,False,emg2pose,emg2qwerty,292,0.2158167036215816
encoder_seed_2030,2028,False,emg2pose,harmonic,0,0.0
encoder_seed_2030,2028,False,emg2pose,ninapro_db10_meganepro,0,0.0
encoder_seed_2030,2028,False,emg2pose,physionet_grabmyo,0,0.0
encoder_seed_2030,2028,False,emg2pose,physionet_hyser,3,0.0022172949002217
encoder_seed_2030,2028,False,emg2qwerty,emg2pose,161,0.1786903440621531
encoder_seed_2030,2028,False,emg2qwerty,emg2qwerty,738,0.8190899001109878
encoder_seed_2030,2028,False,emg2qwerty,harmonic,0,0.0
encoder_seed_2030,2028,False,emg2qwerty,ninapro_db10_meganepro,0,0.0
encoder_seed_2030,2028,False,emg2qwerty,physionet_grabmyo,1,0.0011098779134295
encoder_seed_2030,2028,False,emg2qwerty,physionet_hyser,1,0.0011098779134295
encoder_seed_2030,2028,False,harmonic,emg2pose,0,0.0
encoder_seed_2030,2028,False,harmonic,emg2qwerty,0,0.0
encoder_seed_2030,2028,False,harmonic,harmonic,1486,1.0
encoder_seed_2030,2028,False,harmonic,ninapro_db10_meganepro,0,0.0
encoder_seed_2030,2028,False,harmonic,physionet_grabmyo,0,0.0
encoder_seed_2030,2028,False,harmonic,physionet_hyser,0,0.0
encoder_seed_2030,2028,False,ninapro_db10_meganepro,emg2pose,0,0.0
encoder_seed_2030,2028,False,ninapro_db10_meganepro,emg2qwerty,0,0.0
encoder_seed_2030,2028,False,ninapro_db10_meganepro,harmonic,0,0.0
encoder_seed_2030,2028,False,ninapro_db10_meganepro,ninapro_db10_meganepro,1265,1.0
encoder_seed_2030,2028,False,ninapro_db10_meganepro,physionet_grabmyo,0,0.0
encoder_seed_2030,2028,False,ninapro_db10_meganepro,physionet_hyser,0,0.0
encoder_seed_2030,2028,False,physionet_grabmyo,emg2pose,0,0.0
encoder_seed_2030,2028,False,physionet_grabmyo,emg2qwerty,0,0.0
encoder_seed_2030,2028,False,physionet_grabmyo,harmonic,1,0.0007745933384972
encoder_seed_2030,2028,False,physionet_grabmyo,ninapro_db10_meganepro,0,0.0
encoder_seed_2030,2028,False,physionet_grabmyo,physionet_grabmyo,1290,0.9992254066615028
encoder_seed_2030,2028,False,physionet_grabmyo,physionet_hyser,0,0.0
encoder_seed_2030,2028,False,physionet_hyser,emg2pose,0,0.0
encoder_seed_2030,2028,False,physionet_hyser,emg2qwerty,0,0.0
encoder_seed_2030,2028,False,physionet_hyser,harmonic,0,0.0
encoder_seed_2030,2028,False,physionet_hyser,ninapro_db10_meganepro,0,0.0
encoder_seed_2030,2028,False,physionet_hyser,physionet_grabmyo,0,0.0
encoder_seed_2030,2028,False,physionet_hyser,physionet_hyser,1224,1.0
encoder_seed_2030,2029,False,emg2pose,emg2pose,1121,0.8434913468773514
encoder_seed_2030,2029,False,emg2pose,emg2qwerty,206,0.1550037622272385
encoder_seed_2030,2029,False,emg2pose,harmonic,1,0.000752445447705
encoder_seed_2030,2029,False,emg2pose,ninapro_db10_meganepro,0,0.0
encoder_seed_2030,2029,False,emg2pose,physionet_grabmyo,0,0.0
encoder_seed_2030,2029,False,emg2pose,physionet_hyser,1,0.000752445447705
encoder_seed_2030,2029,False,emg2qwerty,emg2pose,151,0.1674057649667406
encoder_seed_2030,2029,False,emg2qwerty,emg2qwerty,751,0.8325942350332595
encoder_seed_2030,2029,False,emg2qwerty,harmonic,0,0.0
encoder_seed_2030,2029,False,emg2qwerty,ninapro_db10_meganepro,0,0.0
encoder_seed_2030,2029,False,emg2qwerty,physionet_grabmyo,0,0.0
encoder_seed_2030,2029,False,emg2qwerty,physionet_hyser,0,0.0
encoder_seed_2030,2029,False,harmonic,emg2pose,0,0.0
encoder_seed_2030,2029,False,harmonic,emg2qwerty,0,0.0
encoder_seed_2030,2029,False,harmonic,harmonic,1075,1.0
encoder_seed_2030,2029,False,harmonic,ninapro_db10_meganepro,0,0.0
encoder_seed_2030,2029,False,harmonic,physionet_grabmyo,0,0.0
encoder_seed_2030,2029,False,harmonic,physionet_hyser,0,0.0
encoder_seed_2030,2029,False,ninapro_db10_meganepro,emg2pose,0,0.0
encoder_seed_2030,2029,False,ninapro_db10_meganepro,emg2qwerty,0,0.0
encoder_seed_2030,2029,False,ninapro_db10_meganepro,harmonic,0,0.0
encoder_seed_2030,2029,False,ninapro_db10_meganepro,ninapro_db10_meganepro,1272,1.0
encoder_seed_2030,2029,False,ninapro_db10_meganepro,physionet_grabmyo,0,0.0
encoder_seed_2030,2029,False,ninapro_db10_meganepro,physionet_hyser,0,0.0
encoder_seed_2030,2029,False,physionet_grabmyo,emg2pose,0,0.0
encoder_seed_2030,2029,False,physionet_grabmyo,emg2qwerty,0,0.0
encoder_seed_2030,2029,False,physionet_grabmyo,harmonic,0,0.0
encoder_seed_2030,2029,False,physionet_grabmyo,ninapro_db10_meganepro,0,0.0
encoder_seed_2030,2029,False,physionet_grabmyo,physionet_grabmyo,1280,1.0
encoder_seed_2030,2029,False,physionet_grabmyo,physionet_hyser,0,0.0
encoder_seed_2030,2029,False,physionet_hyser,emg2pose,0,0.0
encoder_seed_2030,2029,False,physionet_hyser,emg2qwerty,0,0.0
encoder_seed_2030,2029,False,physionet_hyser,harmonic,0,0.0
encoder_seed_2030,2029,False,physionet_hyser,ninapro_db10_meganepro,0,0.0
encoder_seed_2030,2029,False,physionet_hyser,physionet_grabmyo,0,0.0
encoder_seed_2030,2029,False,physionet_hyser,physionet_hyser,1253,1.0
encoder_seed_2030,2030,False,emg2pose,emg2pose,922,0.7259842519685039
encoder_seed_2030,2030,False,emg2pose,emg2qwerty,345,0.2716535433070866
encoder_seed_2030,2030,False,emg2pose,harmonic,1,0.0007874015748031
encoder_seed_2030,2030,False,emg2pose,ninapro_db10_meganepro,1,0.0007874015748031
encoder_seed_2030,2030,False,emg2pose,physionet_grabmyo,0,0.0
encoder_seed_2030,2030,False,emg2pose,physionet_hyser,1,0.0007874015748031
encoder_seed_2030,2030,False,emg2qwerty,emg2pose,157,0.135695764909248
encoder_seed_2030,2030,False,emg2qwerty,emg2qwerty,994,0.8591184096802075
encoder_seed_2030,2030,False,emg2qwerty,harmonic,0,0.0
encoder_seed_2030,2030,False,emg2qwerty,ninapro_db10_meganepro,0,0.0
encoder_seed_2030,2030,False,emg2qwerty,physionet_grabmyo,0,0.0
encoder_seed_2030,2030,False,emg2qwerty,physionet_hyser,6,0.0051858254105445
encoder_seed_2030,2030,False,harmonic,emg2pose,0,0.0
encoder_seed_2030,2030,False,harmonic,emg2qwerty,0,0.0
encoder_seed_2030,2030,False,harmonic,harmonic,1295,1.0
encoder_seed_2030,2030,False,harmonic,ninapro_db10_meganepro,0,0.0
encoder_seed_2030,2030,False,harmonic,physionet_grabmyo,0,0.0
encoder_seed_2030,2030,False,harmonic,physionet_hyser,0,0.0
encoder_seed_2030,2030,False,ninapro_db10_meganepro,emg2pose,0,0.0
encoder_seed_2030,2030,False,ninapro_db10_meganepro,emg2qwerty,0,0.0
encoder_seed_2030,2030,False,ninapro_db10_meganepro,harmonic,0,0.0
encoder_seed_2030,2030,False,ninapro_db10_meganepro,ninapro_db10_meganepro,1230,1.0
encoder_seed_2030,2030,False,ninapro_db10_meganepro,physionet_grabmyo,0,0.0
encoder_seed_2030,2030,False,ninapro_db10_meganepro,physionet_hyser,0,0.0
encoder_seed_2030,2030,False,physionet_grabmyo,emg2pose,0,0.0
encoder_seed_2030,2030,False,physionet_grabmyo,emg2qwerty,0,0.0
encoder_seed_2030,2030,False,physionet_grabmyo,harmonic,0,0.0
encoder_seed_2030,2030,False,physionet_grabmyo,ninapro_db10_meganepro,0,0.0
encoder_seed_2030,2030,False,physionet_grabmyo,physionet_grabmyo,1274,1.0
encoder_seed_2030,2030,False,physionet_grabmyo,physionet_hyser,0,0.0
encoder_seed_2030,2030,False,physionet_hyser,emg2pose,0,0.0
encoder_seed_2030,2030,False,physionet_hyser,emg2qwerty,0,0.0
encoder_seed_2030,2030,False,physionet_hyser,harmonic,0,0.0
encoder_seed_2030,2030,False,physionet_hyser,ninapro_db10_meganepro,0,0.0
encoder_seed_2030,2030,False,physionet_hyser,physionet_grabmyo,0,0.0
encoder_seed_2030,2030,False,physionet_hyser,physionet_hyser,1202,1.0
encoder_seed_2030,2031,False,emg2pose,emg2pose,921,0.713400464756003
encoder_seed_2030,2031,False,emg2pose,emg2qwerty,347,0.2687838884585593
encoder_seed_2030,2031,False,emg2pose,harmonic,0,0.0
encoder_seed_2030,2031,False,emg2pose,ninapro_db10_meganepro,2,0.0015491866769945
encoder_seed_2030,2031,False,emg2pose,physionet_grabmyo,1,0.0007745933384972
encoder_seed_2030,2031,False,emg2pose,physionet_hyser,20,0.0154918667699457
encoder_seed_2030,2031,False,emg2qwerty,emg2pose,234,0.2557377049180327
encoder_seed_2030,2031,False,emg2qwerty,emg2qwerty,677,0.7398907103825136
encoder_seed_2030,2031,False,emg2qwerty,harmonic,0,0.0
encoder_seed_2030,2031,False,emg2qwerty,ninapro_db10_meganepro,0,0.0
encoder_seed_2030,2031,False,emg2qwerty,physionet_grabmyo,0,0.0
encoder_seed_2030,2031,False,emg2qwerty,physionet_hyser,4,0.0043715846994535
encoder_seed_2030,2031,False,harmonic,emg2pose,0,0.0
encoder_seed_2030,2031,False,harmonic,emg2qwerty,0,0.0
encoder_seed_2030,2031,False,harmonic,harmonic,1290,1.0
encoder_seed_2030,2031,False,harmonic,ninapro_db10_meganepro,0,0.0
encoder_seed_2030,2031,False,harmonic,physionet_grabmyo,0,0.0
encoder_seed_2030,2031,False,harmonic,physionet_hyser,0,0.0
encoder_seed_2030,2031,False,ninapro_db10_meganepro,emg2pose,0,0.0
encoder_seed_2030,2031,False,ninapro_db10_meganepro,emg2qwerty,0,0.0
encoder_seed_2030,2031,False,ninapro_db10_meganepro,harmonic,0,0.0
encoder_seed_2030,2031,False,ninapro_db10_meganepro,ninapro_db10_meganepro,1235,1.0
encoder_seed_2030,2031,False,ninapro_db10_meganepro,physionet_grabmyo,0,0.0
encoder_seed_2030,2031,False,ninapro_db10_meganepro,physionet_hyser,0,0.0
encoder_seed_2030,2031,False,physionet_grabmyo,emg2pose,0,0.0
encoder_seed_2030,2031,False,physionet_grabmyo,emg2qwerty,0,0.0
encoder_seed_2030,2031,False,physionet_grabmyo,harmonic,0,0.0
encoder_seed_2030,2031,False,physionet_grabmyo,ninapro_db10_meganepro,0,0.0
encoder_seed_2030,2031,False,physionet_grabmyo,physionet_grabmyo,1272,1.0
encoder_seed_2030,2031,False,physionet_grabmyo,physionet_hyser,0,0.0
encoder_seed_2030,2031,False,physionet_hyser,emg2pose,0,0.0
encoder_seed_2030,2031,False,physionet_hyser,emg2qwerty,0,0.0
encoder_seed_2030,2031,False,physionet_hyser,harmonic,0,0.0
encoder_seed_2030,2031,False,physionet_hyser,ninapro_db10_meganepro,0,0.0
encoder_seed_2030,2031,False,physionet_hyser,physionet_grabmyo,0,0.0
encoder_seed_2030,2031,False,physionet_hyser,physionet_hyser,1233,1.0
encoder_seed_2030,2032,False,emg2pose,emg2pose,1114,0.847148288973384
encoder_seed_2030,2032,False,emg2pose,emg2qwerty,192,0.1460076045627376
encoder_seed_2030,2032,False,emg2pose,harmonic,4,0.003041825095057
encoder_seed_2030,2032,False,emg2pose,ninapro_db10_meganepro,0,0.0
encoder_seed_2030,2032,False,emg2pose,physionet_grabmyo,0,0.0
encoder_seed_2030,2032,False,emg2pose,physionet_hyser,5,0.0038022813688212
encoder_seed_2030,2032,False,emg2qwerty,emg2pose,357,0.3176156583629893
encoder_seed_2030,2032,False,emg2qwerty,emg2qwerty,758,0.6743772241992882
encoder_seed_2030,2032,False,emg2qwerty,harmonic,0,0.0
encoder_seed_2030,2032,False,emg2qwerty,ninapro_db10_meganepro,0,0.0
encoder_seed_2030,2032,False,emg2qwerty,physionet_grabmyo,0,0.0
encoder_seed_2030,2032,False,emg2qwerty,physionet_hyser,9,0.0080071174377224
encoder_seed_2030,2032,False,harmonic,emg2pose,0,0.0
encoder_seed_2030,2032,False,harmonic,emg2qwerty,0,0.0
encoder_seed_2030,2032,False,harmonic,harmonic,1131,1.0
encoder_seed_2030,2032,False,harmonic,ninapro_db10_meganepro,0,0.0
encoder_seed_2030,2032,False,harmonic,physionet_grabmyo,0,0.0
encoder_seed_2030,2032,False,harmonic,physionet_hyser,0,0.0
encoder_seed_2030,2032,False,ninapro_db10_meganepro,emg2pose,0,0.0
encoder_seed_2030,2032,False,ninapro_db10_meganepro,emg2qwerty,0,0.0
encoder_seed_2030,2032,False,ninapro_db10_meganepro,harmonic,0,0.0
encoder_seed_2030,2032,False,ninapro_db10_meganepro,ninapro_db10_meganepro,1242,1.0
encoder_seed_2030,2032,False,ninapro_db10_meganepro,physionet_grabmyo,0,0.0
encoder_seed_2030,2032,False,ninapro_db10_meganepro,physionet_hyser,0,0.0
encoder_seed_2030,2032,False,physionet_grabmyo,emg2pose,0,0.0
encoder_seed_2030,2032,False,physionet_grabmyo,emg2qwerty,0,0.0
encoder_seed_2030,2032,False,physionet_grabmyo,harmonic,0,0.0
encoder_seed_2030,2032,False,physionet_grabmyo,ninapro_db10_meganepro,0,0.0
encoder_seed_2030,2032,False,physionet_grabmyo,physionet_grabmyo,1230,1.0
encoder_seed_2030,2032,False,physionet_grabmyo,physionet_hyser,0,0.0
encoder_seed_2030,2032,False,physionet_hyser,emg2pose,0,0.0
encoder_seed_2030,2032,False,physionet_hyser,emg2qwerty,0,0.0
encoder_seed_2030,2032,False,physionet_hyser,harmonic,0,0.0
encoder_seed_2030,2032,False,physionet_hyser,ninapro_db10_meganepro,0,0.0
encoder_seed_2030,2032,False,physionet_hyser,physionet_grabmyo,0,0.0
encoder_seed_2030,2032,False,physionet_hyser,physionet_hyser,1241,1.0
encoder_seed_2030,2033,False,emg2pose,emg2pose,994,0.7507552870090635
encoder_seed_2030,2033,False,emg2pose,emg2qwerty,322,0.243202416918429
encoder_seed_2030,2033,False,emg2pose,harmonic,2,0.0015105740181268
encoder_seed_2030,2033,False,emg2pose,ninapro_db10_meganepro,1,0.0007552870090634
encoder_seed_2030,2033,False,emg2pose,physionet_grabmyo,1,0.0007552870090634
encoder_seed_2030,2033,False,emg2pose,physionet_hyser,4,0.0030211480362537
encoder_seed_2030,2033,False,emg2qwerty,emg2pose,472,0.4199288256227758
encoder_seed_2030,2033,False,emg2qwerty,emg2qwerty,643,0.5720640569395018
encoder_seed_2030,2033,False,emg2qwerty,harmonic,0,0.0
encoder_seed_2030,2033,False,emg2qwerty,ninapro_db10_meganepro,0,0.0
encoder_seed_2030,2033,False,emg2qwerty,physionet_grabmyo,0,0.0
encoder_seed_2030,2033,False,emg2qwerty,physionet_hyser,9,0.0080071174377224
encoder_seed_2030,2033,False,harmonic,emg2pose,0,0.0
encoder_seed_2030,2033,False,harmonic,emg2qwerty,0,0.0
encoder_seed_2030,2033,False,harmonic,harmonic,1450,1.0
encoder_seed_2030,2033,False,harmonic,ninapro_db10_meganepro,0,0.0
encoder_seed_2030,2033,False,harmonic,physionet_grabmyo,0,0.0
encoder_seed_2030,2033,False,harmonic,physionet_hyser,0,0.0
encoder_seed_2030,2033,False,ninapro_db10_meganepro,emg2pose,0,0.0
encoder_seed_2030,2033,False,ninapro_db10_meganepro,emg2qwerty,0,0.0
encoder_seed_2030,2033,False,ninapro_db10_meganepro,harmonic,0,0.0
encoder_seed_2030,2033,False,ninapro_db10_meganepro,ninapro_db10_meganepro,1253,1.0
encoder_seed_2030,2033,False,ninapro_db10_meganepro,physionet_grabmyo,0,0.0
encoder_seed_2030,2033,False,ninapro_db10_meganepro,physionet_hyser,0,0.0
encoder_seed_2030,2033,False,physionet_grabmyo,emg2pose,0,0.0
encoder_seed_2030,2033,False,physionet_grabmyo,emg2qwerty,0,0.0
encoder_seed_2030,2033,False,physionet_grabmyo,harmonic,0,0.0
encoder_seed_2030,2033,False,physionet_grabmyo,ninapro_db10_meganepro,0,0.0
encoder_seed_2030,2033,False,physionet_grabmyo,physionet_grabmyo,1284,1.0
encoder_seed_2030,2033,False,physionet_grabmyo,physionet_hyser,0,0.0
encoder_seed_2030,2033,False,physionet_hyser,emg2pose,0,0.0
encoder_seed_2030,2033,False,physionet_hyser,emg2qwerty,0,0.0
encoder_seed_2030,2033,False,physionet_hyser,harmonic,0,0.0
encoder_seed_2030,2033,False,physionet_hyser,ninapro_db10_meganepro,0,0.0
encoder_seed_2030,2033,False,physionet_hyser,physionet_grabmyo,0,0.0
encoder_seed_2030,2033,False,physionet_hyser,physionet_hyser,1279,1.0
encoder_seed_2030,2034,False,emg2pose,emg2pose,1164,0.8422575976845152
encoder_seed_2030,2034,False,emg2pose,emg2qwerty,214,0.1548480463096961
encoder_seed_2030,2034,False,emg2pose,harmonic,0,0.0
encoder_seed_2030,2034,False,emg2pose,ninapro_db10_meganepro,0,0.0
encoder_seed_2030,2034,False,emg2pose,physionet_grabmyo,0,0.0
encoder_seed_2030,2034,False,emg2pose,physionet_hyser,4,0.0028943560057887
encoder_seed_2030,2034,False,emg2qwerty,emg2pose,183,0.2212817412333736
encoder_seed_2030,2034,False,emg2qwerty,emg2qwerty,642,0.7762998790810157
encoder_seed_2030,2034,False,emg2qwerty,harmonic,0,0.0
encoder_seed_2030,2034,False,emg2qwerty,ninapro_db10_meganepro,0,0.0
encoder_seed_2030,2034,False,emg2qwerty,physionet_grabmyo,0,0.0
encoder_seed_2030,2034,False,emg2qwerty,physionet_hyser,2,0.0024183796856106
encoder_seed_2030,2034,False,harmonic,emg2pose,0,0.0
encoder_seed_2030,2034,False,harmonic,emg2qwerty,0,0.0
encoder_seed_2030,2034,False,harmonic,harmonic,1268,1.0
encoder_seed_2030,2034,False,harmonic,ninapro_db10_meganepro,0,0.0
encoder_seed_2030,2034,False,harmonic,physionet_grabmyo,0,0.0
encoder_seed_2030,2034,False,harmonic,physionet_hyser,0,0.0
encoder_seed_2030,2034,False,ninapro_db10_meganepro,emg2pose,0,0.0
encoder_seed_2030,2034,False,ninapro_db10_meganepro,emg2qwerty,0,0.0
encoder_seed_2030,2034,False,ninapro_db10_meganepro,harmonic,0,0.0
encoder_seed_2030,2034,False,ninapro_db10_meganepro,ninapro_db10_meganepro,1251,1.0
encoder_seed_2030,2034,False,ninapro_db10_meganepro,physionet_grabmyo,0,0.0
encoder_seed_2030,2034,False,ninapro_db10_meganepro,physionet_hyser,0,0.0
encoder_seed_2030,2034,False,physionet_grabmyo,emg2pose,0,0.0
encoder_seed_2030,2034,False,physionet_grabmyo,emg2qwerty,0,0.0
encoder_seed_2030,2034,False,physionet_grabmyo,harmonic,0,0.0
encoder_seed_2030,2034,False,physionet_grabmyo,ninapro_db10_meganepro,0,0.0
encoder_seed_2030,2034,False,physionet_grabmyo,physionet_grabmyo,1266,1.0
encoder_seed_2030,2034,False,physionet_grabmyo,physionet_hyser,0,0.0
encoder_seed_2030,2034,False,physionet_hyser,emg2pose,0,0.0
encoder_seed_2030,2034,False,physionet_hyser,emg2qwerty,0,0.0
encoder_seed_2030,2034,False,physionet_hyser,harmonic,0,0.0
encoder_seed_2030,2034,False,physionet_hyser,ninapro_db10_meganepro,0,0.0
encoder_seed_2030,2034,False,physionet_hyser,physionet_grabmyo,0,0.0
encoder_seed_2030,2034,False,physionet_hyser,physionet_hyser,1241,1.0
encoder_seed_2030,2035,False,emg2pose,emg2pose,1043,0.7624269005847953
encoder_seed_2030,2035,False,emg2pose,emg2qwerty,316,0.2309941520467836
encoder_seed_2030,2035,False,emg2pose,harmonic,0,0.0
encoder_seed_2030,2035,False,emg2pose,ninapro_db10_meganepro,0,0.0
encoder_seed_2030,2035,False,emg2pose,physionet_grabmyo,2,0.0014619883040935
encoder_seed_2030,2035,False,emg2pose,physionet_hyser,7,0.0051169590643274
encoder_seed_2030,2035,False,emg2qwerty,emg2pose,192,0.2201834862385321
encoder_seed_2030,2035,False,emg2qwerty,emg2qwerty,677,0.7763761467889908
encoder_seed_2030,2035,False,emg2qwerty,harmonic,0,0.0
encoder_seed_2030,2035,False,emg2qwerty,ninapro_db10_meganepro,0,0.0
encoder_seed_2030,2035,False,emg2qwerty,physionet_grabmyo,1,0.0011467889908256
encoder_seed_2030,2035,False,emg2qwerty,physionet_hyser,2,0.0022935779816513
encoder_seed_2030,2035,False,harmonic,emg2pose,0,0.0
encoder_seed_2030,2035,False,harmonic,emg2qwerty,0,0.0
encoder_seed_2030,2035,False,harmonic,harmonic,1466,1.0
encoder_seed_2030,2035,False,harmonic,ninapro_db10_meganepro,0,0.0
encoder_seed_2030,2035,False,harmonic,physionet_grabmyo,0,0.0
encoder_seed_2030,2035,False,harmonic,physionet_hyser,0,0.0
encoder_seed_2030,2035,False,ninapro_db10_meganepro,emg2pose,0,0.0
encoder_seed_2030,2035,False,ninapro_db10_meganepro,emg2qwerty,0,0.0
encoder_seed_2030,2035,False,ninapro_db10_meganepro,harmonic,2,0.0016077170418006
encoder_seed_2030,2035,False,ninapro_db10_meganepro,ninapro_db10_meganepro,1242,0.9983922829581994
encoder_seed_2030,2035,False,ninapro_db10_meganepro,physionet_grabmyo,0,0.0
encoder_seed_2030,2035,False,ninapro_db10_meganepro,physionet_hyser,0,0.0
encoder_seed_2030,2035,False,physionet_grabmyo,emg2pose,0,0.0
encoder_seed_2030,2035,False,physionet_grabmyo,emg2qwerty,0,0.0
encoder_seed_2030,2035,False,physionet_grabmyo,harmonic,1,0.0007704160246533
encoder_seed_2030,2035,False,physionet_grabmyo,ninapro_db10_meganepro,0,0.0
encoder_seed_2030,2035,False,physionet_grabmyo,physionet_grabmyo,1297,0.9992295839753468
encoder_seed_2030,2035,False,physionet_grabmyo,physionet_hyser,0,0.0
encoder_seed_2030,2035,False,physionet_hyser,emg2pose,0,0.0
encoder_seed_2030,2035,False,physionet_hyser,emg2qwerty,0,0.0
encoder_seed_2030,2035,False,physionet_hyser,harmonic,0,0.0
encoder_seed_2030,2035,False,physionet_hyser,ninapro_db10_meganepro,0,0.0
encoder_seed_2030,2035,False,physionet_hyser,physionet_grabmyo,0,0.0
encoder_seed_2030,2035,False,physionet_hyser,physionet_hyser,1291,1.0
encoder_seed_2030,2026,True,emg2pose,emg2pose,204,0.1518987341772152
encoder_seed_2030,2026,True,emg2pose,emg2qwerty,185,0.1377513030528667
encoder_seed_2030,2026,True,emg2pose,harmonic,252,0.1876396128071481
encoder_seed_2030,2026,True,emg2pose,ninapro_db10_meganepro,228,0.1697691734921816
encoder_seed_2030,2026,True,emg2pose,physionet_grabmyo,244,0.1816827997021593
encoder_seed_2030,2026,True,emg2pose,physionet_hyser,230,0.1712583767684289
encoder_seed_2030,2026,True,emg2qwerty,emg2pose,225,0.2383474576271186
encoder_seed_2030,2026,True,emg2qwerty,emg2qwerty,143,0.1514830508474576
encoder_seed_2030,2026,True,emg2qwerty,harmonic,168,0.1779661016949152
encoder_seed_2030,2026,True,emg2qwerty,ninapro_db10_meganepro,148,0.1567796610169491
encoder_seed_2030,2026,True,emg2qwerty,physionet_grabmyo,127,0.1345338983050847
encoder_seed_2030,2026,True,emg2qwerty,physionet_hyser,133,0.1408898305084746
encoder_seed_2030,2026,True,harmonic,emg2pose,0,0.0
encoder_seed_2030,2026,True,harmonic,emg2qwerty,2,0.002063983488132
encoder_seed_2030,2026,True,harmonic,harmonic,129,0.1331269349845201
encoder_seed_2030,2026,True,harmonic,ninapro_db10_meganepro,707,0.7296181630546955
encoder_seed_2030,2026,True,harmonic,physionet_grabmyo,46,0.0474716202270381
encoder_seed_2030,2026,True,harmonic,physionet_hyser,85,0.087719298245614
encoder_seed_2030,2026,True,ninapro_db10_meganepro,emg2pose,238,0.1896414342629482
encoder_seed_2030,2026,True,ninapro_db10_meganepro,emg2qwerty,152,0.1211155378486055
encoder_seed_2030,2026,True,ninapro_db10_meganepro,harmonic,238,0.1896414342629482
encoder_seed_2030,2026,True,ninapro_db10_meganepro,ninapro_db10_meganepro,256,0.2039840637450199
encoder_seed_2030,2026,True,ninapro_db10_meganepro,physionet_grabmyo,193,0.1537848605577689
encoder_seed_2030,2026,True,ninapro_db10_meganepro,physionet_hyser,178,0.1418326693227091
encoder_seed_2030,2026,True,physionet_grabmyo,emg2pose,297,0.2366533864541832
encoder_seed_2030,2026,True,physionet_grabmyo,emg2qwerty,126,0.100398406374502
encoder_seed_2030,2026,True,physionet_grabmyo,harmonic,97,0.0772908366533864
encoder_seed_2030,2026,True,physionet_grabmyo,ninapro_db10_meganepro,208,0.1657370517928287
encoder_seed_2030,2026,True,physionet_grabmyo,physionet_grabmyo,341,0.2717131474103585
encoder_seed_2030,2026,True,physionet_grabmyo,physionet_hyser,186,0.148207171314741
encoder_seed_2030,2026,True,physionet_hyser,emg2pose,255,0.2031872509960159
encoder_seed_2030,2026,True,physionet_hyser,emg2qwerty,150,0.1195219123505976
encoder_seed_2030,2026,True,physionet_hyser,harmonic,174,0.1386454183266932
encoder_seed_2030,2026,True,physionet_hyser,ninapro_db10_meganepro,203,0.1617529880478087
encoder_seed_2030,2026,True,physionet_hyser,physionet_grabmyo,353,0.2812749003984063
encoder_seed_2030,2026,True,physionet_hyser,physionet_hyser,120,0.095617529880478
encoder_seed_2030,2027,True,emg2pose,emg2pose,217,0.1597938144329896
encoder_seed_2030,2027,True,emg2pose,emg2qwerty,257,0.1892488954344624
encoder_seed_2030,2027,True,emg2pose,harmonic,153,0.1126656848306332
encoder_seed_2030,2027,True,emg2pose,ninapro_db10_meganepro,249,0.1833578792341678
encoder_seed_2030,2027,True,emg2pose,physionet_grabmyo,245,0.1804123711340206
encoder_seed_2030,2027,True,emg2pose,physionet_hyser,237,0.174521354933726
encoder_seed_2030,2027,True,emg2qwerty,emg2pose,212,0.2350332594235033
encoder_seed_2030,2027,True,emg2qwerty,emg2qwerty,134,0.1485587583148558
encoder_seed_2030,2027,True,emg2qwerty,harmonic,104,0.1152993348115299
encoder_seed_2030,2027,True,emg2qwerty,ninapro_db10_meganepro,183,0.2028824833702882
encoder_seed_2030,2027,True,emg2qwerty,physionet_grabmyo,134,0.1485587583148558
encoder_seed_2030,2027,True,emg2qwerty,physionet_hyser,135,0.1496674057649667
encoder_seed_2030,2027,True,harmonic,emg2pose,27,0.0181695827725437
encoder_seed_2030,2027,True,harmonic,emg2qwerty,281,0.1890982503364737
encoder_seed_2030,2027,True,harmonic,harmonic,1084,0.7294751009421265
encoder_seed_2030,2027,True,harmonic,ninapro_db10_meganepro,0,0.0
encoder_seed_2030,2027,True,harmonic,physionet_grabmyo,94,0.063257065948856
encoder_seed_2030,2027,True,harmonic,physionet_hyser,0,0.0
encoder_seed_2030,2027,True,ninapro_db10_meganepro,emg2pose,265,0.2116613418530351
encoder_seed_2030,2027,True,ninapro_db10_meganepro,emg2qwerty,280,0.2236421725239616
encoder_seed_2030,2027,True,ninapro_db10_meganepro,harmonic,216,0.1725239616613418
encoder_seed_2030,2027,True,ninapro_db10_meganepro,ninapro_db10_meganepro,119,0.0950479233226837
encoder_seed_2030,2027,True,ninapro_db10_meganepro,physionet_grabmyo,147,0.1174121405750798
encoder_seed_2030,2027,True,ninapro_db10_meganepro,physionet_hyser,225,0.1797124600638977
encoder_seed_2030,2027,True,physionet_grabmyo,emg2pose,128,0.1016679904686258
encoder_seed_2030,2027,True,physionet_grabmyo,emg2qwerty,85,0.0675138999205718
encoder_seed_2030,2027,True,physionet_grabmyo,harmonic,383,0.3042096902303415
encoder_seed_2030,2027,True,physionet_grabmyo,ninapro_db10_meganepro,206,0.1636219221604448
encoder_seed_2030,2027,True,physionet_grabmyo,physionet_grabmyo,145,0.1151707704527402
encoder_seed_2030,2027,True,physionet_grabmyo,physionet_hyser,312,0.2478157267672756
encoder_seed_2030,2027,True,physionet_hyser,emg2pose,164,0.1307814992025518
encoder_seed_2030,2027,True,physionet_hyser,emg2qwerty,108,0.0861244019138756
encoder_seed_2030,2027,True,physionet_hyser,harmonic,270,0.215311004784689
encoder_seed_2030,2027,True,physionet_hyser,ninapro_db10_meganepro,51,0.0406698564593301
encoder_seed_2030,2027,True,physionet_hyser,physionet_grabmyo,329,0.2623604465709729
encoder_seed_2030,2027,True,physionet_hyser,physionet_hyser,332,0.2647527910685805
encoder_seed_2030,2028,True,emg2pose,emg2pose,234,0.1729490022172949
encoder_seed_2030,2028,True,emg2pose,emg2qwerty,249,0.1840354767184035
encoder_seed_2030,2028,True,emg2pose,harmonic,229,0.1692535107169253
encoder_seed_2030,2028,True,emg2pose,ninapro_db10_meganepro,227,0.1677753141167775
encoder_seed_2030,2028,True,emg2pose,physionet_grabmyo,203,0.1500369549150036
encoder_seed_2030,2028,True,emg2pose,physionet_hyser,211,0.1559497413155949
encoder_seed_2030,2028,True,emg2qwerty,emg2pose,135,0.1498335183129855
encoder_seed_2030,2028,True,emg2qwerty,emg2qwerty,146,0.1620421753607103
encoder_seed_2030,2028,True,emg2qwerty,harmonic,221,0.2452830188679245
encoder_seed_2030,2028,True,emg2qwerty,ninapro_db10_meganepro,143,0.1587125416204217
encoder_seed_2030,2028,True,emg2qwerty,physionet_grabmyo,122,0.1354051054384017
encoder_seed_2030,2028,True,emg2qwerty,physionet_hyser,134,0.148723640399556
encoder_seed_2030,2028,True,harmonic,emg2pose,0,0.0
encoder_seed_2030,2028,True,harmonic,emg2qwerty,0,0.0
encoder_seed_2030,2028,True,harmonic,harmonic,384,0.2584118438761776
encoder_seed_2030,2028,True,harmonic,ninapro_db10_meganepro,117,0.0787348586810228
encoder_seed_2030,2028,True,harmonic,physionet_grabmyo,909,0.6117092866756393
encoder_seed_2030,2028,True,harmonic,physionet_hyser,76,0.0511440107671601
encoder_seed_2030,2028,True,ninapro_db10_meganepro,emg2pose,132,0.1043478260869565
encoder_seed_2030,2028,True,ninapro_db10_meganepro,emg2qwerty,91,0.0719367588932806
encoder_seed_2030,2028,True,ninapro_db10_meganepro,harmonic,205,0.1620553359683794
encoder_seed_2030,2028,True,ninapro_db10_meganepro,ninapro_db10_meganepro,166,0.1312252964426877
encoder_seed_2030,2028,True,ninapro_db10_meganepro,physionet_grabmyo,339,0.2679841897233201
encoder_seed_2030,2028,True,ninapro_db10_meganepro,physionet_hyser,332,0.2624505928853755
encoder_seed_2030,2028,True,physionet_grabmyo,emg2pose,158,0.1223857474825716
encoder_seed_2030,2028,True,physionet_grabmyo,emg2qwerty,161,0.1247095274980635
encoder_seed_2030,2028,True,physionet_grabmyo,harmonic,318,0.2463206816421378
encoder_seed_2030,2028,True,physionet_grabmyo,ninapro_db10_meganepro,114,0.0883036405886909
encoder_seed_2030,2028,True,physionet_grabmyo,physionet_grabmyo,248,0.1920991479473276
encoder_seed_2030,2028,True,physionet_grabmyo,physionet_hyser,292,0.2261812548412083
encoder_seed_2030,2028,True,physionet_hyser,emg2pose,251,0.2050653594771241
encoder_seed_2030,2028,True,physionet_hyser,emg2qwerty,229,0.1870915032679738
encoder_seed_2030,2028,True,physionet_hyser,harmonic,156,0.1274509803921568
encoder_seed_2030,2028,True,physionet_hyser,ninapro_db10_meganepro,301,0.2459150326797385
encoder_seed_2030,2028,True,physionet_hyser,physionet_grabmyo,192,0.1568627450980392
encoder_seed_2030,2028,True,physionet_hyser,physionet_hyser,95,0.0776143790849673
encoder_seed_2030,2029,True,emg2pose,emg2pose,259,0.1948833709556057
encoder_seed_2030,2029,True,emg2pose,emg2qwerty,233,0.1753197893152746
encoder_seed_2030,2029,True,emg2pose,harmonic,219,0.164785553047404
encoder_seed_2030,2029,True,emg2pose,ninapro_db10_meganepro,228,0.1715575620767494
encoder_seed_2030,2029,True,emg2pose,physionet_grabmyo,187,0.1407072987208427
encoder_seed_2030,2029,True,emg2pose,physionet_hyser,203,0.1527464258841234
encoder_seed_2030,2029,True,emg2qwerty,emg2pose,144,0.1596452328159645
encoder_seed_2030,2029,True,emg2qwerty,emg2qwerty,106,0.1175166297117516
encoder_seed_2030,2029,True,emg2qwerty,harmonic,259,0.2871396895787139
encoder_seed_2030,2029,True,emg2qwerty,ninapro_db10_meganepro,145,0.1607538802660754
encoder_seed_2030,2029,True,emg2qwerty,physionet_grabmyo,146,0.1618625277161862
encoder_seed_2030,2029,True,emg2qwerty,physionet_hyser,102,0.1130820399113082
encoder_seed_2030,2029,True,harmonic,emg2pose,61,0.0567441860465116
encoder_seed_2030,2029,True,harmonic,emg2qwerty,16,0.0148837209302325
encoder_seed_2030,2029,True,harmonic,harmonic,264,0.2455813953488372
encoder_seed_2030,2029,True,harmonic,ninapro_db10_meganepro,0,0.0
encoder_seed_2030,2029,True,harmonic,physionet_grabmyo,650,0.6046511627906976
encoder_seed_2030,2029,True,harmonic,physionet_hyser,84,0.0781395348837209
encoder_seed_2030,2029,True,ninapro_db10_meganepro,emg2pose,234,0.1839622641509433
encoder_seed_2030,2029,True,ninapro_db10_meganepro,emg2qwerty,192,0.1509433962264151
encoder_seed_2030,2029,True,ninapro_db10_meganepro,harmonic,30,0.0235849056603773
encoder_seed_2030,2029,True,ninapro_db10_meganepro,ninapro_db10_meganepro,198,0.1556603773584905
encoder_seed_2030,2029,True,ninapro_db10_meganepro,physionet_grabmyo,318,0.25
encoder_seed_2030,2029,True,ninapro_db10_meganepro,physionet_hyser,300,0.2358490566037736
encoder_seed_2030,2029,True,physionet_grabmyo,emg2pose,247,0.19296875
encoder_seed_2030,2029,True,physionet_grabmyo,emg2qwerty,218,0.1703125
encoder_seed_2030,2029,True,physionet_grabmyo,harmonic,186,0.1453125
encoder_seed_2030,2029,True,physionet_grabmyo,ninapro_db10_meganepro,196,0.153125
encoder_seed_2030,2029,True,physionet_grabmyo,physionet_grabmyo,209,0.16328125
encoder_seed_2030,2029,True,physionet_grabmyo,physionet_hyser,224,0.175
encoder_seed_2030,2029,True,physionet_hyser,emg2pose,162,0.1292897047086991
encoder_seed_2030,2029,True,physionet_hyser,emg2qwerty,161,0.1284916201117318
encoder_seed_2030,2029,True,physionet_hyser,harmonic,225,0.1795690343176376
encoder_seed_2030,2029,True,physionet_hyser,ninapro_db10_meganepro,159,0.1268954509177972
encoder_seed_2030,2029,True,physionet_hyser,physionet_grabmyo,184,0.1468475658419792
encoder_seed_2030,2029,True,physionet_hyser,physionet_hyser,362,0.2889066241021548
encoder_seed_2030,2030,True,emg2pose,emg2pose,206,0.1622047244094488
encoder_seed_2030,2030,True,emg2pose,emg2qwerty,217,0.1708661417322834
encoder_seed_2030,2030,True,emg2pose,harmonic,192,0.1511811023622047
encoder_seed_2030,2030,True,emg2pose,ninapro_db10_meganepro,209,0.1645669291338582
encoder_seed_2030,2030,True,emg2pose,physionet_grabmyo,224,0.1763779527559055
encoder_seed_2030,2030,True,emg2pose,physionet_hyser,222,0.1748031496062992
encoder_seed_2030,2030,True,emg2qwerty,emg2pose,226,0.1953327571305099
encoder_seed_2030,2030,True,emg2qwerty,emg2qwerty,131,0.1132238547968885
encoder_seed_2030,2030,True,emg2qwerty,harmonic,120,0.1037165082108902
encoder_seed_2030,2030,True,emg2qwerty,ninapro_db10_meganepro,254,0.219533275713051
encoder_seed_2030,2030,True,emg2qwerty,physionet_grabmyo,249,0.2152117545375972
encoder_seed_2030,2030,True,emg2qwerty,physionet_hyser,177,0.1529818496110631
encoder_seed_2030,2030,True,harmonic,emg2pose,16,0.0123552123552123
encoder_seed_2030,2030,True,harmonic,emg2qwerty,150,0.1158301158301158
encoder_seed_2030,2030,True,harmonic,harmonic,288,0.2223938223938223
encoder_seed_2030,2030,True,harmonic,ninapro_db10_meganepro,0,0.0
encoder_seed_2030,2030,True,harmonic,physionet_grabmyo,9,0.0069498069498069
encoder_seed_2030,2030,True,harmonic,physionet_hyser,832,0.6424710424710425
encoder_seed_2030,2030,True,ninapro_db10_meganepro,emg2pose,396,0.3219512195121951
encoder_seed_2030,2030,True,ninapro_db10_meganepro,emg2qwerty,309,0.2512195121951219
encoder_seed_2030,2030,True,ninapro_db10_meganepro,harmonic,106,0.0861788617886178
encoder_seed_2030,2030,True,ninapro_db10_meganepro,ninapro_db10_meganepro,78,0.0634146341463414
encoder_seed_2030,2030,True,ninapro_db10_meganepro,physionet_grabmyo,254,0.2065040650406504
encoder_seed_2030,2030,True,ninapro_db10_meganepro,physionet_hyser,87,0.0707317073170731
encoder_seed_2030,2030,True,physionet_grabmyo,emg2pose,213,0.1671899529042386
encoder_seed_2030,2030,True,physionet_grabmyo,emg2qwerty,87,0.0682888540031397
encoder_seed_2030,2030,True,physionet_grabmyo,harmonic,154,0.1208791208791208
encoder_seed_2030,2030,True,physionet_grabmyo,ninapro_db10_meganepro,215,0.1687598116169544
encoder_seed_2030,2030,True,physionet_grabmyo,physionet_grabmyo,451,0.3540031397174254
encoder_seed_2030,2030,True,physionet_grabmyo,physionet_hyser,154,0.1208791208791208
encoder_seed_2030,2030,True,physionet_hyser,emg2pose,70,0.0582362728785357
encoder_seed_2030,2030,True,physionet_hyser,emg2qwerty,171,0.1422628951747088
encoder_seed_2030,2030,True,physionet_hyser,harmonic,260,0.21630615640599
encoder_seed_2030,2030,True,physionet_hyser,ninapro_db10_meganepro,394,0.3277870216306156
encoder_seed_2030,2030,True,physionet_hyser,physionet_grabmyo,164,0.1364392678868552
encoder_seed_2030,2030,True,physionet_hyser,physionet_hyser,143,0.1189683860232945
encoder_seed_2030,2031,True,emg2pose,emg2pose,213,0.1649883810999225
encoder_seed_2030,2031,True,emg2pose,emg2qwerty,250,0.1936483346243222
encoder_seed_2030,2031,True,emg2pose,harmonic,160,0.1239349341595662
encoder_seed_2030,2031,True,emg2pose,ninapro_db10_meganepro,201,0.155693261037955
encoder_seed_2030,2031,True,emg2pose,physionet_grabmyo,255,0.1975213013168086
encoder_seed_2030,2031,True,emg2pose,physionet_hyser,212,0.1642137877614252
encoder_seed_2030,2031,True,emg2qwerty,emg2pose,138,0.1508196721311475
encoder_seed_2030,2031,True,emg2qwerty,emg2qwerty,157,0.1715846994535519
encoder_seed_2030,2031,True,emg2qwerty,harmonic,101,0.1103825136612021
encoder_seed_2030,2031,True,emg2qwerty,ninapro_db10_meganepro,173,0.1890710382513661
encoder_seed_2030,2031,True,emg2qwerty,physionet_grabmyo,248,0.2710382513661202
encoder_seed_2030,2031,True,emg2qwerty,physionet_hyser,98,0.107103825136612
encoder_seed_2030,2031,True,harmonic,emg2pose,0,0.0
encoder_seed_2030,2031,True,harmonic,emg2qwerty,21,0.0162790697674418
encoder_seed_2030,2031,True,harmonic,harmonic,8,0.0062015503875968
encoder_seed_2030,2031,True,harmonic,ninapro_db10_meganepro,25,0.0193798449612403
encoder_seed_2030,2031,True,harmonic,physionet_grabmyo,877,0.6798449612403101
encoder_seed_2030,2031,True,harmonic,physionet_hyser,359,0.2782945736434108
encoder_seed_2030,2031,True,ninapro_db10_meganepro,emg2pose,58,0.0469635627530364
encoder_seed_2030,2031,True,ninapro_db10_meganepro,emg2qwerty,63,0.0510121457489878
encoder_seed_2030,2031,True,ninapro_db10_meganepro,harmonic,86,0.0696356275303643
encoder_seed_2030,2031,True,ninapro_db10_meganepro,ninapro_db10_meganepro,439,0.3554655870445344
encoder_seed_2030,2031,True,ninapro_db10_meganepro,physionet_grabmyo,269,0.2178137651821862
encoder_seed_2030,2031,True,ninapro_db10_meganepro,physionet_hyser,320,0.2591093117408907
encoder_seed_2030,2031,True,physionet_grabmyo,emg2pose,198,0.1556603773584905
encoder_seed_2030,2031,True,physionet_grabmyo,emg2qwerty,272,0.2138364779874214
encoder_seed_2030,2031,True,physionet_grabmyo,harmonic,324,0.2547169811320754
encoder_seed_2030,2031,True,physionet_grabmyo,ninapro_db10_meganepro,109,0.085691823899371
encoder_seed_2030,2031,True,physionet_grabmyo,physionet_grabmyo,229,0.1800314465408805
encoder_seed_2030,2031,True,physionet_grabmyo,physionet_hyser,140,0.110062893081761
encoder_seed_2030,2031,True,physionet_hyser,emg2pose,193,0.1565287915652879
encoder_seed_2030,2031,True,physionet_hyser,emg2qwerty,298,0.2416869424168694
encoder_seed_2030,2031,True,physionet_hyser,harmonic,165,0.1338199513381995
encoder_seed_2030,2031,True,physionet_hyser,ninapro_db10_meganepro,234,0.1897810218978102
encoder_seed_2030,2031,True,physionet_hyser,physionet_grabmyo,105,0.0851581508515815
encoder_seed_2030,2031,True,physionet_hyser,physionet_hyser,238,0.1930251419302514
encoder_seed_2030,2032,True,emg2pose,emg2pose,244,0.185551330798479
encoder_seed_2030,2032,True,emg2pose,emg2qwerty,220,0.1673003802281368
encoder_seed_2030,2032,True,emg2pose,harmonic,179,0.1361216730038023
encoder_seed_2030,2032,True,emg2pose,ninapro_db10_meganepro,217,0.1650190114068441
encoder_seed_2030,2032,True,emg2pose,physionet_grabmyo,218,0.1657794676806083
encoder_seed_2030,2032,True,emg2pose,physionet_hyser,237,0.1802281368821292
encoder_seed_2030,2032,True,emg2qwerty,emg2pose,180,0.1601423487544484
encoder_seed_2030,2032,True,emg2qwerty,emg2qwerty,183,0.1628113879003558
encoder_seed_2030,2032,True,emg2qwerty,harmonic,234,0.2081850533807829
encoder_seed_2030,2032,True,emg2qwerty,ninapro_db10_meganepro,206,0.1832740213523131
encoder_seed_2030,2032,True,emg2qwerty,physionet_grabmyo,176,0.1565836298932384
encoder_seed_2030,2032,True,emg2qwerty,physionet_hyser,145,0.1290035587188612
encoder_seed_2030,2032,True,harmonic,emg2pose,6,0.0053050397877984
encoder_seed_2030,2032,True,harmonic,emg2qwerty,9,0.0079575596816976
encoder_seed_2030,2032,True,harmonic,harmonic,956,0.8452696728558797
encoder_seed_2030,2032,True,harmonic,ninapro_db10_meganepro,137,0.121131741821397
encoder_seed_2030,2032,True,harmonic,physionet_grabmyo,23,0.0203359858532272
encoder_seed_2030,2032,True,harmonic,physionet_hyser,0,0.0
encoder_seed_2030,2032,True,ninapro_db10_meganepro,emg2pose,45,0.036231884057971
encoder_seed_2030,2032,True,ninapro_db10_meganepro,emg2qwerty,548,0.4412238325281803
encoder_seed_2030,2032,True,ninapro_db10_meganepro,harmonic,213,0.1714975845410628
encoder_seed_2030,2032,True,ninapro_db10_meganepro,ninapro_db10_meganepro,161,0.1296296296296296
encoder_seed_2030,2032,True,ninapro_db10_meganepro,physionet_grabmyo,34,0.0273752012882447
encoder_seed_2030,2032,True,ninapro_db10_meganepro,physionet_hyser,241,0.1940418679549114
encoder_seed_2030,2032,True,physionet_grabmyo,emg2pose,244,0.1983739837398374
encoder_seed_2030,2032,True,physionet_grabmyo,emg2qwerty,264,0.2146341463414634
encoder_seed_2030,2032,True,physionet_grabmyo,harmonic,81,0.0658536585365853
encoder_seed_2030,2032,True,physionet_grabmyo,ninapro_db10_meganepro,200,0.1626016260162601
encoder_seed_2030,2032,True,physionet_grabmyo,physionet_grabmyo,266,0.216260162601626
encoder_seed_2030,2032,True,physionet_grabmyo,physionet_hyser,175,0.1422764227642276
encoder_seed_2030,2032,True,physionet_hyser,emg2pose,239,0.1925866236905721
encoder_seed_2030,2032,True,physionet_hyser,emg2qwerty,128,0.1031426269137792
encoder_seed_2030,2032,True,physionet_hyser,harmonic,141,0.1136180499597099
encoder_seed_2030,2032,True,physionet_hyser,ninapro_db10_meganepro,235,0.1893634165995165
encoder_seed_2030,2032,True,physionet_hyser,physionet_grabmyo,305,0.2457695406929895
encoder_seed_2030,2032,True,physionet_hyser,physionet_hyser,193,0.1555197421434327
encoder_seed_2030,2033,True,emg2pose,emg2pose,217,0.1638972809667673
encoder_seed_2030,2033,True,emg2pose,emg2qwerty,210,0.1586102719033232
encoder_seed_2030,2033,True,emg2pose,harmonic,213,0.1608761329305136
encoder_seed_2030,2033,True,emg2pose,ninapro_db10_meganepro,232,0.175226586102719
encoder_seed_2030,2033,True,emg2pose,physionet_grabmyo,227,0.1714501510574018
encoder_seed_2030,2033,True,emg2pose,physionet_hyser,225,0.1699395770392749
encoder_seed_2030,2033,True,emg2qwerty,emg2pose,165,0.146797153024911
encoder_seed_2030,2033,True,emg2qwerty,emg2qwerty,177,0.1574733096085409
encoder_seed_2030,2033,True,emg2qwerty,harmonic,154,0.1370106761565836
encoder_seed_2030,2033,True,emg2qwerty,ninapro_db10_meganepro,215,0.1912811387900355
encoder_seed_2030,2033,True,emg2qwerty,physionet_grabmyo,264,0.2348754448398576
encoder_seed_2030,2033,True,emg2qwerty,physionet_hyser,149,0.1325622775800711
encoder_seed_2030,2033,True,harmonic,emg2pose,296,0.2041379310344827
encoder_seed_2030,2033,True,harmonic,emg2qwerty,979,0.6751724137931034
encoder_seed_2030,2033,True,harmonic,harmonic,0,0.0
encoder_seed_2030,2033,True,harmonic,ninapro_db10_meganepro,6,0.0041379310344827
encoder_seed_2030,2033,True,harmonic,physionet_grabmyo,169,0.116551724137931
encoder_seed_2030,2033,True,harmonic,physionet_hyser,0,0.0
encoder_seed_2030,2033,True,ninapro_db10_meganepro,emg2pose,303,0.2418196328810854
encoder_seed_2030,2033,True,ninapro_db10_meganepro,emg2qwerty,215,0.1715881883479648
encoder_seed_2030,2033,True,ninapro_db10_meganepro,harmonic,250,0.1995211492418196
encoder_seed_2030,2033,True,ninapro_db10_meganepro,ninapro_db10_meganepro,112,0.0893854748603352
encoder_seed_2030,2033,True,ninapro_db10_meganepro,physionet_grabmyo,308,0.2458100558659217
encoder_seed_2030,2033,True,ninapro_db10_meganepro,physionet_hyser,65,0.0518754988028731
encoder_seed_2030,2033,True,physionet_grabmyo,emg2pose,138,0.1074766355140186
encoder_seed_2030,2033,True,physionet_grabmyo,emg2qwerty,284,0.2211838006230529
encoder_seed_2030,2033,True,physionet_grabmyo,harmonic,379,0.2951713395638629
encoder_seed_2030,2033,True,physionet_grabmyo,ninapro_db10_meganepro,150,0.116822429906542
encoder_seed_2030,2033,True,physionet_grabmyo,physionet_grabmyo,192,0.1495327102803738
encoder_seed_2030,2033,True,physionet_grabmyo,physionet_hyser,141,0.1098130841121495
encoder_seed_2030,2033,True,physionet_hyser,emg2pose,217,0.1696637998436278
encoder_seed_2030,2033,True,physionet_hyser,emg2qwerty,132,0.1032056293979671
encoder_seed_2030,2033,True,physionet_hyser,harmonic,130,0.1016419077404222
encoder_seed_2030,2033,True,physionet_hyser,ninapro_db10_meganepro,209,0.163408913213448
encoder_seed_2030,2033,True,physionet_hyser,physionet_grabmyo,160,0.1250977326035965
encoder_seed_2030,2033,True,physionet_hyser,physionet_hyser,431,0.3369820172009382
encoder_seed_2030,2034,True,emg2pose,emg2pose,255,0.1845151953690303
encoder_seed_2030,2034,True,emg2pose,emg2qwerty,221,0.1599131693198263
encoder_seed_2030,2034,True,emg2pose,harmonic,173,0.1251808972503618
encoder_seed_2030,2034,True,emg2pose,ninapro_db10_meganepro,279,0.2018813314037626
encoder_seed_2030,2034,True,emg2pose,physionet_grabmyo,213,0.1541244573082489
encoder_seed_2030,2034,True,emg2pose,physionet_hyser,241,0.1743849493487698
encoder_seed_2030,2034,True,emg2qwerty,emg2pose,150,0.181378476420798
encoder_seed_2030,2034,True,emg2qwerty,emg2qwerty,248,0.2998790810157195
encoder_seed_2030,2034,True,emg2qwerty,harmonic,93,0.1124546553808948
encoder_seed_2030,2034,True,emg2qwerty,ninapro_db10_meganepro,111,0.1342200725513905
encoder_seed_2030,2034,True,emg2qwerty,physionet_grabmyo,102,0.1233373639661426
encoder_seed_2030,2034,True,emg2qwerty,physionet_hyser,123,0.1487303506650544
encoder_seed_2030,2034,True,harmonic,emg2pose,826,0.6514195583596214
encoder_seed_2030,2034,True,harmonic,emg2qwerty,97,0.0764984227129337
encoder_seed_2030,2034,True,harmonic,harmonic,289,0.2279179810725552
encoder_seed_2030,2034,True,harmonic,ninapro_db10_meganepro,0,0.0
encoder_seed_2030,2034,True,harmonic,physionet_grabmyo,49,0.0386435331230283
encoder_seed_2030,2034,True,harmonic,physionet_hyser,7,0.0055205047318611
encoder_seed_2030,2034,True,ninapro_db10_meganepro,emg2pose,64,0.0511590727418065
encoder_seed_2030,2034,True,ninapro_db10_meganepro,emg2qwerty,91,0.0727418065547561
encoder_seed_2030,2034,True,ninapro_db10_meganepro,harmonic,222,0.1774580335731415
encoder_seed_2030,2034,True,ninapro_db10_meganepro,ninapro_db10_meganepro,29,0.023181454836131
encoder_seed_2030,2034,True,ninapro_db10_meganepro,physionet_grabmyo,287,0.2294164668265387
encoder_seed_2030,2034,True,ninapro_db10_meganepro,physionet_hyser,558,0.4460431654676259
encoder_seed_2030,2034,True,physionet_grabmyo,emg2pose,97,0.0766192733017377
encoder_seed_2030,2034,True,physionet_grabmyo,emg2qwerty,350,0.2764612954186414
encoder_seed_2030,2034,True,physionet_grabmyo,harmonic,198,0.1563981042654028
encoder_seed_2030,2034,True,physionet_grabmyo,ninapro_db10_meganepro,173,0.136650868878357
encoder_seed_2030,2034,True,physionet_grabmyo,physionet_grabmyo,320,0.2527646129541864
encoder_seed_2030,2034,True,physionet_grabmyo,physionet_hyser,128,0.1011058451816745
encoder_seed_2030,2034,True,physionet_hyser,emg2pose,206,0.1659951651893634
encoder_seed_2030,2034,True,physionet_hyser,emg2qwerty,76,0.0612409347300564
encoder_seed_2030,2034,True,physionet_hyser,harmonic,231,0.1861402095084609
encoder_seed_2030,2034,True,physionet_hyser,ninapro_db10_meganepro,368,0.2965350523771152
encoder_seed_2030,2034,True,physionet_hyser,physionet_grabmyo,234,0.1885576148267526
encoder_seed_2030,2034,True,physionet_hyser,physionet_hyser,126,0.1015310233682514
encoder_seed_2030,2035,True,emg2pose,emg2pose,225,0.1644736842105263
encoder_seed_2030,2035,True,emg2pose,emg2qwerty,221,0.1615497076023392
encoder_seed_2030,2035,True,emg2pose,harmonic,264,0.1929824561403508
encoder_seed_2030,2035,True,emg2pose,ninapro_db10_meganepro,247,0.1805555555555555
encoder_seed_2030,2035,True,emg2pose,physionet_grabmyo,182,0.1330409356725146
encoder_seed_2030,2035,True,emg2pose,physionet_hyser,229,0.1673976608187134
encoder_seed_2030,2035,True,emg2qwerty,emg2pose,103,0.1181192660550458
encoder_seed_2030,2035,True,emg2qwerty,emg2qwerty,88,0.1009174311926605
encoder_seed_2030,2035,True,emg2qwerty,harmonic,170,0.1949541284403669
encoder_seed_2030,2035,True,emg2qwerty,ninapro_db10_meganepro,242,0.2775229357798165
encoder_seed_2030,2035,True,emg2qwerty,physionet_grabmyo,154,0.1766055045871559
encoder_seed_2030,2035,True,emg2qwerty,physionet_hyser,115,0.1318807339449541
encoder_seed_2030,2035,True,harmonic,emg2pose,30,0.0204638472032742
encoder_seed_2030,2035,True,harmonic,emg2qwerty,942,0.6425648021828103
encoder_seed_2030,2035,True,harmonic,harmonic,494,0.3369713506139154
encoder_seed_2030,2035,True,harmonic,ninapro_db10_meganepro,0,0.0
encoder_seed_2030,2035,True,harmonic,physionet_grabmyo,0,0.0
encoder_seed_2030,2035,True,harmonic,physionet_hyser,0,0.0
encoder_seed_2030,2035,True,ninapro_db10_meganepro,emg2pose,129,0.1036977491961414
encoder_seed_2030,2035,True,ninapro_db10_meganepro,emg2qwerty,228,0.1832797427652733
encoder_seed_2030,2035,True,ninapro_db10_meganepro,harmonic,42,0.0337620578778135
encoder_seed_2030,2035,True,ninapro_db10_meganepro,ninapro_db10_meganepro,437,0.3512861736334405
encoder_seed_2030,2035,True,ninapro_db10_meganepro,physionet_grabmyo,311,0.25
encoder_seed_2030,2035,True,ninapro_db10_meganepro,physionet_hyser,97,0.0779742765273311
encoder_seed_2030,2035,True,physionet_grabmyo,emg2pose,111,0.0855161787365177
encoder_seed_2030,2035,True,physionet_grabmyo,emg2qwerty,165,0.1271186440677966
encoder_seed_2030,2035,True,physionet_grabmyo,harmonic,100,0.0770416024653312
encoder_seed_2030,2035,True,physionet_grabmyo,ninapro_db10_meganepro,224,0.172573189522342
encoder_seed_2030,2035,True,physionet_grabmyo,physionet_grabmyo,461,0.3551617873651772
encoder_seed_2030,2035,True,physionet_grabmyo,physionet_hyser,237,0.1825885978428351
encoder_seed_2030,2035,True,physionet_hyser,emg2pose,272,0.2106893880712625
encoder_seed_2030,2035,True,physionet_hyser,emg2qwerty,286,0.2215336948102246
encoder_seed_2030,2035,True,physionet_hyser,harmonic,161,0.1247095274980635
encoder_seed_2030,2035,True,physionet_hyser,ninapro_db10_meganepro,188,0.1456235476374903
encoder_seed_2030,2035,True,physionet_hyser,physionet_grabmyo,114,0.0883036405886909
encoder_seed_2030,2035,True,physionet_hyser,physionet_hyser,270,0.209140201394268
