encoder_seed,encoder_run,dataset,protocol,calibration_per_class,model,n_trials,n_units,acc_mean,macro_f1_mean,balanced_acc_mean,n_train_mean,n_test_mean,acc_ci95,macro_f1_ci95,balanced_acc_ci95
2026,journal_confirmatory_3domain_m_weakalign_steps2000_seed2026,physionet_grabmyo,source_only,0,pretrained_encoder,430,86,0.1516856797642921,0.1432654556390797,0.1506160190153089,309.6744186046512,310.27906976744185,0.0038920883972485,0.0037149444210695,0.0038460947513769
2026,journal_confirmatory_3domain_m_weakalign_steps2000_seed2026,physionet_grabmyo,source_only,0,raw_stats,430,86,0.1664975172178502,0.1529479833254639,0.1650493722913783,309.6744186046512,310.27906976744185,0.0036347180598752,0.0037120167772698,0.0035795268407043
2026,journal_confirmatory_3domain_m_weakalign_steps2000_seed2026,physionet_grabmyo,source_only,0,raw_stats_plus_pretrained,430,86,0.1611791049185575,0.1531779830295971,0.1607591000083579,309.6744186046512,310.27906976744185,0.0046571076708166,0.0045297207476311,0.0046734916869489
2026,journal_confirmatory_3domain_m_weakalign_steps2000_seed2026,physionet_grabmyo,source_only,0,scratch_encoder,430,86,0.1547694574592403,0.1469364240611204,0.1535296946903612,309.6744186046512,310.27906976744185,0.0037892230944258,0.0036365333135485,0.0036646361332643
2026,journal_confirmatory_3domain_m_weakalign_steps2000_seed2026,physionet_grabmyo,source_plus_calibration,0,pretrained_encoder,430,86,0.1516856797642921,0.1432654556390797,0.1506160190153089,309.6744186046512,310.27906976744185,0.0038920883972485,0.0037149444210695,0.0038460947513769
2026,journal_confirmatory_3domain_m_weakalign_steps2000_seed2026,physionet_grabmyo,source_plus_calibration,0,raw_stats,430,86,0.1664975172178502,0.1529479833254639,0.1650493722913783,309.6744186046512,310.27906976744185,0.0036347180598752,0.0037120167772698,0.0035795268407043
2026,journal_confirmatory_3domain_m_weakalign_steps2000_seed2026,physionet_grabmyo,source_plus_calibration,0,raw_stats_plus_pretrained,430,86,0.1611791049185575,0.1531779830295971,0.1607591000083579,309.6744186046512,310.27906976744185,0.0046571076708166,0.0045297207476311,0.0046734916869489
2026,journal_confirmatory_3domain_m_weakalign_steps2000_seed2026,physionet_grabmyo,source_plus_calibration,0,scratch_encoder,430,86,0.1547694574592403,0.1469364240611204,0.1535296946903612,309.6744186046512,310.27906976744185,0.0037892230944258,0.0036365333135485,0.0036646361332643
2026,journal_confirmatory_3domain_m_weakalign_steps2000_seed2026,physionet_grabmyo,source_plus_calibration,1,pretrained_encoder,430,86,0.1669775523778064,0.1579718709959916,0.1652786820595949,326.6744186046512,262.51162790697674,0.0042489964996807,0.004033072014685,0.0043006250368574
2026,journal_confirmatory_3domain_m_weakalign_steps2000_seed2026,physionet_grabmyo,source_plus_calibration,1,raw_stats,430,86,0.1845375375482839,0.1704047026136427,0.1836361932693832,326.6744186046512,262.51162790697674,0.003748214311932,0.0036324944657793,0.0036969363091065
2026,journal_confirmatory_3domain_m_weakalign_steps2000_seed2026,physionet_grabmyo,source_plus_calibration,1,raw_stats_plus_pretrained,430,86,0.179343493064503,0.1709351667756107,0.178137782213974,326.6744186046512,262.51162790697674,0.004501819991596,0.00440576400106,0.0045568537127625
2026,journal_confirmatory_3domain_m_weakalign_steps2000_seed2026,physionet_grabmyo,source_plus_calibration,1,scratch_encoder,430,86,0.1669151091424423,0.1581535872555874,0.1660992828360189,326.6744186046512,262.51162790697674,0.0043035340304399,0.0041450067967305,0.0042939962846667
2026,journal_confirmatory_3domain_m_weakalign_steps2000_seed2026,physionet_grabmyo,source_plus_calibration,2,pretrained_encoder,430,86,0.1681669236844294,0.1590163687392149,0.1675109121962534,343.66511627906976,252.3046511627907,0.0043087094166012,0.0041214580440067,0.0043554288780335
2026,journal_confirmatory_3domain_m_weakalign_steps2000_seed2026,physionet_grabmyo,source_plus_calibration,2,raw_stats,430,86,0.193315285892821,0.1779562647042935,0.1917410904265431,343.66511627906976,252.3046511627907,0.0040179286820824,0.0037528376510374,0.0039372927376701
2026,journal_confirmatory_3domain_m_weakalign_steps2000_seed2026,physionet_grabmyo,source_plus_calibration,2,raw_stats_plus_pretrained,430,86,0.1843895267608303,0.1757845260094528,0.1841429645629084,343.66511627906976,252.3046511627907,0.0047492744037368,0.0046089510005824,0.0048221235934376
2026,journal_confirmatory_3domain_m_weakalign_steps2000_seed2026,physionet_grabmyo,source_plus_calibration,2,scratch_encoder,430,86,0.1726807101311787,0.1634025613233506,0.1722090133332645,343.66511627906976,252.3046511627907,0.0043943943114651,0.0041967009979879,0.0044033562403785
2026,journal_confirmatory_3domain_m_weakalign_steps2000_seed2026,physionet_grabmyo,source_plus_calibration,5,pretrained_encoder,430,86,0.1847455068280803,0.1737393162200161,0.1869194460084365,394.4139534883721,203.24883720930237,0.0045420779819573,0.0044616937371678,0.004851253952001
2026,journal_confirmatory_3domain_m_weakalign_steps2000_seed2026,physionet_grabmyo,source_plus_calibration,5,raw_stats,430,86,0.2142105264063439,0.1945970697510462,0.2136107715039376,394.4139534883721,203.24883720930237,0.0042464650347684,0.0038652209344219,0.0042246999343733
2026,journal_confirmatory_3domain_m_weakalign_steps2000_seed2026,physionet_grabmyo,source_plus_calibration,5,raw_stats_plus_pretrained,430,86,0.1991217670373327,0.1884429533511009,0.2014912310996267,394.4139534883721,203.24883720930237,0.0048498959845639,0.0046805757469498,0.0050055763074741
2026,journal_confirmatory_3domain_m_weakalign_steps2000_seed2026,physionet_grabmyo,source_plus_calibration,5,scratch_encoder,430,86,0.1896815475531984,0.1779030076655703,0.1914733021073584,394.4139534883721,203.24883720930237,0.0048107509348826,0.0046123595194759,0.0050795311823177
2026,journal_confirmatory_3domain_m_weakalign_steps2000_seed2026,physionet_grabmyo,source_plus_calibration,10,pretrained_encoder,430,86,0.2216182188706554,0.1890528934300508,0.2252234470933363,461.6581395348837,118.4906976744186,0.006088594792615,0.0053491502762944,0.0064096109089537
2026,journal_confirmatory_3domain_m_weakalign_steps2000_seed2026,physionet_grabmyo,source_plus_calibration,10,raw_stats,430,86,0.2486274699943831,0.2048823891078832,0.2501729285888949,461.6581395348837,118.4906976744186,0.0054646337103051,0.0047226305204074,0.005704963897765
2026,journal_confirmatory_3domain_m_weakalign_steps2000_seed2026,physionet_grabmyo,source_plus_calibration,10,raw_stats_plus_pretrained,430,86,0.2335732415064582,0.2011952311225349,0.236306577793549,461.6581395348837,118.4906976744186,0.0060429083128787,0.0054466328080589,0.0063837991604747
2026,journal_confirmatory_3domain_m_weakalign_steps2000_seed2026,physionet_grabmyo,source_plus_calibration,10,scratch_encoder,430,86,0.2171708032845255,0.1839242405578834,0.2181971142132647,461.6581395348837,118.4906976744186,0.0060736974487943,0.00538574529195,0.0064586663650571
2026,journal_confirmatory_3domain_m_weakalign_steps2000_seed2026,physionet_grabmyo,target_calibration_only,1,pretrained_encoder,430,86,0.1360569883592307,0.123386600028176,0.1358635227857816,17.0,262.51162790697674,0.0037013528649865,0.0034038163375835,0.0036944982982003
2026,journal_confirmatory_3domain_m_weakalign_steps2000_seed2026,physionet_grabmyo,target_calibration_only,1,raw_stats,430,86,0.1242501351003908,0.1147452569978827,0.1242815680891481,17.0,262.51162790697674,0.0031820892034688,0.0029512987539919,0.0031814828886979
2026,journal_confirmatory_3domain_m_weakalign_steps2000_seed2026,physionet_grabmyo,target_calibration_only,1,raw_stats_plus_pretrained,430,86,0.14819474901667,0.1352406209912984,0.1479758003599126,17.0,262.51162790697674,0.0038046655467595,0.0035101528708584,0.003820819078809
2026,journal_confirmatory_3domain_m_weakalign_steps2000_seed2026,physionet_grabmyo,target_calibration_only,1,scratch_encoder,430,86,0.1215501606373155,0.1100459705351238,0.1209401474112254,17.0,262.51162790697674,0.0033281651633873,0.0030337008109111,0.003277395933958
2026,journal_confirmatory_3domain_m_weakalign_steps2000_seed2026,physionet_grabmyo,target_calibration_only,2,pretrained_encoder,430,86,0.1441940995581276,0.1310942520477974,0.1467362540666328,33.990697674418605,252.3046511627907,0.0039325059355699,0.0036030798384443,0.0039784030419251
2026,journal_confirmatory_3domain_m_weakalign_steps2000_seed2026,physionet_grabmyo,target_calibration_only,2,raw_stats,430,86,0.1186984679059136,0.1102991866852902,0.120940603872259,33.990697674418605,252.3046511627907,0.0028684403785699,0.0027655198310497,0.0029741927410786
2026,journal_confirmatory_3domain_m_weakalign_steps2000_seed2026,physionet_grabmyo,target_calibration_only,2,raw_stats_plus_pretrained,430,86,0.1585578068182773,0.1455224309073957,0.1616922832845064,33.990697674418605,252.3046511627907,0.0039416485533423,0.0036529192086179,0.0040588170686785
2026,journal_confirmatory_3domain_m_weakalign_steps2000_seed2026,physionet_grabmyo,target_calibration_only,2,scratch_encoder,430,86,0.1266751056064755,0.1158367206039815,0.1288112348102366,33.990697674418605,252.3046511627907,0.0033781979766674,0.0031857114546696,0.0034371640576137
2026,journal_confirmatory_3domain_m_weakalign_steps2000_seed2026,physionet_grabmyo,target_calibration_only,5,pretrained_encoder,430,86,0.1656809261346153,0.1538002927827222,0.1734301150081025,84.73953488372094,203.24883720930237,0.0045104740072724,0.0042649889628373,0.0048404673307322
2026,journal_confirmatory_3domain_m_weakalign_steps2000_seed2026,physionet_grabmyo,target_calibration_only,5,raw_stats,430,86,0.1369434546625781,0.1289047721358835,0.1433329870207307,84.73953488372094,203.24883720930237,0.0035785942684495,0.0034019489473134,0.0038048981668044
2026,journal_confirmatory_3domain_m_weakalign_steps2000_seed2026,physionet_grabmyo,target_calibration_only,5,raw_stats_plus_pretrained,430,86,0.185917153829182,0.1731765914602379,0.1950745136823593,84.73953488372094,203.24883720930237,0.0045768183060095,0.0043343418967954,0.0049332380843548
2026,journal_confirmatory_3domain_m_weakalign_steps2000_seed2026,physionet_grabmyo,target_calibration_only,5,scratch_encoder,430,86,0.1513141485521157,0.1396656598190779,0.1584107996487223,84.73953488372094,203.24883720930237,0.0038832248871832,0.0036916645008521,0.0043074267357527
2026,journal_confirmatory_3domain_m_weakalign_steps2000_seed2026,physionet_grabmyo,target_calibration_only,10,pretrained_encoder,430,86,0.2062469034645298,0.1899273222924124,0.2152006148309038,151.98372093023255,118.4906976744186,0.0058364995359395,0.0055210613813064,0.006349442043713
2026,journal_confirmatory_3domain_m_weakalign_steps2000_seed2026,physionet_grabmyo,target_calibration_only,10,raw_stats,430,86,0.2015220398997532,0.1871821066014465,0.2099993459630614,151.98372093023255,118.4906976744186,0.0054172361522985,0.0051939105809751,0.0058827769035958
2026,journal_confirmatory_3domain_m_weakalign_steps2000_seed2026,physionet_grabmyo,target_calibration_only,10,raw_stats_plus_pretrained,430,86,0.2283973362635984,0.2110417163632695,0.2391324476252307,151.98372093023255,118.4906976744186,0.0061789723982188,0.0058498500098859,0.0067028009553973
2026,journal_confirmatory_3domain_m_weakalign_steps2000_seed2026,physionet_grabmyo,target_calibration_only,10,scratch_encoder,430,86,0.1947309237331951,0.1792065980729047,0.2034867012794851,151.98372093023255,118.4906976744186,0.0056202127412577,0.0055560935056648,0.0063060433316639
2026,journal_confirmatory_3domain_m_weakalign_steps2000_seed2026,physionet_hyser,source_only,0,pretrained_encoder,100,20,0.050217259559459,0.0447031698052533,0.0510976672948339,995.15,999.25,0.0033410543065924,0.0032769234612231,0.0033538510658487
2026,journal_confirmatory_3domain_m_weakalign_steps2000_seed2026,physionet_hyser,source_only,0,raw_stats,100,20,0.0625919377394781,0.0490413711858968,0.0638049333081126,995.15,999.25,0.0036211641359812,0.0036637669379821,0.003716787844688
2026,journal_confirmatory_3domain_m_weakalign_steps2000_seed2026,physionet_hyser,source_only,0,raw_stats_plus_pretrained,100,20,0.0574114007086676,0.0505288851522571,0.0586296454068173,995.15,999.25,0.0041804822059594,0.0038972151070165,0.0041670942979688
2026,journal_confirmatory_3domain_m_weakalign_steps2000_seed2026,physionet_hyser,source_only,0,scratch_encoder,100,20,0.0517775021987629,0.0481260179049025,0.0520822045466763,995.15,999.25,0.0031963448763914,0.0032301300253047,0.0031628762093791
2026,journal_confirmatory_3domain_m_weakalign_steps2000_seed2026,physionet_hyser,source_plus_calibration,0,pretrained_encoder,100,20,0.050217259559459,0.0447031698052533,0.0510976672948339,995.15,999.25,0.0033410543065924,0.0032769234612231,0.0033538510658487
2026,journal_confirmatory_3domain_m_weakalign_steps2000_seed2026,physionet_hyser,source_plus_calibration,0,raw_stats,100,20,0.0625919377394781,0.0490413711858968,0.0638049333081126,995.15,999.25,0.0036211641359812,0.0036637669379821,0.003716787844688
2026,journal_confirmatory_3domain_m_weakalign_steps2000_seed2026,physionet_hyser,source_plus_calibration,0,raw_stats_plus_pretrained,100,20,0.0574114007086676,0.0505288851522571,0.0586296454068173,995.15,999.25,0.0041804822059594,0.0038972151070165,0.0041670942979688
2026,journal_confirmatory_3domain_m_weakalign_steps2000_seed2026,physionet_hyser,source_plus_calibration,0,scratch_encoder,100,20,0.0517775021987629,0.0481260179049025,0.0520822045466763,995.15,999.25,0.0031963448763914,0.0032301300253047,0.0031628762093791
2026,journal_confirmatory_3domain_m_weakalign_steps2000_seed2026,physionet_hyser,source_plus_calibration,1,pretrained_encoder,100,20,0.0629049219770705,0.0589575180681241,0.0632076245744638,1028.9,864.11,0.0039320120157428,0.003687802486336,0.0039453827421884
2026,journal_confirmatory_3domain_m_weakalign_steps2000_seed2026,physionet_hyser,source_plus_calibration,1,raw_stats,100,20,0.0705931614625412,0.0602162660627772,0.0716701099647157,1028.9,864.11,0.0038434629969872,0.0034170798388929,0.0039341313462427
2026,journal_confirmatory_3domain_m_weakalign_steps2000_seed2026,physionet_hyser,source_plus_calibration,1,raw_stats_plus_pretrained,100,20,0.0740077234487812,0.0693783775903073,0.0742652273298176,1028.9,864.11,0.0051807563044329,0.0046031389874701,0.0051658929613805
2026,journal_confirmatory_3domain_m_weakalign_steps2000_seed2026,physionet_hyser,source_plus_calibration,1,scratch_encoder,100,20,0.061546908311437,0.0573359537568294,0.0616436819651187,1028.9,864.11,0.0041107443035247,0.0037747832690823,0.0040224318287968
2026,journal_confirmatory_3domain_m_weakalign_steps2000_seed2026,physionet_hyser,source_plus_calibration,2,pretrained_encoder,100,20,0.0692741117208956,0.065236803072952,0.0704623251288698,1062.65,835.77,0.004013253006009,0.0037572821026877,0.0041208559768431
2026,journal_confirmatory_3domain_m_weakalign_steps2000_seed2026,physionet_hyser,source_plus_calibration,2,raw_stats,100,20,0.0776763710097519,0.067191874680115,0.0785720413345655,1062.65,835.77,0.0040435825341931,0.0035259010435181,0.004193930386012
2026,journal_confirmatory_3domain_m_weakalign_steps2000_seed2026,physionet_hyser,source_plus_calibration,2,raw_stats_plus_pretrained,100,20,0.0805286214609995,0.0766430979179262,0.0811850065159528,1062.65,835.77,0.0051742338467834,0.0048572238863483,0.0053306913815763
2026,journal_confirmatory_3domain_m_weakalign_steps2000_seed2026,physionet_hyser,source_plus_calibration,2,scratch_encoder,100,20,0.0670530948094267,0.0629882170316975,0.0675384230012806,1062.65,835.77,0.0041638455490477,0.0037897506703264,0.0041495583137476
2026,journal_confirmatory_3domain_m_weakalign_steps2000_seed2026,physionet_hyser,source_plus_calibration,5,pretrained_encoder,100,20,0.0836965975225816,0.0783377526824168,0.0844694249705683,1163.65,707.96,0.0047902720467374,0.0045877538678233,0.0050205354307925
2026,journal_confirmatory_3domain_m_weakalign_steps2000_seed2026,physionet_hyser,source_plus_calibration,5,raw_stats,100,20,0.0920402486241293,0.0803149167225171,0.0924339912640363,1163.65,707.96,0.0042503810738443,0.0033944202004866,0.0042067628476317
2026,journal_confirmatory_3domain_m_weakalign_steps2000_seed2026,physionet_hyser,source_plus_calibration,5,raw_stats_plus_pretrained,100,20,0.1012619095465222,0.0950931806935271,0.1028381624669469,1163.65,707.96,0.00661423576649,0.0060641669365735,0.0067649223987599
2026,journal_confirmatory_3domain_m_weakalign_steps2000_seed2026,physionet_hyser,source_plus_calibration,5,scratch_encoder,100,20,0.0811977531148479,0.075635316084566,0.0818004089040789,1163.65,707.96,0.0045702443294706,0.0041974312809154,0.0045326942473305
2026,journal_confirmatory_3domain_m_weakalign_steps2000_seed2026,physionet_hyser,source_plus_calibration,10,pretrained_encoder,100,20,0.1050658952691813,0.0987193564299174,0.1100959009133557,1330.79,555.45,0.0061694042534305,0.0058793398382461,0.0071357024412816
2026,journal_confirmatory_3domain_m_weakalign_steps2000_seed2026,physionet_hyser,source_plus_calibration,10,raw_stats,100,20,0.1130219118652282,0.0984734588613404,0.1140947085687556,1330.79,555.45,0.0045425623897064,0.0043104363993131,0.0048488225760818
2026,journal_confirmatory_3domain_m_weakalign_steps2000_seed2026,physionet_hyser,source_plus_calibration,10,raw_stats_plus_pretrained,100,20,0.1254128048342521,0.1173913131000726,0.131910693117546,1330.79,555.45,0.0076986465217139,0.0076753028922922,0.0088471558318248
2026,journal_confirmatory_3domain_m_weakalign_steps2000_seed2026,physionet_hyser,source_plus_calibration,10,scratch_encoder,100,20,0.0971984202911359,0.0882373628627607,0.099510661150221,1330.79,555.45,0.0058652642833341,0.0052455899364543,0.0063610641829589
2026,journal_confirmatory_3domain_m_weakalign_steps2000_seed2026,physionet_hyser,target_calibration_only,1,pretrained_encoder,100,20,0.0700101473510507,0.0637679152546921,0.0704891507968579,33.75,864.11,0.0047606383188972,0.0043774592964949,0.005062985167382
2026,journal_confirmatory_3domain_m_weakalign_steps2000_seed2026,physionet_hyser,target_calibration_only,1,raw_stats,100,20,0.0599355137441649,0.0543786100932257,0.0599332572438235,33.75,864.11,0.003723575445567,0.003339685871014,0.0036061671516693
2026,journal_confirmatory_3domain_m_weakalign_steps2000_seed2026,physionet_hyser,target_calibration_only,1,raw_stats_plus_pretrained,100,20,0.0856549593719697,0.0790989345148963,0.0864549402638351,33.75,864.11,0.0057640189366349,0.0051323381780371,0.0059341757128244
2026,journal_confirmatory_3domain_m_weakalign_steps2000_seed2026,physionet_hyser,target_calibration_only,1,scratch_encoder,100,20,0.0612239272626935,0.0557599648382673,0.0622708276204669,33.75,864.11,0.0031218599477817,0.0028681978154693,0.0032489550332887
2026,journal_confirmatory_3domain_m_weakalign_steps2000_seed2026,physionet_hyser,target_calibration_only,2,pretrained_encoder,100,20,0.0807243156614586,0.0729817881309489,0.0808785716910202,67.5,835.77,0.0046535944434717,0.0043157491592018,0.0046643579859191
2026,journal_confirmatory_3domain_m_weakalign_steps2000_seed2026,physionet_hyser,target_calibration_only,2,raw_stats,100,20,0.0610226556001625,0.0562044619270182,0.0612838749698464,67.5,835.77,0.0034507703654416,0.0032505956487915,0.0035180611191989
2026,journal_confirmatory_3domain_m_weakalign_steps2000_seed2026,physionet_hyser,target_calibration_only,2,raw_stats_plus_pretrained,100,20,0.0978957588778647,0.0896184554935542,0.0979437209015082,67.5,835.77,0.0055225318410881,0.0051765029405128,0.0056412206965226
2026,journal_confirmatory_3domain_m_weakalign_steps2000_seed2026,physionet_hyser,target_calibration_only,2,scratch_encoder,100,20,0.0651129531484957,0.058161519347739,0.0659572605844346,67.5,835.77,0.0033880122048268,0.0030100234048902,0.0035919910414708
2026,journal_confirmatory_3domain_m_weakalign_steps2000_seed2026,physionet_hyser,target_calibration_only,5,pretrained_encoder,100,20,0.0913083458501632,0.0787265876149148,0.0911522780021914,168.5,707.96,0.0052913972970795,0.0045963387158662,0.0053478715401368
2026,journal_confirmatory_3domain_m_weakalign_steps2000_seed2026,physionet_hyser,target_calibration_only,5,raw_stats,100,20,0.0917120601458607,0.084417630600047,0.0911231391313956,168.5,707.96,0.0038366208528544,0.0035476543222485,0.003919685802924
2026,journal_confirmatory_3domain_m_weakalign_steps2000_seed2026,physionet_hyser,target_calibration_only,5,raw_stats_plus_pretrained,100,20,0.1080549164883589,0.0939322465624869,0.1074386935617858,168.5,707.96,0.0057234412947839,0.005363869169249,0.0060395168487572
2026,journal_confirmatory_3domain_m_weakalign_steps2000_seed2026,physionet_hyser,target_calibration_only,5,scratch_encoder,100,20,0.0841388753314439,0.0733969378041517,0.0845765375063063,168.5,707.96,0.0050739046277158,0.0047338136155193,0.0052740015664859
2026,journal_confirmatory_3domain_m_weakalign_steps2000_seed2026,physionet_hyser,target_calibration_only,10,pretrained_encoder,100,20,0.1023667237402487,0.090429822172076,0.1080453215289089,335.64,555.45,0.0064982258433573,0.0061198753211566,0.0072532118733727
2026,journal_confirmatory_3domain_m_weakalign_steps2000_seed2026,physionet_hyser,target_calibration_only,10,raw_stats,100,20,0.1163181409798968,0.1057051903973109,0.1182150535316143,335.64,555.45,0.0061778706925259,0.0055925638082009,0.0062816943528708
2026,journal_confirmatory_3domain_m_weakalign_steps2000_seed2026,physionet_hyser,target_calibration_only,10,raw_stats_plus_pretrained,100,20,0.1167927360315175,0.1033044062155536,0.1227522761538682,335.64,555.45,0.007725467422809,0.0074004857275477,0.008930336629019
2026,journal_confirmatory_3domain_m_weakalign_steps2000_seed2026,physionet_hyser,target_calibration_only,10,scratch_encoder,100,20,0.0986261509350836,0.0873765112876057,0.1036339212442543,335.64,555.45,0.0063512925110058,0.005601679653129,0.0070742766468437
2027,journal_confirmatory_3domain_m_weakalign_steps2000_seed2027,physionet_grabmyo,source_only,0,pretrained_encoder,430,86,0.1524568787351934,0.1434098825771916,0.1507911741980983,309.6744186046512,310.27906976744185,0.0039272957086661,0.0037767930667192,0.0039446259268981
2027,journal_confirmatory_3domain_m_weakalign_steps2000_seed2027,physionet_grabmyo,source_only,0,raw_stats,430,86,0.1664975172178502,0.1529479833254639,0.1650493722913783,309.6744186046512,310.27906976744185,0.0036347180598752,0.0037120167772698,0.0035795268407043
2027,journal_confirmatory_3domain_m_weakalign_steps2000_seed2027,physionet_grabmyo,source_only,0,raw_stats_plus_pretrained,430,86,0.1610605727870577,0.1518926983597928,0.1601995231169103,309.6744186046512,310.27906976744185,0.0042126671167952,0.004151335413012,0.0042070661534112
2027,journal_confirmatory_3domain_m_weakalign_steps2000_seed2027,physionet_grabmyo,source_only,0,scratch_encoder,430,86,0.1547694574592403,0.1469364240611204,0.1535296946903612,309.6744186046512,310.27906976744185,0.0037892230944258,0.0036365333135485,0.0036646361332643
2027,journal_confirmatory_3domain_m_weakalign_steps2000_seed2027,physionet_grabmyo,source_plus_calibration,0,pretrained_encoder,430,86,0.1524568787351934,0.1434098825771916,0.1507911741980983,309.6744186046512,310.27906976744185,0.0039272957086661,0.0037767930667192,0.0039446259268981
2027,journal_confirmatory_3domain_m_weakalign_steps2000_seed2027,physionet_grabmyo,source_plus_calibration,0,raw_stats,430,86,0.1664975172178502,0.1529479833254639,0.1650493722913783,309.6744186046512,310.27906976744185,0.0036347180598752,0.0037120167772698,0.0035795268407043
2027,journal_confirmatory_3domain_m_weakalign_steps2000_seed2027,physionet_grabmyo,source_plus_calibration,0,raw_stats_plus_pretrained,430,86,0.1610605727870577,0.1518926983597928,0.1601995231169103,309.6744186046512,310.27906976744185,0.0042126671167952,0.004151335413012,0.0042070661534112
2027,journal_confirmatory_3domain_m_weakalign_steps2000_seed2027,physionet_grabmyo,source_plus_calibration,0,scratch_encoder,430,86,0.1547694574592403,0.1469364240611204,0.1535296946903612,309.6744186046512,310.27906976744185,0.0037892230944258,0.0036365333135485,0.0036646361332643
2027,journal_confirmatory_3domain_m_weakalign_steps2000_seed2027,physionet_grabmyo,source_plus_calibration,1,pretrained_encoder,430,86,0.1679008685510019,0.1591556338076684,0.166257585274011,326.6744186046512,262.51162790697674,0.0043678380803077,0.004141438637108,0.0043899875978338
2027,journal_confirmatory_3domain_m_weakalign_steps2000_seed2027,physionet_grabmyo,source_plus_calibration,1,raw_stats,430,86,0.1845375375482839,0.1704047026136427,0.1836361932693832,326.6744186046512,262.51162790697674,0.003748214311932,0.0036324944657793,0.0036969363091065
2027,journal_confirmatory_3domain_m_weakalign_steps2000_seed2027,physionet_grabmyo,source_plus_calibration,1,raw_stats_plus_pretrained,430,86,0.1784568854362983,0.1698106170933483,0.177382415489521,326.6744186046512,262.51162790697674,0.0045165417411775,0.0043226815456934,0.0044893897917161
2027,journal_confirmatory_3domain_m_weakalign_steps2000_seed2027,physionet_grabmyo,source_plus_calibration,1,scratch_encoder,430,86,0.1669151091424423,0.1581535872555874,0.1660992828360189,326.6744186046512,262.51162790697674,0.0043035340304399,0.0041450067967305,0.0042939962846667
2027,journal_confirmatory_3domain_m_weakalign_steps2000_seed2027,physionet_grabmyo,source_plus_calibration,2,pretrained_encoder,430,86,0.1745054622827602,0.164799460583959,0.1730948688752055,343.66511627906976,252.3046511627907,0.004370864106316,0.0041402136782033,0.0043408546935488
2027,journal_confirmatory_3domain_m_weakalign_steps2000_seed2027,physionet_grabmyo,source_plus_calibration,2,raw_stats,430,86,0.193315285892821,0.1779562647042935,0.1917410904265431,343.66511627906976,252.3046511627907,0.0040179286820824,0.0037528376510374,0.0039372927376701
2027,journal_confirmatory_3domain_m_weakalign_steps2000_seed2027,physionet_grabmyo,source_plus_calibration,2,raw_stats_plus_pretrained,430,86,0.1852364949106806,0.175663112831211,0.1845950359573402,343.66511627906976,252.3046511627907,0.0045476864758524,0.0043647911418268,0.0045898155604884
2027,journal_confirmatory_3domain_m_weakalign_steps2000_seed2027,physionet_grabmyo,source_plus_calibration,2,scratch_encoder,430,86,0.1726807101311787,0.1634025613233506,0.1722090133332645,343.66511627906976,252.3046511627907,0.0043943943114651,0.0041967009979879,0.0044033562403785
2027,journal_confirmatory_3domain_m_weakalign_steps2000_seed2027,physionet_grabmyo,source_plus_calibration,5,pretrained_encoder,430,86,0.1906585477056854,0.1784586173244244,0.1903874392077521,394.4139534883721,203.24883720930237,0.0051658080740122,0.0049232553211016,0.00530783110576
2027,journal_confirmatory_3domain_m_weakalign_steps2000_seed2027,physionet_grabmyo,source_plus_calibration,5,raw_stats,430,86,0.2142105264063439,0.1945970697510462,0.2136107715039376,394.4139534883721,203.24883720930237,0.0042464650347684,0.0038652209344219,0.0042246999343733
2027,journal_confirmatory_3domain_m_weakalign_steps2000_seed2027,physionet_grabmyo,source_plus_calibration,5,raw_stats_plus_pretrained,430,86,0.2013973450890596,0.1900562037851972,0.2028811693223307,394.4139534883721,203.24883720930237,0.0052079253184552,0.0049688671982435,0.0053096134735733
2027,journal_confirmatory_3domain_m_weakalign_steps2000_seed2027,physionet_grabmyo,source_plus_calibration,5,scratch_encoder,430,86,0.1896815475531984,0.1779030076655703,0.1914733021073584,394.4139534883721,203.24883720930237,0.0048107509348826,0.0046123595194759,0.0050795311823177
2027,journal_confirmatory_3domain_m_weakalign_steps2000_seed2027,physionet_grabmyo,source_plus_calibration,10,pretrained_encoder,430,86,0.2197703404024489,0.1857871515286237,0.2198915740561318,461.6581395348837,118.4906976744186,0.0061661475985293,0.0054079968130384,0.0064219439056423
2027,journal_confirmatory_3domain_m_weakalign_steps2000_seed2027,physionet_grabmyo,source_plus_calibration,10,raw_stats,430,86,0.2486274699943831,0.2048823891078832,0.2501729285888949,461.6581395348837,118.4906976744186,0.0054646337103051,0.0047226305204074,0.005704963897765
2027,journal_confirmatory_3domain_m_weakalign_steps2000_seed2027,physionet_grabmyo,source_plus_calibration,10,raw_stats_plus_pretrained,430,86,0.2337504146584922,0.1998816851804484,0.2365522152444615,461.6581395348837,118.4906976744186,0.0064375938482127,0.0057271188130493,0.0067704916653404
2027,journal_confirmatory_3domain_m_weakalign_steps2000_seed2027,physionet_grabmyo,source_plus_calibration,10,scratch_encoder,430,86,0.2171708032845255,0.1839242405578834,0.2181971142132647,461.6581395348837,118.4906976744186,0.0060736974487943,0.00538574529195,0.0064586663650571
2027,journal_confirmatory_3domain_m_weakalign_steps2000_seed2027,physionet_grabmyo,target_calibration_only,1,pretrained_encoder,430,86,0.1307376023170556,0.1187106963480667,0.1303134110064053,17.0,262.51162790697674,0.0034419577648293,0.0033074560599881,0.0034197697548448
2027,journal_confirmatory_3domain_m_weakalign_steps2000_seed2027,physionet_grabmyo,target_calibration_only,1,raw_stats,430,86,0.1242501351003908,0.1147452569978827,0.1242815680891481,17.0,262.51162790697674,0.0031820892034688,0.0029512987539919,0.0031814828886979
2027,journal_confirmatory_3domain_m_weakalign_steps2000_seed2027,physionet_grabmyo,target_calibration_only,1,raw_stats_plus_pretrained,430,86,0.1439106286342585,0.1320926055840893,0.1433909753674643,17.0,262.51162790697674,0.0037012872169553,0.0034851002958905,0.0036921068635946
2027,journal_confirmatory_3domain_m_weakalign_steps2000_seed2027,physionet_grabmyo,target_calibration_only,1,scratch_encoder,430,86,0.1215501606373155,0.1100459705351238,0.1209401474112254,17.0,262.51162790697674,0.0033281651633873,0.0030337008109111,0.003277395933958
2027,journal_confirmatory_3domain_m_weakalign_steps2000_seed2027,physionet_grabmyo,target_calibration_only,2,pretrained_encoder,430,86,0.1419141624853168,0.1304012115960324,0.1448505549323005,33.990697674418605,252.3046511627907,0.0037752725153456,0.0035117500575094,0.0038569457129367
2027,journal_confirmatory_3domain_m_weakalign_steps2000_seed2027,physionet_grabmyo,target_calibration_only,2,raw_stats,430,86,0.1186984679059136,0.1102991866852902,0.120940603872259,33.990697674418605,252.3046511627907,0.0028684403785699,0.0027655198310497,0.0029741927410786
2027,journal_confirmatory_3domain_m_weakalign_steps2000_seed2027,physionet_grabmyo,target_calibration_only,2,raw_stats_plus_pretrained,430,86,0.1560746674497505,0.1441546018734634,0.1590047503283049,33.990697674418605,252.3046511627907,0.0039542456233343,0.0037360710729795,0.0040632814382158
2027,journal_confirmatory_3domain_m_weakalign_steps2000_seed2027,physionet_grabmyo,target_calibration_only,2,scratch_encoder,430,86,0.1266751056064755,0.1158367206039815,0.1288112348102366,33.990697674418605,252.3046511627907,0.0033781979766674,0.0031857114546696,0.0034371640576137
2027,journal_confirmatory_3domain_m_weakalign_steps2000_seed2027,physionet_grabmyo,target_calibration_only,5,pretrained_encoder,430,86,0.1675563027922118,0.155159343459282,0.1742795923601809,84.73953488372094,203.24883720930237,0.0041967219705516,0.00397271592603,0.0043413075785627
2027,journal_confirmatory_3domain_m_weakalign_steps2000_seed2027,physionet_grabmyo,target_calibration_only,5,raw_stats,430,86,0.1369434546625781,0.1289047721358835,0.1433329870207307,84.73953488372094,203.24883720930237,0.0035785942684495,0.0034019489473134,0.0038048981668044
2027,journal_confirmatory_3domain_m_weakalign_steps2000_seed2027,physionet_grabmyo,target_calibration_only,5,raw_stats_plus_pretrained,430,86,0.1868882474019024,0.1741562146948733,0.1953877984461796,84.73953488372094,203.24883720930237,0.0044641382797252,0.0041959071465662,0.0047404237106508
2027,journal_confirmatory_3domain_m_weakalign_steps2000_seed2027,physionet_grabmyo,target_calibration_only,5,scratch_encoder,430,86,0.1513141485521157,0.1396656598190779,0.1584107996487223,84.73953488372094,203.24883720930237,0.0038832248871832,0.0036916645008521,0.0043074267357527
2027,journal_confirmatory_3domain_m_weakalign_steps2000_seed2027,physionet_grabmyo,target_calibration_only,10,pretrained_encoder,430,86,0.2010897770010066,0.1848296660926162,0.2107664459469677,151.98372093023255,118.4906976744186,0.0060281035765543,0.0057303198705486,0.0064443258766162
2027,journal_confirmatory_3domain_m_weakalign_steps2000_seed2027,physionet_grabmyo,target_calibration_only,10,raw_stats,430,86,0.2015220398997532,0.1871821066014465,0.2099993459630614,151.98372093023255,118.4906976744186,0.0054172361522985,0.0051939105809751,0.0058827769035958
2027,journal_confirmatory_3domain_m_weakalign_steps2000_seed2027,physionet_grabmyo,target_calibration_only,10,raw_stats_plus_pretrained,430,86,0.2263349388650256,0.2101138203801867,0.2378801915410657,151.98372093023255,118.4906976744186,0.0063436695024992,0.0059499843343978,0.0067553073160684
2027,journal_confirmatory_3domain_m_weakalign_steps2000_seed2027,physionet_grabmyo,target_calibration_only,10,scratch_encoder,430,86,0.1947309237331951,0.1792065980729047,0.2034867012794851,151.98372093023255,118.4906976744186,0.0056202127412577,0.0055560935056648,0.0063060433316639
2027,journal_confirmatory_3domain_m_weakalign_steps2000_seed2027,physionet_hyser,source_only,0,pretrained_encoder,100,20,0.0549990848307581,0.0486631976345239,0.0563483149158434,995.15,999.25,0.0032440667310445,0.003241787929597,0.0033361020066073
2027,journal_confirmatory_3domain_m_weakalign_steps2000_seed2027,physionet_hyser,source_only,0,raw_stats,100,20,0.0625919377394781,0.0490413711858968,0.0638049333081126,995.15,999.25,0.0036211641359812,0.0036637669379821,0.003716787844688
2027,journal_confirmatory_3domain_m_weakalign_steps2000_seed2027,physionet_hyser,source_only,0,raw_stats_plus_pretrained,100,20,0.0602367831963599,0.0512710354802306,0.0612366212645834,995.15,999.25,0.0034338364873062,0.003614709999345,0.0035517645266736
2027,journal_confirmatory_3domain_m_weakalign_steps2000_seed2027,physionet_hyser,source_only,0,scratch_encoder,100,20,0.0517775021987629,0.0481260179049025,0.0520822045466763,995.15,999.25,0.0031963448763914,0.0032301300253047,0.0031628762093791
2027,journal_confirmatory_3domain_m_weakalign_steps2000_seed2027,physionet_hyser,source_plus_calibration,0,pretrained_encoder,100,20,0.0549990848307581,0.0486631976345239,0.0563483149158434,995.15,999.25,0.0032440667310445,0.003241787929597,0.0033361020066073
2027,journal_confirmatory_3domain_m_weakalign_steps2000_seed2027,physionet_hyser,source_plus_calibration,0,raw_stats,100,20,0.0625919377394781,0.0490413711858968,0.0638049333081126,995.15,999.25,0.0036211641359812,0.0036637669379821,0.003716787844688
2027,journal_confirmatory_3domain_m_weakalign_steps2000_seed2027,physionet_hyser,source_plus_calibration,0,raw_stats_plus_pretrained,100,20,0.0602367831963599,0.0512710354802306,0.0612366212645834,995.15,999.25,0.0034338364873062,0.003614709999345,0.0035517645266736
2027,journal_confirmatory_3domain_m_weakalign_steps2000_seed2027,physionet_hyser,source_plus_calibration,0,scratch_encoder,100,20,0.0517775021987629,0.0481260179049025,0.0520822045466763,995.15,999.25,0.0031963448763914,0.0032301300253047,0.0031628762093791
2027,journal_confirmatory_3domain_m_weakalign_steps2000_seed2027,physionet_hyser,source_plus_calibration,1,pretrained_encoder,100,20,0.0663082789554435,0.0613261021189753,0.0669673611282632,1028.9,864.11,0.0037234552068372,0.0033945826884381,0.0038140671936204
2027,journal_confirmatory_3domain_m_weakalign_steps2000_seed2027,physionet_hyser,source_plus_calibration,1,raw_stats,100,20,0.0705931614625412,0.0602162660627772,0.0716701099647157,1028.9,864.11,0.0038434629969872,0.0034170798388929,0.0039341313462427
2027,journal_confirmatory_3domain_m_weakalign_steps2000_seed2027,physionet_hyser,source_plus_calibration,1,raw_stats_plus_pretrained,100,20,0.0760078165629883,0.0702941796950224,0.0761459805464594,1028.9,864.11,0.0043104164401139,0.0042057569093777,0.0044079117038792
2027,journal_confirmatory_3domain_m_weakalign_steps2000_seed2027,physionet_hyser,source_plus_calibration,1,scratch_encoder,100,20,0.061546908311437,0.0573359537568294,0.0616436819651187,1028.9,864.11,0.0041107443035247,0.0037747832690823,0.0040224318287968
2027,journal_confirmatory_3domain_m_weakalign_steps2000_seed2027,physionet_hyser,source_plus_calibration,2,pretrained_encoder,100,20,0.0723363759635676,0.0679404550343791,0.0735495698728627,1062.65,835.77,0.0031448414997076,0.0030230221272391,0.0034431414778963
2027,journal_confirmatory_3domain_m_weakalign_steps2000_seed2027,physionet_hyser,source_plus_calibration,2,raw_stats,100,20,0.0776763710097519,0.067191874680115,0.0785720413345655,1062.65,835.77,0.0040435825341931,0.0035259010435181,0.004193930386012
2027,journal_confirmatory_3domain_m_weakalign_steps2000_seed2027,physionet_hyser,source_plus_calibration,2,raw_stats_plus_pretrained,100,20,0.0839841446700205,0.0788645594059756,0.0852000032871538,1062.65,835.77,0.0045446948342904,0.0044281304173162,0.0047218558635357
2027,journal_confirmatory_3domain_m_weakalign_steps2000_seed2027,physionet_hyser,source_plus_calibration,2,scratch_encoder,100,20,0.0670530948094267,0.0629882170316975,0.0675384230012806,1062.65,835.77,0.0041638455490477,0.0037897506703264,0.0041495583137476
2027,journal_confirmatory_3domain_m_weakalign_steps2000_seed2027,physionet_hyser,source_plus_calibration,5,pretrained_encoder,100,20,0.0804117951305333,0.0749592835208712,0.0814443513103433,1163.65,707.96,0.004517754447377,0.0041722596828526,0.0047880612754362
2027,journal_confirmatory_3domain_m_weakalign_steps2000_seed2027,physionet_hyser,source_plus_calibration,5,raw_stats,100,20,0.0920402486241293,0.0803149167225171,0.0924339912640363,1163.65,707.96,0.0042503810738443,0.0033944202004866,0.0042067628476317
2027,journal_confirmatory_3domain_m_weakalign_steps2000_seed2027,physionet_hyser,source_plus_calibration,5,raw_stats_plus_pretrained,100,20,0.0984343156666544,0.0919991383256725,0.0991123495277856,1163.65,707.96,0.0053370546641126,0.0050707773150147,0.0055380339073733
2027,journal_confirmatory_3domain_m_weakalign_steps2000_seed2027,physionet_hyser,source_plus_calibration,5,scratch_encoder,100,20,0.0811977531148479,0.075635316084566,0.0818004089040789,1163.65,707.96,0.0045702443294706,0.0041974312809154,0.0045326942473305
2027,journal_confirmatory_3domain_m_weakalign_steps2000_seed2027,physionet_hyser,source_plus_calibration,10,pretrained_encoder,100,20,0.100332946361231,0.0926641932055339,0.1029610805796765,1330.79,555.45,0.0050658908375844,0.0047564452552232,0.0056499779183343
2027,journal_confirmatory_3domain_m_weakalign_steps2000_seed2027,physionet_hyser,source_plus_calibration,10,raw_stats,100,20,0.1130219118652282,0.0984734588613404,0.1140947085687556,1330.79,555.45,0.0045425623897064,0.0043104363993131,0.0048488225760818
2027,journal_confirmatory_3domain_m_weakalign_steps2000_seed2027,physionet_hyser,source_plus_calibration,10,raw_stats_plus_pretrained,100,20,0.1235219885563897,0.1155579095682332,0.1280120880761715,1330.79,555.45,0.0062927052635159,0.0060975064267766,0.00692891958542
2027,journal_confirmatory_3domain_m_weakalign_steps2000_seed2027,physionet_hyser,source_plus_calibration,10,scratch_encoder,100,20,0.0971984202911359,0.0882373628627607,0.099510661150221,1330.79,555.45,0.0058652642833341,0.0052455899364543,0.0063610641829589
2027,journal_confirmatory_3domain_m_weakalign_steps2000_seed2027,physionet_hyser,target_calibration_only,1,pretrained_encoder,100,20,0.0677444521632714,0.0623452874136614,0.0683114827795818,33.75,864.11,0.0037512000296998,0.0035768827203591,0.0039086081816749
2027,journal_confirmatory_3domain_m_weakalign_steps2000_seed2027,physionet_hyser,target_calibration_only,1,raw_stats,100,20,0.0599355137441649,0.0543786100932257,0.0599332572438235,33.75,864.11,0.003723575445567,0.003339685871014,0.0036061671516693
2027,journal_confirmatory_3domain_m_weakalign_steps2000_seed2027,physionet_hyser,target_calibration_only,1,raw_stats_plus_pretrained,100,20,0.0816343982362645,0.0761597930133334,0.0823771545371573,33.75,864.11,0.0045239771304203,0.004228972046591,0.0045902874129665
2027,journal_confirmatory_3domain_m_weakalign_steps2000_seed2027,physionet_hyser,target_calibration_only,1,scratch_encoder,100,20,0.0612239272626935,0.0557599648382673,0.0622708276204669,33.75,864.11,0.0031218599477817,0.0028681978154693,0.0032489550332887
2027,journal_confirmatory_3domain_m_weakalign_steps2000_seed2027,physionet_hyser,target_calibration_only,2,pretrained_encoder,100,20,0.0760253908686326,0.0683498571026267,0.0762927237431951,67.5,835.77,0.0042486006746145,0.0036433842410722,0.004291732084985
2027,journal_confirmatory_3domain_m_weakalign_steps2000_seed2027,physionet_hyser,target_calibration_only,2,raw_stats,100,20,0.0610226556001625,0.0562044619270182,0.0612838749698464,67.5,835.77,0.0034507703654416,0.0032505956487915,0.0035180611191989
2027,journal_confirmatory_3domain_m_weakalign_steps2000_seed2027,physionet_hyser,target_calibration_only,2,raw_stats_plus_pretrained,100,20,0.0914713298501113,0.0831114972136181,0.092128336565176,67.5,835.77,0.004700451074148,0.004112104691598,0.0048634974913633
2027,journal_confirmatory_3domain_m_weakalign_steps2000_seed2027,physionet_hyser,target_calibration_only,2,scratch_encoder,100,20,0.0651129531484957,0.058161519347739,0.0659572605844346,67.5,835.77,0.0033880122048268,0.0030100234048902,0.0035919910414708
2027,journal_confirmatory_3domain_m_weakalign_steps2000_seed2027,physionet_hyser,target_calibration_only,5,pretrained_encoder,100,20,0.0903310942886782,0.0778810679101715,0.0905978049230295,168.5,707.96,0.0049221642037967,0.004251681068185,0.0050588612792487
2027,journal_confirmatory_3domain_m_weakalign_steps2000_seed2027,physionet_hyser,target_calibration_only,5,raw_stats,100,20,0.0917120601458607,0.084417630600047,0.0911231391313956,168.5,707.96,0.0038366208528544,0.0035476543222485,0.003919685802924
2027,journal_confirmatory_3domain_m_weakalign_steps2000_seed2027,physionet_hyser,target_calibration_only,5,raw_stats_plus_pretrained,100,20,0.1086245542012971,0.0943388493916774,0.1090618410942487,168.5,707.96,0.0060790706575163,0.0055101906478652,0.0060572133726971
2027,journal_confirmatory_3domain_m_weakalign_steps2000_seed2027,physionet_hyser,target_calibration_only,5,scratch_encoder,100,20,0.0841388753314439,0.0733969378041517,0.0845765375063063,168.5,707.96,0.0050739046277158,0.0047338136155193,0.0052740015664859
2027,journal_confirmatory_3domain_m_weakalign_steps2000_seed2027,physionet_hyser,target_calibration_only,10,pretrained_encoder,100,20,0.1000963074590835,0.088239868490372,0.1061230778142343,335.64,555.45,0.0056686475620038,0.0050693926968192,0.006529342263251
2027,journal_confirmatory_3domain_m_weakalign_steps2000_seed2027,physionet_hyser,target_calibration_only,10,raw_stats,100,20,0.1163181409798968,0.1057051903973109,0.1182150535316143,335.64,555.45,0.0061778706925259,0.0055925638082009,0.0062816943528708
2027,journal_confirmatory_3domain_m_weakalign_steps2000_seed2027,physionet_hyser,target_calibration_only,10,raw_stats_plus_pretrained,100,20,0.1162773452768785,0.1031432089526709,0.1228517388815788,335.64,555.45,0.0063936269168908,0.0057682357401398,0.0071690355065339
2027,journal_confirmatory_3domain_m_weakalign_steps2000_seed2027,physionet_hyser,target_calibration_only,10,scratch_encoder,100,20,0.0986261509350836,0.0873765112876057,0.1036339212442543,335.64,555.45,0.0063512925110058,0.005601679653129,0.0070742766468437
2028,journal_confirmatory_3domain_m_weakalign_steps2000_seed2028,physionet_grabmyo,source_only,0,pretrained_encoder,430,86,0.1531857229227432,0.1452113262106233,0.1518110117832925,309.6744186046512,310.27906976744185,0.0042173309022629,0.0040009831822454,0.0040655446103052
2028,journal_confirmatory_3domain_m_weakalign_steps2000_seed2028,physionet_grabmyo,source_only,0,raw_stats,430,86,0.1664975172178502,0.1529479833254639,0.1650493722913783,309.6744186046512,310.27906976744185,0.0036347180598752,0.0037120167772698,0.0035795268407043
2028,journal_confirmatory_3domain_m_weakalign_steps2000_seed2028,physionet_grabmyo,source_only,0,raw_stats_plus_pretrained,430,86,0.1694519907898735,0.1592831952669835,0.1680491929686324,309.6744186046512,310.27906976744185,0.004826790729043,0.0045792789143696,0.0046276706394813
2028,journal_confirmatory_3domain_m_weakalign_steps2000_seed2028,physionet_grabmyo,source_only,0,scratch_encoder,430,86,0.1547694574592403,0.1469364240611204,0.1535296946903612,309.6744186046512,310.27906976744185,0.0037892230944258,0.0036365333135485,0.0036646361332643
2028,journal_confirmatory_3domain_m_weakalign_steps2000_seed2028,physionet_grabmyo,source_plus_calibration,0,pretrained_encoder,430,86,0.1531857229227432,0.1452113262106233,0.1518110117832925,309.6744186046512,310.27906976744185,0.0042173309022629,0.0040009831822454,0.0040655446103052
2028,journal_confirmatory_3domain_m_weakalign_steps2000_seed2028,physionet_grabmyo,source_plus_calibration,0,raw_stats,430,86,0.1664975172178502,0.1529479833254639,0.1650493722913783,309.6744186046512,310.27906976744185,0.0036347180598752,0.0037120167772698,0.0035795268407043
2028,journal_confirmatory_3domain_m_weakalign_steps2000_seed2028,physionet_grabmyo,source_plus_calibration,0,raw_stats_plus_pretrained,430,86,0.1694519907898735,0.1592831952669835,0.1680491929686324,309.6744186046512,310.27906976744185,0.004826790729043,0.0045792789143696,0.0046276706394813
2028,journal_confirmatory_3domain_m_weakalign_steps2000_seed2028,physionet_grabmyo,source_plus_calibration,0,scratch_encoder,430,86,0.1547694574592403,0.1469364240611204,0.1535296946903612,309.6744186046512,310.27906976744185,0.0037892230944258,0.0036365333135485,0.0036646361332643
2028,journal_confirmatory_3domain_m_weakalign_steps2000_seed2028,physionet_grabmyo,source_plus_calibration,1,pretrained_encoder,430,86,0.1691348222852879,0.1605992675829353,0.167919043351663,326.6744186046512,262.51162790697674,0.0044603363231906,0.0041276083898842,0.004385240613047
2028,journal_confirmatory_3domain_m_weakalign_steps2000_seed2028,physionet_grabmyo,source_plus_calibration,1,raw_stats,430,86,0.1845375375482839,0.1704047026136427,0.1836361932693832,326.6744186046512,262.51162790697674,0.003748214311932,0.0036324944657793,0.0036969363091065
2028,journal_confirmatory_3domain_m_weakalign_steps2000_seed2028,physionet_grabmyo,source_plus_calibration,1,raw_stats_plus_pretrained,430,86,0.185174132400347,0.175943409313404,0.1831573718388336,326.6744186046512,262.51162790697674,0.0048620543742142,0.0045944544626453,0.0047565033751399
2028,journal_confirmatory_3domain_m_weakalign_steps2000_seed2028,physionet_grabmyo,source_plus_calibration,1,scratch_encoder,430,86,0.1669151091424423,0.1581535872555874,0.1660992828360189,326.6744186046512,262.51162790697674,0.0043035340304399,0.0041450067967305,0.0042939962846667
2028,journal_confirmatory_3domain_m_weakalign_steps2000_seed2028,physionet_grabmyo,source_plus_calibration,2,pretrained_encoder,430,86,0.1760532952289851,0.1670101439794982,0.1751249723867694,343.66511627906976,252.3046511627907,0.0047732786071721,0.0045522638944052,0.0047110884904958
2028,journal_confirmatory_3domain_m_weakalign_steps2000_seed2028,physionet_grabmyo,source_plus_calibration,2,raw_stats,430,86,0.193315285892821,0.1779562647042935,0.1917410904265431,343.66511627906976,252.3046511627907,0.0040179286820824,0.0037528376510374,0.0039372927376701
2028,journal_confirmatory_3domain_m_weakalign_steps2000_seed2028,physionet_grabmyo,source_plus_calibration,2,raw_stats_plus_pretrained,430,86,0.1910254762589821,0.1818217851867646,0.1900438632438721,343.66511627906976,252.3046511627907,0.0048483982635841,0.0046866299651944,0.0048094642603733
2028,journal_confirmatory_3domain_m_weakalign_steps2000_seed2028,physionet_grabmyo,source_plus_calibration,2,scratch_encoder,430,86,0.1726807101311787,0.1634025613233506,0.1722090133332645,343.66511627906976,252.3046511627907,0.0043943943114651,0.0041967009979879,0.0044033562403785
2028,journal_confirmatory_3domain_m_weakalign_steps2000_seed2028,physionet_grabmyo,source_plus_calibration,5,pretrained_encoder,430,86,0.1880483642153532,0.1767867186016083,0.1900219517469547,394.4139534883721,203.24883720930237,0.0048601653927263,0.0046041238056227,0.0049264936780956
2028,journal_confirmatory_3domain_m_weakalign_steps2000_seed2028,physionet_grabmyo,source_plus_calibration,5,raw_stats,430,86,0.2142105264063439,0.1945970697510462,0.2136107715039376,394.4139534883721,203.24883720930237,0.0042464650347684,0.0038652209344219,0.0042246999343733
2028,journal_confirmatory_3domain_m_weakalign_steps2000_seed2028,physionet_grabmyo,source_plus_calibration,5,raw_stats_plus_pretrained,430,86,0.2013948956345773,0.1896867724697921,0.2022611106498307,394.4139534883721,203.24883720930237,0.0049963021856094,0.0047352281291795,0.0050693842529657
2028,journal_confirmatory_3domain_m_weakalign_steps2000_seed2028,physionet_grabmyo,source_plus_calibration,5,scratch_encoder,430,86,0.1896815475531984,0.1779030076655703,0.1914733021073584,394.4139534883721,203.24883720930237,0.0048107509348826,0.0046123595194759,0.0050795311823177
2028,journal_confirmatory_3domain_m_weakalign_steps2000_seed2028,physionet_grabmyo,source_plus_calibration,10,pretrained_encoder,430,86,0.220302346721736,0.1880109853651099,0.2226379779488439,461.6581395348837,118.4906976744186,0.0064998144347761,0.0056271509487412,0.0067477043719414
2028,journal_confirmatory_3domain_m_weakalign_steps2000_seed2028,physionet_grabmyo,source_plus_calibration,10,raw_stats,430,86,0.2486274699943831,0.2048823891078832,0.2501729285888949,461.6581395348837,118.4906976744186,0.0054646337103051,0.0047226305204074,0.005704963897765
2028,journal_confirmatory_3domain_m_weakalign_steps2000_seed2028,physionet_grabmyo,source_plus_calibration,10,raw_stats_plus_pretrained,430,86,0.2369913024512791,0.2037011615902566,0.2387242180719393,461.6581395348837,118.4906976744186,0.0069037408114549,0.0059602588860673,0.0069888923579949
2028,journal_confirmatory_3domain_m_weakalign_steps2000_seed2028,physionet_grabmyo,source_plus_calibration,10,scratch_encoder,430,86,0.2171708032845255,0.1839242405578834,0.2181971142132647,461.6581395348837,118.4906976744186,0.0060736974487943,0.00538574529195,0.0064586663650571
2028,journal_confirmatory_3domain_m_weakalign_steps2000_seed2028,physionet_grabmyo,target_calibration_only,1,pretrained_encoder,430,86,0.1360572224016624,0.1234099540940961,0.1355827034715539,17.0,262.51162790697674,0.0035898808804088,0.0033840860398789,0.0035616254492511
2028,journal_confirmatory_3domain_m_weakalign_steps2000_seed2028,physionet_grabmyo,target_calibration_only,1,raw_stats,430,86,0.1242501351003908,0.1147452569978827,0.1242815680891481,17.0,262.51162790697674,0.0031820892034688,0.0029512987539919,0.0031814828886979
2028,journal_confirmatory_3domain_m_weakalign_steps2000_seed2028,physionet_grabmyo,target_calibration_only,1,raw_stats_plus_pretrained,430,86,0.149130065301787,0.1364551579380354,0.1484997395379622,17.0,262.51162790697674,0.0037368360917792,0.0035593848778128,0.0037799250497184
2028,journal_confirmatory_3domain_m_weakalign_steps2000_seed2028,physionet_grabmyo,target_calibration_only,1,scratch_encoder,430,86,0.1215501606373155,0.1100459705351238,0.1209401474112254,17.0,262.51162790697674,0.0033281651633873,0.0030337008109111,0.003277395933958
2028,journal_confirmatory_3domain_m_weakalign_steps2000_seed2028,physionet_grabmyo,target_calibration_only,2,pretrained_encoder,430,86,0.1436147328033286,0.1308392803146755,0.1461764481195762,33.990697674418605,252.3046511627907,0.0037622399031864,0.0034715010692231,0.0037117601194243
2028,journal_confirmatory_3domain_m_weakalign_steps2000_seed2028,physionet_grabmyo,target_calibration_only,2,raw_stats,430,86,0.1186984679059136,0.1102991866852902,0.120940603872259,33.990697674418605,252.3046511627907,0.0028684403785699,0.0027655198310497,0.0029741927410786
2028,journal_confirmatory_3domain_m_weakalign_steps2000_seed2028,physionet_grabmyo,target_calibration_only,2,raw_stats_plus_pretrained,430,86,0.1572937818678653,0.1443199048385996,0.1598731558710308,33.990697674418605,252.3046511627907,0.0039647905131244,0.0037422172616791,0.0039664340827712
2028,journal_confirmatory_3domain_m_weakalign_steps2000_seed2028,physionet_grabmyo,target_calibration_only,2,scratch_encoder,430,86,0.1266751056064755,0.1158367206039815,0.1288112348102366,33.990697674418605,252.3046511627907,0.0033781979766674,0.0031857114546696,0.0034371640576137
2028,journal_confirmatory_3domain_m_weakalign_steps2000_seed2028,physionet_grabmyo,target_calibration_only,5,pretrained_encoder,430,86,0.1690815254918261,0.1570773236892765,0.1768911458266153,84.73953488372094,203.24883720930237,0.0043755529922303,0.0042541911701633,0.0046168102657915
2028,journal_confirmatory_3domain_m_weakalign_steps2000_seed2028,physionet_grabmyo,target_calibration_only,5,raw_stats,430,86,0.1369434546625781,0.1289047721358835,0.1433329870207307,84.73953488372094,203.24883720930237,0.0035785942684495,0.0034019489473134,0.0038048981668044
2028,journal_confirmatory_3domain_m_weakalign_steps2000_seed2028,physionet_grabmyo,target_calibration_only,5,raw_stats_plus_pretrained,430,86,0.1872377205696927,0.1742697606813175,0.1968031715117815,84.73953488372094,203.24883720930237,0.0047451891983823,0.0044856147048003,0.0050790611192435
2028,journal_confirmatory_3domain_m_weakalign_steps2000_seed2028,physionet_grabmyo,target_calibration_only,5,scratch_encoder,430,86,0.1513141485521157,0.1396656598190779,0.1584107996487223,84.73953488372094,203.24883720930237,0.0038832248871832,0.0036916645008521,0.0043074267357527
2028,journal_confirmatory_3domain_m_weakalign_steps2000_seed2028,physionet_grabmyo,target_calibration_only,10,pretrained_encoder,430,86,0.2116046182769034,0.1944814900805155,0.2188963912261348,151.98372093023255,118.4906976744186,0.0055999902563015,0.0053085815623072,0.0060222430803755
2028,journal_confirmatory_3domain_m_weakalign_steps2000_seed2028,physionet_grabmyo,target_calibration_only,10,raw_stats,430,86,0.2015220398997532,0.1871821066014465,0.2099993459630614,151.98372093023255,118.4906976744186,0.0054172361522985,0.0051939105809751,0.0058827769035958
2028,journal_confirmatory_3domain_m_weakalign_steps2000_seed2028,physionet_grabmyo,target_calibration_only,10,raw_stats_plus_pretrained,430,86,0.2289121413806321,0.2111063708111162,0.240552936050167,151.98372093023255,118.4906976744186,0.005977207929183,0.0056454159323306,0.0064021309688515
2028,journal_confirmatory_3domain_m_weakalign_steps2000_seed2028,physionet_grabmyo,target_calibration_only,10,scratch_encoder,430,86,0.1947309237331951,0.1792065980729047,0.2034867012794851,151.98372093023255,118.4906976744186,0.0056202127412577,0.0055560935056648,0.0063060433316639
2028,journal_confirmatory_3domain_m_weakalign_steps2000_seed2028,physionet_hyser,source_only,0,pretrained_encoder,100,20,0.0489434250556322,0.0435500376510645,0.049093727806514,995.15,999.25,0.0029784262102445,0.0028143830407343,0.0029402782154007
2028,journal_confirmatory_3domain_m_weakalign_steps2000_seed2028,physionet_hyser,source_only,0,raw_stats,100,20,0.0625919377394781,0.0490413711858968,0.0638049333081126,995.15,999.25,0.0036211641359812,0.0036637669379821,0.003716787844688
2028,journal_confirmatory_3domain_m_weakalign_steps2000_seed2028,physionet_hyser,source_only,0,raw_stats_plus_pretrained,100,20,0.059881753636133,0.0503914665082068,0.060049820292321,995.15,999.25,0.0036654852717348,0.0034746433004434,0.0037510537762783
2028,journal_confirmatory_3domain_m_weakalign_steps2000_seed2028,physionet_hyser,source_only,0,scratch_encoder,100,20,0.0517775021987629,0.0481260179049025,0.0520822045466763,995.15,999.25,0.0031963448763914,0.0032301300253047,0.0031628762093791
2028,journal_confirmatory_3domain_m_weakalign_steps2000_seed2028,physionet_hyser,source_plus_calibration,0,pretrained_encoder,100,20,0.0489434250556322,0.0435500376510645,0.049093727806514,995.15,999.25,0.0029784262102445,0.0028143830407343,0.0029402782154007
2028,journal_confirmatory_3domain_m_weakalign_steps2000_seed2028,physionet_hyser,source_plus_calibration,0,raw_stats,100,20,0.0625919377394781,0.0490413711858968,0.0638049333081126,995.15,999.25,0.0036211641359812,0.0036637669379821,0.003716787844688
2028,journal_confirmatory_3domain_m_weakalign_steps2000_seed2028,physionet_hyser,source_plus_calibration,0,raw_stats_plus_pretrained,100,20,0.059881753636133,0.0503914665082068,0.060049820292321,995.15,999.25,0.0036654852717348,0.0034746433004434,0.0037510537762783
2028,journal_confirmatory_3domain_m_weakalign_steps2000_seed2028,physionet_hyser,source_plus_calibration,0,scratch_encoder,100,20,0.0517775021987629,0.0481260179049025,0.0520822045466763,995.15,999.25,0.0031963448763914,0.0032301300253047,0.0031628762093791
2028,journal_confirmatory_3domain_m_weakalign_steps2000_seed2028,physionet_hyser,source_plus_calibration,1,pretrained_encoder,100,20,0.0618290649389567,0.057997556262808,0.0618709213085962,1028.9,864.11,0.004118547047565,0.0039059862666443,0.0040605601780633
2028,journal_confirmatory_3domain_m_weakalign_steps2000_seed2028,physionet_hyser,source_plus_calibration,1,raw_stats,100,20,0.0705931614625412,0.0602162660627772,0.0716701099647157,1028.9,864.11,0.0038434629969872,0.0034170798388929,0.0039341313462427
2028,journal_confirmatory_3domain_m_weakalign_steps2000_seed2028,physionet_hyser,source_plus_calibration,1,raw_stats_plus_pretrained,100,20,0.0722065523575921,0.0670992870090708,0.0723808820119942,1028.9,864.11,0.0048272884381994,0.0045922911523898,0.0048109094168689
2028,journal_confirmatory_3domain_m_weakalign_steps2000_seed2028,physionet_hyser,source_plus_calibration,1,scratch_encoder,100,20,0.061546908311437,0.0573359537568294,0.0616436819651187,1028.9,864.11,0.0041107443035247,0.0037747832690823,0.0040224318287968
2028,journal_confirmatory_3domain_m_weakalign_steps2000_seed2028,physionet_hyser,source_plus_calibration,2,pretrained_encoder,100,20,0.0711331782557203,0.0662813124451709,0.0711973333085985,1062.65,835.77,0.0043678979826545,0.0041502708592273,0.0043982622096176
2028,journal_confirmatory_3domain_m_weakalign_steps2000_seed2028,physionet_hyser,source_plus_calibration,2,raw_stats,100,20,0.0776763710097519,0.067191874680115,0.0785720413345655,1062.65,835.77,0.0040435825341931,0.0035259010435181,0.004193930386012
2028,journal_confirmatory_3domain_m_weakalign_steps2000_seed2028,physionet_hyser,source_plus_calibration,2,raw_stats_plus_pretrained,100,20,0.0842182134599613,0.0791302969543146,0.0846677919361061,1062.65,835.77,0.0050696071377527,0.0048588743018151,0.0050863674457717
2028,journal_confirmatory_3domain_m_weakalign_steps2000_seed2028,physionet_hyser,source_plus_calibration,2,scratch_encoder,100,20,0.0670530948094267,0.0629882170316975,0.0675384230012806,1062.65,835.77,0.0041638455490477,0.0037897506703264,0.0041495583137476
2028,journal_confirmatory_3domain_m_weakalign_steps2000_seed2028,physionet_hyser,source_plus_calibration,5,pretrained_encoder,100,20,0.0839839053340408,0.0778996025049179,0.0838892582222875,1163.65,707.96,0.0052154557404278,0.0050790049983641,0.0053146025412636
2028,journal_confirmatory_3domain_m_weakalign_steps2000_seed2028,physionet_hyser,source_plus_calibration,5,raw_stats,100,20,0.0920402486241293,0.0803149167225171,0.0924339912640363,1163.65,707.96,0.0042503810738443,0.0033944202004866,0.0042067628476317
2028,journal_confirmatory_3domain_m_weakalign_steps2000_seed2028,physionet_hyser,source_plus_calibration,5,raw_stats_plus_pretrained,100,20,0.1006427342074379,0.0928128571545943,0.1008675907439224,1163.65,707.96,0.00573248638828,0.0054186856547469,0.0059878812228785
2028,journal_confirmatory_3domain_m_weakalign_steps2000_seed2028,physionet_hyser,source_plus_calibration,5,scratch_encoder,100,20,0.0811977531148479,0.075635316084566,0.0818004089040789,1163.65,707.96,0.0045702443294706,0.0041974312809154,0.0045326942473305
2028,journal_confirmatory_3domain_m_weakalign_steps2000_seed2028,physionet_hyser,source_plus_calibration,10,pretrained_encoder,100,20,0.1054551745518753,0.0966758786174611,0.1075580971815973,1330.79,555.45,0.0068383371180085,0.0061439601498699,0.0068527361329042
2028,journal_confirmatory_3domain_m_weakalign_steps2000_seed2028,physionet_hyser,source_plus_calibration,10,raw_stats,100,20,0.1130219118652282,0.0984734588613404,0.1140947085687556,1330.79,555.45,0.0045425623897064,0.0043104363993131,0.0048488225760818
2028,journal_confirmatory_3domain_m_weakalign_steps2000_seed2028,physionet_hyser,source_plus_calibration,10,raw_stats_plus_pretrained,100,20,0.1254702894872392,0.1158965355940052,0.1295525456183587,1330.79,555.45,0.0076237795929351,0.0071425037513417,0.0078367432838373
2028,journal_confirmatory_3domain_m_weakalign_steps2000_seed2028,physionet_hyser,source_plus_calibration,10,scratch_encoder,100,20,0.0971984202911359,0.0882373628627607,0.099510661150221,1330.79,555.45,0.0058652642833341,0.0052455899364543,0.0063610641829589
2028,journal_confirmatory_3domain_m_weakalign_steps2000_seed2028,physionet_hyser,target_calibration_only,1,pretrained_encoder,100,20,0.071206122868362,0.0643527748718563,0.0715005623460678,33.75,864.11,0.0040098892737659,0.0034320607942049,0.0040197856185194
2028,journal_confirmatory_3domain_m_weakalign_steps2000_seed2028,physionet_hyser,target_calibration_only,1,raw_stats,100,20,0.0599355137441649,0.0543786100932257,0.0599332572438235,33.75,864.11,0.003723575445567,0.003339685871014,0.0036061671516693
2028,journal_confirmatory_3domain_m_weakalign_steps2000_seed2028,physionet_hyser,target_calibration_only,1,raw_stats_plus_pretrained,100,20,0.0862805590716364,0.0790121893872317,0.0863943999373866,33.75,864.11,0.0047258913449051,0.0042053437317408,0.0048889012645652
2028,journal_confirmatory_3domain_m_weakalign_steps2000_seed2028,physionet_hyser,target_calibration_only,1,scratch_encoder,100,20,0.0612239272626935,0.0557599648382673,0.0622708276204669,33.75,864.11,0.0031218599477817,0.0028681978154693,0.0032489550332887
2028,journal_confirmatory_3domain_m_weakalign_steps2000_seed2028,physionet_hyser,target_calibration_only,2,pretrained_encoder,100,20,0.0802201991529195,0.072437217546121,0.0812461152176606,67.5,835.77,0.0045137136955078,0.0042228888717573,0.0047218306640801
2028,journal_confirmatory_3domain_m_weakalign_steps2000_seed2028,physionet_hyser,target_calibration_only,2,raw_stats,100,20,0.0610226556001625,0.0562044619270182,0.0612838749698464,67.5,835.77,0.0034507703654416,0.0032505956487915,0.0035180611191989
2028,journal_confirmatory_3domain_m_weakalign_steps2000_seed2028,physionet_hyser,target_calibration_only,2,raw_stats_plus_pretrained,100,20,0.0992356758386258,0.0901788151474411,0.1003106183407367,67.5,835.77,0.0054782018808967,0.0049018946444711,0.0057405839339725
2028,journal_confirmatory_3domain_m_weakalign_steps2000_seed2028,physionet_hyser,target_calibration_only,2,scratch_encoder,100,20,0.0651129531484957,0.058161519347739,0.0659572605844346,67.5,835.77,0.0033880122048268,0.0030100234048902,0.0035919910414708
2028,journal_confirmatory_3domain_m_weakalign_steps2000_seed2028,physionet_hyser,target_calibration_only,5,pretrained_encoder,100,20,0.0950525689355247,0.0819199003683552,0.0952464603374318,168.5,707.96,0.005722763467193,0.0050161409974423,0.0058847348685137
2028,journal_confirmatory_3domain_m_weakalign_steps2000_seed2028,physionet_hyser,target_calibration_only,5,raw_stats,100,20,0.0917120601458607,0.084417630600047,0.0911231391313956,168.5,707.96,0.0038366208528544,0.0035476543222485,0.003919685802924
2028,journal_confirmatory_3domain_m_weakalign_steps2000_seed2028,physionet_hyser,target_calibration_only,5,raw_stats_plus_pretrained,100,20,0.112608769233688,0.0976584207745586,0.1118915156145374,168.5,707.96,0.006075780893284,0.0052981051441434,0.006088141304114
2028,journal_confirmatory_3domain_m_weakalign_steps2000_seed2028,physionet_hyser,target_calibration_only,5,scratch_encoder,100,20,0.0841388753314439,0.0733969378041517,0.0845765375063063,168.5,707.96,0.0050739046277158,0.0047338136155193,0.0052740015664859
2028,journal_confirmatory_3domain_m_weakalign_steps2000_seed2028,physionet_hyser,target_calibration_only,10,pretrained_encoder,100,20,0.1029134597810621,0.0894114038804002,0.1068621817489165,335.64,555.45,0.006499613123633,0.0057149123410567,0.0069665961850412
2028,journal_confirmatory_3domain_m_weakalign_steps2000_seed2028,physionet_hyser,target_calibration_only,10,raw_stats,100,20,0.1163181409798968,0.1057051903973109,0.1182150535316143,335.64,555.45,0.0061778706925259,0.0055925638082009,0.0062816943528708
2028,journal_confirmatory_3domain_m_weakalign_steps2000_seed2028,physionet_hyser,target_calibration_only,10,raw_stats_plus_pretrained,100,20,0.1177854202560535,0.1042534910079593,0.1233370536551895,335.64,555.45,0.0070664634645323,0.0063708301491073,0.0076902059881154
2028,journal_confirmatory_3domain_m_weakalign_steps2000_seed2028,physionet_hyser,target_calibration_only,10,scratch_encoder,100,20,0.0986261509350836,0.0873765112876057,0.1036339212442543,335.64,555.45,0.0063512925110058,0.005601679653129,0.0070742766468437
2029,journal_confirmatory_3domain_m_weakalign_steps2000_seed2029,physionet_grabmyo,source_only,0,pretrained_encoder,430,86,0.1521273630795415,0.1434283591559468,0.1513449741774623,309.6744186046512,310.27906976744185,0.0039966868764335,0.0037860031235561,0.0040414698451832
2029,journal_confirmatory_3domain_m_weakalign_steps2000_seed2029,physionet_grabmyo,source_only,0,raw_stats,430,86,0.1664975172178502,0.1529479833254639,0.1650493722913783,309.6744186046512,310.27906976744185,0.0036347180598752,0.0037120167772698,0.0035795268407043
2029,journal_confirmatory_3domain_m_weakalign_steps2000_seed2029,physionet_grabmyo,source_only,0,raw_stats_plus_pretrained,430,86,0.1649215749111384,0.1549259467051136,0.1633285947030495,309.6744186046512,310.27906976744185,0.00365334579916,0.0035300428099048,0.0035609710571197
2029,journal_confirmatory_3domain_m_weakalign_steps2000_seed2029,physionet_grabmyo,source_only,0,scratch_encoder,430,86,0.1547694574592403,0.1469364240611204,0.1535296946903612,309.6744186046512,310.27906976744185,0.0037892230944258,0.0036365333135485,0.0036646361332643
2029,journal_confirmatory_3domain_m_weakalign_steps2000_seed2029,physionet_grabmyo,source_plus_calibration,0,pretrained_encoder,430,86,0.1521273630795415,0.1434283591559468,0.1513449741774623,309.6744186046512,310.27906976744185,0.0039966868764335,0.0037860031235561,0.0040414698451832
2029,journal_confirmatory_3domain_m_weakalign_steps2000_seed2029,physionet_grabmyo,source_plus_calibration,0,raw_stats,430,86,0.1664975172178502,0.1529479833254639,0.1650493722913783,309.6744186046512,310.27906976744185,0.0036347180598752,0.0037120167772698,0.0035795268407043
2029,journal_confirmatory_3domain_m_weakalign_steps2000_seed2029,physionet_grabmyo,source_plus_calibration,0,raw_stats_plus_pretrained,430,86,0.1649215749111384,0.1549259467051136,0.1633285947030495,309.6744186046512,310.27906976744185,0.00365334579916,0.0035300428099048,0.0035609710571197
2029,journal_confirmatory_3domain_m_weakalign_steps2000_seed2029,physionet_grabmyo,source_plus_calibration,0,scratch_encoder,430,86,0.1547694574592403,0.1469364240611204,0.1535296946903612,309.6744186046512,310.27906976744185,0.0037892230944258,0.0036365333135485,0.0036646361332643
2029,journal_confirmatory_3domain_m_weakalign_steps2000_seed2029,physionet_grabmyo,source_plus_calibration,1,pretrained_encoder,430,86,0.1671255313397605,0.1581749059838609,0.1666406961719991,326.6744186046512,262.51162790697674,0.0042963260949951,0.0041960859295545,0.004394615723384
2029,journal_confirmatory_3domain_m_weakalign_steps2000_seed2029,physionet_grabmyo,source_plus_calibration,1,raw_stats,430,86,0.1845375375482839,0.1704047026136427,0.1836361932693832,326.6744186046512,262.51162790697674,0.003748214311932,0.0036324944657793,0.0036969363091065
2029,journal_confirmatory_3domain_m_weakalign_steps2000_seed2029,physionet_grabmyo,source_plus_calibration,1,raw_stats_plus_pretrained,430,86,0.1782739658836271,0.1690343252264164,0.1766952456203214,326.6744186046512,262.51162790697674,0.0041392093641521,0.0039211740569441,0.0040678754468821
2029,journal_confirmatory_3domain_m_weakalign_steps2000_seed2029,physionet_grabmyo,source_plus_calibration,1,scratch_encoder,430,86,0.1669151091424423,0.1581535872555874,0.1660992828360189,326.6744186046512,262.51162790697674,0.0043035340304399,0.0041450067967305,0.0042939962846667
2029,journal_confirmatory_3domain_m_weakalign_steps2000_seed2029,physionet_grabmyo,source_plus_calibration,2,pretrained_encoder,430,86,0.1723760152001836,0.1626895046283836,0.1720818188828473,343.66511627906976,252.3046511627907,0.0043972278267796,0.0043014264509606,0.0045365275203595
2029,journal_confirmatory_3domain_m_weakalign_steps2000_seed2029,physionet_grabmyo,source_plus_calibration,2,raw_stats,430,86,0.193315285892821,0.1779562647042935,0.1917410904265431,343.66511627906976,252.3046511627907,0.0040179286820824,0.0037528376510374,0.0039372927376701
2029,journal_confirmatory_3domain_m_weakalign_steps2000_seed2029,physionet_grabmyo,source_plus_calibration,2,raw_stats_plus_pretrained,430,86,0.1847603971347996,0.1749993078658392,0.1832742958270568,343.66511627906976,252.3046511627907,0.004381512351263,0.0042719432197419,0.0043728777094265
2029,journal_confirmatory_3domain_m_weakalign_steps2000_seed2029,physionet_grabmyo,source_plus_calibration,2,scratch_encoder,430,86,0.1726807101311787,0.1634025613233506,0.1722090133332645,343.66511627906976,252.3046511627907,0.0043943943114651,0.0041967009979879,0.0044033562403785
2029,journal_confirmatory_3domain_m_weakalign_steps2000_seed2029,physionet_grabmyo,source_plus_calibration,5,pretrained_encoder,430,86,0.1892941933790055,0.1786180717445645,0.1913862421096867,394.4139534883721,203.24883720930237,0.0049927564048865,0.0048708073599511,0.0053300680816061
2029,journal_confirmatory_3domain_m_weakalign_steps2000_seed2029,physionet_grabmyo,source_plus_calibration,5,raw_stats,430,86,0.2142105264063439,0.1945970697510462,0.2136107715039376,394.4139534883721,203.24883720930237,0.0042464650347684,0.0038652209344219,0.0042246999343733
2029,journal_confirmatory_3domain_m_weakalign_steps2000_seed2029,physionet_grabmyo,source_plus_calibration,5,raw_stats_plus_pretrained,430,86,0.2014522578141155,0.1904792760999641,0.2032045355608578,394.4139534883721,203.24883720930237,0.0049706185239911,0.0047662670152865,0.0051409111909141
2029,journal_confirmatory_3domain_m_weakalign_steps2000_seed2029,physionet_grabmyo,source_plus_calibration,5,scratch_encoder,430,86,0.1896815475531984,0.1779030076655703,0.1914733021073584,394.4139534883721,203.24883720930237,0.0048107509348826,0.0046123595194759,0.0050795311823177
2029,journal_confirmatory_3domain_m_weakalign_steps2000_seed2029,physionet_grabmyo,source_plus_calibration,10,pretrained_encoder,430,86,0.2191497484885086,0.1876174672210895,0.2225104482446571,461.6581395348837,118.4906976744186,0.0060528185419365,0.0055445091261159,0.0066282889434388
2029,journal_confirmatory_3domain_m_weakalign_steps2000_seed2029,physionet_grabmyo,source_plus_calibration,10,raw_stats,430,86,0.2486274699943831,0.2048823891078832,0.2501729285888949,461.6581395348837,118.4906976744186,0.0054646337103051,0.0047226305204074,0.005704963897765
2029,journal_confirmatory_3domain_m_weakalign_steps2000_seed2029,physionet_grabmyo,source_plus_calibration,10,raw_stats_plus_pretrained,430,86,0.232948329244778,0.200758200452304,0.235215415400792,461.6581395348837,118.4906976744186,0.0064546825469378,0.0059568159524161,0.0069068733367801
2029,journal_confirmatory_3domain_m_weakalign_steps2000_seed2029,physionet_grabmyo,source_plus_calibration,10,scratch_encoder,430,86,0.2171708032845255,0.1839242405578834,0.2181971142132647,461.6581395348837,118.4906976744186,0.0060736974487943,0.00538574529195,0.0064586663650571
2029,journal_confirmatory_3domain_m_weakalign_steps2000_seed2029,physionet_grabmyo,target_calibration_only,1,pretrained_encoder,430,86,0.1338019961424202,0.1206871640066471,0.1332832476752741,17.0,262.51162790697674,0.0036219394815466,0.0033909442990217,0.0036552206037662
2029,journal_confirmatory_3domain_m_weakalign_steps2000_seed2029,physionet_grabmyo,target_calibration_only,1,raw_stats,430,86,0.1242501351003908,0.1147452569978827,0.1242815680891481,17.0,262.51162790697674,0.0031820892034688,0.0029512987539919,0.0031814828886979
2029,journal_confirmatory_3domain_m_weakalign_steps2000_seed2029,physionet_grabmyo,target_calibration_only,1,raw_stats_plus_pretrained,430,86,0.1472278308190208,0.1339744266286878,0.1466189215456433,17.0,262.51162790697674,0.0038652432904362,0.0036456713265218,0.0038913259458995
2029,journal_confirmatory_3domain_m_weakalign_steps2000_seed2029,physionet_grabmyo,target_calibration_only,1,scratch_encoder,430,86,0.1215501606373155,0.1100459705351238,0.1209401474112254,17.0,262.51162790697674,0.0033281651633873,0.0030337008109111,0.003277395933958
2029,journal_confirmatory_3domain_m_weakalign_steps2000_seed2029,physionet_grabmyo,target_calibration_only,2,pretrained_encoder,430,86,0.1400801206576258,0.1270920997588622,0.1423956301938261,33.990697674418605,252.3046511627907,0.0036907349316987,0.0034779028057269,0.0037742595036238
2029,journal_confirmatory_3domain_m_weakalign_steps2000_seed2029,physionet_grabmyo,target_calibration_only,2,raw_stats,430,86,0.1186984679059136,0.1102991866852902,0.120940603872259,33.990697674418605,252.3046511627907,0.0028684403785699,0.0027655198310497,0.0029741927410786
2029,journal_confirmatory_3domain_m_weakalign_steps2000_seed2029,physionet_grabmyo,target_calibration_only,2,raw_stats_plus_pretrained,430,86,0.154024890135118,0.1414568376325743,0.1567073727738553,33.990697674418605,252.3046511627907,0.0037846099686244,0.0036065111013496,0.0039013836087248
2029,journal_confirmatory_3domain_m_weakalign_steps2000_seed2029,physionet_grabmyo,target_calibration_only,2,scratch_encoder,430,86,0.1266751056064755,0.1158367206039815,0.1288112348102366,33.990697674418605,252.3046511627907,0.0033781979766674,0.0031857114546696,0.0034371640576137
2029,journal_confirmatory_3domain_m_weakalign_steps2000_seed2029,physionet_grabmyo,target_calibration_only,5,pretrained_encoder,430,86,0.1628374047742601,0.1510483444915455,0.1717694201680481,84.73953488372094,203.24883720930237,0.0044359387567006,0.0041634350839557,0.0047739223976365
2029,journal_confirmatory_3domain_m_weakalign_steps2000_seed2029,physionet_grabmyo,target_calibration_only,5,raw_stats,430,86,0.1369434546625781,0.1289047721358835,0.1433329870207307,84.73953488372094,203.24883720930237,0.0035785942684495,0.0034019489473134,0.0038048981668044
2029,journal_confirmatory_3domain_m_weakalign_steps2000_seed2029,physionet_grabmyo,target_calibration_only,5,raw_stats_plus_pretrained,430,86,0.1836060982829994,0.1712567246048912,0.1933691029109693,84.73953488372094,203.24883720930237,0.0045427934992063,0.0042427458293504,0.0048924019319499
2029,journal_confirmatory_3domain_m_weakalign_steps2000_seed2029,physionet_grabmyo,target_calibration_only,5,scratch_encoder,430,86,0.1513141485521157,0.1396656598190779,0.1584107996487223,84.73953488372094,203.24883720930237,0.0038832248871832,0.0036916645008521,0.0043074267357527
2029,journal_confirmatory_3domain_m_weakalign_steps2000_seed2029,physionet_grabmyo,target_calibration_only,10,pretrained_encoder,430,86,0.205153298046651,0.1881960394751285,0.2144528720665198,151.98372093023255,118.4906976744186,0.0059288579587565,0.0055949275437523,0.0064617893730628
2029,journal_confirmatory_3domain_m_weakalign_steps2000_seed2029,physionet_grabmyo,target_calibration_only,10,raw_stats,430,86,0.2015220398997532,0.1871821066014465,0.2099993459630614,151.98372093023255,118.4906976744186,0.0054172361522985,0.0051939105809751,0.0058827769035958
2029,journal_confirmatory_3domain_m_weakalign_steps2000_seed2029,physionet_grabmyo,target_calibration_only,10,raw_stats_plus_pretrained,430,86,0.2275190938065597,0.2111426651194803,0.2381635483214669,151.98372093023255,118.4906976744186,0.0064922540762645,0.0060843097950958,0.0069083103682292
2029,journal_confirmatory_3domain_m_weakalign_steps2000_seed2029,physionet_grabmyo,target_calibration_only,10,scratch_encoder,430,86,0.1947309237331951,0.1792065980729047,0.2034867012794851,151.98372093023255,118.4906976744186,0.0056202127412577,0.0055560935056648,0.0063060433316639
2029,journal_confirmatory_3domain_m_weakalign_steps2000_seed2029,physionet_hyser,source_only,0,pretrained_encoder,100,20,0.0534298556394951,0.0469511585570141,0.0537678247105539,995.15,999.25,0.0030739603115366,0.0027132109595352,0.0029910557652738
2029,journal_confirmatory_3domain_m_weakalign_steps2000_seed2029,physionet_hyser,source_only,0,raw_stats,100,20,0.0625919377394781,0.0490413711858968,0.0638049333081126,995.15,999.25,0.0036211641359812,0.0036637669379821,0.003716787844688
2029,journal_confirmatory_3domain_m_weakalign_steps2000_seed2029,physionet_hyser,source_only,0,raw_stats_plus_pretrained,100,20,0.0552972497216973,0.0477730460130264,0.0556150148680239,995.15,999.25,0.0039600542697353,0.0033114003758773,0.0037891183356584
2029,journal_confirmatory_3domain_m_weakalign_steps2000_seed2029,physionet_hyser,source_only,0,scratch_encoder,100,20,0.0517775021987629,0.0481260179049025,0.0520822045466763,995.15,999.25,0.0031963448763914,0.0032301300253047,0.0031628762093791
2029,journal_confirmatory_3domain_m_weakalign_steps2000_seed2029,physionet_hyser,source_plus_calibration,0,pretrained_encoder,100,20,0.0534298556394951,0.0469511585570141,0.0537678247105539,995.15,999.25,0.0030739603115366,0.0027132109595352,0.0029910557652738
2029,journal_confirmatory_3domain_m_weakalign_steps2000_seed2029,physionet_hyser,source_plus_calibration,0,raw_stats,100,20,0.0625919377394781,0.0490413711858968,0.0638049333081126,995.15,999.25,0.0036211641359812,0.0036637669379821,0.003716787844688
2029,journal_confirmatory_3domain_m_weakalign_steps2000_seed2029,physionet_hyser,source_plus_calibration,0,raw_stats_plus_pretrained,100,20,0.0552972497216973,0.0477730460130264,0.0556150148680239,995.15,999.25,0.0039600542697353,0.0033114003758773,0.0037891183356584
2029,journal_confirmatory_3domain_m_weakalign_steps2000_seed2029,physionet_hyser,source_plus_calibration,0,scratch_encoder,100,20,0.0517775021987629,0.0481260179049025,0.0520822045466763,995.15,999.25,0.0031963448763914,0.0032301300253047,0.0031628762093791
2029,journal_confirmatory_3domain_m_weakalign_steps2000_seed2029,physionet_hyser,source_plus_calibration,1,pretrained_encoder,100,20,0.0644789946304257,0.0593233551802006,0.0642025128604983,1028.9,864.11,0.003721875905759,0.0032826956309246,0.0036742727941589
2029,journal_confirmatory_3domain_m_weakalign_steps2000_seed2029,physionet_hyser,source_plus_calibration,1,raw_stats,100,20,0.0705931614625412,0.0602162660627772,0.0716701099647157,1028.9,864.11,0.0038434629969872,0.0034170798388929,0.0039341313462427
2029,journal_confirmatory_3domain_m_weakalign_steps2000_seed2029,physionet_hyser,source_plus_calibration,1,raw_stats_plus_pretrained,100,20,0.0739226053764959,0.0680928543150436,0.0742547361014696,1028.9,864.11,0.004391982459067,0.0038969550346582,0.0045000529858292
2029,journal_confirmatory_3domain_m_weakalign_steps2000_seed2029,physionet_hyser,source_plus_calibration,1,scratch_encoder,100,20,0.061546908311437,0.0573359537568294,0.0616436819651187,1028.9,864.11,0.0041107443035247,0.0037747832690823,0.0040224318287968
2029,journal_confirmatory_3domain_m_weakalign_steps2000_seed2029,physionet_hyser,source_plus_calibration,2,pretrained_encoder,100,20,0.0702318249261732,0.0651025069190364,0.0700453118796236,1062.65,835.77,0.0039129746153885,0.0035150235980596,0.0038141951715894
2029,journal_confirmatory_3domain_m_weakalign_steps2000_seed2029,physionet_hyser,source_plus_calibration,2,raw_stats,100,20,0.0776763710097519,0.067191874680115,0.0785720413345655,1062.65,835.77,0.0040435825341931,0.0035259010435181,0.004193930386012
2029,journal_confirmatory_3domain_m_weakalign_steps2000_seed2029,physionet_hyser,source_plus_calibration,2,raw_stats_plus_pretrained,100,20,0.0792843735265307,0.0740831740168688,0.0797302438094637,1062.65,835.77,0.0044460980050717,0.0040943095776248,0.0045811135267242
2029,journal_confirmatory_3domain_m_weakalign_steps2000_seed2029,physionet_hyser,source_plus_calibration,2,scratch_encoder,100,20,0.0670530948094267,0.0629882170316975,0.0675384230012806,1062.65,835.77,0.0041638455490477,0.0037897506703264,0.0041495583137476
2029,journal_confirmatory_3domain_m_weakalign_steps2000_seed2029,physionet_hyser,source_plus_calibration,5,pretrained_encoder,100,20,0.0840655003882316,0.0777467235604457,0.0840057833842185,1163.65,707.96,0.0049272274102559,0.0042792630597587,0.0048419917971586
2029,journal_confirmatory_3domain_m_weakalign_steps2000_seed2029,physionet_hyser,source_plus_calibration,5,raw_stats,100,20,0.0920402486241293,0.0803149167225171,0.0924339912640363,1163.65,707.96,0.0042503810738443,0.0033944202004866,0.0042067628476317
2029,journal_confirmatory_3domain_m_weakalign_steps2000_seed2029,physionet_hyser,source_plus_calibration,5,raw_stats_plus_pretrained,100,20,0.0964452558504339,0.089255390717709,0.0965606314661782,1163.65,707.96,0.0050466090310918,0.0045632689964448,0.0051573711135421
2029,journal_confirmatory_3domain_m_weakalign_steps2000_seed2029,physionet_hyser,source_plus_calibration,5,scratch_encoder,100,20,0.0811977531148479,0.075635316084566,0.0818004089040789,1163.65,707.96,0.0045702443294706,0.0041974312809154,0.0045326942473305
2029,journal_confirmatory_3domain_m_weakalign_steps2000_seed2029,physionet_hyser,source_plus_calibration,10,pretrained_encoder,100,20,0.1032646199127753,0.0938330255155414,0.1049748873019242,1330.79,555.45,0.0055507220119637,0.0048402197020241,0.0056066341727019
2029,journal_confirmatory_3domain_m_weakalign_steps2000_seed2029,physionet_hyser,source_plus_calibration,10,raw_stats,100,20,0.1130219118652282,0.0984734588613404,0.1140947085687556,1330.79,555.45,0.0045425623897064,0.0043104363993131,0.0048488225760818
2029,journal_confirmatory_3domain_m_weakalign_steps2000_seed2029,physionet_hyser,source_plus_calibration,10,raw_stats_plus_pretrained,100,20,0.1248784444825118,0.1147476600603654,0.128200042942751,1330.79,555.45,0.0058568988361794,0.0053266141493238,0.0065755898448581
2029,journal_confirmatory_3domain_m_weakalign_steps2000_seed2029,physionet_hyser,source_plus_calibration,10,scratch_encoder,100,20,0.0971984202911359,0.0882373628627607,0.099510661150221,1330.79,555.45,0.0058652642833341,0.0052455899364543,0.0063610641829589
2029,journal_confirmatory_3domain_m_weakalign_steps2000_seed2029,physionet_hyser,target_calibration_only,1,pretrained_encoder,100,20,0.0684254868261438,0.0620208772346182,0.068553815688236,33.75,864.11,0.0041568103106551,0.0039562296019242,0.0043471114974391
2029,journal_confirmatory_3domain_m_weakalign_steps2000_seed2029,physionet_hyser,target_calibration_only,1,raw_stats,100,20,0.0599355137441649,0.0543786100932257,0.0599332572438235,33.75,864.11,0.003723575445567,0.003339685871014,0.0036061671516693
2029,journal_confirmatory_3domain_m_weakalign_steps2000_seed2029,physionet_hyser,target_calibration_only,1,raw_stats_plus_pretrained,100,20,0.0827843535782442,0.0757239110824185,0.0827908389164985,33.75,864.11,0.0050045644948687,0.0047966382098386,0.0052338074196039
2029,journal_confirmatory_3domain_m_weakalign_steps2000_seed2029,physionet_hyser,target_calibration_only,1,scratch_encoder,100,20,0.0612239272626935,0.0557599648382673,0.0622708276204669,33.75,864.11,0.0031218599477817,0.0028681978154693,0.0032489550332887
2029,journal_confirmatory_3domain_m_weakalign_steps2000_seed2029,physionet_hyser,target_calibration_only,2,pretrained_encoder,100,20,0.0773671431803025,0.0698319394509721,0.0777351645566222,67.5,835.77,0.0042306780872851,0.0038149113891859,0.0042726898726669
2029,journal_confirmatory_3domain_m_weakalign_steps2000_seed2029,physionet_hyser,target_calibration_only,2,raw_stats,100,20,0.0610226556001625,0.0562044619270182,0.0612838749698464,67.5,835.77,0.0034507703654416,0.0032505956487915,0.0035180611191989
2029,journal_confirmatory_3domain_m_weakalign_steps2000_seed2029,physionet_hyser,target_calibration_only,2,raw_stats_plus_pretrained,100,20,0.0967174378926684,0.0878189578041999,0.0971711253880166,67.5,835.77,0.004976903033807,0.0045903749358202,0.0052371089073944
2029,journal_confirmatory_3domain_m_weakalign_steps2000_seed2029,physionet_hyser,target_calibration_only,2,scratch_encoder,100,20,0.0651129531484957,0.058161519347739,0.0659572605844346,67.5,835.77,0.0033880122048268,0.0030100234048902,0.0035919910414708
2029,journal_confirmatory_3domain_m_weakalign_steps2000_seed2029,physionet_hyser,target_calibration_only,5,pretrained_encoder,100,20,0.0898392205575867,0.0780980661079344,0.0904359790545087,168.5,707.96,0.0047580445641523,0.0044758790408929,0.0051046437883657
2029,journal_confirmatory_3domain_m_weakalign_steps2000_seed2029,physionet_hyser,target_calibration_only,5,raw_stats,100,20,0.0917120601458607,0.084417630600047,0.0911231391313956,168.5,707.96,0.0038366208528544,0.0035476543222485,0.003919685802924
2029,journal_confirmatory_3domain_m_weakalign_steps2000_seed2029,physionet_hyser,target_calibration_only,5,raw_stats_plus_pretrained,100,20,0.1106865699181254,0.0963828426355271,0.1110731018479128,168.5,707.96,0.0056653419147433,0.0053410236303416,0.0058686432932573
2029,journal_confirmatory_3domain_m_weakalign_steps2000_seed2029,physionet_hyser,target_calibration_only,5,scratch_encoder,100,20,0.0841388753314439,0.0733969378041517,0.0845765375063063,168.5,707.96,0.0050739046277158,0.0047338136155193,0.0052740015664859
2029,journal_confirmatory_3domain_m_weakalign_steps2000_seed2029,physionet_hyser,target_calibration_only,10,pretrained_encoder,100,20,0.1049011073350605,0.0916957275593313,0.1081882380241597,335.64,555.45,0.0059526330228729,0.0055495189966097,0.006418976096677
2029,journal_confirmatory_3domain_m_weakalign_steps2000_seed2029,physionet_hyser,target_calibration_only,10,raw_stats,100,20,0.1163181409798968,0.1057051903973109,0.1182150535316143,335.64,555.45,0.0061778706925259,0.0055925638082009,0.0062816943528708
2029,journal_confirmatory_3domain_m_weakalign_steps2000_seed2029,physionet_hyser,target_calibration_only,10,raw_stats_plus_pretrained,100,20,0.1227162859521968,0.1089300789915175,0.1280682812730896,335.64,555.45,0.0070466839566119,0.0066091060888424,0.0076786674159642
2029,journal_confirmatory_3domain_m_weakalign_steps2000_seed2029,physionet_hyser,target_calibration_only,10,scratch_encoder,100,20,0.0986261509350836,0.0873765112876057,0.1036339212442543,335.64,555.45,0.0063512925110058,0.005601679653129,0.0070742766468437
2030,journal_confirmatory_3domain_m_weakalign_steps2000_seed2030,physionet_grabmyo,source_only,0,pretrained_encoder,430,86,0.1568345666456758,0.1465346656710181,0.1562583781427582,309.6744186046512,310.27906976744185,0.0039334191556622,0.0037830983921451,0.0039313772388537
2030,journal_confirmatory_3domain_m_weakalign_steps2000_seed2030,physionet_grabmyo,source_only,0,raw_stats,430,86,0.1664975172178502,0.1529479833254639,0.1650493722913783,309.6744186046512,310.27906976744185,0.0036347180598752,0.0037120167772698,0.0035795268407043
2030,journal_confirmatory_3domain_m_weakalign_steps2000_seed2030,physionet_grabmyo,source_only,0,raw_stats_plus_pretrained,430,86,0.1639793205278567,0.1555211322224386,0.1626395532113999,309.6744186046512,310.27906976744185,0.0042101622974378,0.004197436132078,0.004203132814655
2030,journal_confirmatory_3domain_m_weakalign_steps2000_seed2030,physionet_grabmyo,source_only,0,scratch_encoder,430,86,0.1547694574592403,0.1469364240611204,0.1535296946903612,309.6744186046512,310.27906976744185,0.0037892230944258,0.0036365333135485,0.0036646361332643
2030,journal_confirmatory_3domain_m_weakalign_steps2000_seed2030,physionet_grabmyo,source_plus_calibration,0,pretrained_encoder,430,86,0.1568345666456758,0.1465346656710181,0.1562583781427582,309.6744186046512,310.27906976744185,0.0039334191556622,0.0037830983921451,0.0039313772388537
2030,journal_confirmatory_3domain_m_weakalign_steps2000_seed2030,physionet_grabmyo,source_plus_calibration,0,raw_stats,430,86,0.1664975172178502,0.1529479833254639,0.1650493722913783,309.6744186046512,310.27906976744185,0.0036347180598752,0.0037120167772698,0.0035795268407043
2030,journal_confirmatory_3domain_m_weakalign_steps2000_seed2030,physionet_grabmyo,source_plus_calibration,0,raw_stats_plus_pretrained,430,86,0.1639793205278567,0.1555211322224386,0.1626395532113999,309.6744186046512,310.27906976744185,0.0042101622974378,0.004197436132078,0.004203132814655
2030,journal_confirmatory_3domain_m_weakalign_steps2000_seed2030,physionet_grabmyo,source_plus_calibration,0,scratch_encoder,430,86,0.1547694574592403,0.1469364240611204,0.1535296946903612,309.6744186046512,310.27906976744185,0.0037892230944258,0.0036365333135485,0.0036646361332643
2030,journal_confirmatory_3domain_m_weakalign_steps2000_seed2030,physionet_grabmyo,source_plus_calibration,1,pretrained_encoder,430,86,0.169078711998081,0.1592439442880447,0.1682935691014567,326.6744186046512,262.51162790697674,0.0041190066925687,0.0039599569687091,0.0041498823111954
2030,journal_confirmatory_3domain_m_weakalign_steps2000_seed2030,physionet_grabmyo,source_plus_calibration,1,raw_stats,430,86,0.1845375375482839,0.1704047026136427,0.1836361932693832,326.6744186046512,262.51162790697674,0.003748214311932,0.0036324944657793,0.0036969363091065
2030,journal_confirmatory_3domain_m_weakalign_steps2000_seed2030,physionet_grabmyo,source_plus_calibration,1,raw_stats_plus_pretrained,430,86,0.1788566543339819,0.169990637644027,0.1780868419012672,326.6744186046512,262.51162790697674,0.0044261124533579,0.0042937625548989,0.0043825172267904
2030,journal_confirmatory_3domain_m_weakalign_steps2000_seed2030,physionet_grabmyo,source_plus_calibration,1,scratch_encoder,430,86,0.1669151091424423,0.1581535872555874,0.1660992828360189,326.6744186046512,262.51162790697674,0.0043035340304399,0.0041450067967305,0.0042939962846667
2030,journal_confirmatory_3domain_m_weakalign_steps2000_seed2030,physionet_grabmyo,source_plus_calibration,2,pretrained_encoder,430,86,0.1769599731389861,0.1670879437787439,0.1771545945932643,343.66511627906976,252.3046511627907,0.0041018895398978,0.0039585019627071,0.0042266144403801
2030,journal_confirmatory_3domain_m_weakalign_steps2000_seed2030,physionet_grabmyo,source_plus_calibration,2,raw_stats,430,86,0.193315285892821,0.1779562647042935,0.1917410904265431,343.66511627906976,252.3046511627907,0.0040179286820824,0.0037528376510374,0.0039372927376701
2030,journal_confirmatory_3domain_m_weakalign_steps2000_seed2030,physionet_grabmyo,source_plus_calibration,2,raw_stats_plus_pretrained,430,86,0.1850561302416343,0.1767855301670062,0.1856841296588029,343.66511627906976,252.3046511627907,0.0045049953585348,0.0044636362072685,0.0046150143058977
2030,journal_confirmatory_3domain_m_weakalign_steps2000_seed2030,physionet_grabmyo,source_plus_calibration,2,scratch_encoder,430,86,0.1726807101311787,0.1634025613233506,0.1722090133332645,343.66511627906976,252.3046511627907,0.0043943943114651,0.0041967009979879,0.0044033562403785
2030,journal_confirmatory_3domain_m_weakalign_steps2000_seed2030,physionet_grabmyo,source_plus_calibration,5,pretrained_encoder,430,86,0.18947525818939,0.1770786470963814,0.1917934625939861,394.4139534883721,203.24883720930237,0.0048214152115372,0.0046123448421064,0.0049442448133336
2030,journal_confirmatory_3domain_m_weakalign_steps2000_seed2030,physionet_grabmyo,source_plus_calibration,5,raw_stats,430,86,0.2142105264063439,0.1945970697510462,0.2136107715039376,394.4139534883721,203.24883720930237,0.0042464650347684,0.0038652209344219,0.0042246999343733
2030,journal_confirmatory_3domain_m_weakalign_steps2000_seed2030,physionet_grabmyo,source_plus_calibration,5,raw_stats_plus_pretrained,430,86,0.197719608242272,0.1870783588523636,0.2011097633038079,394.4139534883721,203.24883720930237,0.004789400027723,0.0046729233284257,0.005020802989235
2030,journal_confirmatory_3domain_m_weakalign_steps2000_seed2030,physionet_grabmyo,source_plus_calibration,5,scratch_encoder,430,86,0.1896815475531984,0.1779030076655703,0.1914733021073584,394.4139534883721,203.24883720930237,0.0048107509348826,0.0046123595194759,0.0050795311823177
2030,journal_confirmatory_3domain_m_weakalign_steps2000_seed2030,physionet_grabmyo,source_plus_calibration,10,pretrained_encoder,430,86,0.2253747320791849,0.1917800789752586,0.2280935565663644,461.6581395348837,118.4906976744186,0.0057017583744395,0.0051231287548024,0.0060905572156974
2030,journal_confirmatory_3domain_m_weakalign_steps2000_seed2030,physionet_grabmyo,source_plus_calibration,10,raw_stats,430,86,0.2486274699943831,0.2048823891078832,0.2501729285888949,461.6581395348837,118.4906976744186,0.0054646337103051,0.0047226305204074,0.005704963897765
2030,journal_confirmatory_3domain_m_weakalign_steps2000_seed2030,physionet_grabmyo,source_plus_calibration,10,raw_stats_plus_pretrained,430,86,0.2325648272470509,0.2007821982343078,0.2363771201339434,461.6581395348837,118.4906976744186,0.0061254497610813,0.005501414033638,0.0063592917932436
2030,journal_confirmatory_3domain_m_weakalign_steps2000_seed2030,physionet_grabmyo,source_plus_calibration,10,scratch_encoder,430,86,0.2171708032845255,0.1839242405578834,0.2181971142132647,461.6581395348837,118.4906976744186,0.0060736974487943,0.00538574529195,0.0064586663650571
2030,journal_confirmatory_3domain_m_weakalign_steps2000_seed2030,physionet_grabmyo,target_calibration_only,1,pretrained_encoder,430,86,0.1345818015020359,0.121636196622267,0.1335146350923979,17.0,262.51162790697674,0.0038553536999045,0.0035618133486958,0.0037947405361539
2030,journal_confirmatory_3domain_m_weakalign_steps2000_seed2030,physionet_grabmyo,target_calibration_only,1,raw_stats,430,86,0.1242501351003908,0.1147452569978827,0.1242815680891481,17.0,262.51162790697674,0.0031820892034688,0.0029512987539919,0.0031814828886979
2030,journal_confirmatory_3domain_m_weakalign_steps2000_seed2030,physionet_grabmyo,target_calibration_only,1,raw_stats_plus_pretrained,430,86,0.1465296466594383,0.1344107046236446,0.145693906773535,17.0,262.51162790697674,0.0039068105405257,0.0036274687440931,0.0038828411443809
2030,journal_confirmatory_3domain_m_weakalign_steps2000_seed2030,physionet_grabmyo,target_calibration_only,1,scratch_encoder,430,86,0.1215501606373155,0.1100459705351238,0.1209401474112254,17.0,262.51162790697674,0.0033281651633873,0.0030337008109111,0.003277395933958
2030,journal_confirmatory_3domain_m_weakalign_steps2000_seed2030,physionet_grabmyo,target_calibration_only,2,pretrained_encoder,430,86,0.1443483601292295,0.1315904898856497,0.1465291595996818,33.990697674418605,252.3046511627907,0.003944309392379,0.0036870084718485,0.0040183736517649
2030,journal_confirmatory_3domain_m_weakalign_steps2000_seed2030,physionet_grabmyo,target_calibration_only,2,raw_stats,430,86,0.1186984679059136,0.1102991866852902,0.120940603872259,33.990697674418605,252.3046511627907,0.0028684403785699,0.0027655198310497,0.0029741927410786
2030,journal_confirmatory_3domain_m_weakalign_steps2000_seed2030,physionet_grabmyo,target_calibration_only,2,raw_stats_plus_pretrained,430,86,0.1577900409046097,0.1455393141739257,0.1605217370176603,33.990697674418605,252.3046511627907,0.0040169132829496,0.0038029968644824,0.0041084135873222
2030,journal_confirmatory_3domain_m_weakalign_steps2000_seed2030,physionet_grabmyo,target_calibration_only,2,scratch_encoder,430,86,0.1266751056064755,0.1158367206039815,0.1288112348102366,33.990697674418605,252.3046511627907,0.0033781979766674,0.0031857114546696,0.0034371640576137
2030,journal_confirmatory_3domain_m_weakalign_steps2000_seed2030,physionet_grabmyo,target_calibration_only,5,pretrained_encoder,430,86,0.1669670273651128,0.1536599430594939,0.174531250649546,84.73953488372094,203.24883720930237,0.0044058688187875,0.0040949483434143,0.0045682974798619
2030,journal_confirmatory_3domain_m_weakalign_steps2000_seed2030,physionet_grabmyo,target_calibration_only,5,raw_stats,430,86,0.1369434546625781,0.1289047721358835,0.1433329870207307,84.73953488372094,203.24883720930237,0.0035785942684495,0.0034019489473134,0.0038048981668044
2030,journal_confirmatory_3domain_m_weakalign_steps2000_seed2030,physionet_grabmyo,target_calibration_only,5,raw_stats_plus_pretrained,430,86,0.1887709466332653,0.1750882210264451,0.1976170259685417,84.73953488372094,203.24883720930237,0.0046484433136359,0.0043595382518159,0.0048650620393018
2030,journal_confirmatory_3domain_m_weakalign_steps2000_seed2030,physionet_grabmyo,target_calibration_only,5,scratch_encoder,430,86,0.1513141485521157,0.1396656598190779,0.1584107996487223,84.73953488372094,203.24883720930237,0.0038832248871832,0.0036916645008521,0.0043074267357527
2030,journal_confirmatory_3domain_m_weakalign_steps2000_seed2030,physionet_grabmyo,target_calibration_only,10,pretrained_encoder,430,86,0.2067625080786084,0.190189153196468,0.2160117822433903,151.98372093023255,118.4906976744186,0.006212610313563,0.0059227999440579,0.0066954314340296
2030,journal_confirmatory_3domain_m_weakalign_steps2000_seed2030,physionet_grabmyo,target_calibration_only,10,raw_stats,430,86,0.2015220398997532,0.1871821066014465,0.2099993459630614,151.98372093023255,118.4906976744186,0.0054172361522985,0.0051939105809751,0.0058827769035958
2030,journal_confirmatory_3domain_m_weakalign_steps2000_seed2030,physionet_grabmyo,target_calibration_only,10,raw_stats_plus_pretrained,430,86,0.2260105984474303,0.2099279133583551,0.2361611328021275,151.98372093023255,118.4906976744186,0.0061612043663501,0.0059461799510549,0.0067376954728922
2030,journal_confirmatory_3domain_m_weakalign_steps2000_seed2030,physionet_grabmyo,target_calibration_only,10,scratch_encoder,430,86,0.1947309237331951,0.1792065980729047,0.2034867012794851,151.98372093023255,118.4906976744186,0.0056202127412577,0.0055560935056648,0.0063060433316639
2030,journal_confirmatory_3domain_m_weakalign_steps2000_seed2030,physionet_hyser,source_only,0,pretrained_encoder,100,20,0.0532623685768582,0.0482775314967985,0.0543167171384708,995.15,999.25,0.0034226543717278,0.0035916329232076,0.0036373808128786
2030,journal_confirmatory_3domain_m_weakalign_steps2000_seed2030,physionet_hyser,source_only,0,raw_stats,100,20,0.0625919377394781,0.0490413711858968,0.0638049333081126,995.15,999.25,0.0036211641359812,0.0036637669379821,0.003716787844688
2030,journal_confirmatory_3domain_m_weakalign_steps2000_seed2030,physionet_hyser,source_only,0,raw_stats_plus_pretrained,100,20,0.0616658124054282,0.0552660131173678,0.0633421633257862,995.15,999.25,0.0043333539317182,0.0042819050799084,0.0045412070986945
2030,journal_confirmatory_3domain_m_weakalign_steps2000_seed2030,physionet_hyser,source_only,0,scratch_encoder,100,20,0.0517775021987629,0.0481260179049025,0.0520822045466763,995.15,999.25,0.0031963448763914,0.0032301300253047,0.0031628762093791
2030,journal_confirmatory_3domain_m_weakalign_steps2000_seed2030,physionet_hyser,source_plus_calibration,0,pretrained_encoder,100,20,0.0532623685768582,0.0482775314967985,0.0543167171384708,995.15,999.25,0.0034226543717278,0.0035916329232076,0.0036373808128786
2030,journal_confirmatory_3domain_m_weakalign_steps2000_seed2030,physionet_hyser,source_plus_calibration,0,raw_stats,100,20,0.0625919377394781,0.0490413711858968,0.0638049333081126,995.15,999.25,0.0036211641359812,0.0036637669379821,0.003716787844688
2030,journal_confirmatory_3domain_m_weakalign_steps2000_seed2030,physionet_hyser,source_plus_calibration,0,raw_stats_plus_pretrained,100,20,0.0616658124054282,0.0552660131173678,0.0633421633257862,995.15,999.25,0.0043333539317182,0.0042819050799084,0.0045412070986945
2030,journal_confirmatory_3domain_m_weakalign_steps2000_seed2030,physionet_hyser,source_plus_calibration,0,scratch_encoder,100,20,0.0517775021987629,0.0481260179049025,0.0520822045466763,995.15,999.25,0.0031963448763914,0.0032301300253047,0.0031628762093791
2030,journal_confirmatory_3domain_m_weakalign_steps2000_seed2030,physionet_hyser,source_plus_calibration,1,pretrained_encoder,100,20,0.0664625964918572,0.0622547100202569,0.0671471433253634,1028.9,864.11,0.0039426999274913,0.0040315114595892,0.0043563713229671
2030,journal_confirmatory_3domain_m_weakalign_steps2000_seed2030,physionet_hyser,source_plus_calibration,1,raw_stats,100,20,0.0705931614625412,0.0602162660627772,0.0716701099647157,1028.9,864.11,0.0038434629969872,0.0034170798388929,0.0039341313462427
2030,journal_confirmatory_3domain_m_weakalign_steps2000_seed2030,physionet_hyser,source_plus_calibration,1,raw_stats_plus_pretrained,100,20,0.0784256395833882,0.0733232950831758,0.0795206063688549,1028.9,864.11,0.0047775669841367,0.004570908509751,0.0049990627977905
2030,journal_confirmatory_3domain_m_weakalign_steps2000_seed2030,physionet_hyser,source_plus_calibration,1,scratch_encoder,100,20,0.061546908311437,0.0573359537568294,0.0616436819651187,1028.9,864.11,0.0041107443035247,0.0037747832690823,0.0040224318287968
2030,journal_confirmatory_3domain_m_weakalign_steps2000_seed2030,physionet_hyser,source_plus_calibration,2,pretrained_encoder,100,20,0.0720940096341569,0.0677907008419603,0.0732951344108813,1062.65,835.77,0.0043228938633058,0.0042510482214068,0.0047151046168598
2030,journal_confirmatory_3domain_m_weakalign_steps2000_seed2030,physionet_hyser,source_plus_calibration,2,raw_stats,100,20,0.0776763710097519,0.067191874680115,0.0785720413345655,1062.65,835.77,0.0040435825341931,0.0035259010435181,0.004193930386012
2030,journal_confirmatory_3domain_m_weakalign_steps2000_seed2030,physionet_hyser,source_plus_calibration,2,raw_stats_plus_pretrained,100,20,0.082480244040137,0.0778198888248674,0.0835759973366951,1062.65,835.77,0.0046564219862016,0.0044713130179933,0.0048835101164802
2030,journal_confirmatory_3domain_m_weakalign_steps2000_seed2030,physionet_hyser,source_plus_calibration,2,scratch_encoder,100,20,0.0670530948094267,0.0629882170316975,0.0675384230012806,1062.65,835.77,0.0041638455490477,0.0037897506703264,0.0041495583137476
2030,journal_confirmatory_3domain_m_weakalign_steps2000_seed2030,physionet_hyser,source_plus_calibration,5,pretrained_encoder,100,20,0.0888262023423342,0.0823084465339907,0.0889135114850344,1163.65,707.96,0.0047321920154001,0.0045054559289634,0.0049344915190919
2030,journal_confirmatory_3domain_m_weakalign_steps2000_seed2030,physionet_hyser,source_plus_calibration,5,raw_stats,100,20,0.0920402486241293,0.0803149167225171,0.0924339912640363,1163.65,707.96,0.0042503810738443,0.0033944202004866,0.0042067628476317
2030,journal_confirmatory_3domain_m_weakalign_steps2000_seed2030,physionet_hyser,source_plus_calibration,5,raw_stats_plus_pretrained,100,20,0.1061796576236416,0.0987227733517081,0.1065074687395099,1163.65,707.96,0.005682965612751,0.0052404930287412,0.0059856404410924
2030,journal_confirmatory_3domain_m_weakalign_steps2000_seed2030,physionet_hyser,source_plus_calibration,5,scratch_encoder,100,20,0.0811977531148479,0.075635316084566,0.0818004089040789,1163.65,707.96,0.0045702443294706,0.0041974312809154,0.0045326942473305
2030,journal_confirmatory_3domain_m_weakalign_steps2000_seed2030,physionet_hyser,source_plus_calibration,10,pretrained_encoder,100,20,0.1024260859825792,0.0950918388781162,0.106377786344593,1330.79,555.45,0.0059939856666351,0.0056955515958468,0.0063467575780673
2030,journal_confirmatory_3domain_m_weakalign_steps2000_seed2030,physionet_hyser,source_plus_calibration,10,raw_stats,100,20,0.1130219118652282,0.0984734588613404,0.1140947085687556,1330.79,555.45,0.0045425623897064,0.0043104363993131,0.0048488225760818
2030,journal_confirmatory_3domain_m_weakalign_steps2000_seed2030,physionet_hyser,source_plus_calibration,10,raw_stats_plus_pretrained,100,20,0.1278406331874373,0.1198899051654488,0.1329128032098211,1330.79,555.45,0.0070152091763607,0.0068201470476989,0.0074917275295241
2030,journal_confirmatory_3domain_m_weakalign_steps2000_seed2030,physionet_hyser,source_plus_calibration,10,scratch_encoder,100,20,0.0971984202911359,0.0882373628627607,0.099510661150221,1330.79,555.45,0.0058652642833341,0.0052455899364543,0.0063610641829589
2030,journal_confirmatory_3domain_m_weakalign_steps2000_seed2030,physionet_hyser,target_calibration_only,1,pretrained_encoder,100,20,0.0664621636274571,0.0606654315534825,0.0665633074466011,33.75,864.11,0.0035179689601669,0.0035047051594919,0.0035975055107683
2030,journal_confirmatory_3domain_m_weakalign_steps2000_seed2030,physionet_hyser,target_calibration_only,1,raw_stats,100,20,0.0599355137441649,0.0543786100932257,0.0599332572438235,33.75,864.11,0.003723575445567,0.003339685871014,0.0036061671516693
2030,journal_confirmatory_3domain_m_weakalign_steps2000_seed2030,physionet_hyser,target_calibration_only,1,raw_stats_plus_pretrained,100,20,0.0821661739756941,0.0757664016893849,0.0822935272433304,33.75,864.11,0.0039841516271847,0.0038966669059845,0.004040084761994
2030,journal_confirmatory_3domain_m_weakalign_steps2000_seed2030,physionet_hyser,target_calibration_only,1,scratch_encoder,100,20,0.0612239272626935,0.0557599648382673,0.0622708276204669,33.75,864.11,0.0031218599477817,0.0028681978154693,0.0032489550332887
2030,journal_confirmatory_3domain_m_weakalign_steps2000_seed2030,physionet_hyser,target_calibration_only,2,pretrained_encoder,100,20,0.0745213633195981,0.0668029390410963,0.0745229012680358,67.5,835.77,0.0048729080546791,0.0043716288753764,0.0050041251146093
2030,journal_confirmatory_3domain_m_weakalign_steps2000_seed2030,physionet_hyser,target_calibration_only,2,raw_stats,100,20,0.0610226556001625,0.0562044619270182,0.0612838749698464,67.5,835.77,0.0034507703654416,0.0032505956487915,0.0035180611191989
2030,journal_confirmatory_3domain_m_weakalign_steps2000_seed2030,physionet_hyser,target_calibration_only,2,raw_stats_plus_pretrained,100,20,0.093189147720626,0.0846318900162925,0.0934084292022432,67.5,835.77,0.0057236681278061,0.005152233632417,0.0058600257505566
2030,journal_confirmatory_3domain_m_weakalign_steps2000_seed2030,physionet_hyser,target_calibration_only,2,scratch_encoder,100,20,0.0651129531484957,0.058161519347739,0.0659572605844346,67.5,835.77,0.0033880122048268,0.0030100234048902,0.0035919910414708
2030,journal_confirmatory_3domain_m_weakalign_steps2000_seed2030,physionet_hyser,target_calibration_only,5,pretrained_encoder,100,20,0.0864457589750854,0.0747123898397796,0.0864069262208008,168.5,707.96,0.0050565391492502,0.0045675684945684,0.005151603482663
2030,journal_confirmatory_3domain_m_weakalign_steps2000_seed2030,physionet_hyser,target_calibration_only,5,raw_stats,100,20,0.0917120601458607,0.084417630600047,0.0911231391313956,168.5,707.96,0.0038366208528544,0.0035476543222485,0.003919685802924
2030,journal_confirmatory_3domain_m_weakalign_steps2000_seed2030,physionet_hyser,target_calibration_only,5,raw_stats_plus_pretrained,100,20,0.1037075770929953,0.0912930521887948,0.1041244205136656,168.5,707.96,0.0059415668939845,0.0053305149802628,0.0060715269629123
2030,journal_confirmatory_3domain_m_weakalign_steps2000_seed2030,physionet_hyser,target_calibration_only,5,scratch_encoder,100,20,0.0841388753314439,0.0733969378041517,0.0845765375063063,168.5,707.96,0.0050739046277158,0.0047338136155193,0.0052740015664859
2030,journal_confirmatory_3domain_m_weakalign_steps2000_seed2030,physionet_hyser,target_calibration_only,10,pretrained_encoder,100,20,0.0954964367341971,0.0829882903944719,0.0985896971007453,335.64,555.45,0.0066765983505386,0.0059554322428826,0.0070828664714026
2030,journal_confirmatory_3domain_m_weakalign_steps2000_seed2030,physionet_hyser,target_calibration_only,10,raw_stats,100,20,0.1163181409798968,0.1057051903973109,0.1182150535316143,335.64,555.45,0.0061778706925259,0.0055925638082009,0.0062816943528708
2030,journal_confirmatory_3domain_m_weakalign_steps2000_seed2030,physionet_hyser,target_calibration_only,10,raw_stats_plus_pretrained,100,20,0.1132576047722458,0.1005205965876796,0.1176816639021069,335.64,555.45,0.0071979572786406,0.0066058634731788,0.007893002301584
2030,journal_confirmatory_3domain_m_weakalign_steps2000_seed2030,physionet_hyser,target_calibration_only,10,scratch_encoder,100,20,0.0986261509350836,0.0873765112876057,0.1036339212442543,335.64,555.45,0.0063512925110058,0.005601679653129,0.0070742766468437
