encoder_seed,encoder_run,seed,true_dataset,predicted_dataset,count,source,feature_set,shuffled_label_control
2026,journal_confirmatory_3domain_m_weakalign_steps2000_seed2026,2026,ninapro_db10_meganepro,ninapro_db10_meganepro,2324,journal_confirmatory_3domain_m_weakalign_steps2000_seed2026,pretrained_embedding,False
2026,journal_confirmatory_3domain_m_weakalign_steps2000_seed2026,2026,ninapro_db10_meganepro,physionet_grabmyo,0,journal_confirmatory_3domain_m_weakalign_steps2000_seed2026,pretrained_embedding,False
2026,journal_confirmatory_3domain_m_weakalign_steps2000_seed2026,2026,ninapro_db10_meganepro,physionet_hyser,0,journal_confirmatory_3domain_m_weakalign_steps2000_seed2026,pretrained_embedding,False
2026,journal_confirmatory_3domain_m_weakalign_steps2000_seed2026,2026,physionet_grabmyo,ninapro_db10_meganepro,0,journal_confirmatory_3domain_m_weakalign_steps2000_seed2026,pretrained_embedding,False
2026,journal_confirmatory_3domain_m_weakalign_steps2000_seed2026,2026,physionet_grabmyo,physionet_grabmyo,2310,journal_confirmatory_3domain_m_weakalign_steps2000_seed2026,pretrained_embedding,False
2026,journal_confirmatory_3domain_m_weakalign_steps2000_seed2026,2026,physionet_grabmyo,physionet_hyser,0,journal_confirmatory_3domain_m_weakalign_steps2000_seed2026,pretrained_embedding,False
2026,journal_confirmatory_3domain_m_weakalign_steps2000_seed2026,2026,physionet_hyser,ninapro_db10_meganepro,0,journal_confirmatory_3domain_m_weakalign_steps2000_seed2026,pretrained_embedding,False
2026,journal_confirmatory_3domain_m_weakalign_steps2000_seed2026,2026,physionet_hyser,physionet_grabmyo,0,journal_confirmatory_3domain_m_weakalign_steps2000_seed2026,pretrained_embedding,False
2026,journal_confirmatory_3domain_m_weakalign_steps2000_seed2026,2026,physionet_hyser,physionet_hyser,2295,journal_confirmatory_3domain_m_weakalign_steps2000_seed2026,pretrained_embedding,False
2026,journal_confirmatory_3domain_m_weakalign_steps2000_seed2026,2026,ninapro_db10_meganepro,ninapro_db10_meganepro,784,journal_confirmatory_3domain_m_weakalign_steps2000_seed2026,pretrained_embedding,True
2026,journal_confirmatory_3domain_m_weakalign_steps2000_seed2026,2026,ninapro_db10_meganepro,physionet_grabmyo,746,journal_confirmatory_3domain_m_weakalign_steps2000_seed2026,pretrained_embedding,True
2026,journal_confirmatory_3domain_m_weakalign_steps2000_seed2026,2026,ninapro_db10_meganepro,physionet_hyser,794,journal_confirmatory_3domain_m_weakalign_steps2000_seed2026,pretrained_embedding,True
2026,journal_confirmatory_3domain_m_weakalign_steps2000_seed2026,2026,physionet_grabmyo,ninapro_db10_meganepro,784,journal_confirmatory_3domain_m_weakalign_steps2000_seed2026,pretrained_embedding,True
2026,journal_confirmatory_3domain_m_weakalign_steps2000_seed2026,2026,physionet_grabmyo,physionet_grabmyo,880,journal_confirmatory_3domain_m_weakalign_steps2000_seed2026,pretrained_embedding,True
2026,journal_confirmatory_3domain_m_weakalign_steps2000_seed2026,2026,physionet_grabmyo,physionet_hyser,646,journal_confirmatory_3domain_m_weakalign_steps2000_seed2026,pretrained_embedding,True
2026,journal_confirmatory_3domain_m_weakalign_steps2000_seed2026,2026,physionet_hyser,ninapro_db10_meganepro,730,journal_confirmatory_3domain_m_weakalign_steps2000_seed2026,pretrained_embedding,True
2026,journal_confirmatory_3domain_m_weakalign_steps2000_seed2026,2026,physionet_hyser,physionet_grabmyo,785,journal_confirmatory_3domain_m_weakalign_steps2000_seed2026,pretrained_embedding,True
2026,journal_confirmatory_3domain_m_weakalign_steps2000_seed2026,2026,physionet_hyser,physionet_hyser,780,journal_confirmatory_3domain_m_weakalign_steps2000_seed2026,pretrained_embedding,True
2026,journal_confirmatory_3domain_m_weakalign_steps2000_seed2026,2027,ninapro_db10_meganepro,ninapro_db10_meganepro,2268,journal_confirmatory_3domain_m_weakalign_steps2000_seed2026,pretrained_embedding,False
2026,journal_confirmatory_3domain_m_weakalign_steps2000_seed2026,2027,ninapro_db10_meganepro,physionet_grabmyo,0,journal_confirmatory_3domain_m_weakalign_steps2000_seed2026,pretrained_embedding,False
2026,journal_confirmatory_3domain_m_weakalign_steps2000_seed2026,2027,ninapro_db10_meganepro,physionet_hyser,0,journal_confirmatory_3domain_m_weakalign_steps2000_seed2026,pretrained_embedding,False
2026,journal_confirmatory_3domain_m_weakalign_steps2000_seed2026,2027,physionet_grabmyo,ninapro_db10_meganepro,0,journal_confirmatory_3domain_m_weakalign_steps2000_seed2026,pretrained_embedding,False
2026,journal_confirmatory_3domain_m_weakalign_steps2000_seed2026,2027,physionet_grabmyo,physionet_grabmyo,2312,journal_confirmatory_3domain_m_weakalign_steps2000_seed2026,pretrained_embedding,False
2026,journal_confirmatory_3domain_m_weakalign_steps2000_seed2026,2027,physionet_grabmyo,physionet_hyser,0,journal_confirmatory_3domain_m_weakalign_steps2000_seed2026,pretrained_embedding,False
2026,journal_confirmatory_3domain_m_weakalign_steps2000_seed2026,2027,physionet_hyser,ninapro_db10_meganepro,0,journal_confirmatory_3domain_m_weakalign_steps2000_seed2026,pretrained_embedding,False
2026,journal_confirmatory_3domain_m_weakalign_steps2000_seed2026,2027,physionet_hyser,physionet_grabmyo,0,journal_confirmatory_3domain_m_weakalign_steps2000_seed2026,pretrained_embedding,False
2026,journal_confirmatory_3domain_m_weakalign_steps2000_seed2026,2027,physionet_hyser,physionet_hyser,2367,journal_confirmatory_3domain_m_weakalign_steps2000_seed2026,pretrained_embedding,False
2026,journal_confirmatory_3domain_m_weakalign_steps2000_seed2026,2027,ninapro_db10_meganepro,ninapro_db10_meganepro,354,journal_confirmatory_3domain_m_weakalign_steps2000_seed2026,pretrained_embedding,True
2026,journal_confirmatory_3domain_m_weakalign_steps2000_seed2026,2027,ninapro_db10_meganepro,physionet_grabmyo,1103,journal_confirmatory_3domain_m_weakalign_steps2000_seed2026,pretrained_embedding,True
2026,journal_confirmatory_3domain_m_weakalign_steps2000_seed2026,2027,ninapro_db10_meganepro,physionet_hyser,811,journal_confirmatory_3domain_m_weakalign_steps2000_seed2026,pretrained_embedding,True
2026,journal_confirmatory_3domain_m_weakalign_steps2000_seed2026,2027,physionet_grabmyo,ninapro_db10_meganepro,818,journal_confirmatory_3domain_m_weakalign_steps2000_seed2026,pretrained_embedding,True
2026,journal_confirmatory_3domain_m_weakalign_steps2000_seed2026,2027,physionet_grabmyo,physionet_grabmyo,692,journal_confirmatory_3domain_m_weakalign_steps2000_seed2026,pretrained_embedding,True
2026,journal_confirmatory_3domain_m_weakalign_steps2000_seed2026,2027,physionet_grabmyo,physionet_hyser,802,journal_confirmatory_3domain_m_weakalign_steps2000_seed2026,pretrained_embedding,True
2026,journal_confirmatory_3domain_m_weakalign_steps2000_seed2026,2027,physionet_hyser,ninapro_db10_meganepro,729,journal_confirmatory_3domain_m_weakalign_steps2000_seed2026,pretrained_embedding,True
2026,journal_confirmatory_3domain_m_weakalign_steps2000_seed2026,2027,physionet_hyser,physionet_grabmyo,827,journal_confirmatory_3domain_m_weakalign_steps2000_seed2026,pretrained_embedding,True
2026,journal_confirmatory_3domain_m_weakalign_steps2000_seed2026,2027,physionet_hyser,physionet_hyser,811,journal_confirmatory_3domain_m_weakalign_steps2000_seed2026,pretrained_embedding,True
2026,journal_confirmatory_3domain_m_weakalign_steps2000_seed2026,2028,ninapro_db10_meganepro,ninapro_db10_meganepro,2325,journal_confirmatory_3domain_m_weakalign_steps2000_seed2026,pretrained_embedding,False
2026,journal_confirmatory_3domain_m_weakalign_steps2000_seed2026,2028,ninapro_db10_meganepro,physionet_grabmyo,0,journal_confirmatory_3domain_m_weakalign_steps2000_seed2026,pretrained_embedding,False
2026,journal_confirmatory_3domain_m_weakalign_steps2000_seed2026,2028,ninapro_db10_meganepro,physionet_hyser,0,journal_confirmatory_3domain_m_weakalign_steps2000_seed2026,pretrained_embedding,False
2026,journal_confirmatory_3domain_m_weakalign_steps2000_seed2026,2028,physionet_grabmyo,ninapro_db10_meganepro,2,journal_confirmatory_3domain_m_weakalign_steps2000_seed2026,pretrained_embedding,False
2026,journal_confirmatory_3domain_m_weakalign_steps2000_seed2026,2028,physionet_grabmyo,physionet_grabmyo,2269,journal_confirmatory_3domain_m_weakalign_steps2000_seed2026,pretrained_embedding,False
2026,journal_confirmatory_3domain_m_weakalign_steps2000_seed2026,2028,physionet_grabmyo,physionet_hyser,0,journal_confirmatory_3domain_m_weakalign_steps2000_seed2026,pretrained_embedding,False
2026,journal_confirmatory_3domain_m_weakalign_steps2000_seed2026,2028,physionet_hyser,ninapro_db10_meganepro,0,journal_confirmatory_3domain_m_weakalign_steps2000_seed2026,pretrained_embedding,False
2026,journal_confirmatory_3domain_m_weakalign_steps2000_seed2026,2028,physionet_hyser,physionet_grabmyo,0,journal_confirmatory_3domain_m_weakalign_steps2000_seed2026,pretrained_embedding,False
2026,journal_confirmatory_3domain_m_weakalign_steps2000_seed2026,2028,physionet_hyser,physionet_hyser,2317,journal_confirmatory_3domain_m_weakalign_steps2000_seed2026,pretrained_embedding,False
2026,journal_confirmatory_3domain_m_weakalign_steps2000_seed2026,2028,ninapro_db10_meganepro,ninapro_db10_meganepro,510,journal_confirmatory_3domain_m_weakalign_steps2000_seed2026,pretrained_embedding,True
2026,journal_confirmatory_3domain_m_weakalign_steps2000_seed2026,2028,ninapro_db10_meganepro,physionet_grabmyo,1157,journal_confirmatory_3domain_m_weakalign_steps2000_seed2026,pretrained_embedding,True
2026,journal_confirmatory_3domain_m_weakalign_steps2000_seed2026,2028,ninapro_db10_meganepro,physionet_hyser,658,journal_confirmatory_3domain_m_weakalign_steps2000_seed2026,pretrained_embedding,True
2026,journal_confirmatory_3domain_m_weakalign_steps2000_seed2026,2028,physionet_grabmyo,ninapro_db10_meganepro,806,journal_confirmatory_3domain_m_weakalign_steps2000_seed2026,pretrained_embedding,True
2026,journal_confirmatory_3domain_m_weakalign_steps2000_seed2026,2028,physionet_grabmyo,physionet_grabmyo,665,journal_confirmatory_3domain_m_weakalign_steps2000_seed2026,pretrained_embedding,True
2026,journal_confirmatory_3domain_m_weakalign_steps2000_seed2026,2028,physionet_grabmyo,physionet_hyser,800,journal_confirmatory_3domain_m_weakalign_steps2000_seed2026,pretrained_embedding,True
2026,journal_confirmatory_3domain_m_weakalign_steps2000_seed2026,2028,physionet_hyser,ninapro_db10_meganepro,864,journal_confirmatory_3domain_m_weakalign_steps2000_seed2026,pretrained_embedding,True
2026,journal_confirmatory_3domain_m_weakalign_steps2000_seed2026,2028,physionet_hyser,physionet_grabmyo,768,journal_confirmatory_3domain_m_weakalign_steps2000_seed2026,pretrained_embedding,True
2026,journal_confirmatory_3domain_m_weakalign_steps2000_seed2026,2028,physionet_hyser,physionet_hyser,685,journal_confirmatory_3domain_m_weakalign_steps2000_seed2026,pretrained_embedding,True
2026,journal_confirmatory_3domain_m_weakalign_steps2000_seed2026,2029,ninapro_db10_meganepro,ninapro_db10_meganepro,2272,journal_confirmatory_3domain_m_weakalign_steps2000_seed2026,pretrained_embedding,False
2026,journal_confirmatory_3domain_m_weakalign_steps2000_seed2026,2029,ninapro_db10_meganepro,physionet_grabmyo,2,journal_confirmatory_3domain_m_weakalign_steps2000_seed2026,pretrained_embedding,False
2026,journal_confirmatory_3domain_m_weakalign_steps2000_seed2026,2029,ninapro_db10_meganepro,physionet_hyser,0,journal_confirmatory_3domain_m_weakalign_steps2000_seed2026,pretrained_embedding,False
2026,journal_confirmatory_3domain_m_weakalign_steps2000_seed2026,2029,physionet_grabmyo,ninapro_db10_meganepro,0,journal_confirmatory_3domain_m_weakalign_steps2000_seed2026,pretrained_embedding,False
2026,journal_confirmatory_3domain_m_weakalign_steps2000_seed2026,2029,physionet_grabmyo,physionet_grabmyo,2308,journal_confirmatory_3domain_m_weakalign_steps2000_seed2026,pretrained_embedding,False
2026,journal_confirmatory_3domain_m_weakalign_steps2000_seed2026,2029,physionet_grabmyo,physionet_hyser,0,journal_confirmatory_3domain_m_weakalign_steps2000_seed2026,pretrained_embedding,False
2026,journal_confirmatory_3domain_m_weakalign_steps2000_seed2026,2029,physionet_hyser,ninapro_db10_meganepro,0,journal_confirmatory_3domain_m_weakalign_steps2000_seed2026,pretrained_embedding,False
2026,journal_confirmatory_3domain_m_weakalign_steps2000_seed2026,2029,physionet_hyser,physionet_grabmyo,0,journal_confirmatory_3domain_m_weakalign_steps2000_seed2026,pretrained_embedding,False
2026,journal_confirmatory_3domain_m_weakalign_steps2000_seed2026,2029,physionet_hyser,physionet_hyser,2317,journal_confirmatory_3domain_m_weakalign_steps2000_seed2026,pretrained_embedding,False
2026,journal_confirmatory_3domain_m_weakalign_steps2000_seed2026,2029,ninapro_db10_meganepro,ninapro_db10_meganepro,966,journal_confirmatory_3domain_m_weakalign_steps2000_seed2026,pretrained_embedding,True
2026,journal_confirmatory_3domain_m_weakalign_steps2000_seed2026,2029,ninapro_db10_meganepro,physionet_grabmyo,409,journal_confirmatory_3domain_m_weakalign_steps2000_seed2026,pretrained_embedding,True
2026,journal_confirmatory_3domain_m_weakalign_steps2000_seed2026,2029,ninapro_db10_meganepro,physionet_hyser,899,journal_confirmatory_3domain_m_weakalign_steps2000_seed2026,pretrained_embedding,True
2026,journal_confirmatory_3domain_m_weakalign_steps2000_seed2026,2029,physionet_grabmyo,ninapro_db10_meganepro,727,journal_confirmatory_3domain_m_weakalign_steps2000_seed2026,pretrained_embedding,True
2026,journal_confirmatory_3domain_m_weakalign_steps2000_seed2026,2029,physionet_grabmyo,physionet_grabmyo,827,journal_confirmatory_3domain_m_weakalign_steps2000_seed2026,pretrained_embedding,True
2026,journal_confirmatory_3domain_m_weakalign_steps2000_seed2026,2029,physionet_grabmyo,physionet_hyser,754,journal_confirmatory_3domain_m_weakalign_steps2000_seed2026,pretrained_embedding,True
2026,journal_confirmatory_3domain_m_weakalign_steps2000_seed2026,2029,physionet_hyser,ninapro_db10_meganepro,711,journal_confirmatory_3domain_m_weakalign_steps2000_seed2026,pretrained_embedding,True
2026,journal_confirmatory_3domain_m_weakalign_steps2000_seed2026,2029,physionet_hyser,physionet_grabmyo,787,journal_confirmatory_3domain_m_weakalign_steps2000_seed2026,pretrained_embedding,True
2026,journal_confirmatory_3domain_m_weakalign_steps2000_seed2026,2029,physionet_hyser,physionet_hyser,819,journal_confirmatory_3domain_m_weakalign_steps2000_seed2026,pretrained_embedding,True
2026,journal_confirmatory_3domain_m_weakalign_steps2000_seed2026,2030,ninapro_db10_meganepro,ninapro_db10_meganepro,2238,journal_confirmatory_3domain_m_weakalign_steps2000_seed2026,pretrained_embedding,False
2026,journal_confirmatory_3domain_m_weakalign_steps2000_seed2026,2030,ninapro_db10_meganepro,physionet_grabmyo,0,journal_confirmatory_3domain_m_weakalign_steps2000_seed2026,pretrained_embedding,False
2026,journal_confirmatory_3domain_m_weakalign_steps2000_seed2026,2030,ninapro_db10_meganepro,physionet_hyser,0,journal_confirmatory_3domain_m_weakalign_steps2000_seed2026,pretrained_embedding,False
2026,journal_confirmatory_3domain_m_weakalign_steps2000_seed2026,2030,physionet_grabmyo,ninapro_db10_meganepro,0,journal_confirmatory_3domain_m_weakalign_steps2000_seed2026,pretrained_embedding,False
2026,journal_confirmatory_3domain_m_weakalign_steps2000_seed2026,2030,physionet_grabmyo,physionet_grabmyo,2301,journal_confirmatory_3domain_m_weakalign_steps2000_seed2026,pretrained_embedding,False
2026,journal_confirmatory_3domain_m_weakalign_steps2000_seed2026,2030,physionet_grabmyo,physionet_hyser,0,journal_confirmatory_3domain_m_weakalign_steps2000_seed2026,pretrained_embedding,False
2026,journal_confirmatory_3domain_m_weakalign_steps2000_seed2026,2030,physionet_hyser,ninapro_db10_meganepro,0,journal_confirmatory_3domain_m_weakalign_steps2000_seed2026,pretrained_embedding,False
2026,journal_confirmatory_3domain_m_weakalign_steps2000_seed2026,2030,physionet_hyser,physionet_grabmyo,0,journal_confirmatory_3domain_m_weakalign_steps2000_seed2026,pretrained_embedding,False
2026,journal_confirmatory_3domain_m_weakalign_steps2000_seed2026,2030,physionet_hyser,physionet_hyser,2265,journal_confirmatory_3domain_m_weakalign_steps2000_seed2026,pretrained_embedding,False
2026,journal_confirmatory_3domain_m_weakalign_steps2000_seed2026,2030,ninapro_db10_meganepro,ninapro_db10_meganepro,548,journal_confirmatory_3domain_m_weakalign_steps2000_seed2026,pretrained_embedding,True
2026,journal_confirmatory_3domain_m_weakalign_steps2000_seed2026,2030,ninapro_db10_meganepro,physionet_grabmyo,664,journal_confirmatory_3domain_m_weakalign_steps2000_seed2026,pretrained_embedding,True
2026,journal_confirmatory_3domain_m_weakalign_steps2000_seed2026,2030,ninapro_db10_meganepro,physionet_hyser,1026,journal_confirmatory_3domain_m_weakalign_steps2000_seed2026,pretrained_embedding,True
2026,journal_confirmatory_3domain_m_weakalign_steps2000_seed2026,2030,physionet_grabmyo,ninapro_db10_meganepro,793,journal_confirmatory_3domain_m_weakalign_steps2000_seed2026,pretrained_embedding,True
2026,journal_confirmatory_3domain_m_weakalign_steps2000_seed2026,2030,physionet_grabmyo,physionet_grabmyo,737,journal_confirmatory_3domain_m_weakalign_steps2000_seed2026,pretrained_embedding,True
2026,journal_confirmatory_3domain_m_weakalign_steps2000_seed2026,2030,physionet_grabmyo,physionet_hyser,771,journal_confirmatory_3domain_m_weakalign_steps2000_seed2026,pretrained_embedding,True
2026,journal_confirmatory_3domain_m_weakalign_steps2000_seed2026,2030,physionet_hyser,ninapro_db10_meganepro,786,journal_confirmatory_3domain_m_weakalign_steps2000_seed2026,pretrained_embedding,True
2026,journal_confirmatory_3domain_m_weakalign_steps2000_seed2026,2030,physionet_hyser,physionet_grabmyo,685,journal_confirmatory_3domain_m_weakalign_steps2000_seed2026,pretrained_embedding,True
2026,journal_confirmatory_3domain_m_weakalign_steps2000_seed2026,2030,physionet_hyser,physionet_hyser,794,journal_confirmatory_3domain_m_weakalign_steps2000_seed2026,pretrained_embedding,True
2026,journal_confirmatory_3domain_m_weakalign_steps2000_seed2026,2031,ninapro_db10_meganepro,ninapro_db10_meganepro,2310,journal_confirmatory_3domain_m_weakalign_steps2000_seed2026,pretrained_embedding,False
2026,journal_confirmatory_3domain_m_weakalign_steps2000_seed2026,2031,ninapro_db10_meganepro,physionet_grabmyo,1,journal_confirmatory_3domain_m_weakalign_steps2000_seed2026,pretrained_embedding,False
2026,journal_confirmatory_3domain_m_weakalign_steps2000_seed2026,2031,ninapro_db10_meganepro,physionet_hyser,0,journal_confirmatory_3domain_m_weakalign_steps2000_seed2026,pretrained_embedding,False
2026,journal_confirmatory_3domain_m_weakalign_steps2000_seed2026,2031,physionet_grabmyo,ninapro_db10_meganepro,0,journal_confirmatory_3domain_m_weakalign_steps2000_seed2026,pretrained_embedding,False
2026,journal_confirmatory_3domain_m_weakalign_steps2000_seed2026,2031,physionet_grabmyo,physionet_grabmyo,2337,journal_confirmatory_3domain_m_weakalign_steps2000_seed2026,pretrained_embedding,False
2026,journal_confirmatory_3domain_m_weakalign_steps2000_seed2026,2031,physionet_grabmyo,physionet_hyser,0,journal_confirmatory_3domain_m_weakalign_steps2000_seed2026,pretrained_embedding,False
2026,journal_confirmatory_3domain_m_weakalign_steps2000_seed2026,2031,physionet_hyser,ninapro_db10_meganepro,0,journal_confirmatory_3domain_m_weakalign_steps2000_seed2026,pretrained_embedding,False
2026,journal_confirmatory_3domain_m_weakalign_steps2000_seed2026,2031,physionet_hyser,physionet_grabmyo,0,journal_confirmatory_3domain_m_weakalign_steps2000_seed2026,pretrained_embedding,False
2026,journal_confirmatory_3domain_m_weakalign_steps2000_seed2026,2031,physionet_hyser,physionet_hyser,2301,journal_confirmatory_3domain_m_weakalign_steps2000_seed2026,pretrained_embedding,False
2026,journal_confirmatory_3domain_m_weakalign_steps2000_seed2026,2031,ninapro_db10_meganepro,ninapro_db10_meganepro,817,journal_confirmatory_3domain_m_weakalign_steps2000_seed2026,pretrained_embedding,True
2026,journal_confirmatory_3domain_m_weakalign_steps2000_seed2026,2031,ninapro_db10_meganepro,physionet_grabmyo,597,journal_confirmatory_3domain_m_weakalign_steps2000_seed2026,pretrained_embedding,True
2026,journal_confirmatory_3domain_m_weakalign_steps2000_seed2026,2031,ninapro_db10_meganepro,physionet_hyser,897,journal_confirmatory_3domain_m_weakalign_steps2000_seed2026,pretrained_embedding,True
2026,journal_confirmatory_3domain_m_weakalign_steps2000_seed2026,2031,physionet_grabmyo,ninapro_db10_meganepro,844,journal_confirmatory_3domain_m_weakalign_steps2000_seed2026,pretrained_embedding,True
2026,journal_confirmatory_3domain_m_weakalign_steps2000_seed2026,2031,physionet_grabmyo,physionet_grabmyo,649,journal_confirmatory_3domain_m_weakalign_steps2000_seed2026,pretrained_embedding,True
2026,journal_confirmatory_3domain_m_weakalign_steps2000_seed2026,2031,physionet_grabmyo,physionet_hyser,844,journal_confirmatory_3domain_m_weakalign_steps2000_seed2026,pretrained_embedding,True
2026,journal_confirmatory_3domain_m_weakalign_steps2000_seed2026,2031,physionet_hyser,ninapro_db10_meganepro,838,journal_confirmatory_3domain_m_weakalign_steps2000_seed2026,pretrained_embedding,True
2026,journal_confirmatory_3domain_m_weakalign_steps2000_seed2026,2031,physionet_hyser,physionet_grabmyo,785,journal_confirmatory_3domain_m_weakalign_steps2000_seed2026,pretrained_embedding,True
2026,journal_confirmatory_3domain_m_weakalign_steps2000_seed2026,2031,physionet_hyser,physionet_hyser,678,journal_confirmatory_3domain_m_weakalign_steps2000_seed2026,pretrained_embedding,True
2026,journal_confirmatory_3domain_m_weakalign_steps2000_seed2026,2032,ninapro_db10_meganepro,ninapro_db10_meganepro,2286,journal_confirmatory_3domain_m_weakalign_steps2000_seed2026,pretrained_embedding,False
2026,journal_confirmatory_3domain_m_weakalign_steps2000_seed2026,2032,ninapro_db10_meganepro,physionet_grabmyo,2,journal_confirmatory_3domain_m_weakalign_steps2000_seed2026,pretrained_embedding,False
2026,journal_confirmatory_3domain_m_weakalign_steps2000_seed2026,2032,ninapro_db10_meganepro,physionet_hyser,0,journal_confirmatory_3domain_m_weakalign_steps2000_seed2026,pretrained_embedding,False
2026,journal_confirmatory_3domain_m_weakalign_steps2000_seed2026,2032,physionet_grabmyo,ninapro_db10_meganepro,0,journal_confirmatory_3domain_m_weakalign_steps2000_seed2026,pretrained_embedding,False
2026,journal_confirmatory_3domain_m_weakalign_steps2000_seed2026,2032,physionet_grabmyo,physionet_grabmyo,2297,journal_confirmatory_3domain_m_weakalign_steps2000_seed2026,pretrained_embedding,False
2026,journal_confirmatory_3domain_m_weakalign_steps2000_seed2026,2032,physionet_grabmyo,physionet_hyser,0,journal_confirmatory_3domain_m_weakalign_steps2000_seed2026,pretrained_embedding,False
2026,journal_confirmatory_3domain_m_weakalign_steps2000_seed2026,2032,physionet_hyser,ninapro_db10_meganepro,0,journal_confirmatory_3domain_m_weakalign_steps2000_seed2026,pretrained_embedding,False
2026,journal_confirmatory_3domain_m_weakalign_steps2000_seed2026,2032,physionet_hyser,physionet_grabmyo,0,journal_confirmatory_3domain_m_weakalign_steps2000_seed2026,pretrained_embedding,False
2026,journal_confirmatory_3domain_m_weakalign_steps2000_seed2026,2032,physionet_hyser,physionet_hyser,2304,journal_confirmatory_3domain_m_weakalign_steps2000_seed2026,pretrained_embedding,False
2026,journal_confirmatory_3domain_m_weakalign_steps2000_seed2026,2032,ninapro_db10_meganepro,ninapro_db10_meganepro,700,journal_confirmatory_3domain_m_weakalign_steps2000_seed2026,pretrained_embedding,True
2026,journal_confirmatory_3domain_m_weakalign_steps2000_seed2026,2032,ninapro_db10_meganepro,physionet_grabmyo,760,journal_confirmatory_3domain_m_weakalign_steps2000_seed2026,pretrained_embedding,True
2026,journal_confirmatory_3domain_m_weakalign_steps2000_seed2026,2032,ninapro_db10_meganepro,physionet_hyser,828,journal_confirmatory_3domain_m_weakalign_steps2000_seed2026,pretrained_embedding,True
2026,journal_confirmatory_3domain_m_weakalign_steps2000_seed2026,2032,physionet_grabmyo,ninapro_db10_meganepro,823,journal_confirmatory_3domain_m_weakalign_steps2000_seed2026,pretrained_embedding,True
2026,journal_confirmatory_3domain_m_weakalign_steps2000_seed2026,2032,physionet_grabmyo,physionet_grabmyo,778,journal_confirmatory_3domain_m_weakalign_steps2000_seed2026,pretrained_embedding,True
2026,journal_confirmatory_3domain_m_weakalign_steps2000_seed2026,2032,physionet_grabmyo,physionet_hyser,696,journal_confirmatory_3domain_m_weakalign_steps2000_seed2026,pretrained_embedding,True
2026,journal_confirmatory_3domain_m_weakalign_steps2000_seed2026,2032,physionet_hyser,ninapro_db10_meganepro,830,journal_confirmatory_3domain_m_weakalign_steps2000_seed2026,pretrained_embedding,True
2026,journal_confirmatory_3domain_m_weakalign_steps2000_seed2026,2032,physionet_hyser,physionet_grabmyo,631,journal_confirmatory_3domain_m_weakalign_steps2000_seed2026,pretrained_embedding,True
2026,journal_confirmatory_3domain_m_weakalign_steps2000_seed2026,2032,physionet_hyser,physionet_hyser,843,journal_confirmatory_3domain_m_weakalign_steps2000_seed2026,pretrained_embedding,True
2026,journal_confirmatory_3domain_m_weakalign_steps2000_seed2026,2033,ninapro_db10_meganepro,ninapro_db10_meganepro,2289,journal_confirmatory_3domain_m_weakalign_steps2000_seed2026,pretrained_embedding,False
2026,journal_confirmatory_3domain_m_weakalign_steps2000_seed2026,2033,ninapro_db10_meganepro,physionet_grabmyo,0,journal_confirmatory_3domain_m_weakalign_steps2000_seed2026,pretrained_embedding,False
2026,journal_confirmatory_3domain_m_weakalign_steps2000_seed2026,2033,ninapro_db10_meganepro,physionet_hyser,0,journal_confirmatory_3domain_m_weakalign_steps2000_seed2026,pretrained_embedding,False
2026,journal_confirmatory_3domain_m_weakalign_steps2000_seed2026,2033,physionet_grabmyo,ninapro_db10_meganepro,0,journal_confirmatory_3domain_m_weakalign_steps2000_seed2026,pretrained_embedding,False
2026,journal_confirmatory_3domain_m_weakalign_steps2000_seed2026,2033,physionet_grabmyo,physionet_grabmyo,2327,journal_confirmatory_3domain_m_weakalign_steps2000_seed2026,pretrained_embedding,False
2026,journal_confirmatory_3domain_m_weakalign_steps2000_seed2026,2033,physionet_grabmyo,physionet_hyser,0,journal_confirmatory_3domain_m_weakalign_steps2000_seed2026,pretrained_embedding,False
2026,journal_confirmatory_3domain_m_weakalign_steps2000_seed2026,2033,physionet_hyser,ninapro_db10_meganepro,0,journal_confirmatory_3domain_m_weakalign_steps2000_seed2026,pretrained_embedding,False
2026,journal_confirmatory_3domain_m_weakalign_steps2000_seed2026,2033,physionet_hyser,physionet_grabmyo,0,journal_confirmatory_3domain_m_weakalign_steps2000_seed2026,pretrained_embedding,False
2026,journal_confirmatory_3domain_m_weakalign_steps2000_seed2026,2033,physionet_hyser,physionet_hyser,2310,journal_confirmatory_3domain_m_weakalign_steps2000_seed2026,pretrained_embedding,False
2026,journal_confirmatory_3domain_m_weakalign_steps2000_seed2026,2033,ninapro_db10_meganepro,ninapro_db10_meganepro,711,journal_confirmatory_3domain_m_weakalign_steps2000_seed2026,pretrained_embedding,True
2026,journal_confirmatory_3domain_m_weakalign_steps2000_seed2026,2033,ninapro_db10_meganepro,physionet_grabmyo,539,journal_confirmatory_3domain_m_weakalign_steps2000_seed2026,pretrained_embedding,True
2026,journal_confirmatory_3domain_m_weakalign_steps2000_seed2026,2033,ninapro_db10_meganepro,physionet_hyser,1039,journal_confirmatory_3domain_m_weakalign_steps2000_seed2026,pretrained_embedding,True
2026,journal_confirmatory_3domain_m_weakalign_steps2000_seed2026,2033,physionet_grabmyo,ninapro_db10_meganepro,733,journal_confirmatory_3domain_m_weakalign_steps2000_seed2026,pretrained_embedding,True
2026,journal_confirmatory_3domain_m_weakalign_steps2000_seed2026,2033,physionet_grabmyo,physionet_grabmyo,802,journal_confirmatory_3domain_m_weakalign_steps2000_seed2026,pretrained_embedding,True
2026,journal_confirmatory_3domain_m_weakalign_steps2000_seed2026,2033,physionet_grabmyo,physionet_hyser,792,journal_confirmatory_3domain_m_weakalign_steps2000_seed2026,pretrained_embedding,True
2026,journal_confirmatory_3domain_m_weakalign_steps2000_seed2026,2033,physionet_hyser,ninapro_db10_meganepro,752,journal_confirmatory_3domain_m_weakalign_steps2000_seed2026,pretrained_embedding,True
2026,journal_confirmatory_3domain_m_weakalign_steps2000_seed2026,2033,physionet_hyser,physionet_grabmyo,683,journal_confirmatory_3domain_m_weakalign_steps2000_seed2026,pretrained_embedding,True
2026,journal_confirmatory_3domain_m_weakalign_steps2000_seed2026,2033,physionet_hyser,physionet_hyser,875,journal_confirmatory_3domain_m_weakalign_steps2000_seed2026,pretrained_embedding,True
2026,journal_confirmatory_3domain_m_weakalign_steps2000_seed2026,2034,ninapro_db10_meganepro,ninapro_db10_meganepro,2275,journal_confirmatory_3domain_m_weakalign_steps2000_seed2026,pretrained_embedding,False
2026,journal_confirmatory_3domain_m_weakalign_steps2000_seed2026,2034,ninapro_db10_meganepro,physionet_grabmyo,1,journal_confirmatory_3domain_m_weakalign_steps2000_seed2026,pretrained_embedding,False
2026,journal_confirmatory_3domain_m_weakalign_steps2000_seed2026,2034,ninapro_db10_meganepro,physionet_hyser,0,journal_confirmatory_3domain_m_weakalign_steps2000_seed2026,pretrained_embedding,False
2026,journal_confirmatory_3domain_m_weakalign_steps2000_seed2026,2034,physionet_grabmyo,ninapro_db10_meganepro,2,journal_confirmatory_3domain_m_weakalign_steps2000_seed2026,pretrained_embedding,False
2026,journal_confirmatory_3domain_m_weakalign_steps2000_seed2026,2034,physionet_grabmyo,physionet_grabmyo,2278,journal_confirmatory_3domain_m_weakalign_steps2000_seed2026,pretrained_embedding,False
2026,journal_confirmatory_3domain_m_weakalign_steps2000_seed2026,2034,physionet_grabmyo,physionet_hyser,0,journal_confirmatory_3domain_m_weakalign_steps2000_seed2026,pretrained_embedding,False
2026,journal_confirmatory_3domain_m_weakalign_steps2000_seed2026,2034,physionet_hyser,ninapro_db10_meganepro,0,journal_confirmatory_3domain_m_weakalign_steps2000_seed2026,pretrained_embedding,False
2026,journal_confirmatory_3domain_m_weakalign_steps2000_seed2026,2034,physionet_hyser,physionet_grabmyo,0,journal_confirmatory_3domain_m_weakalign_steps2000_seed2026,pretrained_embedding,False
2026,journal_confirmatory_3domain_m_weakalign_steps2000_seed2026,2034,physionet_hyser,physionet_hyser,2264,journal_confirmatory_3domain_m_weakalign_steps2000_seed2026,pretrained_embedding,False
2026,journal_confirmatory_3domain_m_weakalign_steps2000_seed2026,2034,ninapro_db10_meganepro,ninapro_db10_meganepro,973,journal_confirmatory_3domain_m_weakalign_steps2000_seed2026,pretrained_embedding,True
2026,journal_confirmatory_3domain_m_weakalign_steps2000_seed2026,2034,ninapro_db10_meganepro,physionet_grabmyo,769,journal_confirmatory_3domain_m_weakalign_steps2000_seed2026,pretrained_embedding,True
2026,journal_confirmatory_3domain_m_weakalign_steps2000_seed2026,2034,ninapro_db10_meganepro,physionet_hyser,534,journal_confirmatory_3domain_m_weakalign_steps2000_seed2026,pretrained_embedding,True
2026,journal_confirmatory_3domain_m_weakalign_steps2000_seed2026,2034,physionet_grabmyo,ninapro_db10_meganepro,837,journal_confirmatory_3domain_m_weakalign_steps2000_seed2026,pretrained_embedding,True
2026,journal_confirmatory_3domain_m_weakalign_steps2000_seed2026,2034,physionet_grabmyo,physionet_grabmyo,720,journal_confirmatory_3domain_m_weakalign_steps2000_seed2026,pretrained_embedding,True
2026,journal_confirmatory_3domain_m_weakalign_steps2000_seed2026,2034,physionet_grabmyo,physionet_hyser,723,journal_confirmatory_3domain_m_weakalign_steps2000_seed2026,pretrained_embedding,True
2026,journal_confirmatory_3domain_m_weakalign_steps2000_seed2026,2034,physionet_hyser,ninapro_db10_meganepro,759,journal_confirmatory_3domain_m_weakalign_steps2000_seed2026,pretrained_embedding,True
2026,journal_confirmatory_3domain_m_weakalign_steps2000_seed2026,2034,physionet_hyser,physionet_grabmyo,830,journal_confirmatory_3domain_m_weakalign_steps2000_seed2026,pretrained_embedding,True
2026,journal_confirmatory_3domain_m_weakalign_steps2000_seed2026,2034,physionet_hyser,physionet_hyser,675,journal_confirmatory_3domain_m_weakalign_steps2000_seed2026,pretrained_embedding,True
2026,journal_confirmatory_3domain_m_weakalign_steps2000_seed2026,2035,ninapro_db10_meganepro,ninapro_db10_meganepro,2293,journal_confirmatory_3domain_m_weakalign_steps2000_seed2026,pretrained_embedding,False
2026,journal_confirmatory_3domain_m_weakalign_steps2000_seed2026,2035,ninapro_db10_meganepro,physionet_grabmyo,2,journal_confirmatory_3domain_m_weakalign_steps2000_seed2026,pretrained_embedding,False
2026,journal_confirmatory_3domain_m_weakalign_steps2000_seed2026,2035,ninapro_db10_meganepro,physionet_hyser,0,journal_confirmatory_3domain_m_weakalign_steps2000_seed2026,pretrained_embedding,False
2026,journal_confirmatory_3domain_m_weakalign_steps2000_seed2026,2035,physionet_grabmyo,ninapro_db10_meganepro,1,journal_confirmatory_3domain_m_weakalign_steps2000_seed2026,pretrained_embedding,False
2026,journal_confirmatory_3domain_m_weakalign_steps2000_seed2026,2035,physionet_grabmyo,physionet_grabmyo,2318,journal_confirmatory_3domain_m_weakalign_steps2000_seed2026,pretrained_embedding,False
2026,journal_confirmatory_3domain_m_weakalign_steps2000_seed2026,2035,physionet_grabmyo,physionet_hyser,0,journal_confirmatory_3domain_m_weakalign_steps2000_seed2026,pretrained_embedding,False
2026,journal_confirmatory_3domain_m_weakalign_steps2000_seed2026,2035,physionet_hyser,ninapro_db10_meganepro,0,journal_confirmatory_3domain_m_weakalign_steps2000_seed2026,pretrained_embedding,False
2026,journal_confirmatory_3domain_m_weakalign_steps2000_seed2026,2035,physionet_hyser,physionet_grabmyo,0,journal_confirmatory_3domain_m_weakalign_steps2000_seed2026,pretrained_embedding,False
2026,journal_confirmatory_3domain_m_weakalign_steps2000_seed2026,2035,physionet_hyser,physionet_hyser,2343,journal_confirmatory_3domain_m_weakalign_steps2000_seed2026,pretrained_embedding,False
2026,journal_confirmatory_3domain_m_weakalign_steps2000_seed2026,2035,ninapro_db10_meganepro,ninapro_db10_meganepro,657,journal_confirmatory_3domain_m_weakalign_steps2000_seed2026,pretrained_embedding,True
2026,journal_confirmatory_3domain_m_weakalign_steps2000_seed2026,2035,ninapro_db10_meganepro,physionet_grabmyo,714,journal_confirmatory_3domain_m_weakalign_steps2000_seed2026,pretrained_embedding,True
2026,journal_confirmatory_3domain_m_weakalign_steps2000_seed2026,2035,ninapro_db10_meganepro,physionet_hyser,924,journal_confirmatory_3domain_m_weakalign_steps2000_seed2026,pretrained_embedding,True
2026,journal_confirmatory_3domain_m_weakalign_steps2000_seed2026,2035,physionet_grabmyo,ninapro_db10_meganepro,733,journal_confirmatory_3domain_m_weakalign_steps2000_seed2026,pretrained_embedding,True
2026,journal_confirmatory_3domain_m_weakalign_steps2000_seed2026,2035,physionet_grabmyo,physionet_grabmyo,910,journal_confirmatory_3domain_m_weakalign_steps2000_seed2026,pretrained_embedding,True
2026,journal_confirmatory_3domain_m_weakalign_steps2000_seed2026,2035,physionet_grabmyo,physionet_hyser,676,journal_confirmatory_3domain_m_weakalign_steps2000_seed2026,pretrained_embedding,True
2026,journal_confirmatory_3domain_m_weakalign_steps2000_seed2026,2035,physionet_hyser,ninapro_db10_meganepro,811,journal_confirmatory_3domain_m_weakalign_steps2000_seed2026,pretrained_embedding,True
2026,journal_confirmatory_3domain_m_weakalign_steps2000_seed2026,2035,physionet_hyser,physionet_grabmyo,730,journal_confirmatory_3domain_m_weakalign_steps2000_seed2026,pretrained_embedding,True
2026,journal_confirmatory_3domain_m_weakalign_steps2000_seed2026,2035,physionet_hyser,physionet_hyser,802,journal_confirmatory_3domain_m_weakalign_steps2000_seed2026,pretrained_embedding,True
2027,journal_confirmatory_3domain_m_weakalign_steps2000_seed2027,2026,ninapro_db10_meganepro,ninapro_db10_meganepro,2324,journal_confirmatory_3domain_m_weakalign_steps2000_seed2027,pretrained_embedding,False
2027,journal_confirmatory_3domain_m_weakalign_steps2000_seed2027,2026,ninapro_db10_meganepro,physionet_grabmyo,0,journal_confirmatory_3domain_m_weakalign_steps2000_seed2027,pretrained_embedding,False
2027,journal_confirmatory_3domain_m_weakalign_steps2000_seed2027,2026,ninapro_db10_meganepro,physionet_hyser,0,journal_confirmatory_3domain_m_weakalign_steps2000_seed2027,pretrained_embedding,False
2027,journal_confirmatory_3domain_m_weakalign_steps2000_seed2027,2026,physionet_grabmyo,ninapro_db10_meganepro,0,journal_confirmatory_3domain_m_weakalign_steps2000_seed2027,pretrained_embedding,False
2027,journal_confirmatory_3domain_m_weakalign_steps2000_seed2027,2026,physionet_grabmyo,physionet_grabmyo,2310,journal_confirmatory_3domain_m_weakalign_steps2000_seed2027,pretrained_embedding,False
2027,journal_confirmatory_3domain_m_weakalign_steps2000_seed2027,2026,physionet_grabmyo,physionet_hyser,0,journal_confirmatory_3domain_m_weakalign_steps2000_seed2027,pretrained_embedding,False
2027,journal_confirmatory_3domain_m_weakalign_steps2000_seed2027,2026,physionet_hyser,ninapro_db10_meganepro,0,journal_confirmatory_3domain_m_weakalign_steps2000_seed2027,pretrained_embedding,False
2027,journal_confirmatory_3domain_m_weakalign_steps2000_seed2027,2026,physionet_hyser,physionet_grabmyo,0,journal_confirmatory_3domain_m_weakalign_steps2000_seed2027,pretrained_embedding,False
2027,journal_confirmatory_3domain_m_weakalign_steps2000_seed2027,2026,physionet_hyser,physionet_hyser,2295,journal_confirmatory_3domain_m_weakalign_steps2000_seed2027,pretrained_embedding,False
2027,journal_confirmatory_3domain_m_weakalign_steps2000_seed2027,2026,ninapro_db10_meganepro,ninapro_db10_meganepro,979,journal_confirmatory_3domain_m_weakalign_steps2000_seed2027,pretrained_embedding,True
2027,journal_confirmatory_3domain_m_weakalign_steps2000_seed2027,2026,ninapro_db10_meganepro,physionet_grabmyo,697,journal_confirmatory_3domain_m_weakalign_steps2000_seed2027,pretrained_embedding,True
2027,journal_confirmatory_3domain_m_weakalign_steps2000_seed2027,2026,ninapro_db10_meganepro,physionet_hyser,648,journal_confirmatory_3domain_m_weakalign_steps2000_seed2027,pretrained_embedding,True
2027,journal_confirmatory_3domain_m_weakalign_steps2000_seed2027,2026,physionet_grabmyo,ninapro_db10_meganepro,792,journal_confirmatory_3domain_m_weakalign_steps2000_seed2027,pretrained_embedding,True
2027,journal_confirmatory_3domain_m_weakalign_steps2000_seed2027,2026,physionet_grabmyo,physionet_grabmyo,818,journal_confirmatory_3domain_m_weakalign_steps2000_seed2027,pretrained_embedding,True
2027,journal_confirmatory_3domain_m_weakalign_steps2000_seed2027,2026,physionet_grabmyo,physionet_hyser,700,journal_confirmatory_3domain_m_weakalign_steps2000_seed2027,pretrained_embedding,True
2027,journal_confirmatory_3domain_m_weakalign_steps2000_seed2027,2026,physionet_hyser,ninapro_db10_meganepro,755,journal_confirmatory_3domain_m_weakalign_steps2000_seed2027,pretrained_embedding,True
2027,journal_confirmatory_3domain_m_weakalign_steps2000_seed2027,2026,physionet_hyser,physionet_grabmyo,786,journal_confirmatory_3domain_m_weakalign_steps2000_seed2027,pretrained_embedding,True
2027,journal_confirmatory_3domain_m_weakalign_steps2000_seed2027,2026,physionet_hyser,physionet_hyser,754,journal_confirmatory_3domain_m_weakalign_steps2000_seed2027,pretrained_embedding,True
2027,journal_confirmatory_3domain_m_weakalign_steps2000_seed2027,2027,ninapro_db10_meganepro,ninapro_db10_meganepro,2268,journal_confirmatory_3domain_m_weakalign_steps2000_seed2027,pretrained_embedding,False
2027,journal_confirmatory_3domain_m_weakalign_steps2000_seed2027,2027,ninapro_db10_meganepro,physionet_grabmyo,0,journal_confirmatory_3domain_m_weakalign_steps2000_seed2027,pretrained_embedding,False
2027,journal_confirmatory_3domain_m_weakalign_steps2000_seed2027,2027,ninapro_db10_meganepro,physionet_hyser,0,journal_confirmatory_3domain_m_weakalign_steps2000_seed2027,pretrained_embedding,False
2027,journal_confirmatory_3domain_m_weakalign_steps2000_seed2027,2027,physionet_grabmyo,ninapro_db10_meganepro,0,journal_confirmatory_3domain_m_weakalign_steps2000_seed2027,pretrained_embedding,False
2027,journal_confirmatory_3domain_m_weakalign_steps2000_seed2027,2027,physionet_grabmyo,physionet_grabmyo,2312,journal_confirmatory_3domain_m_weakalign_steps2000_seed2027,pretrained_embedding,False
2027,journal_confirmatory_3domain_m_weakalign_steps2000_seed2027,2027,physionet_grabmyo,physionet_hyser,0,journal_confirmatory_3domain_m_weakalign_steps2000_seed2027,pretrained_embedding,False
2027,journal_confirmatory_3domain_m_weakalign_steps2000_seed2027,2027,physionet_hyser,ninapro_db10_meganepro,0,journal_confirmatory_3domain_m_weakalign_steps2000_seed2027,pretrained_embedding,False
2027,journal_confirmatory_3domain_m_weakalign_steps2000_seed2027,2027,physionet_hyser,physionet_grabmyo,0,journal_confirmatory_3domain_m_weakalign_steps2000_seed2027,pretrained_embedding,False
2027,journal_confirmatory_3domain_m_weakalign_steps2000_seed2027,2027,physionet_hyser,physionet_hyser,2367,journal_confirmatory_3domain_m_weakalign_steps2000_seed2027,pretrained_embedding,False
2027,journal_confirmatory_3domain_m_weakalign_steps2000_seed2027,2027,ninapro_db10_meganepro,ninapro_db10_meganepro,510,journal_confirmatory_3domain_m_weakalign_steps2000_seed2027,pretrained_embedding,True
2027,journal_confirmatory_3domain_m_weakalign_steps2000_seed2027,2027,ninapro_db10_meganepro,physionet_grabmyo,1047,journal_confirmatory_3domain_m_weakalign_steps2000_seed2027,pretrained_embedding,True
2027,journal_confirmatory_3domain_m_weakalign_steps2000_seed2027,2027,ninapro_db10_meganepro,physionet_hyser,711,journal_confirmatory_3domain_m_weakalign_steps2000_seed2027,pretrained_embedding,True
2027,journal_confirmatory_3domain_m_weakalign_steps2000_seed2027,2027,physionet_grabmyo,ninapro_db10_meganepro,797,journal_confirmatory_3domain_m_weakalign_steps2000_seed2027,pretrained_embedding,True
2027,journal_confirmatory_3domain_m_weakalign_steps2000_seed2027,2027,physionet_grabmyo,physionet_grabmyo,709,journal_confirmatory_3domain_m_weakalign_steps2000_seed2027,pretrained_embedding,True
2027,journal_confirmatory_3domain_m_weakalign_steps2000_seed2027,2027,physionet_grabmyo,physionet_hyser,806,journal_confirmatory_3domain_m_weakalign_steps2000_seed2027,pretrained_embedding,True
2027,journal_confirmatory_3domain_m_weakalign_steps2000_seed2027,2027,physionet_hyser,ninapro_db10_meganepro,855,journal_confirmatory_3domain_m_weakalign_steps2000_seed2027,pretrained_embedding,True
2027,journal_confirmatory_3domain_m_weakalign_steps2000_seed2027,2027,physionet_hyser,physionet_grabmyo,791,journal_confirmatory_3domain_m_weakalign_steps2000_seed2027,pretrained_embedding,True
2027,journal_confirmatory_3domain_m_weakalign_steps2000_seed2027,2027,physionet_hyser,physionet_hyser,721,journal_confirmatory_3domain_m_weakalign_steps2000_seed2027,pretrained_embedding,True
2027,journal_confirmatory_3domain_m_weakalign_steps2000_seed2027,2028,ninapro_db10_meganepro,ninapro_db10_meganepro,2325,journal_confirmatory_3domain_m_weakalign_steps2000_seed2027,pretrained_embedding,False
2027,journal_confirmatory_3domain_m_weakalign_steps2000_seed2027,2028,ninapro_db10_meganepro,physionet_grabmyo,0,journal_confirmatory_3domain_m_weakalign_steps2000_seed2027,pretrained_embedding,False
2027,journal_confirmatory_3domain_m_weakalign_steps2000_seed2027,2028,ninapro_db10_meganepro,physionet_hyser,0,journal_confirmatory_3domain_m_weakalign_steps2000_seed2027,pretrained_embedding,False
2027,journal_confirmatory_3domain_m_weakalign_steps2000_seed2027,2028,physionet_grabmyo,ninapro_db10_meganepro,0,journal_confirmatory_3domain_m_weakalign_steps2000_seed2027,pretrained_embedding,False
2027,journal_confirmatory_3domain_m_weakalign_steps2000_seed2027,2028,physionet_grabmyo,physionet_grabmyo,2271,journal_confirmatory_3domain_m_weakalign_steps2000_seed2027,pretrained_embedding,False
2027,journal_confirmatory_3domain_m_weakalign_steps2000_seed2027,2028,physionet_grabmyo,physionet_hyser,0,journal_confirmatory_3domain_m_weakalign_steps2000_seed2027,pretrained_embedding,False
2027,journal_confirmatory_3domain_m_weakalign_steps2000_seed2027,2028,physionet_hyser,ninapro_db10_meganepro,0,journal_confirmatory_3domain_m_weakalign_steps2000_seed2027,pretrained_embedding,False
2027,journal_confirmatory_3domain_m_weakalign_steps2000_seed2027,2028,physionet_hyser,physionet_grabmyo,0,journal_confirmatory_3domain_m_weakalign_steps2000_seed2027,pretrained_embedding,False
2027,journal_confirmatory_3domain_m_weakalign_steps2000_seed2027,2028,physionet_hyser,physionet_hyser,2317,journal_confirmatory_3domain_m_weakalign_steps2000_seed2027,pretrained_embedding,False
2027,journal_confirmatory_3domain_m_weakalign_steps2000_seed2027,2028,ninapro_db10_meganepro,ninapro_db10_meganepro,535,journal_confirmatory_3domain_m_weakalign_steps2000_seed2027,pretrained_embedding,True
2027,journal_confirmatory_3domain_m_weakalign_steps2000_seed2027,2028,ninapro_db10_meganepro,physionet_grabmyo,559,journal_confirmatory_3domain_m_weakalign_steps2000_seed2027,pretrained_embedding,True
2027,journal_confirmatory_3domain_m_weakalign_steps2000_seed2027,2028,ninapro_db10_meganepro,physionet_hyser,1231,journal_confirmatory_3domain_m_weakalign_steps2000_seed2027,pretrained_embedding,True
2027,journal_confirmatory_3domain_m_weakalign_steps2000_seed2027,2028,physionet_grabmyo,ninapro_db10_meganepro,793,journal_confirmatory_3domain_m_weakalign_steps2000_seed2027,pretrained_embedding,True
2027,journal_confirmatory_3domain_m_weakalign_steps2000_seed2027,2028,physionet_grabmyo,physionet_grabmyo,661,journal_confirmatory_3domain_m_weakalign_steps2000_seed2027,pretrained_embedding,True
2027,journal_confirmatory_3domain_m_weakalign_steps2000_seed2027,2028,physionet_grabmyo,physionet_hyser,817,journal_confirmatory_3domain_m_weakalign_steps2000_seed2027,pretrained_embedding,True
2027,journal_confirmatory_3domain_m_weakalign_steps2000_seed2027,2028,physionet_hyser,ninapro_db10_meganepro,761,journal_confirmatory_3domain_m_weakalign_steps2000_seed2027,pretrained_embedding,True
2027,journal_confirmatory_3domain_m_weakalign_steps2000_seed2027,2028,physionet_hyser,physionet_grabmyo,881,journal_confirmatory_3domain_m_weakalign_steps2000_seed2027,pretrained_embedding,True
2027,journal_confirmatory_3domain_m_weakalign_steps2000_seed2027,2028,physionet_hyser,physionet_hyser,675,journal_confirmatory_3domain_m_weakalign_steps2000_seed2027,pretrained_embedding,True
2027,journal_confirmatory_3domain_m_weakalign_steps2000_seed2027,2029,ninapro_db10_meganepro,ninapro_db10_meganepro,2274,journal_confirmatory_3domain_m_weakalign_steps2000_seed2027,pretrained_embedding,False
2027,journal_confirmatory_3domain_m_weakalign_steps2000_seed2027,2029,ninapro_db10_meganepro,physionet_grabmyo,0,journal_confirmatory_3domain_m_weakalign_steps2000_seed2027,pretrained_embedding,False
2027,journal_confirmatory_3domain_m_weakalign_steps2000_seed2027,2029,ninapro_db10_meganepro,physionet_hyser,0,journal_confirmatory_3domain_m_weakalign_steps2000_seed2027,pretrained_embedding,False
2027,journal_confirmatory_3domain_m_weakalign_steps2000_seed2027,2029,physionet_grabmyo,ninapro_db10_meganepro,0,journal_confirmatory_3domain_m_weakalign_steps2000_seed2027,pretrained_embedding,False
2027,journal_confirmatory_3domain_m_weakalign_steps2000_seed2027,2029,physionet_grabmyo,physionet_grabmyo,2308,journal_confirmatory_3domain_m_weakalign_steps2000_seed2027,pretrained_embedding,False
2027,journal_confirmatory_3domain_m_weakalign_steps2000_seed2027,2029,physionet_grabmyo,physionet_hyser,0,journal_confirmatory_3domain_m_weakalign_steps2000_seed2027,pretrained_embedding,False
2027,journal_confirmatory_3domain_m_weakalign_steps2000_seed2027,2029,physionet_hyser,ninapro_db10_meganepro,0,journal_confirmatory_3domain_m_weakalign_steps2000_seed2027,pretrained_embedding,False
2027,journal_confirmatory_3domain_m_weakalign_steps2000_seed2027,2029,physionet_hyser,physionet_grabmyo,0,journal_confirmatory_3domain_m_weakalign_steps2000_seed2027,pretrained_embedding,False
2027,journal_confirmatory_3domain_m_weakalign_steps2000_seed2027,2029,physionet_hyser,physionet_hyser,2317,journal_confirmatory_3domain_m_weakalign_steps2000_seed2027,pretrained_embedding,False
2027,journal_confirmatory_3domain_m_weakalign_steps2000_seed2027,2029,ninapro_db10_meganepro,ninapro_db10_meganepro,879,journal_confirmatory_3domain_m_weakalign_steps2000_seed2027,pretrained_embedding,True
2027,journal_confirmatory_3domain_m_weakalign_steps2000_seed2027,2029,ninapro_db10_meganepro,physionet_grabmyo,559,journal_confirmatory_3domain_m_weakalign_steps2000_seed2027,pretrained_embedding,True
2027,journal_confirmatory_3domain_m_weakalign_steps2000_seed2027,2029,ninapro_db10_meganepro,physionet_hyser,836,journal_confirmatory_3domain_m_weakalign_steps2000_seed2027,pretrained_embedding,True
2027,journal_confirmatory_3domain_m_weakalign_steps2000_seed2027,2029,physionet_grabmyo,ninapro_db10_meganepro,634,journal_confirmatory_3domain_m_weakalign_steps2000_seed2027,pretrained_embedding,True
2027,journal_confirmatory_3domain_m_weakalign_steps2000_seed2027,2029,physionet_grabmyo,physionet_grabmyo,898,journal_confirmatory_3domain_m_weakalign_steps2000_seed2027,pretrained_embedding,True
2027,journal_confirmatory_3domain_m_weakalign_steps2000_seed2027,2029,physionet_grabmyo,physionet_hyser,776,journal_confirmatory_3domain_m_weakalign_steps2000_seed2027,pretrained_embedding,True
2027,journal_confirmatory_3domain_m_weakalign_steps2000_seed2027,2029,physionet_hyser,ninapro_db10_meganepro,725,journal_confirmatory_3domain_m_weakalign_steps2000_seed2027,pretrained_embedding,True
2027,journal_confirmatory_3domain_m_weakalign_steps2000_seed2027,2029,physionet_hyser,physionet_grabmyo,801,journal_confirmatory_3domain_m_weakalign_steps2000_seed2027,pretrained_embedding,True
2027,journal_confirmatory_3domain_m_weakalign_steps2000_seed2027,2029,physionet_hyser,physionet_hyser,791,journal_confirmatory_3domain_m_weakalign_steps2000_seed2027,pretrained_embedding,True
2027,journal_confirmatory_3domain_m_weakalign_steps2000_seed2027,2030,ninapro_db10_meganepro,ninapro_db10_meganepro,2238,journal_confirmatory_3domain_m_weakalign_steps2000_seed2027,pretrained_embedding,False
2027,journal_confirmatory_3domain_m_weakalign_steps2000_seed2027,2030,ninapro_db10_meganepro,physionet_grabmyo,0,journal_confirmatory_3domain_m_weakalign_steps2000_seed2027,pretrained_embedding,False
2027,journal_confirmatory_3domain_m_weakalign_steps2000_seed2027,2030,ninapro_db10_meganepro,physionet_hyser,0,journal_confirmatory_3domain_m_weakalign_steps2000_seed2027,pretrained_embedding,False
2027,journal_confirmatory_3domain_m_weakalign_steps2000_seed2027,2030,physionet_grabmyo,ninapro_db10_meganepro,0,journal_confirmatory_3domain_m_weakalign_steps2000_seed2027,pretrained_embedding,False
2027,journal_confirmatory_3domain_m_weakalign_steps2000_seed2027,2030,physionet_grabmyo,physionet_grabmyo,2301,journal_confirmatory_3domain_m_weakalign_steps2000_seed2027,pretrained_embedding,False
2027,journal_confirmatory_3domain_m_weakalign_steps2000_seed2027,2030,physionet_grabmyo,physionet_hyser,0,journal_confirmatory_3domain_m_weakalign_steps2000_seed2027,pretrained_embedding,False
2027,journal_confirmatory_3domain_m_weakalign_steps2000_seed2027,2030,physionet_hyser,ninapro_db10_meganepro,0,journal_confirmatory_3domain_m_weakalign_steps2000_seed2027,pretrained_embedding,False
2027,journal_confirmatory_3domain_m_weakalign_steps2000_seed2027,2030,physionet_hyser,physionet_grabmyo,0,journal_confirmatory_3domain_m_weakalign_steps2000_seed2027,pretrained_embedding,False
2027,journal_confirmatory_3domain_m_weakalign_steps2000_seed2027,2030,physionet_hyser,physionet_hyser,2265,journal_confirmatory_3domain_m_weakalign_steps2000_seed2027,pretrained_embedding,False
2027,journal_confirmatory_3domain_m_weakalign_steps2000_seed2027,2030,ninapro_db10_meganepro,ninapro_db10_meganepro,449,journal_confirmatory_3domain_m_weakalign_steps2000_seed2027,pretrained_embedding,True
2027,journal_confirmatory_3domain_m_weakalign_steps2000_seed2027,2030,ninapro_db10_meganepro,physionet_grabmyo,707,journal_confirmatory_3domain_m_weakalign_steps2000_seed2027,pretrained_embedding,True
2027,journal_confirmatory_3domain_m_weakalign_steps2000_seed2027,2030,ninapro_db10_meganepro,physionet_hyser,1082,journal_confirmatory_3domain_m_weakalign_steps2000_seed2027,pretrained_embedding,True
2027,journal_confirmatory_3domain_m_weakalign_steps2000_seed2027,2030,physionet_grabmyo,ninapro_db10_meganepro,808,journal_confirmatory_3domain_m_weakalign_steps2000_seed2027,pretrained_embedding,True
2027,journal_confirmatory_3domain_m_weakalign_steps2000_seed2027,2030,physionet_grabmyo,physionet_grabmyo,755,journal_confirmatory_3domain_m_weakalign_steps2000_seed2027,pretrained_embedding,True
2027,journal_confirmatory_3domain_m_weakalign_steps2000_seed2027,2030,physionet_grabmyo,physionet_hyser,738,journal_confirmatory_3domain_m_weakalign_steps2000_seed2027,pretrained_embedding,True
2027,journal_confirmatory_3domain_m_weakalign_steps2000_seed2027,2030,physionet_hyser,ninapro_db10_meganepro,901,journal_confirmatory_3domain_m_weakalign_steps2000_seed2027,pretrained_embedding,True
2027,journal_confirmatory_3domain_m_weakalign_steps2000_seed2027,2030,physionet_hyser,physionet_grabmyo,672,journal_confirmatory_3domain_m_weakalign_steps2000_seed2027,pretrained_embedding,True
2027,journal_confirmatory_3domain_m_weakalign_steps2000_seed2027,2030,physionet_hyser,physionet_hyser,692,journal_confirmatory_3domain_m_weakalign_steps2000_seed2027,pretrained_embedding,True
2027,journal_confirmatory_3domain_m_weakalign_steps2000_seed2027,2031,ninapro_db10_meganepro,ninapro_db10_meganepro,2311,journal_confirmatory_3domain_m_weakalign_steps2000_seed2027,pretrained_embedding,False
2027,journal_confirmatory_3domain_m_weakalign_steps2000_seed2027,2031,ninapro_db10_meganepro,physionet_grabmyo,0,journal_confirmatory_3domain_m_weakalign_steps2000_seed2027,pretrained_embedding,False
2027,journal_confirmatory_3domain_m_weakalign_steps2000_seed2027,2031,ninapro_db10_meganepro,physionet_hyser,0,journal_confirmatory_3domain_m_weakalign_steps2000_seed2027,pretrained_embedding,False
2027,journal_confirmatory_3domain_m_weakalign_steps2000_seed2027,2031,physionet_grabmyo,ninapro_db10_meganepro,0,journal_confirmatory_3domain_m_weakalign_steps2000_seed2027,pretrained_embedding,False
2027,journal_confirmatory_3domain_m_weakalign_steps2000_seed2027,2031,physionet_grabmyo,physionet_grabmyo,2337,journal_confirmatory_3domain_m_weakalign_steps2000_seed2027,pretrained_embedding,False
2027,journal_confirmatory_3domain_m_weakalign_steps2000_seed2027,2031,physionet_grabmyo,physionet_hyser,0,journal_confirmatory_3domain_m_weakalign_steps2000_seed2027,pretrained_embedding,False
2027,journal_confirmatory_3domain_m_weakalign_steps2000_seed2027,2031,physionet_hyser,ninapro_db10_meganepro,0,journal_confirmatory_3domain_m_weakalign_steps2000_seed2027,pretrained_embedding,False
2027,journal_confirmatory_3domain_m_weakalign_steps2000_seed2027,2031,physionet_hyser,physionet_grabmyo,0,journal_confirmatory_3domain_m_weakalign_steps2000_seed2027,pretrained_embedding,False
2027,journal_confirmatory_3domain_m_weakalign_steps2000_seed2027,2031,physionet_hyser,physionet_hyser,2301,journal_confirmatory_3domain_m_weakalign_steps2000_seed2027,pretrained_embedding,False
2027,journal_confirmatory_3domain_m_weakalign_steps2000_seed2027,2031,ninapro_db10_meganepro,ninapro_db10_meganepro,678,journal_confirmatory_3domain_m_weakalign_steps2000_seed2027,pretrained_embedding,True
2027,journal_confirmatory_3domain_m_weakalign_steps2000_seed2027,2031,ninapro_db10_meganepro,physionet_grabmyo,771,journal_confirmatory_3domain_m_weakalign_steps2000_seed2027,pretrained_embedding,True
2027,journal_confirmatory_3domain_m_weakalign_steps2000_seed2027,2031,ninapro_db10_meganepro,physionet_hyser,862,journal_confirmatory_3domain_m_weakalign_steps2000_seed2027,pretrained_embedding,True
2027,journal_confirmatory_3domain_m_weakalign_steps2000_seed2027,2031,physionet_grabmyo,ninapro_db10_meganepro,842,journal_confirmatory_3domain_m_weakalign_steps2000_seed2027,pretrained_embedding,True
2027,journal_confirmatory_3domain_m_weakalign_steps2000_seed2027,2031,physionet_grabmyo,physionet_grabmyo,695,journal_confirmatory_3domain_m_weakalign_steps2000_seed2027,pretrained_embedding,True
2027,journal_confirmatory_3domain_m_weakalign_steps2000_seed2027,2031,physionet_grabmyo,physionet_hyser,800,journal_confirmatory_3domain_m_weakalign_steps2000_seed2027,pretrained_embedding,True
2027,journal_confirmatory_3domain_m_weakalign_steps2000_seed2027,2031,physionet_hyser,ninapro_db10_meganepro,866,journal_confirmatory_3domain_m_weakalign_steps2000_seed2027,pretrained_embedding,True
2027,journal_confirmatory_3domain_m_weakalign_steps2000_seed2027,2031,physionet_hyser,physionet_grabmyo,848,journal_confirmatory_3domain_m_weakalign_steps2000_seed2027,pretrained_embedding,True
2027,journal_confirmatory_3domain_m_weakalign_steps2000_seed2027,2031,physionet_hyser,physionet_hyser,587,journal_confirmatory_3domain_m_weakalign_steps2000_seed2027,pretrained_embedding,True
2027,journal_confirmatory_3domain_m_weakalign_steps2000_seed2027,2032,ninapro_db10_meganepro,ninapro_db10_meganepro,2288,journal_confirmatory_3domain_m_weakalign_steps2000_seed2027,pretrained_embedding,False
2027,journal_confirmatory_3domain_m_weakalign_steps2000_seed2027,2032,ninapro_db10_meganepro,physionet_grabmyo,0,journal_confirmatory_3domain_m_weakalign_steps2000_seed2027,pretrained_embedding,False
2027,journal_confirmatory_3domain_m_weakalign_steps2000_seed2027,2032,ninapro_db10_meganepro,physionet_hyser,0,journal_confirmatory_3domain_m_weakalign_steps2000_seed2027,pretrained_embedding,False
2027,journal_confirmatory_3domain_m_weakalign_steps2000_seed2027,2032,physionet_grabmyo,ninapro_db10_meganepro,0,journal_confirmatory_3domain_m_weakalign_steps2000_seed2027,pretrained_embedding,False
2027,journal_confirmatory_3domain_m_weakalign_steps2000_seed2027,2032,physionet_grabmyo,physionet_grabmyo,2297,journal_confirmatory_3domain_m_weakalign_steps2000_seed2027,pretrained_embedding,False
2027,journal_confirmatory_3domain_m_weakalign_steps2000_seed2027,2032,physionet_grabmyo,physionet_hyser,0,journal_confirmatory_3domain_m_weakalign_steps2000_seed2027,pretrained_embedding,False
2027,journal_confirmatory_3domain_m_weakalign_steps2000_seed2027,2032,physionet_hyser,ninapro_db10_meganepro,0,journal_confirmatory_3domain_m_weakalign_steps2000_seed2027,pretrained_embedding,False
2027,journal_confirmatory_3domain_m_weakalign_steps2000_seed2027,2032,physionet_hyser,physionet_grabmyo,0,journal_confirmatory_3domain_m_weakalign_steps2000_seed2027,pretrained_embedding,False
2027,journal_confirmatory_3domain_m_weakalign_steps2000_seed2027,2032,physionet_hyser,physionet_hyser,2304,journal_confirmatory_3domain_m_weakalign_steps2000_seed2027,pretrained_embedding,False
2027,journal_confirmatory_3domain_m_weakalign_steps2000_seed2027,2032,ninapro_db10_meganepro,ninapro_db10_meganepro,1126,journal_confirmatory_3domain_m_weakalign_steps2000_seed2027,pretrained_embedding,True
2027,journal_confirmatory_3domain_m_weakalign_steps2000_seed2027,2032,ninapro_db10_meganepro,physionet_grabmyo,362,journal_confirmatory_3domain_m_weakalign_steps2000_seed2027,pretrained_embedding,True
2027,journal_confirmatory_3domain_m_weakalign_steps2000_seed2027,2032,ninapro_db10_meganepro,physionet_hyser,800,journal_confirmatory_3domain_m_weakalign_steps2000_seed2027,pretrained_embedding,True
2027,journal_confirmatory_3domain_m_weakalign_steps2000_seed2027,2032,physionet_grabmyo,ninapro_db10_meganepro,731,journal_confirmatory_3domain_m_weakalign_steps2000_seed2027,pretrained_embedding,True
2027,journal_confirmatory_3domain_m_weakalign_steps2000_seed2027,2032,physionet_grabmyo,physionet_grabmyo,879,journal_confirmatory_3domain_m_weakalign_steps2000_seed2027,pretrained_embedding,True
2027,journal_confirmatory_3domain_m_weakalign_steps2000_seed2027,2032,physionet_grabmyo,physionet_hyser,687,journal_confirmatory_3domain_m_weakalign_steps2000_seed2027,pretrained_embedding,True
2027,journal_confirmatory_3domain_m_weakalign_steps2000_seed2027,2032,physionet_hyser,ninapro_db10_meganepro,861,journal_confirmatory_3domain_m_weakalign_steps2000_seed2027,pretrained_embedding,True
2027,journal_confirmatory_3domain_m_weakalign_steps2000_seed2027,2032,physionet_hyser,physionet_grabmyo,661,journal_confirmatory_3domain_m_weakalign_steps2000_seed2027,pretrained_embedding,True
2027,journal_confirmatory_3domain_m_weakalign_steps2000_seed2027,2032,physionet_hyser,physionet_hyser,782,journal_confirmatory_3domain_m_weakalign_steps2000_seed2027,pretrained_embedding,True
2027,journal_confirmatory_3domain_m_weakalign_steps2000_seed2027,2033,ninapro_db10_meganepro,ninapro_db10_meganepro,2289,journal_confirmatory_3domain_m_weakalign_steps2000_seed2027,pretrained_embedding,False
2027,journal_confirmatory_3domain_m_weakalign_steps2000_seed2027,2033,ninapro_db10_meganepro,physionet_grabmyo,0,journal_confirmatory_3domain_m_weakalign_steps2000_seed2027,pretrained_embedding,False
2027,journal_confirmatory_3domain_m_weakalign_steps2000_seed2027,2033,ninapro_db10_meganepro,physionet_hyser,0,journal_confirmatory_3domain_m_weakalign_steps2000_seed2027,pretrained_embedding,False
2027,journal_confirmatory_3domain_m_weakalign_steps2000_seed2027,2033,physionet_grabmyo,ninapro_db10_meganepro,0,journal_confirmatory_3domain_m_weakalign_steps2000_seed2027,pretrained_embedding,False
2027,journal_confirmatory_3domain_m_weakalign_steps2000_seed2027,2033,physionet_grabmyo,physionet_grabmyo,2327,journal_confirmatory_3domain_m_weakalign_steps2000_seed2027,pretrained_embedding,False
2027,journal_confirmatory_3domain_m_weakalign_steps2000_seed2027,2033,physionet_grabmyo,physionet_hyser,0,journal_confirmatory_3domain_m_weakalign_steps2000_seed2027,pretrained_embedding,False
2027,journal_confirmatory_3domain_m_weakalign_steps2000_seed2027,2033,physionet_hyser,ninapro_db10_meganepro,0,journal_confirmatory_3domain_m_weakalign_steps2000_seed2027,pretrained_embedding,False
2027,journal_confirmatory_3domain_m_weakalign_steps2000_seed2027,2033,physionet_hyser,physionet_grabmyo,0,journal_confirmatory_3domain_m_weakalign_steps2000_seed2027,pretrained_embedding,False
2027,journal_confirmatory_3domain_m_weakalign_steps2000_seed2027,2033,physionet_hyser,physionet_hyser,2310,journal_confirmatory_3domain_m_weakalign_steps2000_seed2027,pretrained_embedding,False
2027,journal_confirmatory_3domain_m_weakalign_steps2000_seed2027,2033,ninapro_db10_meganepro,ninapro_db10_meganepro,894,journal_confirmatory_3domain_m_weakalign_steps2000_seed2027,pretrained_embedding,True
2027,journal_confirmatory_3domain_m_weakalign_steps2000_seed2027,2033,ninapro_db10_meganepro,physionet_grabmyo,680,journal_confirmatory_3domain_m_weakalign_steps2000_seed2027,pretrained_embedding,True
2027,journal_confirmatory_3domain_m_weakalign_steps2000_seed2027,2033,ninapro_db10_meganepro,physionet_hyser,715,journal_confirmatory_3domain_m_weakalign_steps2000_seed2027,pretrained_embedding,True
2027,journal_confirmatory_3domain_m_weakalign_steps2000_seed2027,2033,physionet_grabmyo,ninapro_db10_meganepro,689,journal_confirmatory_3domain_m_weakalign_steps2000_seed2027,pretrained_embedding,True
2027,journal_confirmatory_3domain_m_weakalign_steps2000_seed2027,2033,physionet_grabmyo,physionet_grabmyo,847,journal_confirmatory_3domain_m_weakalign_steps2000_seed2027,pretrained_embedding,True
2027,journal_confirmatory_3domain_m_weakalign_steps2000_seed2027,2033,physionet_grabmyo,physionet_hyser,791,journal_confirmatory_3domain_m_weakalign_steps2000_seed2027,pretrained_embedding,True
2027,journal_confirmatory_3domain_m_weakalign_steps2000_seed2027,2033,physionet_hyser,ninapro_db10_meganepro,689,journal_confirmatory_3domain_m_weakalign_steps2000_seed2027,pretrained_embedding,True
2027,journal_confirmatory_3domain_m_weakalign_steps2000_seed2027,2033,physionet_hyser,physionet_grabmyo,844,journal_confirmatory_3domain_m_weakalign_steps2000_seed2027,pretrained_embedding,True
2027,journal_confirmatory_3domain_m_weakalign_steps2000_seed2027,2033,physionet_hyser,physionet_hyser,777,journal_confirmatory_3domain_m_weakalign_steps2000_seed2027,pretrained_embedding,True
2027,journal_confirmatory_3domain_m_weakalign_steps2000_seed2027,2034,ninapro_db10_meganepro,ninapro_db10_meganepro,2276,journal_confirmatory_3domain_m_weakalign_steps2000_seed2027,pretrained_embedding,False
2027,journal_confirmatory_3domain_m_weakalign_steps2000_seed2027,2034,ninapro_db10_meganepro,physionet_grabmyo,0,journal_confirmatory_3domain_m_weakalign_steps2000_seed2027,pretrained_embedding,False
2027,journal_confirmatory_3domain_m_weakalign_steps2000_seed2027,2034,ninapro_db10_meganepro,physionet_hyser,0,journal_confirmatory_3domain_m_weakalign_steps2000_seed2027,pretrained_embedding,False
2027,journal_confirmatory_3domain_m_weakalign_steps2000_seed2027,2034,physionet_grabmyo,ninapro_db10_meganepro,0,journal_confirmatory_3domain_m_weakalign_steps2000_seed2027,pretrained_embedding,False
2027,journal_confirmatory_3domain_m_weakalign_steps2000_seed2027,2034,physionet_grabmyo,physionet_grabmyo,2280,journal_confirmatory_3domain_m_weakalign_steps2000_seed2027,pretrained_embedding,False
2027,journal_confirmatory_3domain_m_weakalign_steps2000_seed2027,2034,physionet_grabmyo,physionet_hyser,0,journal_confirmatory_3domain_m_weakalign_steps2000_seed2027,pretrained_embedding,False
2027,journal_confirmatory_3domain_m_weakalign_steps2000_seed2027,2034,physionet_hyser,ninapro_db10_meganepro,0,journal_confirmatory_3domain_m_weakalign_steps2000_seed2027,pretrained_embedding,False
2027,journal_confirmatory_3domain_m_weakalign_steps2000_seed2027,2034,physionet_hyser,physionet_grabmyo,0,journal_confirmatory_3domain_m_weakalign_steps2000_seed2027,pretrained_embedding,False
2027,journal_confirmatory_3domain_m_weakalign_steps2000_seed2027,2034,physionet_hyser,physionet_hyser,2264,journal_confirmatory_3domain_m_weakalign_steps2000_seed2027,pretrained_embedding,False
2027,journal_confirmatory_3domain_m_weakalign_steps2000_seed2027,2034,ninapro_db10_meganepro,ninapro_db10_meganepro,802,journal_confirmatory_3domain_m_weakalign_steps2000_seed2027,pretrained_embedding,True
2027,journal_confirmatory_3domain_m_weakalign_steps2000_seed2027,2034,ninapro_db10_meganepro,physionet_grabmyo,652,journal_confirmatory_3domain_m_weakalign_steps2000_seed2027,pretrained_embedding,True
2027,journal_confirmatory_3domain_m_weakalign_steps2000_seed2027,2034,ninapro_db10_meganepro,physionet_hyser,822,journal_confirmatory_3domain_m_weakalign_steps2000_seed2027,pretrained_embedding,True
2027,journal_confirmatory_3domain_m_weakalign_steps2000_seed2027,2034,physionet_grabmyo,ninapro_db10_meganepro,876,journal_confirmatory_3domain_m_weakalign_steps2000_seed2027,pretrained_embedding,True
2027,journal_confirmatory_3domain_m_weakalign_steps2000_seed2027,2034,physionet_grabmyo,physionet_grabmyo,759,journal_confirmatory_3domain_m_weakalign_steps2000_seed2027,pretrained_embedding,True
2027,journal_confirmatory_3domain_m_weakalign_steps2000_seed2027,2034,physionet_grabmyo,physionet_hyser,645,journal_confirmatory_3domain_m_weakalign_steps2000_seed2027,pretrained_embedding,True
2027,journal_confirmatory_3domain_m_weakalign_steps2000_seed2027,2034,physionet_hyser,ninapro_db10_meganepro,782,journal_confirmatory_3domain_m_weakalign_steps2000_seed2027,pretrained_embedding,True
2027,journal_confirmatory_3domain_m_weakalign_steps2000_seed2027,2034,physionet_hyser,physionet_grabmyo,706,journal_confirmatory_3domain_m_weakalign_steps2000_seed2027,pretrained_embedding,True
2027,journal_confirmatory_3domain_m_weakalign_steps2000_seed2027,2034,physionet_hyser,physionet_hyser,776,journal_confirmatory_3domain_m_weakalign_steps2000_seed2027,pretrained_embedding,True
2027,journal_confirmatory_3domain_m_weakalign_steps2000_seed2027,2035,ninapro_db10_meganepro,ninapro_db10_meganepro,2295,journal_confirmatory_3domain_m_weakalign_steps2000_seed2027,pretrained_embedding,False
2027,journal_confirmatory_3domain_m_weakalign_steps2000_seed2027,2035,ninapro_db10_meganepro,physionet_grabmyo,0,journal_confirmatory_3domain_m_weakalign_steps2000_seed2027,pretrained_embedding,False
2027,journal_confirmatory_3domain_m_weakalign_steps2000_seed2027,2035,ninapro_db10_meganepro,physionet_hyser,0,journal_confirmatory_3domain_m_weakalign_steps2000_seed2027,pretrained_embedding,False
2027,journal_confirmatory_3domain_m_weakalign_steps2000_seed2027,2035,physionet_grabmyo,ninapro_db10_meganepro,0,journal_confirmatory_3domain_m_weakalign_steps2000_seed2027,pretrained_embedding,False
2027,journal_confirmatory_3domain_m_weakalign_steps2000_seed2027,2035,physionet_grabmyo,physionet_grabmyo,2319,journal_confirmatory_3domain_m_weakalign_steps2000_seed2027,pretrained_embedding,False
2027,journal_confirmatory_3domain_m_weakalign_steps2000_seed2027,2035,physionet_grabmyo,physionet_hyser,0,journal_confirmatory_3domain_m_weakalign_steps2000_seed2027,pretrained_embedding,False
2027,journal_confirmatory_3domain_m_weakalign_steps2000_seed2027,2035,physionet_hyser,ninapro_db10_meganepro,0,journal_confirmatory_3domain_m_weakalign_steps2000_seed2027,pretrained_embedding,False
2027,journal_confirmatory_3domain_m_weakalign_steps2000_seed2027,2035,physionet_hyser,physionet_grabmyo,0,journal_confirmatory_3domain_m_weakalign_steps2000_seed2027,pretrained_embedding,False
2027,journal_confirmatory_3domain_m_weakalign_steps2000_seed2027,2035,physionet_hyser,physionet_hyser,2343,journal_confirmatory_3domain_m_weakalign_steps2000_seed2027,pretrained_embedding,False
2027,journal_confirmatory_3domain_m_weakalign_steps2000_seed2027,2035,ninapro_db10_meganepro,ninapro_db10_meganepro,821,journal_confirmatory_3domain_m_weakalign_steps2000_seed2027,pretrained_embedding,True
2027,journal_confirmatory_3domain_m_weakalign_steps2000_seed2027,2035,ninapro_db10_meganepro,physionet_grabmyo,773,journal_confirmatory_3domain_m_weakalign_steps2000_seed2027,pretrained_embedding,True
2027,journal_confirmatory_3domain_m_weakalign_steps2000_seed2027,2035,ninapro_db10_meganepro,physionet_hyser,701,journal_confirmatory_3domain_m_weakalign_steps2000_seed2027,pretrained_embedding,True
2027,journal_confirmatory_3domain_m_weakalign_steps2000_seed2027,2035,physionet_grabmyo,ninapro_db10_meganepro,638,journal_confirmatory_3domain_m_weakalign_steps2000_seed2027,pretrained_embedding,True
2027,journal_confirmatory_3domain_m_weakalign_steps2000_seed2027,2035,physionet_grabmyo,physionet_grabmyo,853,journal_confirmatory_3domain_m_weakalign_steps2000_seed2027,pretrained_embedding,True
2027,journal_confirmatory_3domain_m_weakalign_steps2000_seed2027,2035,physionet_grabmyo,physionet_hyser,828,journal_confirmatory_3domain_m_weakalign_steps2000_seed2027,pretrained_embedding,True
2027,journal_confirmatory_3domain_m_weakalign_steps2000_seed2027,2035,physionet_hyser,ninapro_db10_meganepro,761,journal_confirmatory_3domain_m_weakalign_steps2000_seed2027,pretrained_embedding,True
2027,journal_confirmatory_3domain_m_weakalign_steps2000_seed2027,2035,physionet_hyser,physionet_grabmyo,689,journal_confirmatory_3domain_m_weakalign_steps2000_seed2027,pretrained_embedding,True
2027,journal_confirmatory_3domain_m_weakalign_steps2000_seed2027,2035,physionet_hyser,physionet_hyser,893,journal_confirmatory_3domain_m_weakalign_steps2000_seed2027,pretrained_embedding,True
2028,journal_confirmatory_3domain_m_weakalign_steps2000_seed2028,2026,ninapro_db10_meganepro,ninapro_db10_meganepro,2323,journal_confirmatory_3domain_m_weakalign_steps2000_seed2028,pretrained_embedding,False
2028,journal_confirmatory_3domain_m_weakalign_steps2000_seed2028,2026,ninapro_db10_meganepro,physionet_grabmyo,1,journal_confirmatory_3domain_m_weakalign_steps2000_seed2028,pretrained_embedding,False
2028,journal_confirmatory_3domain_m_weakalign_steps2000_seed2028,2026,ninapro_db10_meganepro,physionet_hyser,0,journal_confirmatory_3domain_m_weakalign_steps2000_seed2028,pretrained_embedding,False
2028,journal_confirmatory_3domain_m_weakalign_steps2000_seed2028,2026,physionet_grabmyo,ninapro_db10_meganepro,0,journal_confirmatory_3domain_m_weakalign_steps2000_seed2028,pretrained_embedding,False
2028,journal_confirmatory_3domain_m_weakalign_steps2000_seed2028,2026,physionet_grabmyo,physionet_grabmyo,2310,journal_confirmatory_3domain_m_weakalign_steps2000_seed2028,pretrained_embedding,False
2028,journal_confirmatory_3domain_m_weakalign_steps2000_seed2028,2026,physionet_grabmyo,physionet_hyser,0,journal_confirmatory_3domain_m_weakalign_steps2000_seed2028,pretrained_embedding,False
2028,journal_confirmatory_3domain_m_weakalign_steps2000_seed2028,2026,physionet_hyser,ninapro_db10_meganepro,0,journal_confirmatory_3domain_m_weakalign_steps2000_seed2028,pretrained_embedding,False
2028,journal_confirmatory_3domain_m_weakalign_steps2000_seed2028,2026,physionet_hyser,physionet_grabmyo,0,journal_confirmatory_3domain_m_weakalign_steps2000_seed2028,pretrained_embedding,False
2028,journal_confirmatory_3domain_m_weakalign_steps2000_seed2028,2026,physionet_hyser,physionet_hyser,2295,journal_confirmatory_3domain_m_weakalign_steps2000_seed2028,pretrained_embedding,False
2028,journal_confirmatory_3domain_m_weakalign_steps2000_seed2028,2026,ninapro_db10_meganepro,ninapro_db10_meganepro,758,journal_confirmatory_3domain_m_weakalign_steps2000_seed2028,pretrained_embedding,True
2028,journal_confirmatory_3domain_m_weakalign_steps2000_seed2028,2026,ninapro_db10_meganepro,physionet_grabmyo,803,journal_confirmatory_3domain_m_weakalign_steps2000_seed2028,pretrained_embedding,True
2028,journal_confirmatory_3domain_m_weakalign_steps2000_seed2028,2026,ninapro_db10_meganepro,physionet_hyser,763,journal_confirmatory_3domain_m_weakalign_steps2000_seed2028,pretrained_embedding,True
2028,journal_confirmatory_3domain_m_weakalign_steps2000_seed2028,2026,physionet_grabmyo,ninapro_db10_meganepro,709,journal_confirmatory_3domain_m_weakalign_steps2000_seed2028,pretrained_embedding,True
2028,journal_confirmatory_3domain_m_weakalign_steps2000_seed2028,2026,physionet_grabmyo,physionet_grabmyo,806,journal_confirmatory_3domain_m_weakalign_steps2000_seed2028,pretrained_embedding,True
2028,journal_confirmatory_3domain_m_weakalign_steps2000_seed2028,2026,physionet_grabmyo,physionet_hyser,795,journal_confirmatory_3domain_m_weakalign_steps2000_seed2028,pretrained_embedding,True
2028,journal_confirmatory_3domain_m_weakalign_steps2000_seed2028,2026,physionet_hyser,ninapro_db10_meganepro,696,journal_confirmatory_3domain_m_weakalign_steps2000_seed2028,pretrained_embedding,True
2028,journal_confirmatory_3domain_m_weakalign_steps2000_seed2028,2026,physionet_hyser,physionet_grabmyo,852,journal_confirmatory_3domain_m_weakalign_steps2000_seed2028,pretrained_embedding,True
2028,journal_confirmatory_3domain_m_weakalign_steps2000_seed2028,2026,physionet_hyser,physionet_hyser,747,journal_confirmatory_3domain_m_weakalign_steps2000_seed2028,pretrained_embedding,True
2028,journal_confirmatory_3domain_m_weakalign_steps2000_seed2028,2027,ninapro_db10_meganepro,ninapro_db10_meganepro,2267,journal_confirmatory_3domain_m_weakalign_steps2000_seed2028,pretrained_embedding,False
2028,journal_confirmatory_3domain_m_weakalign_steps2000_seed2028,2027,ninapro_db10_meganepro,physionet_grabmyo,1,journal_confirmatory_3domain_m_weakalign_steps2000_seed2028,pretrained_embedding,False
2028,journal_confirmatory_3domain_m_weakalign_steps2000_seed2028,2027,ninapro_db10_meganepro,physionet_hyser,0,journal_confirmatory_3domain_m_weakalign_steps2000_seed2028,pretrained_embedding,False
2028,journal_confirmatory_3domain_m_weakalign_steps2000_seed2028,2027,physionet_grabmyo,ninapro_db10_meganepro,0,journal_confirmatory_3domain_m_weakalign_steps2000_seed2028,pretrained_embedding,False
2028,journal_confirmatory_3domain_m_weakalign_steps2000_seed2028,2027,physionet_grabmyo,physionet_grabmyo,2312,journal_confirmatory_3domain_m_weakalign_steps2000_seed2028,pretrained_embedding,False
2028,journal_confirmatory_3domain_m_weakalign_steps2000_seed2028,2027,physionet_grabmyo,physionet_hyser,0,journal_confirmatory_3domain_m_weakalign_steps2000_seed2028,pretrained_embedding,False
2028,journal_confirmatory_3domain_m_weakalign_steps2000_seed2028,2027,physionet_hyser,ninapro_db10_meganepro,0,journal_confirmatory_3domain_m_weakalign_steps2000_seed2028,pretrained_embedding,False
2028,journal_confirmatory_3domain_m_weakalign_steps2000_seed2028,2027,physionet_hyser,physionet_grabmyo,0,journal_confirmatory_3domain_m_weakalign_steps2000_seed2028,pretrained_embedding,False
2028,journal_confirmatory_3domain_m_weakalign_steps2000_seed2028,2027,physionet_hyser,physionet_hyser,2367,journal_confirmatory_3domain_m_weakalign_steps2000_seed2028,pretrained_embedding,False
2028,journal_confirmatory_3domain_m_weakalign_steps2000_seed2028,2027,ninapro_db10_meganepro,ninapro_db10_meganepro,580,journal_confirmatory_3domain_m_weakalign_steps2000_seed2028,pretrained_embedding,True
2028,journal_confirmatory_3domain_m_weakalign_steps2000_seed2028,2027,ninapro_db10_meganepro,physionet_grabmyo,911,journal_confirmatory_3domain_m_weakalign_steps2000_seed2028,pretrained_embedding,True
2028,journal_confirmatory_3domain_m_weakalign_steps2000_seed2028,2027,ninapro_db10_meganepro,physionet_hyser,777,journal_confirmatory_3domain_m_weakalign_steps2000_seed2028,pretrained_embedding,True
2028,journal_confirmatory_3domain_m_weakalign_steps2000_seed2028,2027,physionet_grabmyo,ninapro_db10_meganepro,812,journal_confirmatory_3domain_m_weakalign_steps2000_seed2028,pretrained_embedding,True
2028,journal_confirmatory_3domain_m_weakalign_steps2000_seed2028,2027,physionet_grabmyo,physionet_grabmyo,726,journal_confirmatory_3domain_m_weakalign_steps2000_seed2028,pretrained_embedding,True
2028,journal_confirmatory_3domain_m_weakalign_steps2000_seed2028,2027,physionet_grabmyo,physionet_hyser,774,journal_confirmatory_3domain_m_weakalign_steps2000_seed2028,pretrained_embedding,True
2028,journal_confirmatory_3domain_m_weakalign_steps2000_seed2028,2027,physionet_hyser,ninapro_db10_meganepro,833,journal_confirmatory_3domain_m_weakalign_steps2000_seed2028,pretrained_embedding,True
2028,journal_confirmatory_3domain_m_weakalign_steps2000_seed2028,2027,physionet_hyser,physionet_grabmyo,842,journal_confirmatory_3domain_m_weakalign_steps2000_seed2028,pretrained_embedding,True
2028,journal_confirmatory_3domain_m_weakalign_steps2000_seed2028,2027,physionet_hyser,physionet_hyser,692,journal_confirmatory_3domain_m_weakalign_steps2000_seed2028,pretrained_embedding,True
2028,journal_confirmatory_3domain_m_weakalign_steps2000_seed2028,2028,ninapro_db10_meganepro,ninapro_db10_meganepro,2324,journal_confirmatory_3domain_m_weakalign_steps2000_seed2028,pretrained_embedding,False
2028,journal_confirmatory_3domain_m_weakalign_steps2000_seed2028,2028,ninapro_db10_meganepro,physionet_grabmyo,1,journal_confirmatory_3domain_m_weakalign_steps2000_seed2028,pretrained_embedding,False
2028,journal_confirmatory_3domain_m_weakalign_steps2000_seed2028,2028,ninapro_db10_meganepro,physionet_hyser,0,journal_confirmatory_3domain_m_weakalign_steps2000_seed2028,pretrained_embedding,False
2028,journal_confirmatory_3domain_m_weakalign_steps2000_seed2028,2028,physionet_grabmyo,ninapro_db10_meganepro,1,journal_confirmatory_3domain_m_weakalign_steps2000_seed2028,pretrained_embedding,False
2028,journal_confirmatory_3domain_m_weakalign_steps2000_seed2028,2028,physionet_grabmyo,physionet_grabmyo,2270,journal_confirmatory_3domain_m_weakalign_steps2000_seed2028,pretrained_embedding,False
2028,journal_confirmatory_3domain_m_weakalign_steps2000_seed2028,2028,physionet_grabmyo,physionet_hyser,0,journal_confirmatory_3domain_m_weakalign_steps2000_seed2028,pretrained_embedding,False
2028,journal_confirmatory_3domain_m_weakalign_steps2000_seed2028,2028,physionet_hyser,ninapro_db10_meganepro,0,journal_confirmatory_3domain_m_weakalign_steps2000_seed2028,pretrained_embedding,False
2028,journal_confirmatory_3domain_m_weakalign_steps2000_seed2028,2028,physionet_hyser,physionet_grabmyo,0,journal_confirmatory_3domain_m_weakalign_steps2000_seed2028,pretrained_embedding,False
2028,journal_confirmatory_3domain_m_weakalign_steps2000_seed2028,2028,physionet_hyser,physionet_hyser,2317,journal_confirmatory_3domain_m_weakalign_steps2000_seed2028,pretrained_embedding,False
2028,journal_confirmatory_3domain_m_weakalign_steps2000_seed2028,2028,ninapro_db10_meganepro,ninapro_db10_meganepro,445,journal_confirmatory_3domain_m_weakalign_steps2000_seed2028,pretrained_embedding,True
2028,journal_confirmatory_3domain_m_weakalign_steps2000_seed2028,2028,ninapro_db10_meganepro,physionet_grabmyo,1250,journal_confirmatory_3domain_m_weakalign_steps2000_seed2028,pretrained_embedding,True
2028,journal_confirmatory_3domain_m_weakalign_steps2000_seed2028,2028,ninapro_db10_meganepro,physionet_hyser,630,journal_confirmatory_3domain_m_weakalign_steps2000_seed2028,pretrained_embedding,True
2028,journal_confirmatory_3domain_m_weakalign_steps2000_seed2028,2028,physionet_grabmyo,ninapro_db10_meganepro,854,journal_confirmatory_3domain_m_weakalign_steps2000_seed2028,pretrained_embedding,True
2028,journal_confirmatory_3domain_m_weakalign_steps2000_seed2028,2028,physionet_grabmyo,physionet_grabmyo,662,journal_confirmatory_3domain_m_weakalign_steps2000_seed2028,pretrained_embedding,True
2028,journal_confirmatory_3domain_m_weakalign_steps2000_seed2028,2028,physionet_grabmyo,physionet_hyser,755,journal_confirmatory_3domain_m_weakalign_steps2000_seed2028,pretrained_embedding,True
2028,journal_confirmatory_3domain_m_weakalign_steps2000_seed2028,2028,physionet_hyser,ninapro_db10_meganepro,860,journal_confirmatory_3domain_m_weakalign_steps2000_seed2028,pretrained_embedding,True
2028,journal_confirmatory_3domain_m_weakalign_steps2000_seed2028,2028,physionet_hyser,physionet_grabmyo,785,journal_confirmatory_3domain_m_weakalign_steps2000_seed2028,pretrained_embedding,True
2028,journal_confirmatory_3domain_m_weakalign_steps2000_seed2028,2028,physionet_hyser,physionet_hyser,672,journal_confirmatory_3domain_m_weakalign_steps2000_seed2028,pretrained_embedding,True
2028,journal_confirmatory_3domain_m_weakalign_steps2000_seed2028,2029,ninapro_db10_meganepro,ninapro_db10_meganepro,2272,journal_confirmatory_3domain_m_weakalign_steps2000_seed2028,pretrained_embedding,False
2028,journal_confirmatory_3domain_m_weakalign_steps2000_seed2028,2029,ninapro_db10_meganepro,physionet_grabmyo,2,journal_confirmatory_3domain_m_weakalign_steps2000_seed2028,pretrained_embedding,False
2028,journal_confirmatory_3domain_m_weakalign_steps2000_seed2028,2029,ninapro_db10_meganepro,physionet_hyser,0,journal_confirmatory_3domain_m_weakalign_steps2000_seed2028,pretrained_embedding,False
2028,journal_confirmatory_3domain_m_weakalign_steps2000_seed2028,2029,physionet_grabmyo,ninapro_db10_meganepro,0,journal_confirmatory_3domain_m_weakalign_steps2000_seed2028,pretrained_embedding,False
2028,journal_confirmatory_3domain_m_weakalign_steps2000_seed2028,2029,physionet_grabmyo,physionet_grabmyo,2308,journal_confirmatory_3domain_m_weakalign_steps2000_seed2028,pretrained_embedding,False
2028,journal_confirmatory_3domain_m_weakalign_steps2000_seed2028,2029,physionet_grabmyo,physionet_hyser,0,journal_confirmatory_3domain_m_weakalign_steps2000_seed2028,pretrained_embedding,False
2028,journal_confirmatory_3domain_m_weakalign_steps2000_seed2028,2029,physionet_hyser,ninapro_db10_meganepro,0,journal_confirmatory_3domain_m_weakalign_steps2000_seed2028,pretrained_embedding,False
2028,journal_confirmatory_3domain_m_weakalign_steps2000_seed2028,2029,physionet_hyser,physionet_grabmyo,0,journal_confirmatory_3domain_m_weakalign_steps2000_seed2028,pretrained_embedding,False
2028,journal_confirmatory_3domain_m_weakalign_steps2000_seed2028,2029,physionet_hyser,physionet_hyser,2317,journal_confirmatory_3domain_m_weakalign_steps2000_seed2028,pretrained_embedding,False
2028,journal_confirmatory_3domain_m_weakalign_steps2000_seed2028,2029,ninapro_db10_meganepro,ninapro_db10_meganepro,936,journal_confirmatory_3domain_m_weakalign_steps2000_seed2028,pretrained_embedding,True
2028,journal_confirmatory_3domain_m_weakalign_steps2000_seed2028,2029,ninapro_db10_meganepro,physionet_grabmyo,349,journal_confirmatory_3domain_m_weakalign_steps2000_seed2028,pretrained_embedding,True
2028,journal_confirmatory_3domain_m_weakalign_steps2000_seed2028,2029,ninapro_db10_meganepro,physionet_hyser,989,journal_confirmatory_3domain_m_weakalign_steps2000_seed2028,pretrained_embedding,True
2028,journal_confirmatory_3domain_m_weakalign_steps2000_seed2028,2029,physionet_grabmyo,ninapro_db10_meganepro,729,journal_confirmatory_3domain_m_weakalign_steps2000_seed2028,pretrained_embedding,True
2028,journal_confirmatory_3domain_m_weakalign_steps2000_seed2028,2029,physionet_grabmyo,physionet_grabmyo,818,journal_confirmatory_3domain_m_weakalign_steps2000_seed2028,pretrained_embedding,True
2028,journal_confirmatory_3domain_m_weakalign_steps2000_seed2028,2029,physionet_grabmyo,physionet_hyser,761,journal_confirmatory_3domain_m_weakalign_steps2000_seed2028,pretrained_embedding,True
2028,journal_confirmatory_3domain_m_weakalign_steps2000_seed2028,2029,physionet_hyser,ninapro_db10_meganepro,749,journal_confirmatory_3domain_m_weakalign_steps2000_seed2028,pretrained_embedding,True
2028,journal_confirmatory_3domain_m_weakalign_steps2000_seed2028,2029,physionet_hyser,physionet_grabmyo,855,journal_confirmatory_3domain_m_weakalign_steps2000_seed2028,pretrained_embedding,True
2028,journal_confirmatory_3domain_m_weakalign_steps2000_seed2028,2029,physionet_hyser,physionet_hyser,713,journal_confirmatory_3domain_m_weakalign_steps2000_seed2028,pretrained_embedding,True
2028,journal_confirmatory_3domain_m_weakalign_steps2000_seed2028,2030,ninapro_db10_meganepro,ninapro_db10_meganepro,2238,journal_confirmatory_3domain_m_weakalign_steps2000_seed2028,pretrained_embedding,False
2028,journal_confirmatory_3domain_m_weakalign_steps2000_seed2028,2030,ninapro_db10_meganepro,physionet_grabmyo,0,journal_confirmatory_3domain_m_weakalign_steps2000_seed2028,pretrained_embedding,False
2028,journal_confirmatory_3domain_m_weakalign_steps2000_seed2028,2030,ninapro_db10_meganepro,physionet_hyser,0,journal_confirmatory_3domain_m_weakalign_steps2000_seed2028,pretrained_embedding,False
2028,journal_confirmatory_3domain_m_weakalign_steps2000_seed2028,2030,physionet_grabmyo,ninapro_db10_meganepro,0,journal_confirmatory_3domain_m_weakalign_steps2000_seed2028,pretrained_embedding,False
2028,journal_confirmatory_3domain_m_weakalign_steps2000_seed2028,2030,physionet_grabmyo,physionet_grabmyo,2301,journal_confirmatory_3domain_m_weakalign_steps2000_seed2028,pretrained_embedding,False
2028,journal_confirmatory_3domain_m_weakalign_steps2000_seed2028,2030,physionet_grabmyo,physionet_hyser,0,journal_confirmatory_3domain_m_weakalign_steps2000_seed2028,pretrained_embedding,False
2028,journal_confirmatory_3domain_m_weakalign_steps2000_seed2028,2030,physionet_hyser,ninapro_db10_meganepro,0,journal_confirmatory_3domain_m_weakalign_steps2000_seed2028,pretrained_embedding,False
2028,journal_confirmatory_3domain_m_weakalign_steps2000_seed2028,2030,physionet_hyser,physionet_grabmyo,0,journal_confirmatory_3domain_m_weakalign_steps2000_seed2028,pretrained_embedding,False
2028,journal_confirmatory_3domain_m_weakalign_steps2000_seed2028,2030,physionet_hyser,physionet_hyser,2265,journal_confirmatory_3domain_m_weakalign_steps2000_seed2028,pretrained_embedding,False
2028,journal_confirmatory_3domain_m_weakalign_steps2000_seed2028,2030,ninapro_db10_meganepro,ninapro_db10_meganepro,514,journal_confirmatory_3domain_m_weakalign_steps2000_seed2028,pretrained_embedding,True
2028,journal_confirmatory_3domain_m_weakalign_steps2000_seed2028,2030,ninapro_db10_meganepro,physionet_grabmyo,712,journal_confirmatory_3domain_m_weakalign_steps2000_seed2028,pretrained_embedding,True
2028,journal_confirmatory_3domain_m_weakalign_steps2000_seed2028,2030,ninapro_db10_meganepro,physionet_hyser,1012,journal_confirmatory_3domain_m_weakalign_steps2000_seed2028,pretrained_embedding,True
2028,journal_confirmatory_3domain_m_weakalign_steps2000_seed2028,2030,physionet_grabmyo,ninapro_db10_meganepro,847,journal_confirmatory_3domain_m_weakalign_steps2000_seed2028,pretrained_embedding,True
2028,journal_confirmatory_3domain_m_weakalign_steps2000_seed2028,2030,physionet_grabmyo,physionet_grabmyo,703,journal_confirmatory_3domain_m_weakalign_steps2000_seed2028,pretrained_embedding,True
2028,journal_confirmatory_3domain_m_weakalign_steps2000_seed2028,2030,physionet_grabmyo,physionet_hyser,751,journal_confirmatory_3domain_m_weakalign_steps2000_seed2028,pretrained_embedding,True
2028,journal_confirmatory_3domain_m_weakalign_steps2000_seed2028,2030,physionet_hyser,ninapro_db10_meganepro,740,journal_confirmatory_3domain_m_weakalign_steps2000_seed2028,pretrained_embedding,True
2028,journal_confirmatory_3domain_m_weakalign_steps2000_seed2028,2030,physionet_hyser,physionet_grabmyo,647,journal_confirmatory_3domain_m_weakalign_steps2000_seed2028,pretrained_embedding,True
2028,journal_confirmatory_3domain_m_weakalign_steps2000_seed2028,2030,physionet_hyser,physionet_hyser,878,journal_confirmatory_3domain_m_weakalign_steps2000_seed2028,pretrained_embedding,True
2028,journal_confirmatory_3domain_m_weakalign_steps2000_seed2028,2031,ninapro_db10_meganepro,ninapro_db10_meganepro,2310,journal_confirmatory_3domain_m_weakalign_steps2000_seed2028,pretrained_embedding,False
2028,journal_confirmatory_3domain_m_weakalign_steps2000_seed2028,2031,ninapro_db10_meganepro,physionet_grabmyo,1,journal_confirmatory_3domain_m_weakalign_steps2000_seed2028,pretrained_embedding,False
2028,journal_confirmatory_3domain_m_weakalign_steps2000_seed2028,2031,ninapro_db10_meganepro,physionet_hyser,0,journal_confirmatory_3domain_m_weakalign_steps2000_seed2028,pretrained_embedding,False
2028,journal_confirmatory_3domain_m_weakalign_steps2000_seed2028,2031,physionet_grabmyo,ninapro_db10_meganepro,0,journal_confirmatory_3domain_m_weakalign_steps2000_seed2028,pretrained_embedding,False
2028,journal_confirmatory_3domain_m_weakalign_steps2000_seed2028,2031,physionet_grabmyo,physionet_grabmyo,2337,journal_confirmatory_3domain_m_weakalign_steps2000_seed2028,pretrained_embedding,False
2028,journal_confirmatory_3domain_m_weakalign_steps2000_seed2028,2031,physionet_grabmyo,physionet_hyser,0,journal_confirmatory_3domain_m_weakalign_steps2000_seed2028,pretrained_embedding,False
2028,journal_confirmatory_3domain_m_weakalign_steps2000_seed2028,2031,physionet_hyser,ninapro_db10_meganepro,0,journal_confirmatory_3domain_m_weakalign_steps2000_seed2028,pretrained_embedding,False
2028,journal_confirmatory_3domain_m_weakalign_steps2000_seed2028,2031,physionet_hyser,physionet_grabmyo,0,journal_confirmatory_3domain_m_weakalign_steps2000_seed2028,pretrained_embedding,False
2028,journal_confirmatory_3domain_m_weakalign_steps2000_seed2028,2031,physionet_hyser,physionet_hyser,2301,journal_confirmatory_3domain_m_weakalign_steps2000_seed2028,pretrained_embedding,False
2028,journal_confirmatory_3domain_m_weakalign_steps2000_seed2028,2031,ninapro_db10_meganepro,ninapro_db10_meganepro,882,journal_confirmatory_3domain_m_weakalign_steps2000_seed2028,pretrained_embedding,True
2028,journal_confirmatory_3domain_m_weakalign_steps2000_seed2028,2031,ninapro_db10_meganepro,physionet_grabmyo,527,journal_confirmatory_3domain_m_weakalign_steps2000_seed2028,pretrained_embedding,True
2028,journal_confirmatory_3domain_m_weakalign_steps2000_seed2028,2031,ninapro_db10_meganepro,physionet_hyser,902,journal_confirmatory_3domain_m_weakalign_steps2000_seed2028,pretrained_embedding,True
2028,journal_confirmatory_3domain_m_weakalign_steps2000_seed2028,2031,physionet_grabmyo,ninapro_db10_meganepro,815,journal_confirmatory_3domain_m_weakalign_steps2000_seed2028,pretrained_embedding,True
2028,journal_confirmatory_3domain_m_weakalign_steps2000_seed2028,2031,physionet_grabmyo,physionet_grabmyo,719,journal_confirmatory_3domain_m_weakalign_steps2000_seed2028,pretrained_embedding,True
2028,journal_confirmatory_3domain_m_weakalign_steps2000_seed2028,2031,physionet_grabmyo,physionet_hyser,803,journal_confirmatory_3domain_m_weakalign_steps2000_seed2028,pretrained_embedding,True
2028,journal_confirmatory_3domain_m_weakalign_steps2000_seed2028,2031,physionet_hyser,ninapro_db10_meganepro,796,journal_confirmatory_3domain_m_weakalign_steps2000_seed2028,pretrained_embedding,True
2028,journal_confirmatory_3domain_m_weakalign_steps2000_seed2028,2031,physionet_hyser,physionet_grabmyo,908,journal_confirmatory_3domain_m_weakalign_steps2000_seed2028,pretrained_embedding,True
2028,journal_confirmatory_3domain_m_weakalign_steps2000_seed2028,2031,physionet_hyser,physionet_hyser,597,journal_confirmatory_3domain_m_weakalign_steps2000_seed2028,pretrained_embedding,True
2028,journal_confirmatory_3domain_m_weakalign_steps2000_seed2028,2032,ninapro_db10_meganepro,ninapro_db10_meganepro,2286,journal_confirmatory_3domain_m_weakalign_steps2000_seed2028,pretrained_embedding,False
2028,journal_confirmatory_3domain_m_weakalign_steps2000_seed2028,2032,ninapro_db10_meganepro,physionet_grabmyo,2,journal_confirmatory_3domain_m_weakalign_steps2000_seed2028,pretrained_embedding,False
2028,journal_confirmatory_3domain_m_weakalign_steps2000_seed2028,2032,ninapro_db10_meganepro,physionet_hyser,0,journal_confirmatory_3domain_m_weakalign_steps2000_seed2028,pretrained_embedding,False
2028,journal_confirmatory_3domain_m_weakalign_steps2000_seed2028,2032,physionet_grabmyo,ninapro_db10_meganepro,0,journal_confirmatory_3domain_m_weakalign_steps2000_seed2028,pretrained_embedding,False
2028,journal_confirmatory_3domain_m_weakalign_steps2000_seed2028,2032,physionet_grabmyo,physionet_grabmyo,2297,journal_confirmatory_3domain_m_weakalign_steps2000_seed2028,pretrained_embedding,False
2028,journal_confirmatory_3domain_m_weakalign_steps2000_seed2028,2032,physionet_grabmyo,physionet_hyser,0,journal_confirmatory_3domain_m_weakalign_steps2000_seed2028,pretrained_embedding,False
2028,journal_confirmatory_3domain_m_weakalign_steps2000_seed2028,2032,physionet_hyser,ninapro_db10_meganepro,0,journal_confirmatory_3domain_m_weakalign_steps2000_seed2028,pretrained_embedding,False
2028,journal_confirmatory_3domain_m_weakalign_steps2000_seed2028,2032,physionet_hyser,physionet_grabmyo,0,journal_confirmatory_3domain_m_weakalign_steps2000_seed2028,pretrained_embedding,False
2028,journal_confirmatory_3domain_m_weakalign_steps2000_seed2028,2032,physionet_hyser,physionet_hyser,2304,journal_confirmatory_3domain_m_weakalign_steps2000_seed2028,pretrained_embedding,False
2028,journal_confirmatory_3domain_m_weakalign_steps2000_seed2028,2032,ninapro_db10_meganepro,ninapro_db10_meganepro,835,journal_confirmatory_3domain_m_weakalign_steps2000_seed2028,pretrained_embedding,True
2028,journal_confirmatory_3domain_m_weakalign_steps2000_seed2028,2032,ninapro_db10_meganepro,physionet_grabmyo,557,journal_confirmatory_3domain_m_weakalign_steps2000_seed2028,pretrained_embedding,True
2028,journal_confirmatory_3domain_m_weakalign_steps2000_seed2028,2032,ninapro_db10_meganepro,physionet_hyser,896,journal_confirmatory_3domain_m_weakalign_steps2000_seed2028,pretrained_embedding,True
2028,journal_confirmatory_3domain_m_weakalign_steps2000_seed2028,2032,physionet_grabmyo,ninapro_db10_meganepro,721,journal_confirmatory_3domain_m_weakalign_steps2000_seed2028,pretrained_embedding,True
2028,journal_confirmatory_3domain_m_weakalign_steps2000_seed2028,2032,physionet_grabmyo,physionet_grabmyo,899,journal_confirmatory_3domain_m_weakalign_steps2000_seed2028,pretrained_embedding,True
2028,journal_confirmatory_3domain_m_weakalign_steps2000_seed2028,2032,physionet_grabmyo,physionet_hyser,677,journal_confirmatory_3domain_m_weakalign_steps2000_seed2028,pretrained_embedding,True
2028,journal_confirmatory_3domain_m_weakalign_steps2000_seed2028,2032,physionet_hyser,ninapro_db10_meganepro,767,journal_confirmatory_3domain_m_weakalign_steps2000_seed2028,pretrained_embedding,True
2028,journal_confirmatory_3domain_m_weakalign_steps2000_seed2028,2032,physionet_hyser,physionet_grabmyo,814,journal_confirmatory_3domain_m_weakalign_steps2000_seed2028,pretrained_embedding,True
2028,journal_confirmatory_3domain_m_weakalign_steps2000_seed2028,2032,physionet_hyser,physionet_hyser,723,journal_confirmatory_3domain_m_weakalign_steps2000_seed2028,pretrained_embedding,True
2028,journal_confirmatory_3domain_m_weakalign_steps2000_seed2028,2033,ninapro_db10_meganepro,ninapro_db10_meganepro,2289,journal_confirmatory_3domain_m_weakalign_steps2000_seed2028,pretrained_embedding,False
2028,journal_confirmatory_3domain_m_weakalign_steps2000_seed2028,2033,ninapro_db10_meganepro,physionet_grabmyo,0,journal_confirmatory_3domain_m_weakalign_steps2000_seed2028,pretrained_embedding,False
2028,journal_confirmatory_3domain_m_weakalign_steps2000_seed2028,2033,ninapro_db10_meganepro,physionet_hyser,0,journal_confirmatory_3domain_m_weakalign_steps2000_seed2028,pretrained_embedding,False
2028,journal_confirmatory_3domain_m_weakalign_steps2000_seed2028,2033,physionet_grabmyo,ninapro_db10_meganepro,0,journal_confirmatory_3domain_m_weakalign_steps2000_seed2028,pretrained_embedding,False
2028,journal_confirmatory_3domain_m_weakalign_steps2000_seed2028,2033,physionet_grabmyo,physionet_grabmyo,2327,journal_confirmatory_3domain_m_weakalign_steps2000_seed2028,pretrained_embedding,False
2028,journal_confirmatory_3domain_m_weakalign_steps2000_seed2028,2033,physionet_grabmyo,physionet_hyser,0,journal_confirmatory_3domain_m_weakalign_steps2000_seed2028,pretrained_embedding,False
2028,journal_confirmatory_3domain_m_weakalign_steps2000_seed2028,2033,physionet_hyser,ninapro_db10_meganepro,0,journal_confirmatory_3domain_m_weakalign_steps2000_seed2028,pretrained_embedding,False
2028,journal_confirmatory_3domain_m_weakalign_steps2000_seed2028,2033,physionet_hyser,physionet_grabmyo,0,journal_confirmatory_3domain_m_weakalign_steps2000_seed2028,pretrained_embedding,False
2028,journal_confirmatory_3domain_m_weakalign_steps2000_seed2028,2033,physionet_hyser,physionet_hyser,2310,journal_confirmatory_3domain_m_weakalign_steps2000_seed2028,pretrained_embedding,False
2028,journal_confirmatory_3domain_m_weakalign_steps2000_seed2028,2033,ninapro_db10_meganepro,ninapro_db10_meganepro,1024,journal_confirmatory_3domain_m_weakalign_steps2000_seed2028,pretrained_embedding,True
2028,journal_confirmatory_3domain_m_weakalign_steps2000_seed2028,2033,ninapro_db10_meganepro,physionet_grabmyo,739,journal_confirmatory_3domain_m_weakalign_steps2000_seed2028,pretrained_embedding,True
2028,journal_confirmatory_3domain_m_weakalign_steps2000_seed2028,2033,ninapro_db10_meganepro,physionet_hyser,526,journal_confirmatory_3domain_m_weakalign_steps2000_seed2028,pretrained_embedding,True
2028,journal_confirmatory_3domain_m_weakalign_steps2000_seed2028,2033,physionet_grabmyo,ninapro_db10_meganepro,691,journal_confirmatory_3domain_m_weakalign_steps2000_seed2028,pretrained_embedding,True
2028,journal_confirmatory_3domain_m_weakalign_steps2000_seed2028,2033,physionet_grabmyo,physionet_grabmyo,845,journal_confirmatory_3domain_m_weakalign_steps2000_seed2028,pretrained_embedding,True
2028,journal_confirmatory_3domain_m_weakalign_steps2000_seed2028,2033,physionet_grabmyo,physionet_hyser,791,journal_confirmatory_3domain_m_weakalign_steps2000_seed2028,pretrained_embedding,True
2028,journal_confirmatory_3domain_m_weakalign_steps2000_seed2028,2033,physionet_hyser,ninapro_db10_meganepro,750,journal_confirmatory_3domain_m_weakalign_steps2000_seed2028,pretrained_embedding,True
2028,journal_confirmatory_3domain_m_weakalign_steps2000_seed2028,2033,physionet_hyser,physionet_grabmyo,855,journal_confirmatory_3domain_m_weakalign_steps2000_seed2028,pretrained_embedding,True
2028,journal_confirmatory_3domain_m_weakalign_steps2000_seed2028,2033,physionet_hyser,physionet_hyser,705,journal_confirmatory_3domain_m_weakalign_steps2000_seed2028,pretrained_embedding,True
2028,journal_confirmatory_3domain_m_weakalign_steps2000_seed2028,2034,ninapro_db10_meganepro,ninapro_db10_meganepro,2276,journal_confirmatory_3domain_m_weakalign_steps2000_seed2028,pretrained_embedding,False
2028,journal_confirmatory_3domain_m_weakalign_steps2000_seed2028,2034,ninapro_db10_meganepro,physionet_grabmyo,0,journal_confirmatory_3domain_m_weakalign_steps2000_seed2028,pretrained_embedding,False
2028,journal_confirmatory_3domain_m_weakalign_steps2000_seed2028,2034,ninapro_db10_meganepro,physionet_hyser,0,journal_confirmatory_3domain_m_weakalign_steps2000_seed2028,pretrained_embedding,False
2028,journal_confirmatory_3domain_m_weakalign_steps2000_seed2028,2034,physionet_grabmyo,ninapro_db10_meganepro,1,journal_confirmatory_3domain_m_weakalign_steps2000_seed2028,pretrained_embedding,False
2028,journal_confirmatory_3domain_m_weakalign_steps2000_seed2028,2034,physionet_grabmyo,physionet_grabmyo,2279,journal_confirmatory_3domain_m_weakalign_steps2000_seed2028,pretrained_embedding,False
2028,journal_confirmatory_3domain_m_weakalign_steps2000_seed2028,2034,physionet_grabmyo,physionet_hyser,0,journal_confirmatory_3domain_m_weakalign_steps2000_seed2028,pretrained_embedding,False
2028,journal_confirmatory_3domain_m_weakalign_steps2000_seed2028,2034,physionet_hyser,ninapro_db10_meganepro,0,journal_confirmatory_3domain_m_weakalign_steps2000_seed2028,pretrained_embedding,False
2028,journal_confirmatory_3domain_m_weakalign_steps2000_seed2028,2034,physionet_hyser,physionet_grabmyo,0,journal_confirmatory_3domain_m_weakalign_steps2000_seed2028,pretrained_embedding,False
2028,journal_confirmatory_3domain_m_weakalign_steps2000_seed2028,2034,physionet_hyser,physionet_hyser,2264,journal_confirmatory_3domain_m_weakalign_steps2000_seed2028,pretrained_embedding,False
2028,journal_confirmatory_3domain_m_weakalign_steps2000_seed2028,2034,ninapro_db10_meganepro,ninapro_db10_meganepro,949,journal_confirmatory_3domain_m_weakalign_steps2000_seed2028,pretrained_embedding,True
2028,journal_confirmatory_3domain_m_weakalign_steps2000_seed2028,2034,ninapro_db10_meganepro,physionet_grabmyo,662,journal_confirmatory_3domain_m_weakalign_steps2000_seed2028,pretrained_embedding,True
2028,journal_confirmatory_3domain_m_weakalign_steps2000_seed2028,2034,ninapro_db10_meganepro,physionet_hyser,665,journal_confirmatory_3domain_m_weakalign_steps2000_seed2028,pretrained_embedding,True
2028,journal_confirmatory_3domain_m_weakalign_steps2000_seed2028,2034,physionet_grabmyo,ninapro_db10_meganepro,886,journal_confirmatory_3domain_m_weakalign_steps2000_seed2028,pretrained_embedding,True
2028,journal_confirmatory_3domain_m_weakalign_steps2000_seed2028,2034,physionet_grabmyo,physionet_grabmyo,727,journal_confirmatory_3domain_m_weakalign_steps2000_seed2028,pretrained_embedding,True
2028,journal_confirmatory_3domain_m_weakalign_steps2000_seed2028,2034,physionet_grabmyo,physionet_hyser,667,journal_confirmatory_3domain_m_weakalign_steps2000_seed2028,pretrained_embedding,True
2028,journal_confirmatory_3domain_m_weakalign_steps2000_seed2028,2034,physionet_hyser,ninapro_db10_meganepro,601,journal_confirmatory_3domain_m_weakalign_steps2000_seed2028,pretrained_embedding,True
2028,journal_confirmatory_3domain_m_weakalign_steps2000_seed2028,2034,physionet_hyser,physionet_grabmyo,820,journal_confirmatory_3domain_m_weakalign_steps2000_seed2028,pretrained_embedding,True
2028,journal_confirmatory_3domain_m_weakalign_steps2000_seed2028,2034,physionet_hyser,physionet_hyser,843,journal_confirmatory_3domain_m_weakalign_steps2000_seed2028,pretrained_embedding,True
2028,journal_confirmatory_3domain_m_weakalign_steps2000_seed2028,2035,ninapro_db10_meganepro,ninapro_db10_meganepro,2293,journal_confirmatory_3domain_m_weakalign_steps2000_seed2028,pretrained_embedding,False
2028,journal_confirmatory_3domain_m_weakalign_steps2000_seed2028,2035,ninapro_db10_meganepro,physionet_grabmyo,2,journal_confirmatory_3domain_m_weakalign_steps2000_seed2028,pretrained_embedding,False
2028,journal_confirmatory_3domain_m_weakalign_steps2000_seed2028,2035,ninapro_db10_meganepro,physionet_hyser,0,journal_confirmatory_3domain_m_weakalign_steps2000_seed2028,pretrained_embedding,False
2028,journal_confirmatory_3domain_m_weakalign_steps2000_seed2028,2035,physionet_grabmyo,ninapro_db10_meganepro,1,journal_confirmatory_3domain_m_weakalign_steps2000_seed2028,pretrained_embedding,False
2028,journal_confirmatory_3domain_m_weakalign_steps2000_seed2028,2035,physionet_grabmyo,physionet_grabmyo,2318,journal_confirmatory_3domain_m_weakalign_steps2000_seed2028,pretrained_embedding,False
2028,journal_confirmatory_3domain_m_weakalign_steps2000_seed2028,2035,physionet_grabmyo,physionet_hyser,0,journal_confirmatory_3domain_m_weakalign_steps2000_seed2028,pretrained_embedding,False
2028,journal_confirmatory_3domain_m_weakalign_steps2000_seed2028,2035,physionet_hyser,ninapro_db10_meganepro,0,journal_confirmatory_3domain_m_weakalign_steps2000_seed2028,pretrained_embedding,False
2028,journal_confirmatory_3domain_m_weakalign_steps2000_seed2028,2035,physionet_hyser,physionet_grabmyo,0,journal_confirmatory_3domain_m_weakalign_steps2000_seed2028,pretrained_embedding,False
2028,journal_confirmatory_3domain_m_weakalign_steps2000_seed2028,2035,physionet_hyser,physionet_hyser,2343,journal_confirmatory_3domain_m_weakalign_steps2000_seed2028,pretrained_embedding,False
2028,journal_confirmatory_3domain_m_weakalign_steps2000_seed2028,2035,ninapro_db10_meganepro,ninapro_db10_meganepro,688,journal_confirmatory_3domain_m_weakalign_steps2000_seed2028,pretrained_embedding,True
2028,journal_confirmatory_3domain_m_weakalign_steps2000_seed2028,2035,ninapro_db10_meganepro,physionet_grabmyo,838,journal_confirmatory_3domain_m_weakalign_steps2000_seed2028,pretrained_embedding,True
2028,journal_confirmatory_3domain_m_weakalign_steps2000_seed2028,2035,ninapro_db10_meganepro,physionet_hyser,769,journal_confirmatory_3domain_m_weakalign_steps2000_seed2028,pretrained_embedding,True
2028,journal_confirmatory_3domain_m_weakalign_steps2000_seed2028,2035,physionet_grabmyo,ninapro_db10_meganepro,654,journal_confirmatory_3domain_m_weakalign_steps2000_seed2028,pretrained_embedding,True
2028,journal_confirmatory_3domain_m_weakalign_steps2000_seed2028,2035,physionet_grabmyo,physionet_grabmyo,842,journal_confirmatory_3domain_m_weakalign_steps2000_seed2028,pretrained_embedding,True
2028,journal_confirmatory_3domain_m_weakalign_steps2000_seed2028,2035,physionet_grabmyo,physionet_hyser,823,journal_confirmatory_3domain_m_weakalign_steps2000_seed2028,pretrained_embedding,True
2028,journal_confirmatory_3domain_m_weakalign_steps2000_seed2028,2035,physionet_hyser,ninapro_db10_meganepro,685,journal_confirmatory_3domain_m_weakalign_steps2000_seed2028,pretrained_embedding,True
2028,journal_confirmatory_3domain_m_weakalign_steps2000_seed2028,2035,physionet_hyser,physionet_grabmyo,679,journal_confirmatory_3domain_m_weakalign_steps2000_seed2028,pretrained_embedding,True
2028,journal_confirmatory_3domain_m_weakalign_steps2000_seed2028,2035,physionet_hyser,physionet_hyser,979,journal_confirmatory_3domain_m_weakalign_steps2000_seed2028,pretrained_embedding,True
2029,journal_confirmatory_3domain_m_weakalign_steps2000_seed2029,2026,ninapro_db10_meganepro,ninapro_db10_meganepro,2324,journal_confirmatory_3domain_m_weakalign_steps2000_seed2029,pretrained_embedding,False
2029,journal_confirmatory_3domain_m_weakalign_steps2000_seed2029,2026,ninapro_db10_meganepro,physionet_grabmyo,0,journal_confirmatory_3domain_m_weakalign_steps2000_seed2029,pretrained_embedding,False
2029,journal_confirmatory_3domain_m_weakalign_steps2000_seed2029,2026,ninapro_db10_meganepro,physionet_hyser,0,journal_confirmatory_3domain_m_weakalign_steps2000_seed2029,pretrained_embedding,False
2029,journal_confirmatory_3domain_m_weakalign_steps2000_seed2029,2026,physionet_grabmyo,ninapro_db10_meganepro,0,journal_confirmatory_3domain_m_weakalign_steps2000_seed2029,pretrained_embedding,False
2029,journal_confirmatory_3domain_m_weakalign_steps2000_seed2029,2026,physionet_grabmyo,physionet_grabmyo,2310,journal_confirmatory_3domain_m_weakalign_steps2000_seed2029,pretrained_embedding,False
2029,journal_confirmatory_3domain_m_weakalign_steps2000_seed2029,2026,physionet_grabmyo,physionet_hyser,0,journal_confirmatory_3domain_m_weakalign_steps2000_seed2029,pretrained_embedding,False
2029,journal_confirmatory_3domain_m_weakalign_steps2000_seed2029,2026,physionet_hyser,ninapro_db10_meganepro,0,journal_confirmatory_3domain_m_weakalign_steps2000_seed2029,pretrained_embedding,False
2029,journal_confirmatory_3domain_m_weakalign_steps2000_seed2029,2026,physionet_hyser,physionet_grabmyo,0,journal_confirmatory_3domain_m_weakalign_steps2000_seed2029,pretrained_embedding,False
2029,journal_confirmatory_3domain_m_weakalign_steps2000_seed2029,2026,physionet_hyser,physionet_hyser,2295,journal_confirmatory_3domain_m_weakalign_steps2000_seed2029,pretrained_embedding,False
2029,journal_confirmatory_3domain_m_weakalign_steps2000_seed2029,2026,ninapro_db10_meganepro,ninapro_db10_meganepro,849,journal_confirmatory_3domain_m_weakalign_steps2000_seed2029,pretrained_embedding,True
2029,journal_confirmatory_3domain_m_weakalign_steps2000_seed2029,2026,ninapro_db10_meganepro,physionet_grabmyo,704,journal_confirmatory_3domain_m_weakalign_steps2000_seed2029,pretrained_embedding,True
2029,journal_confirmatory_3domain_m_weakalign_steps2000_seed2029,2026,ninapro_db10_meganepro,physionet_hyser,771,journal_confirmatory_3domain_m_weakalign_steps2000_seed2029,pretrained_embedding,True
2029,journal_confirmatory_3domain_m_weakalign_steps2000_seed2029,2026,physionet_grabmyo,ninapro_db10_meganepro,707,journal_confirmatory_3domain_m_weakalign_steps2000_seed2029,pretrained_embedding,True
2029,journal_confirmatory_3domain_m_weakalign_steps2000_seed2029,2026,physionet_grabmyo,physionet_grabmyo,751,journal_confirmatory_3domain_m_weakalign_steps2000_seed2029,pretrained_embedding,True
2029,journal_confirmatory_3domain_m_weakalign_steps2000_seed2029,2026,physionet_grabmyo,physionet_hyser,852,journal_confirmatory_3domain_m_weakalign_steps2000_seed2029,pretrained_embedding,True
2029,journal_confirmatory_3domain_m_weakalign_steps2000_seed2029,2026,physionet_hyser,ninapro_db10_meganepro,690,journal_confirmatory_3domain_m_weakalign_steps2000_seed2029,pretrained_embedding,True
2029,journal_confirmatory_3domain_m_weakalign_steps2000_seed2029,2026,physionet_hyser,physionet_grabmyo,880,journal_confirmatory_3domain_m_weakalign_steps2000_seed2029,pretrained_embedding,True
2029,journal_confirmatory_3domain_m_weakalign_steps2000_seed2029,2026,physionet_hyser,physionet_hyser,725,journal_confirmatory_3domain_m_weakalign_steps2000_seed2029,pretrained_embedding,True
2029,journal_confirmatory_3domain_m_weakalign_steps2000_seed2029,2027,ninapro_db10_meganepro,ninapro_db10_meganepro,2268,journal_confirmatory_3domain_m_weakalign_steps2000_seed2029,pretrained_embedding,False
2029,journal_confirmatory_3domain_m_weakalign_steps2000_seed2029,2027,ninapro_db10_meganepro,physionet_grabmyo,0,journal_confirmatory_3domain_m_weakalign_steps2000_seed2029,pretrained_embedding,False
2029,journal_confirmatory_3domain_m_weakalign_steps2000_seed2029,2027,ninapro_db10_meganepro,physionet_hyser,0,journal_confirmatory_3domain_m_weakalign_steps2000_seed2029,pretrained_embedding,False
2029,journal_confirmatory_3domain_m_weakalign_steps2000_seed2029,2027,physionet_grabmyo,ninapro_db10_meganepro,0,journal_confirmatory_3domain_m_weakalign_steps2000_seed2029,pretrained_embedding,False
2029,journal_confirmatory_3domain_m_weakalign_steps2000_seed2029,2027,physionet_grabmyo,physionet_grabmyo,2312,journal_confirmatory_3domain_m_weakalign_steps2000_seed2029,pretrained_embedding,False
2029,journal_confirmatory_3domain_m_weakalign_steps2000_seed2029,2027,physionet_grabmyo,physionet_hyser,0,journal_confirmatory_3domain_m_weakalign_steps2000_seed2029,pretrained_embedding,False
2029,journal_confirmatory_3domain_m_weakalign_steps2000_seed2029,2027,physionet_hyser,ninapro_db10_meganepro,0,journal_confirmatory_3domain_m_weakalign_steps2000_seed2029,pretrained_embedding,False
2029,journal_confirmatory_3domain_m_weakalign_steps2000_seed2029,2027,physionet_hyser,physionet_grabmyo,0,journal_confirmatory_3domain_m_weakalign_steps2000_seed2029,pretrained_embedding,False
2029,journal_confirmatory_3domain_m_weakalign_steps2000_seed2029,2027,physionet_hyser,physionet_hyser,2367,journal_confirmatory_3domain_m_weakalign_steps2000_seed2029,pretrained_embedding,False
2029,journal_confirmatory_3domain_m_weakalign_steps2000_seed2029,2027,ninapro_db10_meganepro,ninapro_db10_meganepro,546,journal_confirmatory_3domain_m_weakalign_steps2000_seed2029,pretrained_embedding,True
2029,journal_confirmatory_3domain_m_weakalign_steps2000_seed2029,2027,ninapro_db10_meganepro,physionet_grabmyo,1078,journal_confirmatory_3domain_m_weakalign_steps2000_seed2029,pretrained_embedding,True
2029,journal_confirmatory_3domain_m_weakalign_steps2000_seed2029,2027,ninapro_db10_meganepro,physionet_hyser,644,journal_confirmatory_3domain_m_weakalign_steps2000_seed2029,pretrained_embedding,True
2029,journal_confirmatory_3domain_m_weakalign_steps2000_seed2029,2027,physionet_grabmyo,ninapro_db10_meganepro,869,journal_confirmatory_3domain_m_weakalign_steps2000_seed2029,pretrained_embedding,True
2029,journal_confirmatory_3domain_m_weakalign_steps2000_seed2029,2027,physionet_grabmyo,physionet_grabmyo,693,journal_confirmatory_3domain_m_weakalign_steps2000_seed2029,pretrained_embedding,True
2029,journal_confirmatory_3domain_m_weakalign_steps2000_seed2029,2027,physionet_grabmyo,physionet_hyser,750,journal_confirmatory_3domain_m_weakalign_steps2000_seed2029,pretrained_embedding,True
2029,journal_confirmatory_3domain_m_weakalign_steps2000_seed2029,2027,physionet_hyser,ninapro_db10_meganepro,772,journal_confirmatory_3domain_m_weakalign_steps2000_seed2029,pretrained_embedding,True
2029,journal_confirmatory_3domain_m_weakalign_steps2000_seed2029,2027,physionet_hyser,physionet_grabmyo,832,journal_confirmatory_3domain_m_weakalign_steps2000_seed2029,pretrained_embedding,True
2029,journal_confirmatory_3domain_m_weakalign_steps2000_seed2029,2027,physionet_hyser,physionet_hyser,763,journal_confirmatory_3domain_m_weakalign_steps2000_seed2029,pretrained_embedding,True
2029,journal_confirmatory_3domain_m_weakalign_steps2000_seed2029,2028,ninapro_db10_meganepro,ninapro_db10_meganepro,2325,journal_confirmatory_3domain_m_weakalign_steps2000_seed2029,pretrained_embedding,False
2029,journal_confirmatory_3domain_m_weakalign_steps2000_seed2029,2028,ninapro_db10_meganepro,physionet_grabmyo,0,journal_confirmatory_3domain_m_weakalign_steps2000_seed2029,pretrained_embedding,False
2029,journal_confirmatory_3domain_m_weakalign_steps2000_seed2029,2028,ninapro_db10_meganepro,physionet_hyser,0,journal_confirmatory_3domain_m_weakalign_steps2000_seed2029,pretrained_embedding,False
2029,journal_confirmatory_3domain_m_weakalign_steps2000_seed2029,2028,physionet_grabmyo,ninapro_db10_meganepro,0,journal_confirmatory_3domain_m_weakalign_steps2000_seed2029,pretrained_embedding,False
2029,journal_confirmatory_3domain_m_weakalign_steps2000_seed2029,2028,physionet_grabmyo,physionet_grabmyo,2271,journal_confirmatory_3domain_m_weakalign_steps2000_seed2029,pretrained_embedding,False
2029,journal_confirmatory_3domain_m_weakalign_steps2000_seed2029,2028,physionet_grabmyo,physionet_hyser,0,journal_confirmatory_3domain_m_weakalign_steps2000_seed2029,pretrained_embedding,False
2029,journal_confirmatory_3domain_m_weakalign_steps2000_seed2029,2028,physionet_hyser,ninapro_db10_meganepro,0,journal_confirmatory_3domain_m_weakalign_steps2000_seed2029,pretrained_embedding,False
2029,journal_confirmatory_3domain_m_weakalign_steps2000_seed2029,2028,physionet_hyser,physionet_grabmyo,0,journal_confirmatory_3domain_m_weakalign_steps2000_seed2029,pretrained_embedding,False
2029,journal_confirmatory_3domain_m_weakalign_steps2000_seed2029,2028,physionet_hyser,physionet_hyser,2317,journal_confirmatory_3domain_m_weakalign_steps2000_seed2029,pretrained_embedding,False
2029,journal_confirmatory_3domain_m_weakalign_steps2000_seed2029,2028,ninapro_db10_meganepro,ninapro_db10_meganepro,601,journal_confirmatory_3domain_m_weakalign_steps2000_seed2029,pretrained_embedding,True
2029,journal_confirmatory_3domain_m_weakalign_steps2000_seed2029,2028,ninapro_db10_meganepro,physionet_grabmyo,982,journal_confirmatory_3domain_m_weakalign_steps2000_seed2029,pretrained_embedding,True
2029,journal_confirmatory_3domain_m_weakalign_steps2000_seed2029,2028,ninapro_db10_meganepro,physionet_hyser,742,journal_confirmatory_3domain_m_weakalign_steps2000_seed2029,pretrained_embedding,True
2029,journal_confirmatory_3domain_m_weakalign_steps2000_seed2029,2028,physionet_grabmyo,ninapro_db10_meganepro,781,journal_confirmatory_3domain_m_weakalign_steps2000_seed2029,pretrained_embedding,True
2029,journal_confirmatory_3domain_m_weakalign_steps2000_seed2029,2028,physionet_grabmyo,physionet_grabmyo,673,journal_confirmatory_3domain_m_weakalign_steps2000_seed2029,pretrained_embedding,True
2029,journal_confirmatory_3domain_m_weakalign_steps2000_seed2029,2028,physionet_grabmyo,physionet_hyser,817,journal_confirmatory_3domain_m_weakalign_steps2000_seed2029,pretrained_embedding,True
2029,journal_confirmatory_3domain_m_weakalign_steps2000_seed2029,2028,physionet_hyser,ninapro_db10_meganepro,715,journal_confirmatory_3domain_m_weakalign_steps2000_seed2029,pretrained_embedding,True
2029,journal_confirmatory_3domain_m_weakalign_steps2000_seed2029,2028,physionet_hyser,physionet_grabmyo,868,journal_confirmatory_3domain_m_weakalign_steps2000_seed2029,pretrained_embedding,True
2029,journal_confirmatory_3domain_m_weakalign_steps2000_seed2029,2028,physionet_hyser,physionet_hyser,734,journal_confirmatory_3domain_m_weakalign_steps2000_seed2029,pretrained_embedding,True
2029,journal_confirmatory_3domain_m_weakalign_steps2000_seed2029,2029,ninapro_db10_meganepro,ninapro_db10_meganepro,2272,journal_confirmatory_3domain_m_weakalign_steps2000_seed2029,pretrained_embedding,False
2029,journal_confirmatory_3domain_m_weakalign_steps2000_seed2029,2029,ninapro_db10_meganepro,physionet_grabmyo,2,journal_confirmatory_3domain_m_weakalign_steps2000_seed2029,pretrained_embedding,False
2029,journal_confirmatory_3domain_m_weakalign_steps2000_seed2029,2029,ninapro_db10_meganepro,physionet_hyser,0,journal_confirmatory_3domain_m_weakalign_steps2000_seed2029,pretrained_embedding,False
2029,journal_confirmatory_3domain_m_weakalign_steps2000_seed2029,2029,physionet_grabmyo,ninapro_db10_meganepro,0,journal_confirmatory_3domain_m_weakalign_steps2000_seed2029,pretrained_embedding,False
2029,journal_confirmatory_3domain_m_weakalign_steps2000_seed2029,2029,physionet_grabmyo,physionet_grabmyo,2308,journal_confirmatory_3domain_m_weakalign_steps2000_seed2029,pretrained_embedding,False
2029,journal_confirmatory_3domain_m_weakalign_steps2000_seed2029,2029,physionet_grabmyo,physionet_hyser,0,journal_confirmatory_3domain_m_weakalign_steps2000_seed2029,pretrained_embedding,False
2029,journal_confirmatory_3domain_m_weakalign_steps2000_seed2029,2029,physionet_hyser,ninapro_db10_meganepro,0,journal_confirmatory_3domain_m_weakalign_steps2000_seed2029,pretrained_embedding,False
2029,journal_confirmatory_3domain_m_weakalign_steps2000_seed2029,2029,physionet_hyser,physionet_grabmyo,0,journal_confirmatory_3domain_m_weakalign_steps2000_seed2029,pretrained_embedding,False
2029,journal_confirmatory_3domain_m_weakalign_steps2000_seed2029,2029,physionet_hyser,physionet_hyser,2317,journal_confirmatory_3domain_m_weakalign_steps2000_seed2029,pretrained_embedding,False
2029,journal_confirmatory_3domain_m_weakalign_steps2000_seed2029,2029,ninapro_db10_meganepro,ninapro_db10_meganepro,1139,journal_confirmatory_3domain_m_weakalign_steps2000_seed2029,pretrained_embedding,True
2029,journal_confirmatory_3domain_m_weakalign_steps2000_seed2029,2029,ninapro_db10_meganepro,physionet_grabmyo,425,journal_confirmatory_3domain_m_weakalign_steps2000_seed2029,pretrained_embedding,True
2029,journal_confirmatory_3domain_m_weakalign_steps2000_seed2029,2029,ninapro_db10_meganepro,physionet_hyser,710,journal_confirmatory_3domain_m_weakalign_steps2000_seed2029,pretrained_embedding,True
2029,journal_confirmatory_3domain_m_weakalign_steps2000_seed2029,2029,physionet_grabmyo,ninapro_db10_meganepro,688,journal_confirmatory_3domain_m_weakalign_steps2000_seed2029,pretrained_embedding,True
2029,journal_confirmatory_3domain_m_weakalign_steps2000_seed2029,2029,physionet_grabmyo,physionet_grabmyo,828,journal_confirmatory_3domain_m_weakalign_steps2000_seed2029,pretrained_embedding,True
2029,journal_confirmatory_3domain_m_weakalign_steps2000_seed2029,2029,physionet_grabmyo,physionet_hyser,792,journal_confirmatory_3domain_m_weakalign_steps2000_seed2029,pretrained_embedding,True
2029,journal_confirmatory_3domain_m_weakalign_steps2000_seed2029,2029,physionet_hyser,ninapro_db10_meganepro,731,journal_confirmatory_3domain_m_weakalign_steps2000_seed2029,pretrained_embedding,True
2029,journal_confirmatory_3domain_m_weakalign_steps2000_seed2029,2029,physionet_hyser,physionet_grabmyo,809,journal_confirmatory_3domain_m_weakalign_steps2000_seed2029,pretrained_embedding,True
2029,journal_confirmatory_3domain_m_weakalign_steps2000_seed2029,2029,physionet_hyser,physionet_hyser,777,journal_confirmatory_3domain_m_weakalign_steps2000_seed2029,pretrained_embedding,True
2029,journal_confirmatory_3domain_m_weakalign_steps2000_seed2029,2030,ninapro_db10_meganepro,ninapro_db10_meganepro,2238,journal_confirmatory_3domain_m_weakalign_steps2000_seed2029,pretrained_embedding,False
2029,journal_confirmatory_3domain_m_weakalign_steps2000_seed2029,2030,ninapro_db10_meganepro,physionet_grabmyo,0,journal_confirmatory_3domain_m_weakalign_steps2000_seed2029,pretrained_embedding,False
2029,journal_confirmatory_3domain_m_weakalign_steps2000_seed2029,2030,ninapro_db10_meganepro,physionet_hyser,0,journal_confirmatory_3domain_m_weakalign_steps2000_seed2029,pretrained_embedding,False
2029,journal_confirmatory_3domain_m_weakalign_steps2000_seed2029,2030,physionet_grabmyo,ninapro_db10_meganepro,0,journal_confirmatory_3domain_m_weakalign_steps2000_seed2029,pretrained_embedding,False
2029,journal_confirmatory_3domain_m_weakalign_steps2000_seed2029,2030,physionet_grabmyo,physionet_grabmyo,2301,journal_confirmatory_3domain_m_weakalign_steps2000_seed2029,pretrained_embedding,False
2029,journal_confirmatory_3domain_m_weakalign_steps2000_seed2029,2030,physionet_grabmyo,physionet_hyser,0,journal_confirmatory_3domain_m_weakalign_steps2000_seed2029,pretrained_embedding,False
2029,journal_confirmatory_3domain_m_weakalign_steps2000_seed2029,2030,physionet_hyser,ninapro_db10_meganepro,0,journal_confirmatory_3domain_m_weakalign_steps2000_seed2029,pretrained_embedding,False
2029,journal_confirmatory_3domain_m_weakalign_steps2000_seed2029,2030,physionet_hyser,physionet_grabmyo,0,journal_confirmatory_3domain_m_weakalign_steps2000_seed2029,pretrained_embedding,False
2029,journal_confirmatory_3domain_m_weakalign_steps2000_seed2029,2030,physionet_hyser,physionet_hyser,2265,journal_confirmatory_3domain_m_weakalign_steps2000_seed2029,pretrained_embedding,False
2029,journal_confirmatory_3domain_m_weakalign_steps2000_seed2029,2030,ninapro_db10_meganepro,ninapro_db10_meganepro,616,journal_confirmatory_3domain_m_weakalign_steps2000_seed2029,pretrained_embedding,True
2029,journal_confirmatory_3domain_m_weakalign_steps2000_seed2029,2030,ninapro_db10_meganepro,physionet_grabmyo,725,journal_confirmatory_3domain_m_weakalign_steps2000_seed2029,pretrained_embedding,True
2029,journal_confirmatory_3domain_m_weakalign_steps2000_seed2029,2030,ninapro_db10_meganepro,physionet_hyser,897,journal_confirmatory_3domain_m_weakalign_steps2000_seed2029,pretrained_embedding,True
2029,journal_confirmatory_3domain_m_weakalign_steps2000_seed2029,2030,physionet_grabmyo,ninapro_db10_meganepro,784,journal_confirmatory_3domain_m_weakalign_steps2000_seed2029,pretrained_embedding,True
2029,journal_confirmatory_3domain_m_weakalign_steps2000_seed2029,2030,physionet_grabmyo,physionet_grabmyo,786,journal_confirmatory_3domain_m_weakalign_steps2000_seed2029,pretrained_embedding,True
2029,journal_confirmatory_3domain_m_weakalign_steps2000_seed2029,2030,physionet_grabmyo,physionet_hyser,731,journal_confirmatory_3domain_m_weakalign_steps2000_seed2029,pretrained_embedding,True
2029,journal_confirmatory_3domain_m_weakalign_steps2000_seed2029,2030,physionet_hyser,ninapro_db10_meganepro,848,journal_confirmatory_3domain_m_weakalign_steps2000_seed2029,pretrained_embedding,True
2029,journal_confirmatory_3domain_m_weakalign_steps2000_seed2029,2030,physionet_hyser,physionet_grabmyo,557,journal_confirmatory_3domain_m_weakalign_steps2000_seed2029,pretrained_embedding,True
2029,journal_confirmatory_3domain_m_weakalign_steps2000_seed2029,2030,physionet_hyser,physionet_hyser,860,journal_confirmatory_3domain_m_weakalign_steps2000_seed2029,pretrained_embedding,True
2029,journal_confirmatory_3domain_m_weakalign_steps2000_seed2029,2031,ninapro_db10_meganepro,ninapro_db10_meganepro,2311,journal_confirmatory_3domain_m_weakalign_steps2000_seed2029,pretrained_embedding,False
2029,journal_confirmatory_3domain_m_weakalign_steps2000_seed2029,2031,ninapro_db10_meganepro,physionet_grabmyo,0,journal_confirmatory_3domain_m_weakalign_steps2000_seed2029,pretrained_embedding,False
2029,journal_confirmatory_3domain_m_weakalign_steps2000_seed2029,2031,ninapro_db10_meganepro,physionet_hyser,0,journal_confirmatory_3domain_m_weakalign_steps2000_seed2029,pretrained_embedding,False
2029,journal_confirmatory_3domain_m_weakalign_steps2000_seed2029,2031,physionet_grabmyo,ninapro_db10_meganepro,0,journal_confirmatory_3domain_m_weakalign_steps2000_seed2029,pretrained_embedding,False
2029,journal_confirmatory_3domain_m_weakalign_steps2000_seed2029,2031,physionet_grabmyo,physionet_grabmyo,2337,journal_confirmatory_3domain_m_weakalign_steps2000_seed2029,pretrained_embedding,False
2029,journal_confirmatory_3domain_m_weakalign_steps2000_seed2029,2031,physionet_grabmyo,physionet_hyser,0,journal_confirmatory_3domain_m_weakalign_steps2000_seed2029,pretrained_embedding,False
2029,journal_confirmatory_3domain_m_weakalign_steps2000_seed2029,2031,physionet_hyser,ninapro_db10_meganepro,0,journal_confirmatory_3domain_m_weakalign_steps2000_seed2029,pretrained_embedding,False
2029,journal_confirmatory_3domain_m_weakalign_steps2000_seed2029,2031,physionet_hyser,physionet_grabmyo,0,journal_confirmatory_3domain_m_weakalign_steps2000_seed2029,pretrained_embedding,False
2029,journal_confirmatory_3domain_m_weakalign_steps2000_seed2029,2031,physionet_hyser,physionet_hyser,2301,journal_confirmatory_3domain_m_weakalign_steps2000_seed2029,pretrained_embedding,False
2029,journal_confirmatory_3domain_m_weakalign_steps2000_seed2029,2031,ninapro_db10_meganepro,ninapro_db10_meganepro,799,journal_confirmatory_3domain_m_weakalign_steps2000_seed2029,pretrained_embedding,True
2029,journal_confirmatory_3domain_m_weakalign_steps2000_seed2029,2031,ninapro_db10_meganepro,physionet_grabmyo,534,journal_confirmatory_3domain_m_weakalign_steps2000_seed2029,pretrained_embedding,True
2029,journal_confirmatory_3domain_m_weakalign_steps2000_seed2029,2031,ninapro_db10_meganepro,physionet_hyser,978,journal_confirmatory_3domain_m_weakalign_steps2000_seed2029,pretrained_embedding,True
2029,journal_confirmatory_3domain_m_weakalign_steps2000_seed2029,2031,physionet_grabmyo,ninapro_db10_meganepro,911,journal_confirmatory_3domain_m_weakalign_steps2000_seed2029,pretrained_embedding,True
2029,journal_confirmatory_3domain_m_weakalign_steps2000_seed2029,2031,physionet_grabmyo,physionet_grabmyo,647,journal_confirmatory_3domain_m_weakalign_steps2000_seed2029,pretrained_embedding,True
2029,journal_confirmatory_3domain_m_weakalign_steps2000_seed2029,2031,physionet_grabmyo,physionet_hyser,779,journal_confirmatory_3domain_m_weakalign_steps2000_seed2029,pretrained_embedding,True
2029,journal_confirmatory_3domain_m_weakalign_steps2000_seed2029,2031,physionet_hyser,ninapro_db10_meganepro,809,journal_confirmatory_3domain_m_weakalign_steps2000_seed2029,pretrained_embedding,True
2029,journal_confirmatory_3domain_m_weakalign_steps2000_seed2029,2031,physionet_hyser,physionet_grabmyo,848,journal_confirmatory_3domain_m_weakalign_steps2000_seed2029,pretrained_embedding,True
2029,journal_confirmatory_3domain_m_weakalign_steps2000_seed2029,2031,physionet_hyser,physionet_hyser,644,journal_confirmatory_3domain_m_weakalign_steps2000_seed2029,pretrained_embedding,True
2029,journal_confirmatory_3domain_m_weakalign_steps2000_seed2029,2032,ninapro_db10_meganepro,ninapro_db10_meganepro,2286,journal_confirmatory_3domain_m_weakalign_steps2000_seed2029,pretrained_embedding,False
2029,journal_confirmatory_3domain_m_weakalign_steps2000_seed2029,2032,ninapro_db10_meganepro,physionet_grabmyo,2,journal_confirmatory_3domain_m_weakalign_steps2000_seed2029,pretrained_embedding,False
2029,journal_confirmatory_3domain_m_weakalign_steps2000_seed2029,2032,ninapro_db10_meganepro,physionet_hyser,0,journal_confirmatory_3domain_m_weakalign_steps2000_seed2029,pretrained_embedding,False
2029,journal_confirmatory_3domain_m_weakalign_steps2000_seed2029,2032,physionet_grabmyo,ninapro_db10_meganepro,0,journal_confirmatory_3domain_m_weakalign_steps2000_seed2029,pretrained_embedding,False
2029,journal_confirmatory_3domain_m_weakalign_steps2000_seed2029,2032,physionet_grabmyo,physionet_grabmyo,2297,journal_confirmatory_3domain_m_weakalign_steps2000_seed2029,pretrained_embedding,False
2029,journal_confirmatory_3domain_m_weakalign_steps2000_seed2029,2032,physionet_grabmyo,physionet_hyser,0,journal_confirmatory_3domain_m_weakalign_steps2000_seed2029,pretrained_embedding,False
2029,journal_confirmatory_3domain_m_weakalign_steps2000_seed2029,2032,physionet_hyser,ninapro_db10_meganepro,0,journal_confirmatory_3domain_m_weakalign_steps2000_seed2029,pretrained_embedding,False
2029,journal_confirmatory_3domain_m_weakalign_steps2000_seed2029,2032,physionet_hyser,physionet_grabmyo,0,journal_confirmatory_3domain_m_weakalign_steps2000_seed2029,pretrained_embedding,False
2029,journal_confirmatory_3domain_m_weakalign_steps2000_seed2029,2032,physionet_hyser,physionet_hyser,2304,journal_confirmatory_3domain_m_weakalign_steps2000_seed2029,pretrained_embedding,False
2029,journal_confirmatory_3domain_m_weakalign_steps2000_seed2029,2032,ninapro_db10_meganepro,ninapro_db10_meganepro,960,journal_confirmatory_3domain_m_weakalign_steps2000_seed2029,pretrained_embedding,True
2029,journal_confirmatory_3domain_m_weakalign_steps2000_seed2029,2032,ninapro_db10_meganepro,physionet_grabmyo,527,journal_confirmatory_3domain_m_weakalign_steps2000_seed2029,pretrained_embedding,True
2029,journal_confirmatory_3domain_m_weakalign_steps2000_seed2029,2032,ninapro_db10_meganepro,physionet_hyser,801,journal_confirmatory_3domain_m_weakalign_steps2000_seed2029,pretrained_embedding,True
2029,journal_confirmatory_3domain_m_weakalign_steps2000_seed2029,2032,physionet_grabmyo,ninapro_db10_meganepro,738,journal_confirmatory_3domain_m_weakalign_steps2000_seed2029,pretrained_embedding,True
2029,journal_confirmatory_3domain_m_weakalign_steps2000_seed2029,2032,physionet_grabmyo,physionet_grabmyo,881,journal_confirmatory_3domain_m_weakalign_steps2000_seed2029,pretrained_embedding,True
2029,journal_confirmatory_3domain_m_weakalign_steps2000_seed2029,2032,physionet_grabmyo,physionet_hyser,678,journal_confirmatory_3domain_m_weakalign_steps2000_seed2029,pretrained_embedding,True
2029,journal_confirmatory_3domain_m_weakalign_steps2000_seed2029,2032,physionet_hyser,ninapro_db10_meganepro,856,journal_confirmatory_3domain_m_weakalign_steps2000_seed2029,pretrained_embedding,True
2029,journal_confirmatory_3domain_m_weakalign_steps2000_seed2029,2032,physionet_hyser,physionet_grabmyo,682,journal_confirmatory_3domain_m_weakalign_steps2000_seed2029,pretrained_embedding,True
2029,journal_confirmatory_3domain_m_weakalign_steps2000_seed2029,2032,physionet_hyser,physionet_hyser,766,journal_confirmatory_3domain_m_weakalign_steps2000_seed2029,pretrained_embedding,True
2029,journal_confirmatory_3domain_m_weakalign_steps2000_seed2029,2033,ninapro_db10_meganepro,ninapro_db10_meganepro,2289,journal_confirmatory_3domain_m_weakalign_steps2000_seed2029,pretrained_embedding,False
2029,journal_confirmatory_3domain_m_weakalign_steps2000_seed2029,2033,ninapro_db10_meganepro,physionet_grabmyo,0,journal_confirmatory_3domain_m_weakalign_steps2000_seed2029,pretrained_embedding,False
2029,journal_confirmatory_3domain_m_weakalign_steps2000_seed2029,2033,ninapro_db10_meganepro,physionet_hyser,0,journal_confirmatory_3domain_m_weakalign_steps2000_seed2029,pretrained_embedding,False
2029,journal_confirmatory_3domain_m_weakalign_steps2000_seed2029,2033,physionet_grabmyo,ninapro_db10_meganepro,0,journal_confirmatory_3domain_m_weakalign_steps2000_seed2029,pretrained_embedding,False
2029,journal_confirmatory_3domain_m_weakalign_steps2000_seed2029,2033,physionet_grabmyo,physionet_grabmyo,2327,journal_confirmatory_3domain_m_weakalign_steps2000_seed2029,pretrained_embedding,False
2029,journal_confirmatory_3domain_m_weakalign_steps2000_seed2029,2033,physionet_grabmyo,physionet_hyser,0,journal_confirmatory_3domain_m_weakalign_steps2000_seed2029,pretrained_embedding,False
2029,journal_confirmatory_3domain_m_weakalign_steps2000_seed2029,2033,physionet_hyser,ninapro_db10_meganepro,0,journal_confirmatory_3domain_m_weakalign_steps2000_seed2029,pretrained_embedding,False
2029,journal_confirmatory_3domain_m_weakalign_steps2000_seed2029,2033,physionet_hyser,physionet_grabmyo,0,journal_confirmatory_3domain_m_weakalign_steps2000_seed2029,pretrained_embedding,False
2029,journal_confirmatory_3domain_m_weakalign_steps2000_seed2029,2033,physionet_hyser,physionet_hyser,2310,journal_confirmatory_3domain_m_weakalign_steps2000_seed2029,pretrained_embedding,False
2029,journal_confirmatory_3domain_m_weakalign_steps2000_seed2029,2033,ninapro_db10_meganepro,ninapro_db10_meganepro,767,journal_confirmatory_3domain_m_weakalign_steps2000_seed2029,pretrained_embedding,True
2029,journal_confirmatory_3domain_m_weakalign_steps2000_seed2029,2033,ninapro_db10_meganepro,physionet_grabmyo,709,journal_confirmatory_3domain_m_weakalign_steps2000_seed2029,pretrained_embedding,True
2029,journal_confirmatory_3domain_m_weakalign_steps2000_seed2029,2033,ninapro_db10_meganepro,physionet_hyser,813,journal_confirmatory_3domain_m_weakalign_steps2000_seed2029,pretrained_embedding,True
2029,journal_confirmatory_3domain_m_weakalign_steps2000_seed2029,2033,physionet_grabmyo,ninapro_db10_meganepro,702,journal_confirmatory_3domain_m_weakalign_steps2000_seed2029,pretrained_embedding,True
2029,journal_confirmatory_3domain_m_weakalign_steps2000_seed2029,2033,physionet_grabmyo,physionet_grabmyo,849,journal_confirmatory_3domain_m_weakalign_steps2000_seed2029,pretrained_embedding,True
2029,journal_confirmatory_3domain_m_weakalign_steps2000_seed2029,2033,physionet_grabmyo,physionet_hyser,776,journal_confirmatory_3domain_m_weakalign_steps2000_seed2029,pretrained_embedding,True
2029,journal_confirmatory_3domain_m_weakalign_steps2000_seed2029,2033,physionet_hyser,ninapro_db10_meganepro,762,journal_confirmatory_3domain_m_weakalign_steps2000_seed2029,pretrained_embedding,True
2029,journal_confirmatory_3domain_m_weakalign_steps2000_seed2029,2033,physionet_hyser,physionet_grabmyo,833,journal_confirmatory_3domain_m_weakalign_steps2000_seed2029,pretrained_embedding,True
2029,journal_confirmatory_3domain_m_weakalign_steps2000_seed2029,2033,physionet_hyser,physionet_hyser,715,journal_confirmatory_3domain_m_weakalign_steps2000_seed2029,pretrained_embedding,True
2029,journal_confirmatory_3domain_m_weakalign_steps2000_seed2029,2034,ninapro_db10_meganepro,ninapro_db10_meganepro,2276,journal_confirmatory_3domain_m_weakalign_steps2000_seed2029,pretrained_embedding,False
2029,journal_confirmatory_3domain_m_weakalign_steps2000_seed2029,2034,ninapro_db10_meganepro,physionet_grabmyo,0,journal_confirmatory_3domain_m_weakalign_steps2000_seed2029,pretrained_embedding,False
2029,journal_confirmatory_3domain_m_weakalign_steps2000_seed2029,2034,ninapro_db10_meganepro,physionet_hyser,0,journal_confirmatory_3domain_m_weakalign_steps2000_seed2029,pretrained_embedding,False
2029,journal_confirmatory_3domain_m_weakalign_steps2000_seed2029,2034,physionet_grabmyo,ninapro_db10_meganepro,0,journal_confirmatory_3domain_m_weakalign_steps2000_seed2029,pretrained_embedding,False
2029,journal_confirmatory_3domain_m_weakalign_steps2000_seed2029,2034,physionet_grabmyo,physionet_grabmyo,2280,journal_confirmatory_3domain_m_weakalign_steps2000_seed2029,pretrained_embedding,False
2029,journal_confirmatory_3domain_m_weakalign_steps2000_seed2029,2034,physionet_grabmyo,physionet_hyser,0,journal_confirmatory_3domain_m_weakalign_steps2000_seed2029,pretrained_embedding,False
2029,journal_confirmatory_3domain_m_weakalign_steps2000_seed2029,2034,physionet_hyser,ninapro_db10_meganepro,0,journal_confirmatory_3domain_m_weakalign_steps2000_seed2029,pretrained_embedding,False
2029,journal_confirmatory_3domain_m_weakalign_steps2000_seed2029,2034,physionet_hyser,physionet_grabmyo,0,journal_confirmatory_3domain_m_weakalign_steps2000_seed2029,pretrained_embedding,False
2029,journal_confirmatory_3domain_m_weakalign_steps2000_seed2029,2034,physionet_hyser,physionet_hyser,2264,journal_confirmatory_3domain_m_weakalign_steps2000_seed2029,pretrained_embedding,False
2029,journal_confirmatory_3domain_m_weakalign_steps2000_seed2029,2034,ninapro_db10_meganepro,ninapro_db10_meganepro,782,journal_confirmatory_3domain_m_weakalign_steps2000_seed2029,pretrained_embedding,True
2029,journal_confirmatory_3domain_m_weakalign_steps2000_seed2029,2034,ninapro_db10_meganepro,physionet_grabmyo,573,journal_confirmatory_3domain_m_weakalign_steps2000_seed2029,pretrained_embedding,True
2029,journal_confirmatory_3domain_m_weakalign_steps2000_seed2029,2034,ninapro_db10_meganepro,physionet_hyser,921,journal_confirmatory_3domain_m_weakalign_steps2000_seed2029,pretrained_embedding,True
2029,journal_confirmatory_3domain_m_weakalign_steps2000_seed2029,2034,physionet_grabmyo,ninapro_db10_meganepro,840,journal_confirmatory_3domain_m_weakalign_steps2000_seed2029,pretrained_embedding,True
2029,journal_confirmatory_3domain_m_weakalign_steps2000_seed2029,2034,physionet_grabmyo,physionet_grabmyo,735,journal_confirmatory_3domain_m_weakalign_steps2000_seed2029,pretrained_embedding,True
2029,journal_confirmatory_3domain_m_weakalign_steps2000_seed2029,2034,physionet_grabmyo,physionet_hyser,705,journal_confirmatory_3domain_m_weakalign_steps2000_seed2029,pretrained_embedding,True
2029,journal_confirmatory_3domain_m_weakalign_steps2000_seed2029,2034,physionet_hyser,ninapro_db10_meganepro,767,journal_confirmatory_3domain_m_weakalign_steps2000_seed2029,pretrained_embedding,True
2029,journal_confirmatory_3domain_m_weakalign_steps2000_seed2029,2034,physionet_hyser,physionet_grabmyo,728,journal_confirmatory_3domain_m_weakalign_steps2000_seed2029,pretrained_embedding,True
2029,journal_confirmatory_3domain_m_weakalign_steps2000_seed2029,2034,physionet_hyser,physionet_hyser,769,journal_confirmatory_3domain_m_weakalign_steps2000_seed2029,pretrained_embedding,True
2029,journal_confirmatory_3domain_m_weakalign_steps2000_seed2029,2035,ninapro_db10_meganepro,ninapro_db10_meganepro,2293,journal_confirmatory_3domain_m_weakalign_steps2000_seed2029,pretrained_embedding,False
2029,journal_confirmatory_3domain_m_weakalign_steps2000_seed2029,2035,ninapro_db10_meganepro,physionet_grabmyo,2,journal_confirmatory_3domain_m_weakalign_steps2000_seed2029,pretrained_embedding,False
2029,journal_confirmatory_3domain_m_weakalign_steps2000_seed2029,2035,ninapro_db10_meganepro,physionet_hyser,0,journal_confirmatory_3domain_m_weakalign_steps2000_seed2029,pretrained_embedding,False
2029,journal_confirmatory_3domain_m_weakalign_steps2000_seed2029,2035,physionet_grabmyo,ninapro_db10_meganepro,0,journal_confirmatory_3domain_m_weakalign_steps2000_seed2029,pretrained_embedding,False
2029,journal_confirmatory_3domain_m_weakalign_steps2000_seed2029,2035,physionet_grabmyo,physionet_grabmyo,2319,journal_confirmatory_3domain_m_weakalign_steps2000_seed2029,pretrained_embedding,False
2029,journal_confirmatory_3domain_m_weakalign_steps2000_seed2029,2035,physionet_grabmyo,physionet_hyser,0,journal_confirmatory_3domain_m_weakalign_steps2000_seed2029,pretrained_embedding,False
2029,journal_confirmatory_3domain_m_weakalign_steps2000_seed2029,2035,physionet_hyser,ninapro_db10_meganepro,0,journal_confirmatory_3domain_m_weakalign_steps2000_seed2029,pretrained_embedding,False
2029,journal_confirmatory_3domain_m_weakalign_steps2000_seed2029,2035,physionet_hyser,physionet_grabmyo,0,journal_confirmatory_3domain_m_weakalign_steps2000_seed2029,pretrained_embedding,False
2029,journal_confirmatory_3domain_m_weakalign_steps2000_seed2029,2035,physionet_hyser,physionet_hyser,2343,journal_confirmatory_3domain_m_weakalign_steps2000_seed2029,pretrained_embedding,False
2029,journal_confirmatory_3domain_m_weakalign_steps2000_seed2029,2035,ninapro_db10_meganepro,ninapro_db10_meganepro,598,journal_confirmatory_3domain_m_weakalign_steps2000_seed2029,pretrained_embedding,True
2029,journal_confirmatory_3domain_m_weakalign_steps2000_seed2029,2035,ninapro_db10_meganepro,physionet_grabmyo,841,journal_confirmatory_3domain_m_weakalign_steps2000_seed2029,pretrained_embedding,True
2029,journal_confirmatory_3domain_m_weakalign_steps2000_seed2029,2035,ninapro_db10_meganepro,physionet_hyser,856,journal_confirmatory_3domain_m_weakalign_steps2000_seed2029,pretrained_embedding,True
2029,journal_confirmatory_3domain_m_weakalign_steps2000_seed2029,2035,physionet_grabmyo,ninapro_db10_meganepro,666,journal_confirmatory_3domain_m_weakalign_steps2000_seed2029,pretrained_embedding,True
2029,journal_confirmatory_3domain_m_weakalign_steps2000_seed2029,2035,physionet_grabmyo,physionet_grabmyo,864,journal_confirmatory_3domain_m_weakalign_steps2000_seed2029,pretrained_embedding,True
2029,journal_confirmatory_3domain_m_weakalign_steps2000_seed2029,2035,physionet_grabmyo,physionet_hyser,789,journal_confirmatory_3domain_m_weakalign_steps2000_seed2029,pretrained_embedding,True
2029,journal_confirmatory_3domain_m_weakalign_steps2000_seed2029,2035,physionet_hyser,ninapro_db10_meganepro,687,journal_confirmatory_3domain_m_weakalign_steps2000_seed2029,pretrained_embedding,True
2029,journal_confirmatory_3domain_m_weakalign_steps2000_seed2029,2035,physionet_hyser,physionet_grabmyo,793,journal_confirmatory_3domain_m_weakalign_steps2000_seed2029,pretrained_embedding,True
2029,journal_confirmatory_3domain_m_weakalign_steps2000_seed2029,2035,physionet_hyser,physionet_hyser,863,journal_confirmatory_3domain_m_weakalign_steps2000_seed2029,pretrained_embedding,True
2030,journal_confirmatory_3domain_m_weakalign_steps2000_seed2030,2026,ninapro_db10_meganepro,ninapro_db10_meganepro,2324,journal_confirmatory_3domain_m_weakalign_steps2000_seed2030,pretrained_embedding,False
2030,journal_confirmatory_3domain_m_weakalign_steps2000_seed2030,2026,ninapro_db10_meganepro,physionet_grabmyo,0,journal_confirmatory_3domain_m_weakalign_steps2000_seed2030,pretrained_embedding,False
2030,journal_confirmatory_3domain_m_weakalign_steps2000_seed2030,2026,ninapro_db10_meganepro,physionet_hyser,0,journal_confirmatory_3domain_m_weakalign_steps2000_seed2030,pretrained_embedding,False
2030,journal_confirmatory_3domain_m_weakalign_steps2000_seed2030,2026,physionet_grabmyo,ninapro_db10_meganepro,2,journal_confirmatory_3domain_m_weakalign_steps2000_seed2030,pretrained_embedding,False
2030,journal_confirmatory_3domain_m_weakalign_steps2000_seed2030,2026,physionet_grabmyo,physionet_grabmyo,2308,journal_confirmatory_3domain_m_weakalign_steps2000_seed2030,pretrained_embedding,False
2030,journal_confirmatory_3domain_m_weakalign_steps2000_seed2030,2026,physionet_grabmyo,physionet_hyser,0,journal_confirmatory_3domain_m_weakalign_steps2000_seed2030,pretrained_embedding,False
2030,journal_confirmatory_3domain_m_weakalign_steps2000_seed2030,2026,physionet_hyser,ninapro_db10_meganepro,0,journal_confirmatory_3domain_m_weakalign_steps2000_seed2030,pretrained_embedding,False
2030,journal_confirmatory_3domain_m_weakalign_steps2000_seed2030,2026,physionet_hyser,physionet_grabmyo,0,journal_confirmatory_3domain_m_weakalign_steps2000_seed2030,pretrained_embedding,False
2030,journal_confirmatory_3domain_m_weakalign_steps2000_seed2030,2026,physionet_hyser,physionet_hyser,2295,journal_confirmatory_3domain_m_weakalign_steps2000_seed2030,pretrained_embedding,False
2030,journal_confirmatory_3domain_m_weakalign_steps2000_seed2030,2026,ninapro_db10_meganepro,ninapro_db10_meganepro,985,journal_confirmatory_3domain_m_weakalign_steps2000_seed2030,pretrained_embedding,True
2030,journal_confirmatory_3domain_m_weakalign_steps2000_seed2030,2026,ninapro_db10_meganepro,physionet_grabmyo,575,journal_confirmatory_3domain_m_weakalign_steps2000_seed2030,pretrained_embedding,True
2030,journal_confirmatory_3domain_m_weakalign_steps2000_seed2030,2026,ninapro_db10_meganepro,physionet_hyser,764,journal_confirmatory_3domain_m_weakalign_steps2000_seed2030,pretrained_embedding,True
2030,journal_confirmatory_3domain_m_weakalign_steps2000_seed2030,2026,physionet_grabmyo,ninapro_db10_meganepro,737,journal_confirmatory_3domain_m_weakalign_steps2000_seed2030,pretrained_embedding,True
2030,journal_confirmatory_3domain_m_weakalign_steps2000_seed2030,2026,physionet_grabmyo,physionet_grabmyo,890,journal_confirmatory_3domain_m_weakalign_steps2000_seed2030,pretrained_embedding,True
2030,journal_confirmatory_3domain_m_weakalign_steps2000_seed2030,2026,physionet_grabmyo,physionet_hyser,683,journal_confirmatory_3domain_m_weakalign_steps2000_seed2030,pretrained_embedding,True
2030,journal_confirmatory_3domain_m_weakalign_steps2000_seed2030,2026,physionet_hyser,ninapro_db10_meganepro,791,journal_confirmatory_3domain_m_weakalign_steps2000_seed2030,pretrained_embedding,True
2030,journal_confirmatory_3domain_m_weakalign_steps2000_seed2030,2026,physionet_hyser,physionet_grabmyo,739,journal_confirmatory_3domain_m_weakalign_steps2000_seed2030,pretrained_embedding,True
2030,journal_confirmatory_3domain_m_weakalign_steps2000_seed2030,2026,physionet_hyser,physionet_hyser,765,journal_confirmatory_3domain_m_weakalign_steps2000_seed2030,pretrained_embedding,True
2030,journal_confirmatory_3domain_m_weakalign_steps2000_seed2030,2027,ninapro_db10_meganepro,ninapro_db10_meganepro,2268,journal_confirmatory_3domain_m_weakalign_steps2000_seed2030,pretrained_embedding,False
2030,journal_confirmatory_3domain_m_weakalign_steps2000_seed2030,2027,ninapro_db10_meganepro,physionet_grabmyo,0,journal_confirmatory_3domain_m_weakalign_steps2000_seed2030,pretrained_embedding,False
2030,journal_confirmatory_3domain_m_weakalign_steps2000_seed2030,2027,ninapro_db10_meganepro,physionet_hyser,0,journal_confirmatory_3domain_m_weakalign_steps2000_seed2030,pretrained_embedding,False
2030,journal_confirmatory_3domain_m_weakalign_steps2000_seed2030,2027,physionet_grabmyo,ninapro_db10_meganepro,0,journal_confirmatory_3domain_m_weakalign_steps2000_seed2030,pretrained_embedding,False
2030,journal_confirmatory_3domain_m_weakalign_steps2000_seed2030,2027,physionet_grabmyo,physionet_grabmyo,2312,journal_confirmatory_3domain_m_weakalign_steps2000_seed2030,pretrained_embedding,False
2030,journal_confirmatory_3domain_m_weakalign_steps2000_seed2030,2027,physionet_grabmyo,physionet_hyser,0,journal_confirmatory_3domain_m_weakalign_steps2000_seed2030,pretrained_embedding,False
2030,journal_confirmatory_3domain_m_weakalign_steps2000_seed2030,2027,physionet_hyser,ninapro_db10_meganepro,0,journal_confirmatory_3domain_m_weakalign_steps2000_seed2030,pretrained_embedding,False
2030,journal_confirmatory_3domain_m_weakalign_steps2000_seed2030,2027,physionet_hyser,physionet_grabmyo,0,journal_confirmatory_3domain_m_weakalign_steps2000_seed2030,pretrained_embedding,False
2030,journal_confirmatory_3domain_m_weakalign_steps2000_seed2030,2027,physionet_hyser,physionet_hyser,2367,journal_confirmatory_3domain_m_weakalign_steps2000_seed2030,pretrained_embedding,False
2030,journal_confirmatory_3domain_m_weakalign_steps2000_seed2030,2027,ninapro_db10_meganepro,ninapro_db10_meganepro,456,journal_confirmatory_3domain_m_weakalign_steps2000_seed2030,pretrained_embedding,True
2030,journal_confirmatory_3domain_m_weakalign_steps2000_seed2030,2027,ninapro_db10_meganepro,physionet_grabmyo,854,journal_confirmatory_3domain_m_weakalign_steps2000_seed2030,pretrained_embedding,True
2030,journal_confirmatory_3domain_m_weakalign_steps2000_seed2030,2027,ninapro_db10_meganepro,physionet_hyser,958,journal_confirmatory_3domain_m_weakalign_steps2000_seed2030,pretrained_embedding,True
2030,journal_confirmatory_3domain_m_weakalign_steps2000_seed2030,2027,physionet_grabmyo,ninapro_db10_meganepro,801,journal_confirmatory_3domain_m_weakalign_steps2000_seed2030,pretrained_embedding,True
2030,journal_confirmatory_3domain_m_weakalign_steps2000_seed2030,2027,physionet_grabmyo,physionet_grabmyo,680,journal_confirmatory_3domain_m_weakalign_steps2000_seed2030,pretrained_embedding,True
2030,journal_confirmatory_3domain_m_weakalign_steps2000_seed2030,2027,physionet_grabmyo,physionet_hyser,831,journal_confirmatory_3domain_m_weakalign_steps2000_seed2030,pretrained_embedding,True
2030,journal_confirmatory_3domain_m_weakalign_steps2000_seed2030,2027,physionet_hyser,ninapro_db10_meganepro,841,journal_confirmatory_3domain_m_weakalign_steps2000_seed2030,pretrained_embedding,True
2030,journal_confirmatory_3domain_m_weakalign_steps2000_seed2030,2027,physionet_hyser,physionet_grabmyo,778,journal_confirmatory_3domain_m_weakalign_steps2000_seed2030,pretrained_embedding,True
2030,journal_confirmatory_3domain_m_weakalign_steps2000_seed2030,2027,physionet_hyser,physionet_hyser,748,journal_confirmatory_3domain_m_weakalign_steps2000_seed2030,pretrained_embedding,True
2030,journal_confirmatory_3domain_m_weakalign_steps2000_seed2030,2028,ninapro_db10_meganepro,ninapro_db10_meganepro,2325,journal_confirmatory_3domain_m_weakalign_steps2000_seed2030,pretrained_embedding,False
2030,journal_confirmatory_3domain_m_weakalign_steps2000_seed2030,2028,ninapro_db10_meganepro,physionet_grabmyo,0,journal_confirmatory_3domain_m_weakalign_steps2000_seed2030,pretrained_embedding,False
2030,journal_confirmatory_3domain_m_weakalign_steps2000_seed2030,2028,ninapro_db10_meganepro,physionet_hyser,0,journal_confirmatory_3domain_m_weakalign_steps2000_seed2030,pretrained_embedding,False
2030,journal_confirmatory_3domain_m_weakalign_steps2000_seed2030,2028,physionet_grabmyo,ninapro_db10_meganepro,0,journal_confirmatory_3domain_m_weakalign_steps2000_seed2030,pretrained_embedding,False
2030,journal_confirmatory_3domain_m_weakalign_steps2000_seed2030,2028,physionet_grabmyo,physionet_grabmyo,2271,journal_confirmatory_3domain_m_weakalign_steps2000_seed2030,pretrained_embedding,False
2030,journal_confirmatory_3domain_m_weakalign_steps2000_seed2030,2028,physionet_grabmyo,physionet_hyser,0,journal_confirmatory_3domain_m_weakalign_steps2000_seed2030,pretrained_embedding,False
2030,journal_confirmatory_3domain_m_weakalign_steps2000_seed2030,2028,physionet_hyser,ninapro_db10_meganepro,0,journal_confirmatory_3domain_m_weakalign_steps2000_seed2030,pretrained_embedding,False
2030,journal_confirmatory_3domain_m_weakalign_steps2000_seed2030,2028,physionet_hyser,physionet_grabmyo,0,journal_confirmatory_3domain_m_weakalign_steps2000_seed2030,pretrained_embedding,False
2030,journal_confirmatory_3domain_m_weakalign_steps2000_seed2030,2028,physionet_hyser,physionet_hyser,2317,journal_confirmatory_3domain_m_weakalign_steps2000_seed2030,pretrained_embedding,False
2030,journal_confirmatory_3domain_m_weakalign_steps2000_seed2030,2028,ninapro_db10_meganepro,ninapro_db10_meganepro,641,journal_confirmatory_3domain_m_weakalign_steps2000_seed2030,pretrained_embedding,True
2030,journal_confirmatory_3domain_m_weakalign_steps2000_seed2030,2028,ninapro_db10_meganepro,physionet_grabmyo,1172,journal_confirmatory_3domain_m_weakalign_steps2000_seed2030,pretrained_embedding,True
2030,journal_confirmatory_3domain_m_weakalign_steps2000_seed2030,2028,ninapro_db10_meganepro,physionet_hyser,512,journal_confirmatory_3domain_m_weakalign_steps2000_seed2030,pretrained_embedding,True
2030,journal_confirmatory_3domain_m_weakalign_steps2000_seed2030,2028,physionet_grabmyo,ninapro_db10_meganepro,808,journal_confirmatory_3domain_m_weakalign_steps2000_seed2030,pretrained_embedding,True
2030,journal_confirmatory_3domain_m_weakalign_steps2000_seed2030,2028,physionet_grabmyo,physionet_grabmyo,694,journal_confirmatory_3domain_m_weakalign_steps2000_seed2030,pretrained_embedding,True
2030,journal_confirmatory_3domain_m_weakalign_steps2000_seed2030,2028,physionet_grabmyo,physionet_hyser,769,journal_confirmatory_3domain_m_weakalign_steps2000_seed2030,pretrained_embedding,True
2030,journal_confirmatory_3domain_m_weakalign_steps2000_seed2030,2028,physionet_hyser,ninapro_db10_meganepro,671,journal_confirmatory_3domain_m_weakalign_steps2000_seed2030,pretrained_embedding,True
2030,journal_confirmatory_3domain_m_weakalign_steps2000_seed2030,2028,physionet_hyser,physionet_grabmyo,987,journal_confirmatory_3domain_m_weakalign_steps2000_seed2030,pretrained_embedding,True
2030,journal_confirmatory_3domain_m_weakalign_steps2000_seed2030,2028,physionet_hyser,physionet_hyser,659,journal_confirmatory_3domain_m_weakalign_steps2000_seed2030,pretrained_embedding,True
2030,journal_confirmatory_3domain_m_weakalign_steps2000_seed2030,2029,ninapro_db10_meganepro,ninapro_db10_meganepro,2274,journal_confirmatory_3domain_m_weakalign_steps2000_seed2030,pretrained_embedding,False
2030,journal_confirmatory_3domain_m_weakalign_steps2000_seed2030,2029,ninapro_db10_meganepro,physionet_grabmyo,0,journal_confirmatory_3domain_m_weakalign_steps2000_seed2030,pretrained_embedding,False
2030,journal_confirmatory_3domain_m_weakalign_steps2000_seed2030,2029,ninapro_db10_meganepro,physionet_hyser,0,journal_confirmatory_3domain_m_weakalign_steps2000_seed2030,pretrained_embedding,False
2030,journal_confirmatory_3domain_m_weakalign_steps2000_seed2030,2029,physionet_grabmyo,ninapro_db10_meganepro,0,journal_confirmatory_3domain_m_weakalign_steps2000_seed2030,pretrained_embedding,False
2030,journal_confirmatory_3domain_m_weakalign_steps2000_seed2030,2029,physionet_grabmyo,physionet_grabmyo,2308,journal_confirmatory_3domain_m_weakalign_steps2000_seed2030,pretrained_embedding,False
2030,journal_confirmatory_3domain_m_weakalign_steps2000_seed2030,2029,physionet_grabmyo,physionet_hyser,0,journal_confirmatory_3domain_m_weakalign_steps2000_seed2030,pretrained_embedding,False
2030,journal_confirmatory_3domain_m_weakalign_steps2000_seed2030,2029,physionet_hyser,ninapro_db10_meganepro,0,journal_confirmatory_3domain_m_weakalign_steps2000_seed2030,pretrained_embedding,False
2030,journal_confirmatory_3domain_m_weakalign_steps2000_seed2030,2029,physionet_hyser,physionet_grabmyo,0,journal_confirmatory_3domain_m_weakalign_steps2000_seed2030,pretrained_embedding,False
2030,journal_confirmatory_3domain_m_weakalign_steps2000_seed2030,2029,physionet_hyser,physionet_hyser,2317,journal_confirmatory_3domain_m_weakalign_steps2000_seed2030,pretrained_embedding,False
2030,journal_confirmatory_3domain_m_weakalign_steps2000_seed2030,2029,ninapro_db10_meganepro,ninapro_db10_meganepro,1106,journal_confirmatory_3domain_m_weakalign_steps2000_seed2030,pretrained_embedding,True
2030,journal_confirmatory_3domain_m_weakalign_steps2000_seed2030,2029,ninapro_db10_meganepro,physionet_grabmyo,492,journal_confirmatory_3domain_m_weakalign_steps2000_seed2030,pretrained_embedding,True
2030,journal_confirmatory_3domain_m_weakalign_steps2000_seed2030,2029,ninapro_db10_meganepro,physionet_hyser,676,journal_confirmatory_3domain_m_weakalign_steps2000_seed2030,pretrained_embedding,True
2030,journal_confirmatory_3domain_m_weakalign_steps2000_seed2030,2029,physionet_grabmyo,ninapro_db10_meganepro,721,journal_confirmatory_3domain_m_weakalign_steps2000_seed2030,pretrained_embedding,True
2030,journal_confirmatory_3domain_m_weakalign_steps2000_seed2030,2029,physionet_grabmyo,physionet_grabmyo,785,journal_confirmatory_3domain_m_weakalign_steps2000_seed2030,pretrained_embedding,True
2030,journal_confirmatory_3domain_m_weakalign_steps2000_seed2030,2029,physionet_grabmyo,physionet_hyser,802,journal_confirmatory_3domain_m_weakalign_steps2000_seed2030,pretrained_embedding,True
2030,journal_confirmatory_3domain_m_weakalign_steps2000_seed2030,2029,physionet_hyser,ninapro_db10_meganepro,700,journal_confirmatory_3domain_m_weakalign_steps2000_seed2030,pretrained_embedding,True
2030,journal_confirmatory_3domain_m_weakalign_steps2000_seed2030,2029,physionet_hyser,physionet_grabmyo,823,journal_confirmatory_3domain_m_weakalign_steps2000_seed2030,pretrained_embedding,True
2030,journal_confirmatory_3domain_m_weakalign_steps2000_seed2030,2029,physionet_hyser,physionet_hyser,794,journal_confirmatory_3domain_m_weakalign_steps2000_seed2030,pretrained_embedding,True
2030,journal_confirmatory_3domain_m_weakalign_steps2000_seed2030,2030,ninapro_db10_meganepro,ninapro_db10_meganepro,2238,journal_confirmatory_3domain_m_weakalign_steps2000_seed2030,pretrained_embedding,False
2030,journal_confirmatory_3domain_m_weakalign_steps2000_seed2030,2030,ninapro_db10_meganepro,physionet_grabmyo,0,journal_confirmatory_3domain_m_weakalign_steps2000_seed2030,pretrained_embedding,False
2030,journal_confirmatory_3domain_m_weakalign_steps2000_seed2030,2030,ninapro_db10_meganepro,physionet_hyser,0,journal_confirmatory_3domain_m_weakalign_steps2000_seed2030,pretrained_embedding,False
2030,journal_confirmatory_3domain_m_weakalign_steps2000_seed2030,2030,physionet_grabmyo,ninapro_db10_meganepro,0,journal_confirmatory_3domain_m_weakalign_steps2000_seed2030,pretrained_embedding,False
2030,journal_confirmatory_3domain_m_weakalign_steps2000_seed2030,2030,physionet_grabmyo,physionet_grabmyo,2301,journal_confirmatory_3domain_m_weakalign_steps2000_seed2030,pretrained_embedding,False
2030,journal_confirmatory_3domain_m_weakalign_steps2000_seed2030,2030,physionet_grabmyo,physionet_hyser,0,journal_confirmatory_3domain_m_weakalign_steps2000_seed2030,pretrained_embedding,False
2030,journal_confirmatory_3domain_m_weakalign_steps2000_seed2030,2030,physionet_hyser,ninapro_db10_meganepro,0,journal_confirmatory_3domain_m_weakalign_steps2000_seed2030,pretrained_embedding,False
2030,journal_confirmatory_3domain_m_weakalign_steps2000_seed2030,2030,physionet_hyser,physionet_grabmyo,0,journal_confirmatory_3domain_m_weakalign_steps2000_seed2030,pretrained_embedding,False
2030,journal_confirmatory_3domain_m_weakalign_steps2000_seed2030,2030,physionet_hyser,physionet_hyser,2265,journal_confirmatory_3domain_m_weakalign_steps2000_seed2030,pretrained_embedding,False
2030,journal_confirmatory_3domain_m_weakalign_steps2000_seed2030,2030,ninapro_db10_meganepro,ninapro_db10_meganepro,397,journal_confirmatory_3domain_m_weakalign_steps2000_seed2030,pretrained_embedding,True
2030,journal_confirmatory_3domain_m_weakalign_steps2000_seed2030,2030,ninapro_db10_meganepro,physionet_grabmyo,632,journal_confirmatory_3domain_m_weakalign_steps2000_seed2030,pretrained_embedding,True
2030,journal_confirmatory_3domain_m_weakalign_steps2000_seed2030,2030,ninapro_db10_meganepro,physionet_hyser,1209,journal_confirmatory_3domain_m_weakalign_steps2000_seed2030,pretrained_embedding,True
2030,journal_confirmatory_3domain_m_weakalign_steps2000_seed2030,2030,physionet_grabmyo,ninapro_db10_meganepro,733,journal_confirmatory_3domain_m_weakalign_steps2000_seed2030,pretrained_embedding,True
2030,journal_confirmatory_3domain_m_weakalign_steps2000_seed2030,2030,physionet_grabmyo,physionet_grabmyo,773,journal_confirmatory_3domain_m_weakalign_steps2000_seed2030,pretrained_embedding,True
2030,journal_confirmatory_3domain_m_weakalign_steps2000_seed2030,2030,physionet_grabmyo,physionet_hyser,795,journal_confirmatory_3domain_m_weakalign_steps2000_seed2030,pretrained_embedding,True
2030,journal_confirmatory_3domain_m_weakalign_steps2000_seed2030,2030,physionet_hyser,ninapro_db10_meganepro,879,journal_confirmatory_3domain_m_weakalign_steps2000_seed2030,pretrained_embedding,True
2030,journal_confirmatory_3domain_m_weakalign_steps2000_seed2030,2030,physionet_hyser,physionet_grabmyo,609,journal_confirmatory_3domain_m_weakalign_steps2000_seed2030,pretrained_embedding,True
2030,journal_confirmatory_3domain_m_weakalign_steps2000_seed2030,2030,physionet_hyser,physionet_hyser,777,journal_confirmatory_3domain_m_weakalign_steps2000_seed2030,pretrained_embedding,True
2030,journal_confirmatory_3domain_m_weakalign_steps2000_seed2030,2031,ninapro_db10_meganepro,ninapro_db10_meganepro,2310,journal_confirmatory_3domain_m_weakalign_steps2000_seed2030,pretrained_embedding,False
2030,journal_confirmatory_3domain_m_weakalign_steps2000_seed2030,2031,ninapro_db10_meganepro,physionet_grabmyo,1,journal_confirmatory_3domain_m_weakalign_steps2000_seed2030,pretrained_embedding,False
2030,journal_confirmatory_3domain_m_weakalign_steps2000_seed2030,2031,ninapro_db10_meganepro,physionet_hyser,0,journal_confirmatory_3domain_m_weakalign_steps2000_seed2030,pretrained_embedding,False
2030,journal_confirmatory_3domain_m_weakalign_steps2000_seed2030,2031,physionet_grabmyo,ninapro_db10_meganepro,1,journal_confirmatory_3domain_m_weakalign_steps2000_seed2030,pretrained_embedding,False
2030,journal_confirmatory_3domain_m_weakalign_steps2000_seed2030,2031,physionet_grabmyo,physionet_grabmyo,2336,journal_confirmatory_3domain_m_weakalign_steps2000_seed2030,pretrained_embedding,False
2030,journal_confirmatory_3domain_m_weakalign_steps2000_seed2030,2031,physionet_grabmyo,physionet_hyser,0,journal_confirmatory_3domain_m_weakalign_steps2000_seed2030,pretrained_embedding,False
2030,journal_confirmatory_3domain_m_weakalign_steps2000_seed2030,2031,physionet_hyser,ninapro_db10_meganepro,0,journal_confirmatory_3domain_m_weakalign_steps2000_seed2030,pretrained_embedding,False
2030,journal_confirmatory_3domain_m_weakalign_steps2000_seed2030,2031,physionet_hyser,physionet_grabmyo,0,journal_confirmatory_3domain_m_weakalign_steps2000_seed2030,pretrained_embedding,False
2030,journal_confirmatory_3domain_m_weakalign_steps2000_seed2030,2031,physionet_hyser,physionet_hyser,2301,journal_confirmatory_3domain_m_weakalign_steps2000_seed2030,pretrained_embedding,False
2030,journal_confirmatory_3domain_m_weakalign_steps2000_seed2030,2031,ninapro_db10_meganepro,ninapro_db10_meganepro,789,journal_confirmatory_3domain_m_weakalign_steps2000_seed2030,pretrained_embedding,True
2030,journal_confirmatory_3domain_m_weakalign_steps2000_seed2030,2031,ninapro_db10_meganepro,physionet_grabmyo,762,journal_confirmatory_3domain_m_weakalign_steps2000_seed2030,pretrained_embedding,True
2030,journal_confirmatory_3domain_m_weakalign_steps2000_seed2030,2031,ninapro_db10_meganepro,physionet_hyser,760,journal_confirmatory_3domain_m_weakalign_steps2000_seed2030,pretrained_embedding,True
2030,journal_confirmatory_3domain_m_weakalign_steps2000_seed2030,2031,physionet_grabmyo,ninapro_db10_meganepro,871,journal_confirmatory_3domain_m_weakalign_steps2000_seed2030,pretrained_embedding,True
2030,journal_confirmatory_3domain_m_weakalign_steps2000_seed2030,2031,physionet_grabmyo,physionet_grabmyo,685,journal_confirmatory_3domain_m_weakalign_steps2000_seed2030,pretrained_embedding,True
2030,journal_confirmatory_3domain_m_weakalign_steps2000_seed2030,2031,physionet_grabmyo,physionet_hyser,781,journal_confirmatory_3domain_m_weakalign_steps2000_seed2030,pretrained_embedding,True
2030,journal_confirmatory_3domain_m_weakalign_steps2000_seed2030,2031,physionet_hyser,ninapro_db10_meganepro,856,journal_confirmatory_3domain_m_weakalign_steps2000_seed2030,pretrained_embedding,True
2030,journal_confirmatory_3domain_m_weakalign_steps2000_seed2030,2031,physionet_hyser,physionet_grabmyo,788,journal_confirmatory_3domain_m_weakalign_steps2000_seed2030,pretrained_embedding,True
2030,journal_confirmatory_3domain_m_weakalign_steps2000_seed2030,2031,physionet_hyser,physionet_hyser,657,journal_confirmatory_3domain_m_weakalign_steps2000_seed2030,pretrained_embedding,True
2030,journal_confirmatory_3domain_m_weakalign_steps2000_seed2030,2032,ninapro_db10_meganepro,ninapro_db10_meganepro,2287,journal_confirmatory_3domain_m_weakalign_steps2000_seed2030,pretrained_embedding,False
2030,journal_confirmatory_3domain_m_weakalign_steps2000_seed2030,2032,ninapro_db10_meganepro,physionet_grabmyo,1,journal_confirmatory_3domain_m_weakalign_steps2000_seed2030,pretrained_embedding,False
2030,journal_confirmatory_3domain_m_weakalign_steps2000_seed2030,2032,ninapro_db10_meganepro,physionet_hyser,0,journal_confirmatory_3domain_m_weakalign_steps2000_seed2030,pretrained_embedding,False
2030,journal_confirmatory_3domain_m_weakalign_steps2000_seed2030,2032,physionet_grabmyo,ninapro_db10_meganepro,0,journal_confirmatory_3domain_m_weakalign_steps2000_seed2030,pretrained_embedding,False
2030,journal_confirmatory_3domain_m_weakalign_steps2000_seed2030,2032,physionet_grabmyo,physionet_grabmyo,2297,journal_confirmatory_3domain_m_weakalign_steps2000_seed2030,pretrained_embedding,False
2030,journal_confirmatory_3domain_m_weakalign_steps2000_seed2030,2032,physionet_grabmyo,physionet_hyser,0,journal_confirmatory_3domain_m_weakalign_steps2000_seed2030,pretrained_embedding,False
2030,journal_confirmatory_3domain_m_weakalign_steps2000_seed2030,2032,physionet_hyser,ninapro_db10_meganepro,0,journal_confirmatory_3domain_m_weakalign_steps2000_seed2030,pretrained_embedding,False
2030,journal_confirmatory_3domain_m_weakalign_steps2000_seed2030,2032,physionet_hyser,physionet_grabmyo,0,journal_confirmatory_3domain_m_weakalign_steps2000_seed2030,pretrained_embedding,False
2030,journal_confirmatory_3domain_m_weakalign_steps2000_seed2030,2032,physionet_hyser,physionet_hyser,2304,journal_confirmatory_3domain_m_weakalign_steps2000_seed2030,pretrained_embedding,False
2030,journal_confirmatory_3domain_m_weakalign_steps2000_seed2030,2032,ninapro_db10_meganepro,ninapro_db10_meganepro,896,journal_confirmatory_3domain_m_weakalign_steps2000_seed2030,pretrained_embedding,True
2030,journal_confirmatory_3domain_m_weakalign_steps2000_seed2030,2032,ninapro_db10_meganepro,physionet_grabmyo,597,journal_confirmatory_3domain_m_weakalign_steps2000_seed2030,pretrained_embedding,True
2030,journal_confirmatory_3domain_m_weakalign_steps2000_seed2030,2032,ninapro_db10_meganepro,physionet_hyser,795,journal_confirmatory_3domain_m_weakalign_steps2000_seed2030,pretrained_embedding,True
2030,journal_confirmatory_3domain_m_weakalign_steps2000_seed2030,2032,physionet_grabmyo,ninapro_db10_meganepro,739,journal_confirmatory_3domain_m_weakalign_steps2000_seed2030,pretrained_embedding,True
2030,journal_confirmatory_3domain_m_weakalign_steps2000_seed2030,2032,physionet_grabmyo,physionet_grabmyo,846,journal_confirmatory_3domain_m_weakalign_steps2000_seed2030,pretrained_embedding,True
2030,journal_confirmatory_3domain_m_weakalign_steps2000_seed2030,2032,physionet_grabmyo,physionet_hyser,712,journal_confirmatory_3domain_m_weakalign_steps2000_seed2030,pretrained_embedding,True
2030,journal_confirmatory_3domain_m_weakalign_steps2000_seed2030,2032,physionet_hyser,ninapro_db10_meganepro,801,journal_confirmatory_3domain_m_weakalign_steps2000_seed2030,pretrained_embedding,True
2030,journal_confirmatory_3domain_m_weakalign_steps2000_seed2030,2032,physionet_hyser,physionet_grabmyo,785,journal_confirmatory_3domain_m_weakalign_steps2000_seed2030,pretrained_embedding,True
2030,journal_confirmatory_3domain_m_weakalign_steps2000_seed2030,2032,physionet_hyser,physionet_hyser,718,journal_confirmatory_3domain_m_weakalign_steps2000_seed2030,pretrained_embedding,True
2030,journal_confirmatory_3domain_m_weakalign_steps2000_seed2030,2033,ninapro_db10_meganepro,ninapro_db10_meganepro,2289,journal_confirmatory_3domain_m_weakalign_steps2000_seed2030,pretrained_embedding,False
2030,journal_confirmatory_3domain_m_weakalign_steps2000_seed2030,2033,ninapro_db10_meganepro,physionet_grabmyo,0,journal_confirmatory_3domain_m_weakalign_steps2000_seed2030,pretrained_embedding,False
2030,journal_confirmatory_3domain_m_weakalign_steps2000_seed2030,2033,ninapro_db10_meganepro,physionet_hyser,0,journal_confirmatory_3domain_m_weakalign_steps2000_seed2030,pretrained_embedding,False
2030,journal_confirmatory_3domain_m_weakalign_steps2000_seed2030,2033,physionet_grabmyo,ninapro_db10_meganepro,1,journal_confirmatory_3domain_m_weakalign_steps2000_seed2030,pretrained_embedding,False
2030,journal_confirmatory_3domain_m_weakalign_steps2000_seed2030,2033,physionet_grabmyo,physionet_grabmyo,2326,journal_confirmatory_3domain_m_weakalign_steps2000_seed2030,pretrained_embedding,False
2030,journal_confirmatory_3domain_m_weakalign_steps2000_seed2030,2033,physionet_grabmyo,physionet_hyser,0,journal_confirmatory_3domain_m_weakalign_steps2000_seed2030,pretrained_embedding,False
2030,journal_confirmatory_3domain_m_weakalign_steps2000_seed2030,2033,physionet_hyser,ninapro_db10_meganepro,0,journal_confirmatory_3domain_m_weakalign_steps2000_seed2030,pretrained_embedding,False
2030,journal_confirmatory_3domain_m_weakalign_steps2000_seed2030,2033,physionet_hyser,physionet_grabmyo,0,journal_confirmatory_3domain_m_weakalign_steps2000_seed2030,pretrained_embedding,False
2030,journal_confirmatory_3domain_m_weakalign_steps2000_seed2030,2033,physionet_hyser,physionet_hyser,2310,journal_confirmatory_3domain_m_weakalign_steps2000_seed2030,pretrained_embedding,False
2030,journal_confirmatory_3domain_m_weakalign_steps2000_seed2030,2033,ninapro_db10_meganepro,ninapro_db10_meganepro,726,journal_confirmatory_3domain_m_weakalign_steps2000_seed2030,pretrained_embedding,True
2030,journal_confirmatory_3domain_m_weakalign_steps2000_seed2030,2033,ninapro_db10_meganepro,physionet_grabmyo,487,journal_confirmatory_3domain_m_weakalign_steps2000_seed2030,pretrained_embedding,True
2030,journal_confirmatory_3domain_m_weakalign_steps2000_seed2030,2033,ninapro_db10_meganepro,physionet_hyser,1076,journal_confirmatory_3domain_m_weakalign_steps2000_seed2030,pretrained_embedding,True
2030,journal_confirmatory_3domain_m_weakalign_steps2000_seed2030,2033,physionet_grabmyo,ninapro_db10_meganepro,722,journal_confirmatory_3domain_m_weakalign_steps2000_seed2030,pretrained_embedding,True
2030,journal_confirmatory_3domain_m_weakalign_steps2000_seed2030,2033,physionet_grabmyo,physionet_grabmyo,839,journal_confirmatory_3domain_m_weakalign_steps2000_seed2030,pretrained_embedding,True
2030,journal_confirmatory_3domain_m_weakalign_steps2000_seed2030,2033,physionet_grabmyo,physionet_hyser,766,journal_confirmatory_3domain_m_weakalign_steps2000_seed2030,pretrained_embedding,True
2030,journal_confirmatory_3domain_m_weakalign_steps2000_seed2030,2033,physionet_hyser,ninapro_db10_meganepro,750,journal_confirmatory_3domain_m_weakalign_steps2000_seed2030,pretrained_embedding,True
2030,journal_confirmatory_3domain_m_weakalign_steps2000_seed2030,2033,physionet_hyser,physionet_grabmyo,755,journal_confirmatory_3domain_m_weakalign_steps2000_seed2030,pretrained_embedding,True
2030,journal_confirmatory_3domain_m_weakalign_steps2000_seed2030,2033,physionet_hyser,physionet_hyser,805,journal_confirmatory_3domain_m_weakalign_steps2000_seed2030,pretrained_embedding,True
2030,journal_confirmatory_3domain_m_weakalign_steps2000_seed2030,2034,ninapro_db10_meganepro,ninapro_db10_meganepro,2276,journal_confirmatory_3domain_m_weakalign_steps2000_seed2030,pretrained_embedding,False
2030,journal_confirmatory_3domain_m_weakalign_steps2000_seed2030,2034,ninapro_db10_meganepro,physionet_grabmyo,0,journal_confirmatory_3domain_m_weakalign_steps2000_seed2030,pretrained_embedding,False
2030,journal_confirmatory_3domain_m_weakalign_steps2000_seed2030,2034,ninapro_db10_meganepro,physionet_hyser,0,journal_confirmatory_3domain_m_weakalign_steps2000_seed2030,pretrained_embedding,False
2030,journal_confirmatory_3domain_m_weakalign_steps2000_seed2030,2034,physionet_grabmyo,ninapro_db10_meganepro,0,journal_confirmatory_3domain_m_weakalign_steps2000_seed2030,pretrained_embedding,False
2030,journal_confirmatory_3domain_m_weakalign_steps2000_seed2030,2034,physionet_grabmyo,physionet_grabmyo,2280,journal_confirmatory_3domain_m_weakalign_steps2000_seed2030,pretrained_embedding,False
2030,journal_confirmatory_3domain_m_weakalign_steps2000_seed2030,2034,physionet_grabmyo,physionet_hyser,0,journal_confirmatory_3domain_m_weakalign_steps2000_seed2030,pretrained_embedding,False
2030,journal_confirmatory_3domain_m_weakalign_steps2000_seed2030,2034,physionet_hyser,ninapro_db10_meganepro,0,journal_confirmatory_3domain_m_weakalign_steps2000_seed2030,pretrained_embedding,False
2030,journal_confirmatory_3domain_m_weakalign_steps2000_seed2030,2034,physionet_hyser,physionet_grabmyo,0,journal_confirmatory_3domain_m_weakalign_steps2000_seed2030,pretrained_embedding,False
2030,journal_confirmatory_3domain_m_weakalign_steps2000_seed2030,2034,physionet_hyser,physionet_hyser,2264,journal_confirmatory_3domain_m_weakalign_steps2000_seed2030,pretrained_embedding,False
2030,journal_confirmatory_3domain_m_weakalign_steps2000_seed2030,2034,ninapro_db10_meganepro,ninapro_db10_meganepro,840,journal_confirmatory_3domain_m_weakalign_steps2000_seed2030,pretrained_embedding,True
2030,journal_confirmatory_3domain_m_weakalign_steps2000_seed2030,2034,ninapro_db10_meganepro,physionet_grabmyo,722,journal_confirmatory_3domain_m_weakalign_steps2000_seed2030,pretrained_embedding,True
2030,journal_confirmatory_3domain_m_weakalign_steps2000_seed2030,2034,ninapro_db10_meganepro,physionet_hyser,714,journal_confirmatory_3domain_m_weakalign_steps2000_seed2030,pretrained_embedding,True
2030,journal_confirmatory_3domain_m_weakalign_steps2000_seed2030,2034,physionet_grabmyo,ninapro_db10_meganepro,851,journal_confirmatory_3domain_m_weakalign_steps2000_seed2030,pretrained_embedding,True
2030,journal_confirmatory_3domain_m_weakalign_steps2000_seed2030,2034,physionet_grabmyo,physionet_grabmyo,719,journal_confirmatory_3domain_m_weakalign_steps2000_seed2030,pretrained_embedding,True
2030,journal_confirmatory_3domain_m_weakalign_steps2000_seed2030,2034,physionet_grabmyo,physionet_hyser,710,journal_confirmatory_3domain_m_weakalign_steps2000_seed2030,pretrained_embedding,True
2030,journal_confirmatory_3domain_m_weakalign_steps2000_seed2030,2034,physionet_hyser,ninapro_db10_meganepro,746,journal_confirmatory_3domain_m_weakalign_steps2000_seed2030,pretrained_embedding,True
2030,journal_confirmatory_3domain_m_weakalign_steps2000_seed2030,2034,physionet_hyser,physionet_grabmyo,742,journal_confirmatory_3domain_m_weakalign_steps2000_seed2030,pretrained_embedding,True
2030,journal_confirmatory_3domain_m_weakalign_steps2000_seed2030,2034,physionet_hyser,physionet_hyser,776,journal_confirmatory_3domain_m_weakalign_steps2000_seed2030,pretrained_embedding,True
2030,journal_confirmatory_3domain_m_weakalign_steps2000_seed2030,2035,ninapro_db10_meganepro,ninapro_db10_meganepro,2295,journal_confirmatory_3domain_m_weakalign_steps2000_seed2030,pretrained_embedding,False
2030,journal_confirmatory_3domain_m_weakalign_steps2000_seed2030,2035,ninapro_db10_meganepro,physionet_grabmyo,0,journal_confirmatory_3domain_m_weakalign_steps2000_seed2030,pretrained_embedding,False
2030,journal_confirmatory_3domain_m_weakalign_steps2000_seed2030,2035,ninapro_db10_meganepro,physionet_hyser,0,journal_confirmatory_3domain_m_weakalign_steps2000_seed2030,pretrained_embedding,False
2030,journal_confirmatory_3domain_m_weakalign_steps2000_seed2030,2035,physionet_grabmyo,ninapro_db10_meganepro,0,journal_confirmatory_3domain_m_weakalign_steps2000_seed2030,pretrained_embedding,False
2030,journal_confirmatory_3domain_m_weakalign_steps2000_seed2030,2035,physionet_grabmyo,physionet_grabmyo,2319,journal_confirmatory_3domain_m_weakalign_steps2000_seed2030,pretrained_embedding,False
2030,journal_confirmatory_3domain_m_weakalign_steps2000_seed2030,2035,physionet_grabmyo,physionet_hyser,0,journal_confirmatory_3domain_m_weakalign_steps2000_seed2030,pretrained_embedding,False
2030,journal_confirmatory_3domain_m_weakalign_steps2000_seed2030,2035,physionet_hyser,ninapro_db10_meganepro,0,journal_confirmatory_3domain_m_weakalign_steps2000_seed2030,pretrained_embedding,False
2030,journal_confirmatory_3domain_m_weakalign_steps2000_seed2030,2035,physionet_hyser,physionet_grabmyo,0,journal_confirmatory_3domain_m_weakalign_steps2000_seed2030,pretrained_embedding,False
2030,journal_confirmatory_3domain_m_weakalign_steps2000_seed2030,2035,physionet_hyser,physionet_hyser,2343,journal_confirmatory_3domain_m_weakalign_steps2000_seed2030,pretrained_embedding,False
2030,journal_confirmatory_3domain_m_weakalign_steps2000_seed2030,2035,ninapro_db10_meganepro,ninapro_db10_meganepro,680,journal_confirmatory_3domain_m_weakalign_steps2000_seed2030,pretrained_embedding,True
2030,journal_confirmatory_3domain_m_weakalign_steps2000_seed2030,2035,ninapro_db10_meganepro,physionet_grabmyo,573,journal_confirmatory_3domain_m_weakalign_steps2000_seed2030,pretrained_embedding,True
2030,journal_confirmatory_3domain_m_weakalign_steps2000_seed2030,2035,ninapro_db10_meganepro,physionet_hyser,1042,journal_confirmatory_3domain_m_weakalign_steps2000_seed2030,pretrained_embedding,True
2030,journal_confirmatory_3domain_m_weakalign_steps2000_seed2030,2035,physionet_grabmyo,ninapro_db10_meganepro,661,journal_confirmatory_3domain_m_weakalign_steps2000_seed2030,pretrained_embedding,True
2030,journal_confirmatory_3domain_m_weakalign_steps2000_seed2030,2035,physionet_grabmyo,physionet_grabmyo,821,journal_confirmatory_3domain_m_weakalign_steps2000_seed2030,pretrained_embedding,True
2030,journal_confirmatory_3domain_m_weakalign_steps2000_seed2030,2035,physionet_grabmyo,physionet_hyser,837,journal_confirmatory_3domain_m_weakalign_steps2000_seed2030,pretrained_embedding,True
2030,journal_confirmatory_3domain_m_weakalign_steps2000_seed2030,2035,physionet_hyser,ninapro_db10_meganepro,758,journal_confirmatory_3domain_m_weakalign_steps2000_seed2030,pretrained_embedding,True
2030,journal_confirmatory_3domain_m_weakalign_steps2000_seed2030,2035,physionet_hyser,physionet_grabmyo,689,journal_confirmatory_3domain_m_weakalign_steps2000_seed2030,pretrained_embedding,True
2030,journal_confirmatory_3domain_m_weakalign_steps2000_seed2030,2035,physionet_hyser,physionet_hyser,896,journal_confirmatory_3domain_m_weakalign_steps2000_seed2030,pretrained_embedding,True
