encoder_seed,encoder_run,dataset,protocol,calibration_per_class,comparison,metric,n_paired_trials,delta_mean,delta_ci95,win_rate
2026,journal_confirmatory_3domain_m_weakalign_steps2000_seed2026,physionet_grabmyo,source_only,0,pretrained_encoder_minus_raw_stats,acc,430,-0.014811837453558,0.0041992851477142,0.3837209302325581
2026,journal_confirmatory_3domain_m_weakalign_steps2000_seed2026,physionet_grabmyo,source_only,0,pretrained_encoder_minus_raw_stats,balanced_acc,430,-0.0144333532760694,0.0040859543278155,0.3488372093023256
2026,journal_confirmatory_3domain_m_weakalign_steps2000_seed2026,physionet_grabmyo,source_only,0,pretrained_encoder_minus_raw_stats,macro_f1,430,-0.0096825276863842,0.0040539935539519,0.4302325581395348
2026,journal_confirmatory_3domain_m_weakalign_steps2000_seed2026,physionet_grabmyo,source_only,0,pretrained_encoder_minus_scratch_encoder,acc,430,-0.0030837776949481,0.0034192215559107,0.4069767441860465
2026,journal_confirmatory_3domain_m_weakalign_steps2000_seed2026,physionet_grabmyo,source_only,0,pretrained_encoder_minus_scratch_encoder,balanced_acc,430,-0.0029136756750523,0.0033184379019068,0.4418604651162791
2026,journal_confirmatory_3domain_m_weakalign_steps2000_seed2026,physionet_grabmyo,source_only,0,pretrained_encoder_minus_scratch_encoder,macro_f1,430,-0.0036709684220406,0.0031102249329921,0.4418604651162791
2026,journal_confirmatory_3domain_m_weakalign_steps2000_seed2026,physionet_grabmyo,source_only,0,raw_stats_plus_pretrained_minus_raw_stats,acc,430,-0.0053184122992927,0.0043373975329223,0.4883720930232558
2026,journal_confirmatory_3domain_m_weakalign_steps2000_seed2026,physionet_grabmyo,source_only,0,raw_stats_plus_pretrained_minus_raw_stats,balanced_acc,430,-0.0042902722830204,0.0042512141513082,0.5
2026,journal_confirmatory_3domain_m_weakalign_steps2000_seed2026,physionet_grabmyo,source_only,0,raw_stats_plus_pretrained_minus_raw_stats,macro_f1,430,0.0002299997041331,0.0042755573444286,0.5581395348837209
2026,journal_confirmatory_3domain_m_weakalign_steps2000_seed2026,physionet_grabmyo,source_plus_calibration,0,pretrained_encoder_minus_raw_stats,acc,430,-0.014811837453558,0.0041992851477142,0.3837209302325581
2026,journal_confirmatory_3domain_m_weakalign_steps2000_seed2026,physionet_grabmyo,source_plus_calibration,0,pretrained_encoder_minus_raw_stats,balanced_acc,430,-0.0144333532760694,0.0040859543278155,0.3488372093023256
2026,journal_confirmatory_3domain_m_weakalign_steps2000_seed2026,physionet_grabmyo,source_plus_calibration,0,pretrained_encoder_minus_raw_stats,macro_f1,430,-0.0096825276863842,0.0040539935539519,0.4302325581395348
2026,journal_confirmatory_3domain_m_weakalign_steps2000_seed2026,physionet_grabmyo,source_plus_calibration,0,pretrained_encoder_minus_scratch_encoder,acc,430,-0.0030837776949481,0.0034192215559107,0.4069767441860465
2026,journal_confirmatory_3domain_m_weakalign_steps2000_seed2026,physionet_grabmyo,source_plus_calibration,0,pretrained_encoder_minus_scratch_encoder,balanced_acc,430,-0.0029136756750523,0.0033184379019068,0.4418604651162791
2026,journal_confirmatory_3domain_m_weakalign_steps2000_seed2026,physionet_grabmyo,source_plus_calibration,0,pretrained_encoder_minus_scratch_encoder,macro_f1,430,-0.0036709684220406,0.0031102249329921,0.4418604651162791
2026,journal_confirmatory_3domain_m_weakalign_steps2000_seed2026,physionet_grabmyo,source_plus_calibration,0,raw_stats_plus_pretrained_minus_raw_stats,acc,430,-0.0053184122992927,0.0043373975329223,0.4883720930232558
2026,journal_confirmatory_3domain_m_weakalign_steps2000_seed2026,physionet_grabmyo,source_plus_calibration,0,raw_stats_plus_pretrained_minus_raw_stats,balanced_acc,430,-0.0042902722830204,0.0042512141513082,0.5
2026,journal_confirmatory_3domain_m_weakalign_steps2000_seed2026,physionet_grabmyo,source_plus_calibration,0,raw_stats_plus_pretrained_minus_raw_stats,macro_f1,430,0.0002299997041331,0.0042755573444286,0.5581395348837209
2026,journal_confirmatory_3domain_m_weakalign_steps2000_seed2026,physionet_grabmyo,source_plus_calibration,1,pretrained_encoder_minus_raw_stats,acc,430,-0.0175599851704774,0.0046267472671128,0.3558139534883721
2026,journal_confirmatory_3domain_m_weakalign_steps2000_seed2026,physionet_grabmyo,source_plus_calibration,1,pretrained_encoder_minus_raw_stats,balanced_acc,430,-0.0183575112097883,0.0046258351710937,0.3558139534883721
2026,journal_confirmatory_3domain_m_weakalign_steps2000_seed2026,physionet_grabmyo,source_plus_calibration,1,pretrained_encoder_minus_raw_stats,macro_f1,430,-0.012432831617651,0.0043812164882569,0.413953488372093
2026,journal_confirmatory_3domain_m_weakalign_steps2000_seed2026,physionet_grabmyo,source_plus_calibration,1,pretrained_encoder_minus_scratch_encoder,acc,430,6.24432353641766e-05,0.003911820782408,0.4930232558139535
2026,journal_confirmatory_3domain_m_weakalign_steps2000_seed2026,physionet_grabmyo,source_plus_calibration,1,pretrained_encoder_minus_scratch_encoder,balanced_acc,430,-0.000820600776424,0.0039589821767997,0.4837209302325581
2026,journal_confirmatory_3domain_m_weakalign_steps2000_seed2026,physionet_grabmyo,source_plus_calibration,1,pretrained_encoder_minus_scratch_encoder,macro_f1,430,-0.0001817162595957,0.003660160314331,0.4953488372093023
2026,journal_confirmatory_3domain_m_weakalign_steps2000_seed2026,physionet_grabmyo,source_plus_calibration,1,raw_stats_plus_pretrained_minus_raw_stats,acc,430,-0.0051940444837809,0.0044593416568085,0.4418604651162791
2026,journal_confirmatory_3domain_m_weakalign_steps2000_seed2026,physionet_grabmyo,source_plus_calibration,1,raw_stats_plus_pretrained_minus_raw_stats,balanced_acc,430,-0.0054984110554092,0.0044323222261142,0.4581395348837209
2026,journal_confirmatory_3domain_m_weakalign_steps2000_seed2026,physionet_grabmyo,source_plus_calibration,1,raw_stats_plus_pretrained_minus_raw_stats,macro_f1,430,0.0005304641619679,0.0043247850780034,0.5
2026,journal_confirmatory_3domain_m_weakalign_steps2000_seed2026,physionet_grabmyo,source_plus_calibration,2,pretrained_encoder_minus_raw_stats,acc,430,-0.0251483622083915,0.0045339724934022,0.2953488372093023
2026,journal_confirmatory_3domain_m_weakalign_steps2000_seed2026,physionet_grabmyo,source_plus_calibration,2,pretrained_encoder_minus_raw_stats,balanced_acc,430,-0.0242301782302896,0.0045598593141355,0.2930232558139535
2026,journal_confirmatory_3domain_m_weakalign_steps2000_seed2026,physionet_grabmyo,source_plus_calibration,2,pretrained_encoder_minus_raw_stats,macro_f1,430,-0.0189398959650785,0.0042847540536068,0.341860465116279
2026,journal_confirmatory_3domain_m_weakalign_steps2000_seed2026,physionet_grabmyo,source_plus_calibration,2,pretrained_encoder_minus_scratch_encoder,acc,430,-0.0045137864467492,0.0041409794704516,0.4511627906976744
2026,journal_confirmatory_3domain_m_weakalign_steps2000_seed2026,physionet_grabmyo,source_plus_calibration,2,pretrained_encoder_minus_scratch_encoder,balanced_acc,430,-0.0046981011370111,0.0042097813004322,0.4790697674418605
2026,journal_confirmatory_3domain_m_weakalign_steps2000_seed2026,physionet_grabmyo,source_plus_calibration,2,pretrained_encoder_minus_scratch_encoder,macro_f1,430,-0.0043861925841356,0.0038975965805762,0.4744186046511628
2026,journal_confirmatory_3domain_m_weakalign_steps2000_seed2026,physionet_grabmyo,source_plus_calibration,2,raw_stats_plus_pretrained_minus_raw_stats,acc,430,-0.0089257591319906,0.0045179916828824,0.4209302325581395
2026,journal_confirmatory_3domain_m_weakalign_steps2000_seed2026,physionet_grabmyo,source_plus_calibration,2,raw_stats_plus_pretrained_minus_raw_stats,balanced_acc,430,-0.0075981258636346,0.0043735839142783,0.427906976744186
2026,journal_confirmatory_3domain_m_weakalign_steps2000_seed2026,physionet_grabmyo,source_plus_calibration,2,raw_stats_plus_pretrained_minus_raw_stats,macro_f1,430,-0.0021717386948407,0.0042264310107453,0.5023255813953489
2026,journal_confirmatory_3domain_m_weakalign_steps2000_seed2026,physionet_grabmyo,source_plus_calibration,5,pretrained_encoder_minus_raw_stats,acc,430,-0.0294650195782636,0.0050762815222877,0.2697674418604651
2026,journal_confirmatory_3domain_m_weakalign_steps2000_seed2026,physionet_grabmyo,source_plus_calibration,5,pretrained_encoder_minus_raw_stats,balanced_acc,430,-0.0266913254955011,0.0053040450799462,0.3093023255813953
2026,journal_confirmatory_3domain_m_weakalign_steps2000_seed2026,physionet_grabmyo,source_plus_calibration,5,pretrained_encoder_minus_raw_stats,macro_f1,430,-0.02085775353103,0.0048753688437478,0.3348837209302325
2026,journal_confirmatory_3domain_m_weakalign_steps2000_seed2026,physionet_grabmyo,source_plus_calibration,5,pretrained_encoder_minus_scratch_encoder,acc,430,-0.0049360407251181,0.0047194960342448,0.4395348837209302
2026,journal_confirmatory_3domain_m_weakalign_steps2000_seed2026,physionet_grabmyo,source_plus_calibration,5,pretrained_encoder_minus_scratch_encoder,balanced_acc,430,-0.0045538560989218,0.0050124142861724,0.4627906976744186
2026,journal_confirmatory_3domain_m_weakalign_steps2000_seed2026,physionet_grabmyo,source_plus_calibration,5,pretrained_encoder_minus_scratch_encoder,macro_f1,430,-0.0041636914455541,0.0045078449562283,0.4395348837209302
2026,journal_confirmatory_3domain_m_weakalign_steps2000_seed2026,physionet_grabmyo,source_plus_calibration,5,raw_stats_plus_pretrained_minus_raw_stats,acc,430,-0.0150887593690111,0.0050839972161345,0.3697674418604651
2026,journal_confirmatory_3domain_m_weakalign_steps2000_seed2026,physionet_grabmyo,source_plus_calibration,5,raw_stats_plus_pretrained_minus_raw_stats,balanced_acc,430,-0.0121195404043109,0.0050906082588975,0.4232558139534884
2026,journal_confirmatory_3domain_m_weakalign_steps2000_seed2026,physionet_grabmyo,source_plus_calibration,5,raw_stats_plus_pretrained_minus_raw_stats,macro_f1,430,-0.0061541163999453,0.0047943048037325,0.4744186046511628
2026,journal_confirmatory_3domain_m_weakalign_steps2000_seed2026,physionet_grabmyo,source_plus_calibration,10,pretrained_encoder_minus_raw_stats,acc,430,-0.0270092511237276,0.0068346199062695,0.3209302325581395
2026,journal_confirmatory_3domain_m_weakalign_steps2000_seed2026,physionet_grabmyo,source_plus_calibration,10,pretrained_encoder_minus_raw_stats,balanced_acc,430,-0.0249494814955585,0.0072645882665985,0.3488372093023256
2026,journal_confirmatory_3domain_m_weakalign_steps2000_seed2026,physionet_grabmyo,source_plus_calibration,10,pretrained_encoder_minus_raw_stats,macro_f1,430,-0.0158294956778324,0.0058379934619988,0.3790697674418604
2026,journal_confirmatory_3domain_m_weakalign_steps2000_seed2026,physionet_grabmyo,source_plus_calibration,10,pretrained_encoder_minus_scratch_encoder,acc,430,0.0044474155861298,0.006278536879053,0.5023255813953489
2026,journal_confirmatory_3domain_m_weakalign_steps2000_seed2026,physionet_grabmyo,source_plus_calibration,10,pretrained_encoder_minus_scratch_encoder,balanced_acc,430,0.0070263328800715,0.0064879698702559,0.5790697674418605
2026,journal_confirmatory_3domain_m_weakalign_steps2000_seed2026,physionet_grabmyo,source_plus_calibration,10,pretrained_encoder_minus_scratch_encoder,macro_f1,430,0.0051286528721673,0.0054122982564178,0.5651162790697675
2026,journal_confirmatory_3domain_m_weakalign_steps2000_seed2026,physionet_grabmyo,source_plus_calibration,10,raw_stats_plus_pretrained_minus_raw_stats,acc,430,-0.0150542284879249,0.0066113402046884,0.3837209302325581
2026,journal_confirmatory_3domain_m_weakalign_steps2000_seed2026,physionet_grabmyo,source_plus_calibration,10,raw_stats_plus_pretrained_minus_raw_stats,balanced_acc,430,-0.0138663507953458,0.0070522567509537,0.3953488372093023
2026,journal_confirmatory_3domain_m_weakalign_steps2000_seed2026,physionet_grabmyo,source_plus_calibration,10,raw_stats_plus_pretrained_minus_raw_stats,macro_f1,430,-0.0036871579853483,0.0057573408391144,0.4744186046511628
2026,journal_confirmatory_3domain_m_weakalign_steps2000_seed2026,physionet_grabmyo,target_calibration_only,1,pretrained_encoder_minus_raw_stats,acc,430,0.0118068532588398,0.0039868294875772,0.5906976744186047
2026,journal_confirmatory_3domain_m_weakalign_steps2000_seed2026,physionet_grabmyo,target_calibration_only,1,pretrained_encoder_minus_raw_stats,balanced_acc,430,0.0115819546966335,0.0039746626578144,0.6069767441860465
2026,journal_confirmatory_3domain_m_weakalign_steps2000_seed2026,physionet_grabmyo,target_calibration_only,1,pretrained_encoder_minus_raw_stats,macro_f1,430,0.0086413430302932,0.0036901577062559,0.5883720930232558
2026,journal_confirmatory_3domain_m_weakalign_steps2000_seed2026,physionet_grabmyo,target_calibration_only,1,pretrained_encoder_minus_scratch_encoder,acc,430,0.0145068277219152,0.0035756564889866,0.6325581395348837
2026,journal_confirmatory_3domain_m_weakalign_steps2000_seed2026,physionet_grabmyo,target_calibration_only,1,pretrained_encoder_minus_scratch_encoder,balanced_acc,430,0.0149233753745562,0.0035431814302148,0.672093023255814
2026,journal_confirmatory_3domain_m_weakalign_steps2000_seed2026,physionet_grabmyo,target_calibration_only,1,pretrained_encoder_minus_scratch_encoder,macro_f1,430,0.0133406294930521,0.00329270707896,0.6604651162790698
2026,journal_confirmatory_3domain_m_weakalign_steps2000_seed2026,physionet_grabmyo,target_calibration_only,1,raw_stats_plus_pretrained_minus_raw_stats,acc,430,0.0239446139162791,0.003734319767569,0.7186046511627907
2026,journal_confirmatory_3domain_m_weakalign_steps2000_seed2026,physionet_grabmyo,target_calibration_only,1,raw_stats_plus_pretrained_minus_raw_stats,balanced_acc,430,0.0236942322707645,0.0037633455576574,0.7348837209302326
2026,journal_confirmatory_3domain_m_weakalign_steps2000_seed2026,physionet_grabmyo,target_calibration_only,1,raw_stats_plus_pretrained_minus_raw_stats,macro_f1,430,0.0204953639934156,0.0034561521421631,0.7255813953488373
2026,journal_confirmatory_3domain_m_weakalign_steps2000_seed2026,physionet_grabmyo,target_calibration_only,2,pretrained_encoder_minus_raw_stats,acc,430,0.0254956316522139,0.0040930871739633,0.7023255813953488
2026,journal_confirmatory_3domain_m_weakalign_steps2000_seed2026,physionet_grabmyo,target_calibration_only,2,pretrained_encoder_minus_raw_stats,balanced_acc,430,0.0257956501943737,0.0040995296791472,0.7232558139534884
2026,journal_confirmatory_3domain_m_weakalign_steps2000_seed2026,physionet_grabmyo,target_calibration_only,2,pretrained_encoder_minus_raw_stats,macro_f1,430,0.0207950653625071,0.0038408580082965,0.7
2026,journal_confirmatory_3domain_m_weakalign_steps2000_seed2026,physionet_grabmyo,target_calibration_only,2,pretrained_encoder_minus_scratch_encoder,acc,430,0.017518993951652,0.003548314446107,0.6651162790697674
2026,journal_confirmatory_3domain_m_weakalign_steps2000_seed2026,physionet_grabmyo,target_calibration_only,2,pretrained_encoder_minus_scratch_encoder,balanced_acc,430,0.0179250192563961,0.0035542146985356,0.6906976744186046
2026,journal_confirmatory_3domain_m_weakalign_steps2000_seed2026,physionet_grabmyo,target_calibration_only,2,pretrained_encoder_minus_scratch_encoder,macro_f1,430,0.0152575314438158,0.0032878177633569,0.6790697674418604
2026,journal_confirmatory_3domain_m_weakalign_steps2000_seed2026,physionet_grabmyo,target_calibration_only,2,raw_stats_plus_pretrained_minus_raw_stats,acc,430,0.0398593389123636,0.0037097253044402,0.8348837209302326
2026,journal_confirmatory_3domain_m_weakalign_steps2000_seed2026,physionet_grabmyo,target_calibration_only,2,raw_stats_plus_pretrained_minus_raw_stats,balanced_acc,430,0.0407516794122474,0.0038003580333983,0.8395348837209302
2026,journal_confirmatory_3domain_m_weakalign_steps2000_seed2026,physionet_grabmyo,target_calibration_only,2,raw_stats_plus_pretrained_minus_raw_stats,macro_f1,430,0.0352232442221054,0.0034988676531507,0.8232558139534883
2026,journal_confirmatory_3domain_m_weakalign_steps2000_seed2026,physionet_grabmyo,target_calibration_only,5,pretrained_encoder_minus_raw_stats,acc,430,0.0287374714720372,0.0051094643713055,0.7069767441860465
2026,journal_confirmatory_3domain_m_weakalign_steps2000_seed2026,physionet_grabmyo,target_calibration_only,5,pretrained_encoder_minus_raw_stats,balanced_acc,430,0.0300971279873718,0.0053958159846524,0.7302325581395349
2026,journal_confirmatory_3domain_m_weakalign_steps2000_seed2026,physionet_grabmyo,target_calibration_only,5,pretrained_encoder_minus_raw_stats,macro_f1,430,0.0248955206468386,0.0048477530206886,0.7023255813953488
2026,journal_confirmatory_3domain_m_weakalign_steps2000_seed2026,physionet_grabmyo,target_calibration_only,5,pretrained_encoder_minus_scratch_encoder,acc,430,0.0143667775824996,0.0041151755106477,0.6116279069767442
2026,journal_confirmatory_3domain_m_weakalign_steps2000_seed2026,physionet_grabmyo,target_calibration_only,5,pretrained_encoder_minus_scratch_encoder,balanced_acc,430,0.0150193153593802,0.0046239184388066,0.6302325581395349
2026,journal_confirmatory_3domain_m_weakalign_steps2000_seed2026,physionet_grabmyo,target_calibration_only,5,pretrained_encoder_minus_scratch_encoder,macro_f1,430,0.0141346329636442,0.0039739380857965,0.6767441860465117
2026,journal_confirmatory_3domain_m_weakalign_steps2000_seed2026,physionet_grabmyo,target_calibration_only,5,raw_stats_plus_pretrained_minus_raw_stats,acc,430,0.0489736991666039,0.0046220931417837,0.827906976744186
2026,journal_confirmatory_3domain_m_weakalign_steps2000_seed2026,physionet_grabmyo,target_calibration_only,5,raw_stats_plus_pretrained_minus_raw_stats,balanced_acc,430,0.0517415266616286,0.0048468504947031,0.858139534883721
2026,journal_confirmatory_3domain_m_weakalign_steps2000_seed2026,physionet_grabmyo,target_calibration_only,5,raw_stats_plus_pretrained_minus_raw_stats,macro_f1,430,0.0442718193243543,0.0043036053970633,0.8488372093023255
2026,journal_confirmatory_3domain_m_weakalign_steps2000_seed2026,physionet_grabmyo,target_calibration_only,10,pretrained_encoder_minus_raw_stats,acc,430,0.0047248635647765,0.0068225646871836,0.5
2026,journal_confirmatory_3domain_m_weakalign_steps2000_seed2026,physionet_grabmyo,target_calibration_only,10,pretrained_encoder_minus_raw_stats,balanced_acc,430,0.0052012688678423,0.0074696644067744,0.5372093023255814
2026,journal_confirmatory_3domain_m_weakalign_steps2000_seed2026,physionet_grabmyo,target_calibration_only,10,pretrained_encoder_minus_raw_stats,macro_f1,430,0.0027452156909658,0.0065119640977693,0.5209302325581395
2026,journal_confirmatory_3domain_m_weakalign_steps2000_seed2026,physionet_grabmyo,target_calibration_only,10,pretrained_encoder_minus_scratch_encoder,acc,430,0.0115159797313346,0.0058014662450334,0.5697674418604651
2026,journal_confirmatory_3domain_m_weakalign_steps2000_seed2026,physionet_grabmyo,target_calibration_only,10,pretrained_encoder_minus_scratch_encoder,balanced_acc,430,0.0117139135514187,0.0062868266635255,0.5720930232558139
2026,journal_confirmatory_3domain_m_weakalign_steps2000_seed2026,physionet_grabmyo,target_calibration_only,10,pretrained_encoder_minus_scratch_encoder,macro_f1,430,0.0107207242195077,0.0055086974705056,0.5837209302325581
2026,journal_confirmatory_3domain_m_weakalign_steps2000_seed2026,physionet_grabmyo,target_calibration_only,10,raw_stats_plus_pretrained_minus_raw_stats,acc,430,0.0268752963638452,0.0064247691290479,0.6209302325581395
2026,journal_confirmatory_3domain_m_weakalign_steps2000_seed2026,physionet_grabmyo,target_calibration_only,10,raw_stats_plus_pretrained_minus_raw_stats,balanced_acc,430,0.0291331016621692,0.0068285169012222,0.6674418604651163
2026,journal_confirmatory_3domain_m_weakalign_steps2000_seed2026,physionet_grabmyo,target_calibration_only,10,raw_stats_plus_pretrained_minus_raw_stats,macro_f1,430,0.0238596097618229,0.0059826425008319,0.641860465116279
2026,journal_confirmatory_3domain_m_weakalign_steps2000_seed2026,physionet_hyser,source_only,0,pretrained_encoder_minus_raw_stats,acc,100,-0.0123746781800191,0.004404802727968,0.3
2026,journal_confirmatory_3domain_m_weakalign_steps2000_seed2026,physionet_hyser,source_only,0,pretrained_encoder_minus_raw_stats,balanced_acc,100,-0.0127072660132787,0.0044578633929044,0.3
2026,journal_confirmatory_3domain_m_weakalign_steps2000_seed2026,physionet_hyser,source_only,0,pretrained_encoder_minus_raw_stats,macro_f1,100,-0.0043382013806434,0.0041818985708127,0.4
2026,journal_confirmatory_3domain_m_weakalign_steps2000_seed2026,physionet_hyser,source_only,0,pretrained_encoder_minus_scratch_encoder,acc,100,-0.0015602426393039,0.0030039594756204,0.5
2026,journal_confirmatory_3domain_m_weakalign_steps2000_seed2026,physionet_hyser,source_only,0,pretrained_encoder_minus_scratch_encoder,balanced_acc,100,-0.0009845372518424,0.0029817291708632,0.55
2026,journal_confirmatory_3domain_m_weakalign_steps2000_seed2026,physionet_hyser,source_only,0,pretrained_encoder_minus_scratch_encoder,macro_f1,100,-0.0034228480996491,0.0032435855442059,0.55
2026,journal_confirmatory_3domain_m_weakalign_steps2000_seed2026,physionet_hyser,source_only,0,raw_stats_plus_pretrained_minus_raw_stats,acc,100,-0.0051805370308105,0.0048957464562061,0.35
2026,journal_confirmatory_3domain_m_weakalign_steps2000_seed2026,physionet_hyser,source_only,0,raw_stats_plus_pretrained_minus_raw_stats,balanced_acc,100,-0.0051752879012953,0.0050920317444079,0.4
2026,journal_confirmatory_3domain_m_weakalign_steps2000_seed2026,physionet_hyser,source_only,0,raw_stats_plus_pretrained_minus_raw_stats,macro_f1,100,0.0014875139663603,0.0046017380392657,0.45
2026,journal_confirmatory_3domain_m_weakalign_steps2000_seed2026,physionet_hyser,source_plus_calibration,0,pretrained_encoder_minus_raw_stats,acc,100,-0.0123746781800191,0.004404802727968,0.3
2026,journal_confirmatory_3domain_m_weakalign_steps2000_seed2026,physionet_hyser,source_plus_calibration,0,pretrained_encoder_minus_raw_stats,balanced_acc,100,-0.0127072660132787,0.0044578633929044,0.3
2026,journal_confirmatory_3domain_m_weakalign_steps2000_seed2026,physionet_hyser,source_plus_calibration,0,pretrained_encoder_minus_raw_stats,macro_f1,100,-0.0043382013806434,0.0041818985708127,0.4
2026,journal_confirmatory_3domain_m_weakalign_steps2000_seed2026,physionet_hyser,source_plus_calibration,0,pretrained_encoder_minus_scratch_encoder,acc,100,-0.0015602426393039,0.0030039594756204,0.5
2026,journal_confirmatory_3domain_m_weakalign_steps2000_seed2026,physionet_hyser,source_plus_calibration,0,pretrained_encoder_minus_scratch_encoder,balanced_acc,100,-0.0009845372518424,0.0029817291708632,0.55
2026,journal_confirmatory_3domain_m_weakalign_steps2000_seed2026,physionet_hyser,source_plus_calibration,0,pretrained_encoder_minus_scratch_encoder,macro_f1,100,-0.0034228480996491,0.0032435855442059,0.55
2026,journal_confirmatory_3domain_m_weakalign_steps2000_seed2026,physionet_hyser,source_plus_calibration,0,raw_stats_plus_pretrained_minus_raw_stats,acc,100,-0.0051805370308105,0.0048957464562061,0.35
2026,journal_confirmatory_3domain_m_weakalign_steps2000_seed2026,physionet_hyser,source_plus_calibration,0,raw_stats_plus_pretrained_minus_raw_stats,balanced_acc,100,-0.0051752879012953,0.0050920317444079,0.4
2026,journal_confirmatory_3domain_m_weakalign_steps2000_seed2026,physionet_hyser,source_plus_calibration,0,raw_stats_plus_pretrained_minus_raw_stats,macro_f1,100,0.0014875139663603,0.0046017380392657,0.45
2026,journal_confirmatory_3domain_m_weakalign_steps2000_seed2026,physionet_hyser,source_plus_calibration,1,pretrained_encoder_minus_raw_stats,acc,100,-0.0076882394854707,0.0042570920697889,0.33
2026,journal_confirmatory_3domain_m_weakalign_steps2000_seed2026,physionet_hyser,source_plus_calibration,1,pretrained_encoder_minus_raw_stats,balanced_acc,100,-0.0084624853902518,0.0042156980200262,0.34
2026,journal_confirmatory_3domain_m_weakalign_steps2000_seed2026,physionet_hyser,source_plus_calibration,1,pretrained_encoder_minus_raw_stats,macro_f1,100,-0.0012587479946531,0.0037554837830401,0.55
2026,journal_confirmatory_3domain_m_weakalign_steps2000_seed2026,physionet_hyser,source_plus_calibration,1,pretrained_encoder_minus_scratch_encoder,acc,100,0.0013580136656334,0.0036527996019527,0.52
2026,journal_confirmatory_3domain_m_weakalign_steps2000_seed2026,physionet_hyser,source_plus_calibration,1,pretrained_encoder_minus_scratch_encoder,balanced_acc,100,0.0015639426093451,0.0035140183261298,0.55
2026,journal_confirmatory_3domain_m_weakalign_steps2000_seed2026,physionet_hyser,source_plus_calibration,1,pretrained_encoder_minus_scratch_encoder,macro_f1,100,0.0016215643112947,0.003431863889149,0.56
2026,journal_confirmatory_3domain_m_weakalign_steps2000_seed2026,physionet_hyser,source_plus_calibration,1,raw_stats_plus_pretrained_minus_raw_stats,acc,100,0.0034145619862399,0.0047470852954883,0.59
2026,journal_confirmatory_3domain_m_weakalign_steps2000_seed2026,physionet_hyser,source_plus_calibration,1,raw_stats_plus_pretrained_minus_raw_stats,balanced_acc,100,0.0025951173651018,0.0047560034023509,0.56
2026,journal_confirmatory_3domain_m_weakalign_steps2000_seed2026,physionet_hyser,source_plus_calibration,1,raw_stats_plus_pretrained_minus_raw_stats,macro_f1,100,0.00916211152753,0.0041394909745404,0.68
2026,journal_confirmatory_3domain_m_weakalign_steps2000_seed2026,physionet_hyser,source_plus_calibration,2,pretrained_encoder_minus_raw_stats,acc,100,-0.0084022592888562,0.0048247442551545,0.33
2026,journal_confirmatory_3domain_m_weakalign_steps2000_seed2026,physionet_hyser,source_plus_calibration,2,pretrained_encoder_minus_raw_stats,balanced_acc,100,-0.0081097162056957,0.0046791237743002,0.33
2026,journal_confirmatory_3domain_m_weakalign_steps2000_seed2026,physionet_hyser,source_plus_calibration,2,pretrained_encoder_minus_raw_stats,macro_f1,100,-0.0019550716071629,0.0042068378358407,0.47
2026,journal_confirmatory_3domain_m_weakalign_steps2000_seed2026,physionet_hyser,source_plus_calibration,2,pretrained_encoder_minus_scratch_encoder,acc,100,0.0022210169114688,0.0040367442041067,0.56
2026,journal_confirmatory_3domain_m_weakalign_steps2000_seed2026,physionet_hyser,source_plus_calibration,2,pretrained_encoder_minus_scratch_encoder,balanced_acc,100,0.0029239021275891,0.0038790238105744,0.58
2026,journal_confirmatory_3domain_m_weakalign_steps2000_seed2026,physionet_hyser,source_plus_calibration,2,pretrained_encoder_minus_scratch_encoder,macro_f1,100,0.0022485860412545,0.0036500732190773,0.57
2026,journal_confirmatory_3domain_m_weakalign_steps2000_seed2026,physionet_hyser,source_plus_calibration,2,raw_stats_plus_pretrained_minus_raw_stats,acc,100,0.0028522504512476,0.0053151624515866,0.55
2026,journal_confirmatory_3domain_m_weakalign_steps2000_seed2026,physionet_hyser,source_plus_calibration,2,raw_stats_plus_pretrained_minus_raw_stats,balanced_acc,100,0.0026129651813872,0.0053279067848928,0.59
2026,journal_confirmatory_3domain_m_weakalign_steps2000_seed2026,physionet_hyser,source_plus_calibration,2,raw_stats_plus_pretrained_minus_raw_stats,macro_f1,100,0.0094512232378112,0.0048293956242878,0.68
2026,journal_confirmatory_3domain_m_weakalign_steps2000_seed2026,physionet_hyser,source_plus_calibration,5,pretrained_encoder_minus_raw_stats,acc,100,-0.0083436511015477,0.0050756075109099,0.37
2026,journal_confirmatory_3domain_m_weakalign_steps2000_seed2026,physionet_hyser,source_plus_calibration,5,pretrained_encoder_minus_raw_stats,balanced_acc,100,-0.0079645662934679,0.0048876549793376,0.38
2026,journal_confirmatory_3domain_m_weakalign_steps2000_seed2026,physionet_hyser,source_plus_calibration,5,pretrained_encoder_minus_raw_stats,macro_f1,100,-0.0019771640401003,0.0042252444892688,0.41
2026,journal_confirmatory_3domain_m_weakalign_steps2000_seed2026,physionet_hyser,source_plus_calibration,5,pretrained_encoder_minus_scratch_encoder,acc,100,0.0024988444077337,0.0043124546364048,0.53
2026,journal_confirmatory_3domain_m_weakalign_steps2000_seed2026,physionet_hyser,source_plus_calibration,5,pretrained_encoder_minus_scratch_encoder,balanced_acc,100,0.0026690160664894,0.0044618705297784,0.55
2026,journal_confirmatory_3domain_m_weakalign_steps2000_seed2026,physionet_hyser,source_plus_calibration,5,pretrained_encoder_minus_scratch_encoder,macro_f1,100,0.0027024365978508,0.0039918698482803,0.54
2026,journal_confirmatory_3domain_m_weakalign_steps2000_seed2026,physionet_hyser,source_plus_calibration,5,raw_stats_plus_pretrained_minus_raw_stats,acc,100,0.0092216609223928,0.0064458315071686,0.65
2026,journal_confirmatory_3domain_m_weakalign_steps2000_seed2026,physionet_hyser,source_plus_calibration,5,raw_stats_plus_pretrained_minus_raw_stats,balanced_acc,100,0.0104041712029106,0.006020788650141,0.62
2026,journal_confirmatory_3domain_m_weakalign_steps2000_seed2026,physionet_hyser,source_plus_calibration,5,raw_stats_plus_pretrained_minus_raw_stats,macro_f1,100,0.0147782639710099,0.0053101100534867,0.72
2026,journal_confirmatory_3domain_m_weakalign_steps2000_seed2026,physionet_hyser,source_plus_calibration,10,pretrained_encoder_minus_raw_stats,acc,100,-0.0079560165960469,0.0056812674054566,0.38
2026,journal_confirmatory_3domain_m_weakalign_steps2000_seed2026,physionet_hyser,source_plus_calibration,10,pretrained_encoder_minus_raw_stats,balanced_acc,100,-0.0039988076553998,0.0062298489364551,0.47
2026,journal_confirmatory_3domain_m_weakalign_steps2000_seed2026,physionet_hyser,source_plus_calibration,10,pretrained_encoder_minus_raw_stats,macro_f1,100,0.0002458975685769,0.005093008708862,0.52
2026,journal_confirmatory_3domain_m_weakalign_steps2000_seed2026,physionet_hyser,source_plus_calibration,10,pretrained_encoder_minus_scratch_encoder,acc,100,0.0078674749780453,0.0057477289978371,0.56
2026,journal_confirmatory_3domain_m_weakalign_steps2000_seed2026,physionet_hyser,source_plus_calibration,10,pretrained_encoder_minus_scratch_encoder,balanced_acc,100,0.0105852397631346,0.0058583740829271,0.65
2026,journal_confirmatory_3domain_m_weakalign_steps2000_seed2026,physionet_hyser,source_plus_calibration,10,pretrained_encoder_minus_scratch_encoder,macro_f1,100,0.0104819935671566,0.0052066905323516,0.62
2026,journal_confirmatory_3domain_m_weakalign_steps2000_seed2026,physionet_hyser,source_plus_calibration,10,raw_stats_plus_pretrained_minus_raw_stats,acc,100,0.0123908929690238,0.0064828860520028,0.63
2026,journal_confirmatory_3domain_m_weakalign_steps2000_seed2026,physionet_hyser,source_plus_calibration,10,raw_stats_plus_pretrained_minus_raw_stats,balanced_acc,100,0.0178159845487904,0.0072957171537055,0.69
2026,journal_confirmatory_3domain_m_weakalign_steps2000_seed2026,physionet_hyser,source_plus_calibration,10,raw_stats_plus_pretrained_minus_raw_stats,macro_f1,100,0.0189178542387321,0.0060948752882007,0.76
2026,journal_confirmatory_3domain_m_weakalign_steps2000_seed2026,physionet_hyser,target_calibration_only,1,pretrained_encoder_minus_raw_stats,acc,100,0.0100746336068857,0.0045342467286857,0.64
2026,journal_confirmatory_3domain_m_weakalign_steps2000_seed2026,physionet_hyser,target_calibration_only,1,pretrained_encoder_minus_raw_stats,balanced_acc,100,0.0105558935530344,0.0046303157806213,0.64
2026,journal_confirmatory_3domain_m_weakalign_steps2000_seed2026,physionet_hyser,target_calibration_only,1,pretrained_encoder_minus_raw_stats,macro_f1,100,0.0093893051614664,0.00387530349036,0.67
2026,journal_confirmatory_3domain_m_weakalign_steps2000_seed2026,physionet_hyser,target_calibration_only,1,pretrained_encoder_minus_scratch_encoder,acc,100,0.0087862200883571,0.004577880352781,0.62
2026,journal_confirmatory_3domain_m_weakalign_steps2000_seed2026,physionet_hyser,target_calibration_only,1,pretrained_encoder_minus_scratch_encoder,balanced_acc,100,0.008218323176391,0.0048296009893979,0.61
2026,journal_confirmatory_3domain_m_weakalign_steps2000_seed2026,physionet_hyser,target_calibration_only,1,pretrained_encoder_minus_scratch_encoder,macro_f1,100,0.0080079504164248,0.0041584925037726,0.66
2026,journal_confirmatory_3domain_m_weakalign_steps2000_seed2026,physionet_hyser,target_calibration_only,1,raw_stats_plus_pretrained_minus_raw_stats,acc,100,0.0257194456278047,0.0049724796438123,0.86
2026,journal_confirmatory_3domain_m_weakalign_steps2000_seed2026,physionet_hyser,target_calibration_only,1,raw_stats_plus_pretrained_minus_raw_stats,balanced_acc,100,0.0265216830200116,0.0050374315258991,0.86
2026,journal_confirmatory_3domain_m_weakalign_steps2000_seed2026,physionet_hyser,target_calibration_only,1,raw_stats_plus_pretrained_minus_raw_stats,macro_f1,100,0.0247203244216706,0.0041839562734909,0.9
2026,journal_confirmatory_3domain_m_weakalign_steps2000_seed2026,physionet_hyser,target_calibration_only,2,pretrained_encoder_minus_raw_stats,acc,100,0.0197016600612961,0.0044793660730244,0.79
2026,journal_confirmatory_3domain_m_weakalign_steps2000_seed2026,physionet_hyser,target_calibration_only,2,pretrained_encoder_minus_raw_stats,balanced_acc,100,0.0195946967211737,0.0045144409265852,0.78
2026,journal_confirmatory_3domain_m_weakalign_steps2000_seed2026,physionet_hyser,target_calibration_only,2,pretrained_encoder_minus_raw_stats,macro_f1,100,0.0167773262039307,0.0042172669150384,0.76
2026,journal_confirmatory_3domain_m_weakalign_steps2000_seed2026,physionet_hyser,target_calibration_only,2,pretrained_encoder_minus_scratch_encoder,acc,100,0.0156113625129629,0.0040820126097139,0.77
2026,journal_confirmatory_3domain_m_weakalign_steps2000_seed2026,physionet_hyser,target_calibration_only,2,pretrained_encoder_minus_scratch_encoder,balanced_acc,100,0.0149213111065855,0.0040062749241342,0.75
2026,journal_confirmatory_3domain_m_weakalign_steps2000_seed2026,physionet_hyser,target_calibration_only,2,pretrained_encoder_minus_scratch_encoder,macro_f1,100,0.0148202687832099,0.0035618946183866,0.76
2026,journal_confirmatory_3domain_m_weakalign_steps2000_seed2026,physionet_hyser,target_calibration_only,2,raw_stats_plus_pretrained_minus_raw_stats,acc,100,0.0368731032777021,0.0047028215622697,0.96
2026,journal_confirmatory_3domain_m_weakalign_steps2000_seed2026,physionet_hyser,target_calibration_only,2,raw_stats_plus_pretrained_minus_raw_stats,balanced_acc,100,0.0366598459316617,0.0049200481421,0.96
2026,journal_confirmatory_3domain_m_weakalign_steps2000_seed2026,physionet_hyser,target_calibration_only,2,raw_stats_plus_pretrained_minus_raw_stats,macro_f1,100,0.033413993566536,0.0045434876640102,0.95
2026,journal_confirmatory_3domain_m_weakalign_steps2000_seed2026,physionet_hyser,target_calibration_only,5,pretrained_encoder_minus_raw_stats,acc,100,-0.0004037142956975,0.0047704699583489,0.44
2026,journal_confirmatory_3domain_m_weakalign_steps2000_seed2026,physionet_hyser,target_calibration_only,5,pretrained_encoder_minus_raw_stats,balanced_acc,100,2.9138870795823447e-05,0.0046481797035077,0.45
2026,journal_confirmatory_3domain_m_weakalign_steps2000_seed2026,physionet_hyser,target_calibration_only,5,pretrained_encoder_minus_raw_stats,macro_f1,100,-0.0056910429851321,0.0040210218631568,0.37
2026,journal_confirmatory_3domain_m_weakalign_steps2000_seed2026,physionet_hyser,target_calibration_only,5,pretrained_encoder_minus_scratch_encoder,acc,100,0.0071694705187193,0.0050090624538529,0.6
2026,journal_confirmatory_3domain_m_weakalign_steps2000_seed2026,physionet_hyser,target_calibration_only,5,pretrained_encoder_minus_scratch_encoder,balanced_acc,100,0.0065757404958851,0.0050201785333881,0.64
2026,journal_confirmatory_3domain_m_weakalign_steps2000_seed2026,physionet_hyser,target_calibration_only,5,pretrained_encoder_minus_scratch_encoder,macro_f1,100,0.0053296498107631,0.0041575109029072,0.63
2026,journal_confirmatory_3domain_m_weakalign_steps2000_seed2026,physionet_hyser,target_calibration_only,5,raw_stats_plus_pretrained_minus_raw_stats,acc,100,0.0163428563424981,0.0048315664847827,0.72
2026,journal_confirmatory_3domain_m_weakalign_steps2000_seed2026,physionet_hyser,target_calibration_only,5,raw_stats_plus_pretrained_minus_raw_stats,balanced_acc,100,0.0163155544303901,0.0050104152276509,0.72
2026,journal_confirmatory_3domain_m_weakalign_steps2000_seed2026,physionet_hyser,target_calibration_only,5,raw_stats_plus_pretrained_minus_raw_stats,macro_f1,100,0.0095146159624398,0.0045063523155754,0.61
2026,journal_confirmatory_3domain_m_weakalign_steps2000_seed2026,physionet_hyser,target_calibration_only,10,pretrained_encoder_minus_raw_stats,acc,100,-0.013951417239648,0.0054132674828581,0.28
2026,journal_confirmatory_3domain_m_weakalign_steps2000_seed2026,physionet_hyser,target_calibration_only,10,pretrained_encoder_minus_raw_stats,balanced_acc,100,-0.0101697320027054,0.0055780554677649,0.34
2026,journal_confirmatory_3domain_m_weakalign_steps2000_seed2026,physionet_hyser,target_calibration_only,10,pretrained_encoder_minus_raw_stats,macro_f1,100,-0.0152753682252348,0.0047459904233536,0.22
2026,journal_confirmatory_3domain_m_weakalign_steps2000_seed2026,physionet_hyser,target_calibration_only,10,pretrained_encoder_minus_scratch_encoder,acc,100,0.003740572805165,0.0053831254660886,0.58
2026,journal_confirmatory_3domain_m_weakalign_steps2000_seed2026,physionet_hyser,target_calibration_only,10,pretrained_encoder_minus_scratch_encoder,balanced_acc,100,0.0044114002846545,0.0056090629312441,0.58
2026,journal_confirmatory_3domain_m_weakalign_steps2000_seed2026,physionet_hyser,target_calibration_only,10,pretrained_encoder_minus_scratch_encoder,macro_f1,100,0.0030533108844703,0.0048278995505643,0.63
2026,journal_confirmatory_3domain_m_weakalign_steps2000_seed2026,physionet_hyser,target_calibration_only,10,raw_stats_plus_pretrained_minus_raw_stats,acc,100,0.0004745950516207,0.0060414965330548,0.47
2026,journal_confirmatory_3domain_m_weakalign_steps2000_seed2026,physionet_hyser,target_calibration_only,10,raw_stats_plus_pretrained_minus_raw_stats,balanced_acc,100,0.0045372226222538,0.0065261284449186,0.51
2026,journal_confirmatory_3domain_m_weakalign_steps2000_seed2026,physionet_hyser,target_calibration_only,10,raw_stats_plus_pretrained_minus_raw_stats,macro_f1,100,-0.0024007841817572,0.0052083048122162,0.43
2027,journal_confirmatory_3domain_m_weakalign_steps2000_seed2027,physionet_grabmyo,source_only,0,pretrained_encoder_minus_raw_stats,acc,430,-0.0140406384826568,0.0041925282746321,0.3720930232558139
2027,journal_confirmatory_3domain_m_weakalign_steps2000_seed2027,physionet_grabmyo,source_only,0,pretrained_encoder_minus_raw_stats,balanced_acc,430,-0.01425819809328,0.0042014935324152,0.4186046511627907
2027,journal_confirmatory_3domain_m_weakalign_steps2000_seed2027,physionet_grabmyo,source_only,0,pretrained_encoder_minus_raw_stats,macro_f1,430,-0.0095381007482723,0.0040037171070449,0.4418604651162791
2027,journal_confirmatory_3domain_m_weakalign_steps2000_seed2027,physionet_grabmyo,source_only,0,pretrained_encoder_minus_scratch_encoder,acc,430,-0.0023125787240469,0.0030348779792091,0.4767441860465116
2027,journal_confirmatory_3domain_m_weakalign_steps2000_seed2027,physionet_grabmyo,source_only,0,pretrained_encoder_minus_scratch_encoder,balanced_acc,430,-0.0027385204922628,0.003066988686384,0.5116279069767442
2027,journal_confirmatory_3domain_m_weakalign_steps2000_seed2027,physionet_grabmyo,source_only,0,pretrained_encoder_minus_scratch_encoder,macro_f1,430,-0.0035265414839287,0.0027775806095744,0.4651162790697674
2027,journal_confirmatory_3domain_m_weakalign_steps2000_seed2027,physionet_grabmyo,source_only,0,raw_stats_plus_pretrained_minus_raw_stats,acc,430,-0.0054369444307925,0.0042888566920419,0.4651162790697674
2027,journal_confirmatory_3domain_m_weakalign_steps2000_seed2027,physionet_grabmyo,source_only,0,raw_stats_plus_pretrained_minus_raw_stats,balanced_acc,430,-0.004849849174468,0.0043090912102276,0.4418604651162791
2027,journal_confirmatory_3domain_m_weakalign_steps2000_seed2027,physionet_grabmyo,source_only,0,raw_stats_plus_pretrained_minus_raw_stats,macro_f1,430,-0.001055284965671,0.0040708280457327,0.4651162790697674
2027,journal_confirmatory_3domain_m_weakalign_steps2000_seed2027,physionet_grabmyo,source_plus_calibration,0,pretrained_encoder_minus_raw_stats,acc,430,-0.0140406384826568,0.0041925282746321,0.3720930232558139
2027,journal_confirmatory_3domain_m_weakalign_steps2000_seed2027,physionet_grabmyo,source_plus_calibration,0,pretrained_encoder_minus_raw_stats,balanced_acc,430,-0.01425819809328,0.0042014935324152,0.4186046511627907
2027,journal_confirmatory_3domain_m_weakalign_steps2000_seed2027,physionet_grabmyo,source_plus_calibration,0,pretrained_encoder_minus_raw_stats,macro_f1,430,-0.0095381007482723,0.0040037171070449,0.4418604651162791
2027,journal_confirmatory_3domain_m_weakalign_steps2000_seed2027,physionet_grabmyo,source_plus_calibration,0,pretrained_encoder_minus_scratch_encoder,acc,430,-0.0023125787240469,0.0030348779792091,0.4767441860465116
2027,journal_confirmatory_3domain_m_weakalign_steps2000_seed2027,physionet_grabmyo,source_plus_calibration,0,pretrained_encoder_minus_scratch_encoder,balanced_acc,430,-0.0027385204922628,0.003066988686384,0.5116279069767442
2027,journal_confirmatory_3domain_m_weakalign_steps2000_seed2027,physionet_grabmyo,source_plus_calibration,0,pretrained_encoder_minus_scratch_encoder,macro_f1,430,-0.0035265414839287,0.0027775806095744,0.4651162790697674
2027,journal_confirmatory_3domain_m_weakalign_steps2000_seed2027,physionet_grabmyo,source_plus_calibration,0,raw_stats_plus_pretrained_minus_raw_stats,acc,430,-0.0054369444307925,0.0042888566920419,0.4651162790697674
2027,journal_confirmatory_3domain_m_weakalign_steps2000_seed2027,physionet_grabmyo,source_plus_calibration,0,raw_stats_plus_pretrained_minus_raw_stats,balanced_acc,430,-0.004849849174468,0.0043090912102276,0.4418604651162791
2027,journal_confirmatory_3domain_m_weakalign_steps2000_seed2027,physionet_grabmyo,source_plus_calibration,0,raw_stats_plus_pretrained_minus_raw_stats,macro_f1,430,-0.001055284965671,0.0040708280457327,0.4651162790697674
2027,journal_confirmatory_3domain_m_weakalign_steps2000_seed2027,physionet_grabmyo,source_plus_calibration,1,pretrained_encoder_minus_raw_stats,acc,430,-0.016636668997282,0.004622160508953,0.3720930232558139
2027,journal_confirmatory_3domain_m_weakalign_steps2000_seed2027,physionet_grabmyo,source_plus_calibration,1,pretrained_encoder_minus_raw_stats,balanced_acc,430,-0.0173786079953722,0.004740409129022,0.3767441860465116
2027,journal_confirmatory_3domain_m_weakalign_steps2000_seed2027,physionet_grabmyo,source_plus_calibration,1,pretrained_encoder_minus_raw_stats,macro_f1,430,-0.0112490688059742,0.0044171226806368,0.4046511627906977
2027,journal_confirmatory_3domain_m_weakalign_steps2000_seed2027,physionet_grabmyo,source_plus_calibration,1,pretrained_encoder_minus_scratch_encoder,acc,430,0.0009857594085596,0.0038202988922822,0.5069767441860465
2027,journal_confirmatory_3domain_m_weakalign_steps2000_seed2027,physionet_grabmyo,source_plus_calibration,1,pretrained_encoder_minus_scratch_encoder,balanced_acc,430,0.0001583024379921,0.0038689727881986,0.5209302325581395
2027,journal_confirmatory_3domain_m_weakalign_steps2000_seed2027,physionet_grabmyo,source_plus_calibration,1,pretrained_encoder_minus_scratch_encoder,macro_f1,430,0.001002046552081,0.0036684018235944,0.5279069767441861
2027,journal_confirmatory_3domain_m_weakalign_steps2000_seed2027,physionet_grabmyo,source_plus_calibration,1,raw_stats_plus_pretrained_minus_raw_stats,acc,430,-0.0060806521119856,0.0044061664127515,0.4418604651162791
2027,journal_confirmatory_3domain_m_weakalign_steps2000_seed2027,physionet_grabmyo,source_plus_calibration,1,raw_stats_plus_pretrained_minus_raw_stats,balanced_acc,430,-0.0062537777798622,0.0044529521735532,0.4604651162790698
2027,journal_confirmatory_3domain_m_weakalign_steps2000_seed2027,physionet_grabmyo,source_plus_calibration,1,raw_stats_plus_pretrained_minus_raw_stats,macro_f1,430,-0.0005940855202943,0.0042015145206172,0.4930232558139535
2027,journal_confirmatory_3domain_m_weakalign_steps2000_seed2027,physionet_grabmyo,source_plus_calibration,2,pretrained_encoder_minus_raw_stats,acc,430,-0.0188098236100608,0.0043458487452946,0.3255813953488372
2027,journal_confirmatory_3domain_m_weakalign_steps2000_seed2027,physionet_grabmyo,source_plus_calibration,2,pretrained_encoder_minus_raw_stats,balanced_acc,430,-0.0186462215513376,0.0044100645420203,0.3441860465116279
2027,journal_confirmatory_3domain_m_weakalign_steps2000_seed2027,physionet_grabmyo,source_plus_calibration,2,pretrained_encoder_minus_raw_stats,macro_f1,430,-0.0131568041203345,0.0040722796314305,0.3790697674418604
2027,journal_confirmatory_3domain_m_weakalign_steps2000_seed2027,physionet_grabmyo,source_plus_calibration,2,pretrained_encoder_minus_scratch_encoder,acc,430,0.0018247521515814,0.00407997043086,0.4953488372093023
2027,journal_confirmatory_3domain_m_weakalign_steps2000_seed2027,physionet_grabmyo,source_plus_calibration,2,pretrained_encoder_minus_scratch_encoder,balanced_acc,430,0.0008858555419409,0.004069685593737,0.5023255813953489
2027,journal_confirmatory_3domain_m_weakalign_steps2000_seed2027,physionet_grabmyo,source_plus_calibration,2,pretrained_encoder_minus_scratch_encoder,macro_f1,430,0.0013968992606083,0.0038264886225322,0.5023255813953489
2027,journal_confirmatory_3domain_m_weakalign_steps2000_seed2027,physionet_grabmyo,source_plus_calibration,2,raw_stats_plus_pretrained_minus_raw_stats,acc,430,-0.0080787909821404,0.0042159435576973,0.4093023255813953
2027,journal_confirmatory_3domain_m_weakalign_steps2000_seed2027,physionet_grabmyo,source_plus_calibration,2,raw_stats_plus_pretrained_minus_raw_stats,balanced_acc,430,-0.0071460544692028,0.0043446439415589,0.4651162790697674
2027,journal_confirmatory_3domain_m_weakalign_steps2000_seed2027,physionet_grabmyo,source_plus_calibration,2,raw_stats_plus_pretrained_minus_raw_stats,macro_f1,430,-0.0022931518730825,0.0040228975768163,0.4906976744186046
2027,journal_confirmatory_3domain_m_weakalign_steps2000_seed2027,physionet_grabmyo,source_plus_calibration,5,pretrained_encoder_minus_raw_stats,acc,430,-0.0235519787006585,0.005356547562152,0.3209302325581395
2027,journal_confirmatory_3domain_m_weakalign_steps2000_seed2027,physionet_grabmyo,source_plus_calibration,5,pretrained_encoder_minus_raw_stats,balanced_acc,430,-0.0232233322961855,0.0056287814701367,0.327906976744186
2027,journal_confirmatory_3domain_m_weakalign_steps2000_seed2027,physionet_grabmyo,source_plus_calibration,5,pretrained_encoder_minus_raw_stats,macro_f1,430,-0.0161384524266217,0.005101501149177,0.3697674418604651
2027,journal_confirmatory_3domain_m_weakalign_steps2000_seed2027,physionet_grabmyo,source_plus_calibration,5,pretrained_encoder_minus_scratch_encoder,acc,430,0.0009770001524869,0.0048238191094376,0.4860465116279069
2027,journal_confirmatory_3domain_m_weakalign_steps2000_seed2027,physionet_grabmyo,source_plus_calibration,5,pretrained_encoder_minus_scratch_encoder,balanced_acc,430,-0.0010858628996063,0.0049496048905619,0.5069767441860465
2027,journal_confirmatory_3domain_m_weakalign_steps2000_seed2027,physionet_grabmyo,source_plus_calibration,5,pretrained_encoder_minus_scratch_encoder,macro_f1,430,0.0005556096588541,0.0045340487921479,0.5116279069767442
2027,journal_confirmatory_3domain_m_weakalign_steps2000_seed2027,physionet_grabmyo,source_plus_calibration,5,raw_stats_plus_pretrained_minus_raw_stats,acc,430,-0.0128131813172842,0.005164515130285,0.4023255813953488
2027,journal_confirmatory_3domain_m_weakalign_steps2000_seed2027,physionet_grabmyo,source_plus_calibration,5,raw_stats_plus_pretrained_minus_raw_stats,balanced_acc,430,-0.010729602181607,0.0054709941646511,0.4255813953488372
2027,journal_confirmatory_3domain_m_weakalign_steps2000_seed2027,physionet_grabmyo,source_plus_calibration,5,raw_stats_plus_pretrained_minus_raw_stats,macro_f1,430,-0.0045408659658489,0.0049494376259915,0.4558139534883721
2027,journal_confirmatory_3domain_m_weakalign_steps2000_seed2027,physionet_grabmyo,source_plus_calibration,10,pretrained_encoder_minus_raw_stats,acc,430,-0.0288571295919342,0.0064387157492204,0.3186046511627907
2027,journal_confirmatory_3domain_m_weakalign_steps2000_seed2027,physionet_grabmyo,source_plus_calibration,10,pretrained_encoder_minus_raw_stats,balanced_acc,430,-0.0302813545327629,0.0069121392149815,0.3511627906976744
2027,journal_confirmatory_3domain_m_weakalign_steps2000_seed2027,physionet_grabmyo,source_plus_calibration,10,pretrained_encoder_minus_raw_stats,macro_f1,430,-0.0190952375792595,0.0057807466991913,0.3837209302325581
2027,journal_confirmatory_3domain_m_weakalign_steps2000_seed2027,physionet_grabmyo,source_plus_calibration,10,pretrained_encoder_minus_scratch_encoder,acc,430,0.0025995371179233,0.0064110039004011,0.4720930232558139
2027,journal_confirmatory_3domain_m_weakalign_steps2000_seed2027,physionet_grabmyo,source_plus_calibration,10,pretrained_encoder_minus_scratch_encoder,balanced_acc,430,0.0016944598428671,0.006758052380879,0.5023255813953489
2027,journal_confirmatory_3domain_m_weakalign_steps2000_seed2027,physionet_grabmyo,source_plus_calibration,10,pretrained_encoder_minus_scratch_encoder,macro_f1,430,0.0018629109707402,0.0054775473898935,0.5
2027,journal_confirmatory_3domain_m_weakalign_steps2000_seed2027,physionet_grabmyo,source_plus_calibration,10,raw_stats_plus_pretrained_minus_raw_stats,acc,430,-0.0148770553358908,0.0065761146258654,0.3953488372093023
2027,journal_confirmatory_3domain_m_weakalign_steps2000_seed2027,physionet_grabmyo,source_plus_calibration,10,raw_stats_plus_pretrained_minus_raw_stats,balanced_acc,430,-0.0136207133444333,0.0070948882730604,0.4255813953488372
2027,journal_confirmatory_3domain_m_weakalign_steps2000_seed2027,physionet_grabmyo,source_plus_calibration,10,raw_stats_plus_pretrained_minus_raw_stats,macro_f1,430,-0.0050007039274348,0.0058598387706957,0.4651162790697674
2027,journal_confirmatory_3domain_m_weakalign_steps2000_seed2027,physionet_grabmyo,target_calibration_only,1,pretrained_encoder_minus_raw_stats,acc,430,0.0064874672166647,0.003883940352671,0.5279069767441861
2027,journal_confirmatory_3domain_m_weakalign_steps2000_seed2027,physionet_grabmyo,target_calibration_only,1,pretrained_encoder_minus_raw_stats,balanced_acc,430,0.0060318429172572,0.003846542787795,0.5395348837209303
2027,journal_confirmatory_3domain_m_weakalign_steps2000_seed2027,physionet_grabmyo,target_calibration_only,1,pretrained_encoder_minus_raw_stats,macro_f1,430,0.0039654393501839,0.0037155044124048,0.5325581395348837
2027,journal_confirmatory_3domain_m_weakalign_steps2000_seed2027,physionet_grabmyo,target_calibration_only,1,pretrained_encoder_minus_scratch_encoder,acc,430,0.0091874416797401,0.0033831210500555,0.5651162790697675
2027,journal_confirmatory_3domain_m_weakalign_steps2000_seed2027,physionet_grabmyo,target_calibration_only,1,pretrained_encoder_minus_scratch_encoder,balanced_acc,430,0.0093732635951799,0.0033432137407724,0.5813953488372093
2027,journal_confirmatory_3domain_m_weakalign_steps2000_seed2027,physionet_grabmyo,target_calibration_only,1,pretrained_encoder_minus_scratch_encoder,macro_f1,430,0.0086647258129429,0.0031981378971715,0.586046511627907
2027,journal_confirmatory_3domain_m_weakalign_steps2000_seed2027,physionet_grabmyo,target_calibration_only,1,raw_stats_plus_pretrained_minus_raw_stats,acc,430,0.0196604935338676,0.0037196078916055,0.6674418604651163
2027,journal_confirmatory_3domain_m_weakalign_steps2000_seed2027,physionet_grabmyo,target_calibration_only,1,raw_stats_plus_pretrained_minus_raw_stats,balanced_acc,430,0.0191094072783161,0.0037246912329662,0.6813953488372093
2027,journal_confirmatory_3domain_m_weakalign_steps2000_seed2027,physionet_grabmyo,target_calibration_only,1,raw_stats_plus_pretrained_minus_raw_stats,macro_f1,430,0.0173473485862065,0.0035474246731163,0.6558139534883721
2027,journal_confirmatory_3domain_m_weakalign_steps2000_seed2027,physionet_grabmyo,target_calibration_only,2,pretrained_encoder_minus_raw_stats,acc,430,0.0232156945794031,0.0039634310904815,0.6953488372093023
2027,journal_confirmatory_3domain_m_weakalign_steps2000_seed2027,physionet_grabmyo,target_calibration_only,2,pretrained_encoder_minus_raw_stats,balanced_acc,430,0.0239099510600415,0.0040051083915722,0.7372093023255814
2027,journal_confirmatory_3domain_m_weakalign_steps2000_seed2027,physionet_grabmyo,target_calibration_only,2,pretrained_encoder_minus_raw_stats,macro_f1,430,0.0201020249107421,0.0037056589086331,0.7
2027,journal_confirmatory_3domain_m_weakalign_steps2000_seed2027,physionet_grabmyo,target_calibration_only,2,pretrained_encoder_minus_scratch_encoder,acc,430,0.0152390568788412,0.003540924288312,0.6116279069767442
2027,journal_confirmatory_3domain_m_weakalign_steps2000_seed2027,physionet_grabmyo,target_calibration_only,2,pretrained_encoder_minus_scratch_encoder,balanced_acc,430,0.0160393201220639,0.0035367711519659,0.6581395348837209
2027,journal_confirmatory_3domain_m_weakalign_steps2000_seed2027,physionet_grabmyo,target_calibration_only,2,pretrained_encoder_minus_scratch_encoder,macro_f1,430,0.0145644909920508,0.0033513072197632,0.6511627906976745
2027,journal_confirmatory_3domain_m_weakalign_steps2000_seed2027,physionet_grabmyo,target_calibration_only,2,raw_stats_plus_pretrained_minus_raw_stats,acc,430,0.0373761995438368,0.0039195759836286,0.8046511627906977
2027,journal_confirmatory_3domain_m_weakalign_steps2000_seed2027,physionet_grabmyo,target_calibration_only,2,raw_stats_plus_pretrained_minus_raw_stats,balanced_acc,430,0.0380641464560459,0.0039321906461007,0.8302325581395349
2027,journal_confirmatory_3domain_m_weakalign_steps2000_seed2027,physionet_grabmyo,target_calibration_only,2,raw_stats_plus_pretrained_minus_raw_stats,macro_f1,430,0.0338554151881732,0.0037012051592451,0.7976744186046512
2027,journal_confirmatory_3domain_m_weakalign_steps2000_seed2027,physionet_grabmyo,target_calibration_only,5,pretrained_encoder_minus_raw_stats,acc,430,0.0306128481296337,0.0047235965492683,0.7162790697674418
2027,journal_confirmatory_3domain_m_weakalign_steps2000_seed2027,physionet_grabmyo,target_calibration_only,5,pretrained_encoder_minus_raw_stats,balanced_acc,430,0.0309466053394502,0.0050374060840228,0.7255813953488373
2027,journal_confirmatory_3domain_m_weakalign_steps2000_seed2027,physionet_grabmyo,target_calibration_only,5,pretrained_encoder_minus_raw_stats,macro_f1,430,0.0262545713233984,0.0044974649914012,0.7046511627906977
2027,journal_confirmatory_3domain_m_weakalign_steps2000_seed2027,physionet_grabmyo,target_calibration_only,5,pretrained_encoder_minus_scratch_encoder,acc,430,0.016242154240096,0.0040734180606052,0.6232558139534884
2027,journal_confirmatory_3domain_m_weakalign_steps2000_seed2027,physionet_grabmyo,target_calibration_only,5,pretrained_encoder_minus_scratch_encoder,balanced_acc,430,0.0158687927114585,0.0044100190214594,0.6325581395348837
2027,journal_confirmatory_3domain_m_weakalign_steps2000_seed2027,physionet_grabmyo,target_calibration_only,5,pretrained_encoder_minus_scratch_encoder,macro_f1,430,0.015493683640204,0.0038193293250766,0.6325581395348837
2027,journal_confirmatory_3domain_m_weakalign_steps2000_seed2027,physionet_grabmyo,target_calibration_only,5,raw_stats_plus_pretrained_minus_raw_stats,acc,430,0.0499447927393242,0.0044917609348551,0.858139534883721
2027,journal_confirmatory_3domain_m_weakalign_steps2000_seed2027,physionet_grabmyo,target_calibration_only,5,raw_stats_plus_pretrained_minus_raw_stats,balanced_acc,430,0.0520548114254489,0.0047948302374631,0.8604651162790697
2027,journal_confirmatory_3domain_m_weakalign_steps2000_seed2027,physionet_grabmyo,target_calibration_only,5,raw_stats_plus_pretrained_minus_raw_stats,macro_f1,430,0.0452514425589898,0.0042106548466708,0.8674418604651163
2027,journal_confirmatory_3domain_m_weakalign_steps2000_seed2027,physionet_grabmyo,target_calibration_only,10,pretrained_encoder_minus_raw_stats,acc,430,-0.0004322628987466,0.0064266181754406,0.4558139534883721
2027,journal_confirmatory_3domain_m_weakalign_steps2000_seed2027,physionet_grabmyo,target_calibration_only,10,pretrained_encoder_minus_raw_stats,balanced_acc,430,0.0007670999839062,0.0069393085761338,0.4813953488372093
2027,journal_confirmatory_3domain_m_weakalign_steps2000_seed2027,physionet_grabmyo,target_calibration_only,10,pretrained_encoder_minus_raw_stats,macro_f1,430,-0.0023524405088303,0.0060978187904763,0.4930232558139535
2027,journal_confirmatory_3domain_m_weakalign_steps2000_seed2027,physionet_grabmyo,target_calibration_only,10,pretrained_encoder_minus_scratch_encoder,acc,430,0.0063588532678115,0.0058302468933736,0.4813953488372093
2027,journal_confirmatory_3domain_m_weakalign_steps2000_seed2027,physionet_grabmyo,target_calibration_only,10,pretrained_encoder_minus_scratch_encoder,balanced_acc,430,0.0072797446674826,0.0062884635457816,0.5372093023255814
2027,journal_confirmatory_3domain_m_weakalign_steps2000_seed2027,physionet_grabmyo,target_calibration_only,10,pretrained_encoder_minus_scratch_encoder,macro_f1,430,0.0056230680197115,0.0055183111851971,0.5162790697674419
2027,journal_confirmatory_3domain_m_weakalign_steps2000_seed2027,physionet_grabmyo,target_calibration_only,10,raw_stats_plus_pretrained_minus_raw_stats,acc,430,0.0248128989652723,0.0061565697050118,0.6116279069767442
2027,journal_confirmatory_3domain_m_weakalign_steps2000_seed2027,physionet_grabmyo,target_calibration_only,10,raw_stats_plus_pretrained_minus_raw_stats,balanced_acc,430,0.0278808455780042,0.0064112100440413,0.6488372093023256
2027,journal_confirmatory_3domain_m_weakalign_steps2000_seed2027,physionet_grabmyo,target_calibration_only,10,raw_stats_plus_pretrained_minus_raw_stats,macro_f1,430,0.0229317137787401,0.0057450583443101,0.6488372093023256
2027,journal_confirmatory_3domain_m_weakalign_steps2000_seed2027,physionet_hyser,source_only,0,pretrained_encoder_minus_raw_stats,acc,100,-0.0075928529087199,0.0045084633788071,0.45
2027,journal_confirmatory_3domain_m_weakalign_steps2000_seed2027,physionet_hyser,source_only,0,pretrained_encoder_minus_raw_stats,balanced_acc,100,-0.0074566183922692,0.0046329257354719,0.4
2027,journal_confirmatory_3domain_m_weakalign_steps2000_seed2027,physionet_hyser,source_only,0,pretrained_encoder_minus_raw_stats,macro_f1,100,-0.0003781735513728,0.0045346569917936,0.55
2027,journal_confirmatory_3domain_m_weakalign_steps2000_seed2027,physionet_hyser,source_only,0,pretrained_encoder_minus_scratch_encoder,acc,100,0.0032215826319952,0.0029229308800607,0.65
2027,journal_confirmatory_3domain_m_weakalign_steps2000_seed2027,physionet_hyser,source_only,0,pretrained_encoder_minus_scratch_encoder,balanced_acc,100,0.004266110369167,0.0029669387080383,0.65
2027,journal_confirmatory_3domain_m_weakalign_steps2000_seed2027,physionet_hyser,source_only,0,pretrained_encoder_minus_scratch_encoder,macro_f1,100,0.0005371797296214,0.0030481004482976,0.65
2027,journal_confirmatory_3domain_m_weakalign_steps2000_seed2027,physionet_hyser,source_only,0,raw_stats_plus_pretrained_minus_raw_stats,acc,100,-0.0023551545431182,0.0039231438776495,0.4
2027,journal_confirmatory_3domain_m_weakalign_steps2000_seed2027,physionet_hyser,source_only,0,raw_stats_plus_pretrained_minus_raw_stats,balanced_acc,100,-0.0025683120435291,0.0039719985184205,0.35
2027,journal_confirmatory_3domain_m_weakalign_steps2000_seed2027,physionet_hyser,source_only,0,raw_stats_plus_pretrained_minus_raw_stats,macro_f1,100,0.0022296642943338,0.0040657956060801,0.55
2027,journal_confirmatory_3domain_m_weakalign_steps2000_seed2027,physionet_hyser,source_plus_calibration,0,pretrained_encoder_minus_raw_stats,acc,100,-0.0075928529087199,0.0045084633788071,0.45
2027,journal_confirmatory_3domain_m_weakalign_steps2000_seed2027,physionet_hyser,source_plus_calibration,0,pretrained_encoder_minus_raw_stats,balanced_acc,100,-0.0074566183922692,0.0046329257354719,0.4
2027,journal_confirmatory_3domain_m_weakalign_steps2000_seed2027,physionet_hyser,source_plus_calibration,0,pretrained_encoder_minus_raw_stats,macro_f1,100,-0.0003781735513728,0.0045346569917936,0.55
2027,journal_confirmatory_3domain_m_weakalign_steps2000_seed2027,physionet_hyser,source_plus_calibration,0,pretrained_encoder_minus_scratch_encoder,acc,100,0.0032215826319952,0.0029229308800607,0.65
2027,journal_confirmatory_3domain_m_weakalign_steps2000_seed2027,physionet_hyser,source_plus_calibration,0,pretrained_encoder_minus_scratch_encoder,balanced_acc,100,0.004266110369167,0.0029669387080383,0.65
2027,journal_confirmatory_3domain_m_weakalign_steps2000_seed2027,physionet_hyser,source_plus_calibration,0,pretrained_encoder_minus_scratch_encoder,macro_f1,100,0.0005371797296214,0.0030481004482976,0.65
2027,journal_confirmatory_3domain_m_weakalign_steps2000_seed2027,physionet_hyser,source_plus_calibration,0,raw_stats_plus_pretrained_minus_raw_stats,acc,100,-0.0023551545431182,0.0039231438776495,0.4
2027,journal_confirmatory_3domain_m_weakalign_steps2000_seed2027,physionet_hyser,source_plus_calibration,0,raw_stats_plus_pretrained_minus_raw_stats,balanced_acc,100,-0.0025683120435291,0.0039719985184205,0.35
2027,journal_confirmatory_3domain_m_weakalign_steps2000_seed2027,physionet_hyser,source_plus_calibration,0,raw_stats_plus_pretrained_minus_raw_stats,macro_f1,100,0.0022296642943338,0.0040657956060801,0.55
2027,journal_confirmatory_3domain_m_weakalign_steps2000_seed2027,physionet_hyser,source_plus_calibration,1,pretrained_encoder_minus_raw_stats,acc,100,-0.0042848825070977,0.0043004293775255,0.41
2027,journal_confirmatory_3domain_m_weakalign_steps2000_seed2027,physionet_hyser,source_plus_calibration,1,pretrained_encoder_minus_raw_stats,balanced_acc,100,-0.0047027488364524,0.0043339818709565,0.42
2027,journal_confirmatory_3domain_m_weakalign_steps2000_seed2027,physionet_hyser,source_plus_calibration,1,pretrained_encoder_minus_raw_stats,macro_f1,100,0.001109836056198,0.0037401386181634,0.48
2027,journal_confirmatory_3domain_m_weakalign_steps2000_seed2027,physionet_hyser,source_plus_calibration,1,pretrained_encoder_minus_scratch_encoder,acc,100,0.0047613706440064,0.0038219077825067,0.59
2027,journal_confirmatory_3domain_m_weakalign_steps2000_seed2027,physionet_hyser,source_plus_calibration,1,pretrained_encoder_minus_scratch_encoder,balanced_acc,100,0.0053236791631445,0.0037606706165705,0.64
2027,journal_confirmatory_3domain_m_weakalign_steps2000_seed2027,physionet_hyser,source_plus_calibration,1,pretrained_encoder_minus_scratch_encoder,macro_f1,100,0.0039901483621458,0.0034269571763194,0.6
2027,journal_confirmatory_3domain_m_weakalign_steps2000_seed2027,physionet_hyser,source_plus_calibration,1,raw_stats_plus_pretrained_minus_raw_stats,acc,100,0.005414655100447,0.0040062921714852,0.64
2027,journal_confirmatory_3domain_m_weakalign_steps2000_seed2027,physionet_hyser,source_plus_calibration,1,raw_stats_plus_pretrained_minus_raw_stats,balanced_acc,100,0.0044758705817437,0.0040025801506959,0.61
2027,journal_confirmatory_3domain_m_weakalign_steps2000_seed2027,physionet_hyser,source_plus_calibration,1,raw_stats_plus_pretrained_minus_raw_stats,macro_f1,100,0.0100779136322451,0.0036390949179753,0.73
2027,journal_confirmatory_3domain_m_weakalign_steps2000_seed2027,physionet_hyser,source_plus_calibration,2,pretrained_encoder_minus_raw_stats,acc,100,-0.0053399950461842,0.0042574301154803,0.41
2027,journal_confirmatory_3domain_m_weakalign_steps2000_seed2027,physionet_hyser,source_plus_calibration,2,pretrained_encoder_minus_raw_stats,balanced_acc,100,-0.0050224714617027,0.0044534453357661,0.44
2027,journal_confirmatory_3domain_m_weakalign_steps2000_seed2027,physionet_hyser,source_plus_calibration,2,pretrained_encoder_minus_raw_stats,macro_f1,100,0.000748580354264,0.0036009919110678,0.51
2027,journal_confirmatory_3domain_m_weakalign_steps2000_seed2027,physionet_hyser,source_plus_calibration,2,pretrained_encoder_minus_scratch_encoder,acc,100,0.0052832811541408,0.0037462948051276,0.58
2027,journal_confirmatory_3domain_m_weakalign_steps2000_seed2027,physionet_hyser,source_plus_calibration,2,pretrained_encoder_minus_scratch_encoder,balanced_acc,100,0.006011146871582,0.0037692348899049,0.63
2027,journal_confirmatory_3domain_m_weakalign_steps2000_seed2027,physionet_hyser,source_plus_calibration,2,pretrained_encoder_minus_scratch_encoder,macro_f1,100,0.0049522380026816,0.0032605867457835,0.6
2027,journal_confirmatory_3domain_m_weakalign_steps2000_seed2027,physionet_hyser,source_plus_calibration,2,raw_stats_plus_pretrained_minus_raw_stats,acc,100,0.0063077736602686,0.0042454743405535,0.66
2027,journal_confirmatory_3domain_m_weakalign_steps2000_seed2027,physionet_hyser,source_plus_calibration,2,raw_stats_plus_pretrained_minus_raw_stats,balanced_acc,100,0.0066279619525882,0.0042464935777697,0.63
2027,journal_confirmatory_3domain_m_weakalign_steps2000_seed2027,physionet_hyser,source_plus_calibration,2,raw_stats_plus_pretrained_minus_raw_stats,macro_f1,100,0.0116726847258605,0.0038272794189559,0.76
2027,journal_confirmatory_3domain_m_weakalign_steps2000_seed2027,physionet_hyser,source_plus_calibration,5,pretrained_encoder_minus_raw_stats,acc,100,-0.011628453493596,0.0056613453983798,0.29
2027,journal_confirmatory_3domain_m_weakalign_steps2000_seed2027,physionet_hyser,source_plus_calibration,5,pretrained_encoder_minus_raw_stats,balanced_acc,100,-0.0109896399536929,0.0052729156675106,0.31
2027,journal_confirmatory_3domain_m_weakalign_steps2000_seed2027,physionet_hyser,source_plus_calibration,5,pretrained_encoder_minus_raw_stats,macro_f1,100,-0.0053556332016459,0.0044662399679088,0.34
2027,journal_confirmatory_3domain_m_weakalign_steps2000_seed2027,physionet_hyser,source_plus_calibration,5,pretrained_encoder_minus_scratch_encoder,acc,100,-0.0007859579843145,0.0043878838690593,0.45
2027,journal_confirmatory_3domain_m_weakalign_steps2000_seed2027,physionet_hyser,source_plus_calibration,5,pretrained_encoder_minus_scratch_encoder,balanced_acc,100,-0.0003560575937356,0.0043083612799156,0.46
2027,journal_confirmatory_3domain_m_weakalign_steps2000_seed2027,physionet_hyser,source_plus_calibration,5,pretrained_encoder_minus_scratch_encoder,macro_f1,100,-0.0006760325636948,0.0037175908372515,0.47
2027,journal_confirmatory_3domain_m_weakalign_steps2000_seed2027,physionet_hyser,source_plus_calibration,5,raw_stats_plus_pretrained_minus_raw_stats,acc,100,0.006394067042525,0.0056594459291802,0.6
2027,journal_confirmatory_3domain_m_weakalign_steps2000_seed2027,physionet_hyser,source_plus_calibration,5,raw_stats_plus_pretrained_minus_raw_stats,balanced_acc,100,0.0066783582637493,0.005301452618652,0.61
2027,journal_confirmatory_3domain_m_weakalign_steps2000_seed2027,physionet_hyser,source_plus_calibration,5,raw_stats_plus_pretrained_minus_raw_stats,macro_f1,100,0.0116842216031554,0.0046994136152415,0.66
2027,journal_confirmatory_3domain_m_weakalign_steps2000_seed2027,physionet_hyser,source_plus_calibration,10,pretrained_encoder_minus_raw_stats,acc,100,-0.0126889655039971,0.0060335209277282,0.33
2027,journal_confirmatory_3domain_m_weakalign_steps2000_seed2027,physionet_hyser,source_plus_calibration,10,pretrained_encoder_minus_raw_stats,balanced_acc,100,-0.0111336279890791,0.0059546466434621,0.41
2027,journal_confirmatory_3domain_m_weakalign_steps2000_seed2027,physionet_hyser,source_plus_calibration,10,pretrained_encoder_minus_raw_stats,macro_f1,100,-0.0058092656558065,0.0050269208736838,0.45
2027,journal_confirmatory_3domain_m_weakalign_steps2000_seed2027,physionet_hyser,source_plus_calibration,10,pretrained_encoder_minus_scratch_encoder,acc,100,0.0031345260700951,0.0055912708236059,0.51
2027,journal_confirmatory_3domain_m_weakalign_steps2000_seed2027,physionet_hyser,source_plus_calibration,10,pretrained_encoder_minus_scratch_encoder,balanced_acc,100,0.0034504194294554,0.0059186617858133,0.55
2027,journal_confirmatory_3domain_m_weakalign_steps2000_seed2027,physionet_hyser,source_plus_calibration,10,pretrained_encoder_minus_scratch_encoder,macro_f1,100,0.0044268303427731,0.0048175673886164,0.55
2027,journal_confirmatory_3domain_m_weakalign_steps2000_seed2027,physionet_hyser,source_plus_calibration,10,raw_stats_plus_pretrained_minus_raw_stats,acc,100,0.0105000766911615,0.0059775251356168,0.62
2027,journal_confirmatory_3domain_m_weakalign_steps2000_seed2027,physionet_hyser,source_plus_calibration,10,raw_stats_plus_pretrained_minus_raw_stats,balanced_acc,100,0.0139173795074159,0.0061300728819842,0.64
2027,journal_confirmatory_3domain_m_weakalign_steps2000_seed2027,physionet_hyser,source_plus_calibration,10,raw_stats_plus_pretrained_minus_raw_stats,macro_f1,100,0.0170844507068927,0.0051400086146481,0.76
2027,journal_confirmatory_3domain_m_weakalign_steps2000_seed2027,physionet_hyser,target_calibration_only,1,pretrained_encoder_minus_raw_stats,acc,100,0.0078089384191064,0.004230906545344,0.64
2027,journal_confirmatory_3domain_m_weakalign_steps2000_seed2027,physionet_hyser,target_calibration_only,1,pretrained_encoder_minus_raw_stats,balanced_acc,100,0.0083782255357582,0.0041755157312041,0.64
2027,journal_confirmatory_3domain_m_weakalign_steps2000_seed2027,physionet_hyser,target_calibration_only,1,pretrained_encoder_minus_raw_stats,macro_f1,100,0.0079666773204357,0.0038041361305469,0.68
2027,journal_confirmatory_3domain_m_weakalign_steps2000_seed2027,physionet_hyser,target_calibration_only,1,pretrained_encoder_minus_scratch_encoder,acc,100,0.0065205249005779,0.0037353700516909,0.63
2027,journal_confirmatory_3domain_m_weakalign_steps2000_seed2027,physionet_hyser,target_calibration_only,1,pretrained_encoder_minus_scratch_encoder,balanced_acc,100,0.0060406551591148,0.003790479543605,0.66
2027,journal_confirmatory_3domain_m_weakalign_steps2000_seed2027,physionet_hyser,target_calibration_only,1,pretrained_encoder_minus_scratch_encoder,macro_f1,100,0.0065853225753941,0.0033206719222884,0.64
2027,journal_confirmatory_3domain_m_weakalign_steps2000_seed2027,physionet_hyser,target_calibration_only,1,raw_stats_plus_pretrained_minus_raw_stats,acc,100,0.0216988844920996,0.0043244062050004,0.84
2027,journal_confirmatory_3domain_m_weakalign_steps2000_seed2027,physionet_hyser,target_calibration_only,1,raw_stats_plus_pretrained_minus_raw_stats,balanced_acc,100,0.0224438972933338,0.0042515721457536,0.87
2027,journal_confirmatory_3domain_m_weakalign_steps2000_seed2027,physionet_hyser,target_calibration_only,1,raw_stats_plus_pretrained_minus_raw_stats,macro_f1,100,0.0217811829201077,0.0037261406232021,0.9
2027,journal_confirmatory_3domain_m_weakalign_steps2000_seed2027,physionet_hyser,target_calibration_only,2,pretrained_encoder_minus_raw_stats,acc,100,0.01500273526847,0.0044328709368979,0.71
2027,journal_confirmatory_3domain_m_weakalign_steps2000_seed2027,physionet_hyser,target_calibration_only,2,pretrained_encoder_minus_raw_stats,balanced_acc,100,0.0150088487733486,0.0045022056695893,0.73
2027,journal_confirmatory_3domain_m_weakalign_steps2000_seed2027,physionet_hyser,target_calibration_only,2,pretrained_encoder_minus_raw_stats,macro_f1,100,0.0121453951756084,0.0040059012181054,0.68
2027,journal_confirmatory_3domain_m_weakalign_steps2000_seed2027,physionet_hyser,target_calibration_only,2,pretrained_encoder_minus_scratch_encoder,acc,100,0.0109124377201369,0.0039757536585865,0.67
2027,journal_confirmatory_3domain_m_weakalign_steps2000_seed2027,physionet_hyser,target_calibration_only,2,pretrained_encoder_minus_scratch_encoder,balanced_acc,100,0.0103354631587604,0.0039739034678762,0.68
2027,journal_confirmatory_3domain_m_weakalign_steps2000_seed2027,physionet_hyser,target_calibration_only,2,pretrained_encoder_minus_scratch_encoder,macro_f1,100,0.0101883377548877,0.0034739543460061,0.72
2027,journal_confirmatory_3domain_m_weakalign_steps2000_seed2027,physionet_hyser,target_calibration_only,2,raw_stats_plus_pretrained_minus_raw_stats,acc,100,0.0304486742499487,0.0043577640446167,0.91
2027,journal_confirmatory_3domain_m_weakalign_steps2000_seed2027,physionet_hyser,target_calibration_only,2,raw_stats_plus_pretrained_minus_raw_stats,balanced_acc,100,0.0308444615953295,0.0045239393393102,0.9
2027,journal_confirmatory_3domain_m_weakalign_steps2000_seed2027,physionet_hyser,target_calibration_only,2,raw_stats_plus_pretrained_minus_raw_stats,macro_f1,100,0.0269070352865999,0.0040081342806788,0.91
2027,journal_confirmatory_3domain_m_weakalign_steps2000_seed2027,physionet_hyser,target_calibration_only,5,pretrained_encoder_minus_raw_stats,acc,100,-0.0013809658571825,0.0047721845481695,0.42
2027,journal_confirmatory_3domain_m_weakalign_steps2000_seed2027,physionet_hyser,target_calibration_only,5,pretrained_encoder_minus_raw_stats,balanced_acc,100,-0.000525334208366,0.0046217315390505,0.48
2027,journal_confirmatory_3domain_m_weakalign_steps2000_seed2027,physionet_hyser,target_calibration_only,5,pretrained_encoder_minus_raw_stats,macro_f1,100,-0.0065365626898754,0.0042368548573952,0.3
2027,journal_confirmatory_3domain_m_weakalign_steps2000_seed2027,physionet_hyser,target_calibration_only,5,pretrained_encoder_minus_scratch_encoder,acc,100,0.0061922189572343,0.0051503655798735,0.57
2027,journal_confirmatory_3domain_m_weakalign_steps2000_seed2027,physionet_hyser,target_calibration_only,5,pretrained_encoder_minus_scratch_encoder,balanced_acc,100,0.0060212674167232,0.0050939672004845,0.58
2027,journal_confirmatory_3domain_m_weakalign_steps2000_seed2027,physionet_hyser,target_calibration_only,5,pretrained_encoder_minus_scratch_encoder,macro_f1,100,0.0044841301060198,0.004521140849835,0.59
2027,journal_confirmatory_3domain_m_weakalign_steps2000_seed2027,physionet_hyser,target_calibration_only,5,raw_stats_plus_pretrained_minus_raw_stats,acc,100,0.0169124940554364,0.0052364579730929,0.68
2027,journal_confirmatory_3domain_m_weakalign_steps2000_seed2027,physionet_hyser,target_calibration_only,5,raw_stats_plus_pretrained_minus_raw_stats,balanced_acc,100,0.017938701962853,0.0050301231486227,0.68
2027,journal_confirmatory_3domain_m_weakalign_steps2000_seed2027,physionet_hyser,target_calibration_only,5,raw_stats_plus_pretrained_minus_raw_stats,macro_f1,100,0.0099212187916303,0.0047804584338381,0.6
2027,journal_confirmatory_3domain_m_weakalign_steps2000_seed2027,physionet_hyser,target_calibration_only,10,pretrained_encoder_minus_raw_stats,acc,100,-0.0162218335208133,0.0060913565538588,0.32
2027,journal_confirmatory_3domain_m_weakalign_steps2000_seed2027,physionet_hyser,target_calibration_only,10,pretrained_encoder_minus_raw_stats,balanced_acc,100,-0.01209197571738,0.0060619906455078,0.37
2027,journal_confirmatory_3domain_m_weakalign_steps2000_seed2027,physionet_hyser,target_calibration_only,10,pretrained_encoder_minus_raw_stats,macro_f1,100,-0.0174653219069388,0.0054599726201247,0.3
2027,journal_confirmatory_3domain_m_weakalign_steps2000_seed2027,physionet_hyser,target_calibration_only,10,pretrained_encoder_minus_scratch_encoder,acc,100,0.0014701565239998,0.0057446079710787,0.5
2027,journal_confirmatory_3domain_m_weakalign_steps2000_seed2027,physionet_hyser,target_calibration_only,10,pretrained_encoder_minus_scratch_encoder,balanced_acc,100,0.0024891565699799,0.0061110739590746,0.49
2027,journal_confirmatory_3domain_m_weakalign_steps2000_seed2027,physionet_hyser,target_calibration_only,10,pretrained_encoder_minus_scratch_encoder,macro_f1,100,0.0008633572027663,0.0050732273883274,0.5
2027,journal_confirmatory_3domain_m_weakalign_steps2000_seed2027,physionet_hyser,target_calibration_only,10,raw_stats_plus_pretrained_minus_raw_stats,acc,100,-4.079570301826215e-05,0.0059241402474402,0.47
2027,journal_confirmatory_3domain_m_weakalign_steps2000_seed2027,physionet_hyser,target_calibration_only,10,raw_stats_plus_pretrained_minus_raw_stats,balanced_acc,100,0.0046366853499644,0.0059582666570248,0.54
2027,journal_confirmatory_3domain_m_weakalign_steps2000_seed2027,physionet_hyser,target_calibration_only,10,raw_stats_plus_pretrained_minus_raw_stats,macro_f1,100,-0.0025619814446399,0.0053565907686185,0.48
2028,journal_confirmatory_3domain_m_weakalign_steps2000_seed2028,physionet_grabmyo,source_only,0,pretrained_encoder_minus_raw_stats,acc,430,-0.0133117942951069,0.0044221710851751,0.3488372093023256
2028,journal_confirmatory_3domain_m_weakalign_steps2000_seed2028,physionet_grabmyo,source_only,0,pretrained_encoder_minus_raw_stats,balanced_acc,430,-0.0132383605080858,0.0044300940884807,0.3720930232558139
2028,journal_confirmatory_3domain_m_weakalign_steps2000_seed2028,physionet_grabmyo,source_only,0,pretrained_encoder_minus_raw_stats,macro_f1,430,-0.0077366571148405,0.0042820479362801,0.4302325581395348
2028,journal_confirmatory_3domain_m_weakalign_steps2000_seed2028,physionet_grabmyo,source_only,0,pretrained_encoder_minus_scratch_encoder,acc,430,-0.001583734536497,0.0034061365730285,0.4534883720930232
2028,journal_confirmatory_3domain_m_weakalign_steps2000_seed2028,physionet_grabmyo,source_only,0,pretrained_encoder_minus_scratch_encoder,balanced_acc,430,-0.0017186829070687,0.0032327690972009,0.4767441860465116
2028,journal_confirmatory_3domain_m_weakalign_steps2000_seed2028,physionet_grabmyo,source_only,0,pretrained_encoder_minus_scratch_encoder,macro_f1,430,-0.001725097850497,0.0031122361099055,0.4651162790697674
2028,journal_confirmatory_3domain_m_weakalign_steps2000_seed2028,physionet_grabmyo,source_only,0,raw_stats_plus_pretrained_minus_raw_stats,acc,430,0.0029544735720233,0.0044286329658807,0.5
2028,journal_confirmatory_3domain_m_weakalign_steps2000_seed2028,physionet_grabmyo,source_only,0,raw_stats_plus_pretrained_minus_raw_stats,balanced_acc,430,0.0029998206772541,0.0043787029323838,0.4767441860465116
2028,journal_confirmatory_3domain_m_weakalign_steps2000_seed2028,physionet_grabmyo,source_only,0,raw_stats_plus_pretrained_minus_raw_stats,macro_f1,430,0.0063352119415195,0.0042396043155107,0.5465116279069767
2028,journal_confirmatory_3domain_m_weakalign_steps2000_seed2028,physionet_grabmyo,source_plus_calibration,0,pretrained_encoder_minus_raw_stats,acc,430,-0.0133117942951069,0.0044221710851751,0.3488372093023256
2028,journal_confirmatory_3domain_m_weakalign_steps2000_seed2028,physionet_grabmyo,source_plus_calibration,0,pretrained_encoder_minus_raw_stats,balanced_acc,430,-0.0132383605080858,0.0044300940884807,0.3720930232558139
2028,journal_confirmatory_3domain_m_weakalign_steps2000_seed2028,physionet_grabmyo,source_plus_calibration,0,pretrained_encoder_minus_raw_stats,macro_f1,430,-0.0077366571148405,0.0042820479362801,0.4302325581395348
2028,journal_confirmatory_3domain_m_weakalign_steps2000_seed2028,physionet_grabmyo,source_plus_calibration,0,pretrained_encoder_minus_scratch_encoder,acc,430,-0.001583734536497,0.0034061365730285,0.4534883720930232
2028,journal_confirmatory_3domain_m_weakalign_steps2000_seed2028,physionet_grabmyo,source_plus_calibration,0,pretrained_encoder_minus_scratch_encoder,balanced_acc,430,-0.0017186829070687,0.0032327690972009,0.4767441860465116
2028,journal_confirmatory_3domain_m_weakalign_steps2000_seed2028,physionet_grabmyo,source_plus_calibration,0,pretrained_encoder_minus_scratch_encoder,macro_f1,430,-0.001725097850497,0.0031122361099055,0.4651162790697674
2028,journal_confirmatory_3domain_m_weakalign_steps2000_seed2028,physionet_grabmyo,source_plus_calibration,0,raw_stats_plus_pretrained_minus_raw_stats,acc,430,0.0029544735720233,0.0044286329658807,0.5
2028,journal_confirmatory_3domain_m_weakalign_steps2000_seed2028,physionet_grabmyo,source_plus_calibration,0,raw_stats_plus_pretrained_minus_raw_stats,balanced_acc,430,0.0029998206772541,0.0043787029323838,0.4767441860465116
2028,journal_confirmatory_3domain_m_weakalign_steps2000_seed2028,physionet_grabmyo,source_plus_calibration,0,raw_stats_plus_pretrained_minus_raw_stats,macro_f1,430,0.0063352119415195,0.0042396043155107,0.5465116279069767
2028,journal_confirmatory_3domain_m_weakalign_steps2000_seed2028,physionet_grabmyo,source_plus_calibration,1,pretrained_encoder_minus_raw_stats,acc,430,-0.015402715262996,0.0047043206691988,0.3558139534883721
2028,journal_confirmatory_3domain_m_weakalign_steps2000_seed2028,physionet_grabmyo,source_plus_calibration,1,pretrained_encoder_minus_raw_stats,balanced_acc,430,-0.0157171499177202,0.0047152301397216,0.3767441860465116
2028,journal_confirmatory_3domain_m_weakalign_steps2000_seed2028,physionet_grabmyo,source_plus_calibration,1,pretrained_encoder_minus_raw_stats,macro_f1,430,-0.0098054350307074,0.0044012640969719,0.4093023255813953
2028,journal_confirmatory_3domain_m_weakalign_steps2000_seed2028,physionet_grabmyo,source_plus_calibration,1,pretrained_encoder_minus_scratch_encoder,acc,430,0.0022197131428456,0.0038694378336358,0.4976744186046511
2028,journal_confirmatory_3domain_m_weakalign_steps2000_seed2028,physionet_grabmyo,source_plus_calibration,1,pretrained_encoder_minus_scratch_encoder,balanced_acc,430,0.0018197605156441,0.0038212715683247,0.5279069767441861
2028,journal_confirmatory_3domain_m_weakalign_steps2000_seed2028,physionet_grabmyo,source_plus_calibration,1,pretrained_encoder_minus_scratch_encoder,macro_f1,430,0.0024456803273479,0.0036447097971716,0.5651162790697675
2028,journal_confirmatory_3domain_m_weakalign_steps2000_seed2028,physionet_grabmyo,source_plus_calibration,1,raw_stats_plus_pretrained_minus_raw_stats,acc,430,0.000636594852063,0.0045700283330734,0.5023255813953489
2028,journal_confirmatory_3domain_m_weakalign_steps2000_seed2028,physionet_grabmyo,source_plus_calibration,1,raw_stats_plus_pretrained_minus_raw_stats,balanced_acc,430,-0.0004788214305496,0.004569885780258,0.4976744186046511
2028,journal_confirmatory_3domain_m_weakalign_steps2000_seed2028,physionet_grabmyo,source_plus_calibration,1,raw_stats_plus_pretrained_minus_raw_stats,macro_f1,430,0.0055387066997612,0.004356217110224,0.5348837209302325
2028,journal_confirmatory_3domain_m_weakalign_steps2000_seed2028,physionet_grabmyo,source_plus_calibration,2,pretrained_encoder_minus_raw_stats,acc,430,-0.0172619906638358,0.0048064910559277,0.3558139534883721
2028,journal_confirmatory_3domain_m_weakalign_steps2000_seed2028,physionet_grabmyo,source_plus_calibration,2,pretrained_encoder_minus_raw_stats,balanced_acc,430,-0.0166161180397736,0.0048796261160467,0.3651162790697674
2028,journal_confirmatory_3domain_m_weakalign_steps2000_seed2028,physionet_grabmyo,source_plus_calibration,2,pretrained_encoder_minus_raw_stats,macro_f1,430,-0.0109461207247953,0.0046096248485217,0.4046511627906977
2028,journal_confirmatory_3domain_m_weakalign_steps2000_seed2028,physionet_grabmyo,source_plus_calibration,2,pretrained_encoder_minus_scratch_encoder,acc,430,0.0033725850978064,0.0040844208475243,0.5162790697674419
2028,journal_confirmatory_3domain_m_weakalign_steps2000_seed2028,physionet_grabmyo,source_plus_calibration,2,pretrained_encoder_minus_scratch_encoder,balanced_acc,430,0.0029159590535048,0.0041109725104216,0.5232558139534884
2028,journal_confirmatory_3domain_m_weakalign_steps2000_seed2028,physionet_grabmyo,source_plus_calibration,2,pretrained_encoder_minus_scratch_encoder,macro_f1,430,0.0036075826561475,0.0038630481965108,0.5465116279069767
2028,journal_confirmatory_3domain_m_weakalign_steps2000_seed2028,physionet_grabmyo,source_plus_calibration,2,raw_stats_plus_pretrained_minus_raw_stats,acc,430,-0.0022898096338388,0.0045826772800538,0.4465116279069767
2028,journal_confirmatory_3domain_m_weakalign_steps2000_seed2028,physionet_grabmyo,source_plus_calibration,2,raw_stats_plus_pretrained_minus_raw_stats,balanced_acc,430,-0.0016972271826709,0.0046179312360334,0.4744186046511628
2028,journal_confirmatory_3domain_m_weakalign_steps2000_seed2028,physionet_grabmyo,source_plus_calibration,2,raw_stats_plus_pretrained_minus_raw_stats,macro_f1,430,0.003865520482471,0.004387345167754,0.5209302325581395
2028,journal_confirmatory_3domain_m_weakalign_steps2000_seed2028,physionet_grabmyo,source_plus_calibration,5,pretrained_encoder_minus_raw_stats,acc,430,-0.0261621621909906,0.0053879379895888,0.327906976744186
2028,journal_confirmatory_3domain_m_weakalign_steps2000_seed2028,physionet_grabmyo,source_plus_calibration,5,pretrained_encoder_minus_raw_stats,balanced_acc,430,-0.023588819756983,0.0054431899598665,0.3604651162790697
2028,journal_confirmatory_3domain_m_weakalign_steps2000_seed2028,physionet_grabmyo,source_plus_calibration,5,pretrained_encoder_minus_raw_stats,macro_f1,430,-0.0178103511494379,0.0050365046734497,0.3790697674418604
2028,journal_confirmatory_3domain_m_weakalign_steps2000_seed2028,physionet_grabmyo,source_plus_calibration,5,pretrained_encoder_minus_scratch_encoder,acc,430,-0.0016331833378452,0.0047720933306638,0.4697674418604651
2028,journal_confirmatory_3domain_m_weakalign_steps2000_seed2028,physionet_grabmyo,source_plus_calibration,5,pretrained_encoder_minus_scratch_encoder,balanced_acc,430,-0.0014513503604037,0.0048432179729118,0.5046511627906977
2028,journal_confirmatory_3domain_m_weakalign_steps2000_seed2028,physionet_grabmyo,source_plus_calibration,5,pretrained_encoder_minus_scratch_encoder,macro_f1,430,-0.001116289063962,0.0045109636778553,0.4953488372093023
2028,journal_confirmatory_3domain_m_weakalign_steps2000_seed2028,physionet_grabmyo,source_plus_calibration,5,raw_stats_plus_pretrained_minus_raw_stats,acc,430,-0.0128156307717665,0.0050607218795045,0.3651162790697674
2028,journal_confirmatory_3domain_m_weakalign_steps2000_seed2028,physionet_grabmyo,source_plus_calibration,5,raw_stats_plus_pretrained_minus_raw_stats,balanced_acc,430,-0.0113496608541069,0.0051132144838994,0.413953488372093
2028,journal_confirmatory_3domain_m_weakalign_steps2000_seed2028,physionet_grabmyo,source_plus_calibration,5,raw_stats_plus_pretrained_minus_raw_stats,macro_f1,430,-0.0049102972812541,0.0046997157632793,0.4302325581395348
2028,journal_confirmatory_3domain_m_weakalign_steps2000_seed2028,physionet_grabmyo,source_plus_calibration,10,pretrained_encoder_minus_raw_stats,acc,430,-0.0283251232726471,0.0070280253533863,0.3232558139534883
2028,journal_confirmatory_3domain_m_weakalign_steps2000_seed2028,physionet_grabmyo,source_plus_calibration,10,pretrained_encoder_minus_raw_stats,balanced_acc,430,-0.0275349506400509,0.0076298857325274,0.3395348837209302
2028,journal_confirmatory_3domain_m_weakalign_steps2000_seed2028,physionet_grabmyo,source_plus_calibration,10,pretrained_encoder_minus_raw_stats,macro_f1,430,-0.0168714037427733,0.006240443673301,0.3604651162790697
2028,journal_confirmatory_3domain_m_weakalign_steps2000_seed2028,physionet_grabmyo,source_plus_calibration,10,pretrained_encoder_minus_scratch_encoder,acc,430,0.0031315434372104,0.0067535103790226,0.4674418604651162
2028,journal_confirmatory_3domain_m_weakalign_steps2000_seed2028,physionet_grabmyo,source_plus_calibration,10,pretrained_encoder_minus_scratch_encoder,balanced_acc,430,0.0044408637355792,0.0069890010941018,0.5093023255813953
2028,journal_confirmatory_3domain_m_weakalign_steps2000_seed2028,physionet_grabmyo,source_plus_calibration,10,pretrained_encoder_minus_scratch_encoder,macro_f1,430,0.0040867448072264,0.0058396788311439,0.5232558139534884
2028,journal_confirmatory_3domain_m_weakalign_steps2000_seed2028,physionet_grabmyo,source_plus_calibration,10,raw_stats_plus_pretrained_minus_raw_stats,acc,430,-0.011636167543104,0.0070371046361328,0.4
2028,journal_confirmatory_3domain_m_weakalign_steps2000_seed2028,physionet_grabmyo,source_plus_calibration,10,raw_stats_plus_pretrained_minus_raw_stats,balanced_acc,430,-0.0114487105169555,0.0072905461118045,0.4162790697674418
2028,journal_confirmatory_3domain_m_weakalign_steps2000_seed2028,physionet_grabmyo,source_plus_calibration,10,raw_stats_plus_pretrained_minus_raw_stats,macro_f1,430,-0.0011812275176265,0.0061271179640777,0.4860465116279069
2028,journal_confirmatory_3domain_m_weakalign_steps2000_seed2028,physionet_grabmyo,target_calibration_only,1,pretrained_encoder_minus_raw_stats,acc,430,0.0118070873012715,0.0040752725726953,0.6
2028,journal_confirmatory_3domain_m_weakalign_steps2000_seed2028,physionet_grabmyo,target_calibration_only,1,pretrained_encoder_minus_raw_stats,balanced_acc,430,0.0113011353824058,0.0040492530729244,0.6209302325581395
2028,journal_confirmatory_3domain_m_weakalign_steps2000_seed2028,physionet_grabmyo,target_calibration_only,1,pretrained_encoder_minus_raw_stats,macro_f1,430,0.0086646970962133,0.0038188959638222,0.5930232558139535
2028,journal_confirmatory_3domain_m_weakalign_steps2000_seed2028,physionet_grabmyo,target_calibration_only,1,pretrained_encoder_minus_scratch_encoder,acc,430,0.0145070617643468,0.003402005608448,0.6441860465116279
2028,journal_confirmatory_3domain_m_weakalign_steps2000_seed2028,physionet_grabmyo,target_calibration_only,1,pretrained_encoder_minus_scratch_encoder,balanced_acc,430,0.0146425560603285,0.0034138343553566,0.6604651162790698
2028,journal_confirmatory_3domain_m_weakalign_steps2000_seed2028,physionet_grabmyo,target_calibration_only,1,pretrained_encoder_minus_scratch_encoder,macro_f1,430,0.0133639835589722,0.0031446001377506,0.6558139534883721
2028,journal_confirmatory_3domain_m_weakalign_steps2000_seed2028,physionet_grabmyo,target_calibration_only,1,raw_stats_plus_pretrained_minus_raw_stats,acc,430,0.0248799302013961,0.003798835436204,0.7255813953488373
2028,journal_confirmatory_3domain_m_weakalign_steps2000_seed2028,physionet_grabmyo,target_calibration_only,1,raw_stats_plus_pretrained_minus_raw_stats,balanced_acc,430,0.0242181714488141,0.0038418900037562,0.7395348837209302
2028,journal_confirmatory_3domain_m_weakalign_steps2000_seed2028,physionet_grabmyo,target_calibration_only,1,raw_stats_plus_pretrained_minus_raw_stats,macro_f1,430,0.0217099009401526,0.0035975235125331,0.7348837209302326
2028,journal_confirmatory_3domain_m_weakalign_steps2000_seed2028,physionet_grabmyo,target_calibration_only,2,pretrained_encoder_minus_raw_stats,acc,430,0.0249162648974149,0.0038558805984051,0.7046511627906977
2028,journal_confirmatory_3domain_m_weakalign_steps2000_seed2028,physionet_grabmyo,target_calibration_only,2,pretrained_encoder_minus_raw_stats,balanced_acc,430,0.0252358442473172,0.003838768670926,0.7209302325581395
2028,journal_confirmatory_3domain_m_weakalign_steps2000_seed2028,physionet_grabmyo,target_calibration_only,2,pretrained_encoder_minus_raw_stats,macro_f1,430,0.0205400936293852,0.0036743163107313,0.6906976744186046
2028,journal_confirmatory_3domain_m_weakalign_steps2000_seed2028,physionet_grabmyo,target_calibration_only,2,pretrained_encoder_minus_scratch_encoder,acc,430,0.016939627196853,0.0035957911522115,0.6627906976744186
2028,journal_confirmatory_3domain_m_weakalign_steps2000_seed2028,physionet_grabmyo,target_calibration_only,2,pretrained_encoder_minus_scratch_encoder,balanced_acc,430,0.0173652133093395,0.003600195687291,0.672093023255814
2028,journal_confirmatory_3domain_m_weakalign_steps2000_seed2028,physionet_grabmyo,target_calibration_only,2,pretrained_encoder_minus_scratch_encoder,macro_f1,430,0.0150025597106939,0.0033687725967869,0.6697674418604651
2028,journal_confirmatory_3domain_m_weakalign_steps2000_seed2028,physionet_grabmyo,target_calibration_only,2,raw_stats_plus_pretrained_minus_raw_stats,acc,430,0.0385953139619516,0.0037587863269326,0.8232558139534883
2028,journal_confirmatory_3domain_m_weakalign_steps2000_seed2028,physionet_grabmyo,target_calibration_only,2,raw_stats_plus_pretrained_minus_raw_stats,balanced_acc,430,0.0389325519987717,0.0037237780866538,0.8348837209302326
2028,journal_confirmatory_3domain_m_weakalign_steps2000_seed2028,physionet_grabmyo,target_calibration_only,2,raw_stats_plus_pretrained_minus_raw_stats,macro_f1,430,0.0340207181533093,0.0036050951286436,0.813953488372093
2028,journal_confirmatory_3domain_m_weakalign_steps2000_seed2028,physionet_grabmyo,target_calibration_only,5,pretrained_encoder_minus_raw_stats,acc,430,0.0321380708292479,0.0049909638236607,0.6953488372093023
2028,journal_confirmatory_3domain_m_weakalign_steps2000_seed2028,physionet_grabmyo,target_calibration_only,5,pretrained_encoder_minus_raw_stats,balanced_acc,430,0.0335581588058845,0.0053130886173549,0.7093023255813954
2028,journal_confirmatory_3domain_m_weakalign_steps2000_seed2028,physionet_grabmyo,target_calibration_only,5,pretrained_encoder_minus_raw_stats,macro_f1,430,0.0281725515533929,0.0048217455341208,0.6813953488372093
2028,journal_confirmatory_3domain_m_weakalign_steps2000_seed2028,physionet_grabmyo,target_calibration_only,5,pretrained_encoder_minus_scratch_encoder,acc,430,0.0177673769397103,0.0039537400620959,0.641860465116279
2028,journal_confirmatory_3domain_m_weakalign_steps2000_seed2028,physionet_grabmyo,target_calibration_only,5,pretrained_encoder_minus_scratch_encoder,balanced_acc,430,0.0184803461778929,0.0043014681234552,0.6558139534883721
2028,journal_confirmatory_3domain_m_weakalign_steps2000_seed2028,physionet_grabmyo,target_calibration_only,5,pretrained_encoder_minus_scratch_encoder,macro_f1,430,0.0174116638701985,0.0038542535848786,0.6651162790697674
2028,journal_confirmatory_3domain_m_weakalign_steps2000_seed2028,physionet_grabmyo,target_calibration_only,5,raw_stats_plus_pretrained_minus_raw_stats,acc,430,0.0502942659071146,0.0047465720149576,0.8116279069767441
2028,journal_confirmatory_3domain_m_weakalign_steps2000_seed2028,physionet_grabmyo,target_calibration_only,5,raw_stats_plus_pretrained_minus_raw_stats,balanced_acc,430,0.0534701844910508,0.0051093428593278,0.827906976744186
2028,journal_confirmatory_3domain_m_weakalign_steps2000_seed2028,physionet_grabmyo,target_calibration_only,5,raw_stats_plus_pretrained_minus_raw_stats,macro_f1,430,0.045364988545434,0.0044738814721264,0.8348837209302326
2028,journal_confirmatory_3domain_m_weakalign_steps2000_seed2028,physionet_grabmyo,target_calibration_only,10,pretrained_encoder_minus_raw_stats,acc,430,0.0100825783771501,0.0062160952210733,0.5209302325581395
2028,journal_confirmatory_3domain_m_weakalign_steps2000_seed2028,physionet_grabmyo,target_calibration_only,10,pretrained_encoder_minus_raw_stats,balanced_acc,430,0.0088970452630733,0.0066147107048798,0.5581395348837209
2028,journal_confirmatory_3domain_m_weakalign_steps2000_seed2028,physionet_grabmyo,target_calibration_only,10,pretrained_encoder_minus_raw_stats,macro_f1,430,0.0072993834790689,0.0059125981764021,0.5604651162790698
2028,journal_confirmatory_3domain_m_weakalign_steps2000_seed2028,physionet_grabmyo,target_calibration_only,10,pretrained_encoder_minus_scratch_encoder,acc,430,0.0168736945437083,0.0060605998419987,0.5627906976744186
2028,journal_confirmatory_3domain_m_weakalign_steps2000_seed2028,physionet_grabmyo,target_calibration_only,10,pretrained_encoder_minus_scratch_encoder,balanced_acc,430,0.0154096899466497,0.0064708440215104,0.5906976744186047
2028,journal_confirmatory_3domain_m_weakalign_steps2000_seed2028,physionet_grabmyo,target_calibration_only,10,pretrained_encoder_minus_scratch_encoder,macro_f1,430,0.0152748920076108,0.0057214146038293,0.5790697674418605
2028,journal_confirmatory_3domain_m_weakalign_steps2000_seed2028,physionet_grabmyo,target_calibration_only,10,raw_stats_plus_pretrained_minus_raw_stats,acc,430,0.0273901014808789,0.0060959485954331,0.6511627906976745
2028,journal_confirmatory_3domain_m_weakalign_steps2000_seed2028,physionet_grabmyo,target_calibration_only,10,raw_stats_plus_pretrained_minus_raw_stats,balanced_acc,430,0.0305535900871055,0.0064787161798047,0.6813953488372093
2028,journal_confirmatory_3domain_m_weakalign_steps2000_seed2028,physionet_grabmyo,target_calibration_only,10,raw_stats_plus_pretrained_minus_raw_stats,macro_f1,430,0.0239242642096696,0.0058376317719267,0.6674418604651163
2028,journal_confirmatory_3domain_m_weakalign_steps2000_seed2028,physionet_hyser,source_only,0,pretrained_encoder_minus_raw_stats,acc,100,-0.0136485126838459,0.0040089459351442,0.2
2028,journal_confirmatory_3domain_m_weakalign_steps2000_seed2028,physionet_hyser,source_only,0,pretrained_encoder_minus_raw_stats,balanced_acc,100,-0.0147112055015985,0.0040885931657009,0.25
2028,journal_confirmatory_3domain_m_weakalign_steps2000_seed2028,physionet_hyser,source_only,0,pretrained_encoder_minus_raw_stats,macro_f1,100,-0.0054913335348322,0.0038255774666268,0.3
2028,journal_confirmatory_3domain_m_weakalign_steps2000_seed2028,physionet_hyser,source_only,0,pretrained_encoder_minus_scratch_encoder,acc,100,-0.0028340771431307,0.0029582389216016,0.5
2028,journal_confirmatory_3domain_m_weakalign_steps2000_seed2028,physionet_hyser,source_only,0,pretrained_encoder_minus_scratch_encoder,balanced_acc,100,-0.0029884767401622,0.0029504348964153,0.5
2028,journal_confirmatory_3domain_m_weakalign_steps2000_seed2028,physionet_hyser,source_only,0,pretrained_encoder_minus_scratch_encoder,macro_f1,100,-0.004575980253838,0.0028294209209627,0.5
2028,journal_confirmatory_3domain_m_weakalign_steps2000_seed2028,physionet_hyser,source_only,0,raw_stats_plus_pretrained_minus_raw_stats,acc,100,-0.002710184103345,0.0045884237814645,0.45
2028,journal_confirmatory_3domain_m_weakalign_steps2000_seed2028,physionet_hyser,source_only,0,raw_stats_plus_pretrained_minus_raw_stats,balanced_acc,100,-0.0037551130157916,0.0046879151768468,0.45
2028,journal_confirmatory_3domain_m_weakalign_steps2000_seed2028,physionet_hyser,source_only,0,raw_stats_plus_pretrained_minus_raw_stats,macro_f1,100,0.00135009532231,0.0044412737814551,0.6
2028,journal_confirmatory_3domain_m_weakalign_steps2000_seed2028,physionet_hyser,source_plus_calibration,0,pretrained_encoder_minus_raw_stats,acc,100,-0.0136485126838459,0.0040089459351442,0.2
2028,journal_confirmatory_3domain_m_weakalign_steps2000_seed2028,physionet_hyser,source_plus_calibration,0,pretrained_encoder_minus_raw_stats,balanced_acc,100,-0.0147112055015985,0.0040885931657009,0.25
2028,journal_confirmatory_3domain_m_weakalign_steps2000_seed2028,physionet_hyser,source_plus_calibration,0,pretrained_encoder_minus_raw_stats,macro_f1,100,-0.0054913335348322,0.0038255774666268,0.3
2028,journal_confirmatory_3domain_m_weakalign_steps2000_seed2028,physionet_hyser,source_plus_calibration,0,pretrained_encoder_minus_scratch_encoder,acc,100,-0.0028340771431307,0.0029582389216016,0.5
2028,journal_confirmatory_3domain_m_weakalign_steps2000_seed2028,physionet_hyser,source_plus_calibration,0,pretrained_encoder_minus_scratch_encoder,balanced_acc,100,-0.0029884767401622,0.0029504348964153,0.5
2028,journal_confirmatory_3domain_m_weakalign_steps2000_seed2028,physionet_hyser,source_plus_calibration,0,pretrained_encoder_minus_scratch_encoder,macro_f1,100,-0.004575980253838,0.0028294209209627,0.5
2028,journal_confirmatory_3domain_m_weakalign_steps2000_seed2028,physionet_hyser,source_plus_calibration,0,raw_stats_plus_pretrained_minus_raw_stats,acc,100,-0.002710184103345,0.0045884237814645,0.45
2028,journal_confirmatory_3domain_m_weakalign_steps2000_seed2028,physionet_hyser,source_plus_calibration,0,raw_stats_plus_pretrained_minus_raw_stats,balanced_acc,100,-0.0037551130157916,0.0046879151768468,0.45
2028,journal_confirmatory_3domain_m_weakalign_steps2000_seed2028,physionet_hyser,source_plus_calibration,0,raw_stats_plus_pretrained_minus_raw_stats,macro_f1,100,0.00135009532231,0.0044412737814551,0.6
2028,journal_confirmatory_3domain_m_weakalign_steps2000_seed2028,physionet_hyser,source_plus_calibration,1,pretrained_encoder_minus_raw_stats,acc,100,-0.0087640965235845,0.004336869693036,0.38
2028,journal_confirmatory_3domain_m_weakalign_steps2000_seed2028,physionet_hyser,source_plus_calibration,1,pretrained_encoder_minus_raw_stats,balanced_acc,100,-0.0097991886561195,0.0041486886057089,0.31
2028,journal_confirmatory_3domain_m_weakalign_steps2000_seed2028,physionet_hyser,source_plus_calibration,1,pretrained_encoder_minus_raw_stats,macro_f1,100,-0.0022187097999692,0.0040592745165842,0.49
2028,journal_confirmatory_3domain_m_weakalign_steps2000_seed2028,physionet_hyser,source_plus_calibration,1,pretrained_encoder_minus_scratch_encoder,acc,100,0.0002821566275196,0.0035843665519881,0.47
2028,journal_confirmatory_3domain_m_weakalign_steps2000_seed2028,physionet_hyser,source_plus_calibration,1,pretrained_encoder_minus_scratch_encoder,balanced_acc,100,0.0002272393434774,0.0034716317786859,0.47
2028,journal_confirmatory_3domain_m_weakalign_steps2000_seed2028,physionet_hyser,source_plus_calibration,1,pretrained_encoder_minus_scratch_encoder,macro_f1,100,0.0006616025059786,0.003162155060924,0.49
2028,journal_confirmatory_3domain_m_weakalign_steps2000_seed2028,physionet_hyser,source_plus_calibration,1,raw_stats_plus_pretrained_minus_raw_stats,acc,100,0.0016133908950508,0.0044204221446844,0.56
2028,journal_confirmatory_3domain_m_weakalign_steps2000_seed2028,physionet_hyser,source_plus_calibration,1,raw_stats_plus_pretrained_minus_raw_stats,balanced_acc,100,0.0007107720472785,0.0043023621631756,0.56
2028,journal_confirmatory_3domain_m_weakalign_steps2000_seed2028,physionet_hyser,source_plus_calibration,1,raw_stats_plus_pretrained_minus_raw_stats,macro_f1,100,0.0068830209462935,0.0042065541579755,0.67
2028,journal_confirmatory_3domain_m_weakalign_steps2000_seed2028,physionet_hyser,source_plus_calibration,2,pretrained_encoder_minus_raw_stats,acc,100,-0.0065431927540315,0.0046275799219017,0.42
2028,journal_confirmatory_3domain_m_weakalign_steps2000_seed2028,physionet_hyser,source_plus_calibration,2,pretrained_encoder_minus_raw_stats,balanced_acc,100,-0.0073747080259669,0.0044395964994836,0.43
2028,journal_confirmatory_3domain_m_weakalign_steps2000_seed2028,physionet_hyser,source_plus_calibration,2,pretrained_encoder_minus_raw_stats,macro_f1,100,-0.000910562234944,0.0039366833900642,0.5
2028,journal_confirmatory_3domain_m_weakalign_steps2000_seed2028,physionet_hyser,source_plus_calibration,2,pretrained_encoder_minus_scratch_encoder,acc,100,0.0040800834462935,0.0034075949251228,0.58
2028,journal_confirmatory_3domain_m_weakalign_steps2000_seed2028,physionet_hyser,source_plus_calibration,2,pretrained_encoder_minus_scratch_encoder,balanced_acc,100,0.0036589103073179,0.0033576915841587,0.56
2028,journal_confirmatory_3domain_m_weakalign_steps2000_seed2028,physionet_hyser,source_plus_calibration,2,pretrained_encoder_minus_scratch_encoder,macro_f1,100,0.0032930954134734,0.0030119260650986,0.56
2028,journal_confirmatory_3domain_m_weakalign_steps2000_seed2028,physionet_hyser,source_plus_calibration,2,raw_stats_plus_pretrained_minus_raw_stats,acc,100,0.0065418424502094,0.0047686763406435,0.59
2028,journal_confirmatory_3domain_m_weakalign_steps2000_seed2028,physionet_hyser,source_plus_calibration,2,raw_stats_plus_pretrained_minus_raw_stats,balanced_acc,100,0.0060957506015405,0.0046400946644049,0.59
2028,journal_confirmatory_3domain_m_weakalign_steps2000_seed2028,physionet_hyser,source_plus_calibration,2,raw_stats_plus_pretrained_minus_raw_stats,macro_f1,100,0.0119384222741995,0.0042519401303635,0.69
2028,journal_confirmatory_3domain_m_weakalign_steps2000_seed2028,physionet_hyser,source_plus_calibration,5,pretrained_encoder_minus_raw_stats,acc,100,-0.0080563432900885,0.0057482463779125,0.39
2028,journal_confirmatory_3domain_m_weakalign_steps2000_seed2028,physionet_hyser,source_plus_calibration,5,pretrained_encoder_minus_raw_stats,balanced_acc,100,-0.0085447330417487,0.0054790029170852,0.37
2028,journal_confirmatory_3domain_m_weakalign_steps2000_seed2028,physionet_hyser,source_plus_calibration,5,pretrained_encoder_minus_raw_stats,macro_f1,100,-0.0024153142175992,0.0050821108216425,0.4
2028,journal_confirmatory_3domain_m_weakalign_steps2000_seed2028,physionet_hyser,source_plus_calibration,5,pretrained_encoder_minus_scratch_encoder,acc,100,0.0027861522191929,0.004184965753604,0.55
2028,journal_confirmatory_3domain_m_weakalign_steps2000_seed2028,physionet_hyser,source_plus_calibration,5,pretrained_encoder_minus_scratch_encoder,balanced_acc,100,0.0020888493182086,0.0040840608033533,0.55
2028,journal_confirmatory_3domain_m_weakalign_steps2000_seed2028,physionet_hyser,source_plus_calibration,5,pretrained_encoder_minus_scratch_encoder,macro_f1,100,0.0022642864203518,0.003664135772601,0.57
2028,journal_confirmatory_3domain_m_weakalign_steps2000_seed2028,physionet_hyser,source_plus_calibration,5,raw_stats_plus_pretrained_minus_raw_stats,acc,100,0.0086024855833085,0.0059506742266145,0.63
2028,journal_confirmatory_3domain_m_weakalign_steps2000_seed2028,physionet_hyser,source_plus_calibration,5,raw_stats_plus_pretrained_minus_raw_stats,balanced_acc,100,0.0084335994798861,0.0056481839052367,0.61
2028,journal_confirmatory_3domain_m_weakalign_steps2000_seed2028,physionet_hyser,source_plus_calibration,5,raw_stats_plus_pretrained_minus_raw_stats,macro_f1,100,0.0124979404320771,0.0051134337938345,0.66
2028,journal_confirmatory_3domain_m_weakalign_steps2000_seed2028,physionet_hyser,source_plus_calibration,10,pretrained_encoder_minus_raw_stats,acc,100,-0.0075667373133528,0.0066737444400316,0.45
2028,journal_confirmatory_3domain_m_weakalign_steps2000_seed2028,physionet_hyser,source_plus_calibration,10,pretrained_encoder_minus_raw_stats,balanced_acc,100,-0.0065366113871582,0.0064708870919646,0.51
2028,journal_confirmatory_3domain_m_weakalign_steps2000_seed2028,physionet_hyser,source_plus_calibration,10,pretrained_encoder_minus_raw_stats,macro_f1,100,-0.0017975802438793,0.0056391815298363,0.5
2028,journal_confirmatory_3domain_m_weakalign_steps2000_seed2028,physionet_hyser,source_plus_calibration,10,pretrained_encoder_minus_scratch_encoder,acc,100,0.0082567542607394,0.005958230505549,0.56
2028,journal_confirmatory_3domain_m_weakalign_steps2000_seed2028,physionet_hyser,source_plus_calibration,10,pretrained_encoder_minus_scratch_encoder,balanced_acc,100,0.0080474360313762,0.0060179674851531,0.57
2028,journal_confirmatory_3domain_m_weakalign_steps2000_seed2028,physionet_hyser,source_plus_calibration,10,pretrained_encoder_minus_scratch_encoder,macro_f1,100,0.0084385157547003,0.0052694314893927,0.58
2028,journal_confirmatory_3domain_m_weakalign_steps2000_seed2028,physionet_hyser,source_plus_calibration,10,raw_stats_plus_pretrained_minus_raw_stats,acc,100,0.0124483776220109,0.006889245126982,0.67
2028,journal_confirmatory_3domain_m_weakalign_steps2000_seed2028,physionet_hyser,source_plus_calibration,10,raw_stats_plus_pretrained_minus_raw_stats,balanced_acc,100,0.0154578370496031,0.0067618727165658,0.69
2028,journal_confirmatory_3domain_m_weakalign_steps2000_seed2028,physionet_hyser,source_plus_calibration,10,raw_stats_plus_pretrained_minus_raw_stats,macro_f1,100,0.0174230767326647,0.0059131870928724,0.74
2028,journal_confirmatory_3domain_m_weakalign_steps2000_seed2028,physionet_hyser,target_calibration_only,1,pretrained_encoder_minus_raw_stats,acc,100,0.0112706091241971,0.0044190887417031,0.7
2028,journal_confirmatory_3domain_m_weakalign_steps2000_seed2028,physionet_hyser,target_calibration_only,1,pretrained_encoder_minus_raw_stats,balanced_acc,100,0.0115673051022442,0.0042701879022637,0.71
2028,journal_confirmatory_3domain_m_weakalign_steps2000_seed2028,physionet_hyser,target_calibration_only,1,pretrained_encoder_minus_raw_stats,macro_f1,100,0.0099741647786306,0.0038381988305148,0.76
2028,journal_confirmatory_3domain_m_weakalign_steps2000_seed2028,physionet_hyser,target_calibration_only,1,pretrained_encoder_minus_scratch_encoder,acc,100,0.0099821956056685,0.0040191152632253,0.73
2028,journal_confirmatory_3domain_m_weakalign_steps2000_seed2028,physionet_hyser,target_calibration_only,1,pretrained_encoder_minus_scratch_encoder,balanced_acc,100,0.0092297347256009,0.0039780442745065,0.69
2028,journal_confirmatory_3domain_m_weakalign_steps2000_seed2028,physionet_hyser,target_calibration_only,1,pretrained_encoder_minus_scratch_encoder,macro_f1,100,0.008592810033589,0.0034686993993037,0.69
2028,journal_confirmatory_3domain_m_weakalign_steps2000_seed2028,physionet_hyser,target_calibration_only,1,raw_stats_plus_pretrained_minus_raw_stats,acc,100,0.0263450453274714,0.0041384791723843,0.9
2028,journal_confirmatory_3domain_m_weakalign_steps2000_seed2028,physionet_hyser,target_calibration_only,1,raw_stats_plus_pretrained_minus_raw_stats,balanced_acc,100,0.0264611426935631,0.0041926760084174,0.93
2028,journal_confirmatory_3domain_m_weakalign_steps2000_seed2028,physionet_hyser,target_calibration_only,1,raw_stats_plus_pretrained_minus_raw_stats,macro_f1,100,0.024633579294006,0.0035830023375581,0.92
2028,journal_confirmatory_3domain_m_weakalign_steps2000_seed2028,physionet_hyser,target_calibration_only,2,pretrained_encoder_minus_raw_stats,acc,100,0.0191975435527569,0.0045343697910078,0.74
2028,journal_confirmatory_3domain_m_weakalign_steps2000_seed2028,physionet_hyser,target_calibration_only,2,pretrained_encoder_minus_raw_stats,balanced_acc,100,0.0199622402478141,0.0046789534910584,0.75
2028,journal_confirmatory_3domain_m_weakalign_steps2000_seed2028,physionet_hyser,target_calibration_only,2,pretrained_encoder_minus_raw_stats,macro_f1,100,0.0162327556191027,0.0043250950239406,0.74
2028,journal_confirmatory_3domain_m_weakalign_steps2000_seed2028,physionet_hyser,target_calibration_only,2,pretrained_encoder_minus_scratch_encoder,acc,100,0.0151072460044238,0.0042425955860327,0.71
2028,journal_confirmatory_3domain_m_weakalign_steps2000_seed2028,physionet_hyser,target_calibration_only,2,pretrained_encoder_minus_scratch_encoder,balanced_acc,100,0.0152888546332259,0.0044676186856226,0.7
2028,journal_confirmatory_3domain_m_weakalign_steps2000_seed2028,physionet_hyser,target_calibration_only,2,pretrained_encoder_minus_scratch_encoder,macro_f1,100,0.0142756981983819,0.0039774281296231,0.76
2028,journal_confirmatory_3domain_m_weakalign_steps2000_seed2028,physionet_hyser,target_calibration_only,2,raw_stats_plus_pretrained_minus_raw_stats,acc,100,0.0382130202384632,0.0048693844409043,0.95
2028,journal_confirmatory_3domain_m_weakalign_steps2000_seed2028,physionet_hyser,target_calibration_only,2,raw_stats_plus_pretrained_minus_raw_stats,balanced_acc,100,0.0390267433708902,0.0051204566810182,0.94
2028,journal_confirmatory_3domain_m_weakalign_steps2000_seed2028,physionet_hyser,target_calibration_only,2,raw_stats_plus_pretrained_minus_raw_stats,macro_f1,100,0.0339743532204228,0.0044678438986335,0.97
2028,journal_confirmatory_3domain_m_weakalign_steps2000_seed2028,physionet_hyser,target_calibration_only,5,pretrained_encoder_minus_raw_stats,acc,100,0.003340508789664,0.0058283561984282,0.5
2028,journal_confirmatory_3domain_m_weakalign_steps2000_seed2028,physionet_hyser,target_calibration_only,5,pretrained_encoder_minus_raw_stats,balanced_acc,100,0.0041233212060362,0.0057728440521124,0.52
2028,journal_confirmatory_3domain_m_weakalign_steps2000_seed2028,physionet_hyser,target_calibration_only,5,pretrained_encoder_minus_raw_stats,macro_f1,100,-0.0024977302316918,0.0050385430949945,0.42
2028,journal_confirmatory_3domain_m_weakalign_steps2000_seed2028,physionet_hyser,target_calibration_only,5,pretrained_encoder_minus_scratch_encoder,acc,100,0.0109136936040808,0.0055581018075346,0.68
2028,journal_confirmatory_3domain_m_weakalign_steps2000_seed2028,physionet_hyser,target_calibration_only,5,pretrained_encoder_minus_scratch_encoder,balanced_acc,100,0.0106699228311254,0.0054401281700228,0.68
2028,journal_confirmatory_3domain_m_weakalign_steps2000_seed2028,physionet_hyser,target_calibration_only,5,pretrained_encoder_minus_scratch_encoder,macro_f1,100,0.0085229625642034,0.0047985240027844,0.67
2028,journal_confirmatory_3domain_m_weakalign_steps2000_seed2028,physionet_hyser,target_calibration_only,5,raw_stats_plus_pretrained_minus_raw_stats,acc,100,0.0208967090878273,0.0054967840387056,0.75
2028,journal_confirmatory_3domain_m_weakalign_steps2000_seed2028,physionet_hyser,target_calibration_only,5,raw_stats_plus_pretrained_minus_raw_stats,balanced_acc,100,0.0207683764831418,0.0054068968766004,0.77
2028,journal_confirmatory_3domain_m_weakalign_steps2000_seed2028,physionet_hyser,target_calibration_only,5,raw_stats_plus_pretrained_minus_raw_stats,macro_f1,100,0.0132407901745115,0.0047895918536942,0.68
2028,journal_confirmatory_3domain_m_weakalign_steps2000_seed2028,physionet_hyser,target_calibration_only,10,pretrained_encoder_minus_raw_stats,acc,100,-0.0134046811988346,0.0070033123135611,0.31
2028,journal_confirmatory_3domain_m_weakalign_steps2000_seed2028,physionet_hyser,target_calibration_only,10,pretrained_encoder_minus_raw_stats,balanced_acc,100,-0.0113528717826978,0.0068631662287518,0.38
2028,journal_confirmatory_3domain_m_weakalign_steps2000_seed2028,physionet_hyser,target_calibration_only,10,pretrained_encoder_minus_raw_stats,macro_f1,100,-0.0162937865169106,0.0058920233028317,0.26
2028,journal_confirmatory_3domain_m_weakalign_steps2000_seed2028,physionet_hyser,target_calibration_only,10,pretrained_encoder_minus_scratch_encoder,acc,100,0.0042873088459784,0.0059379834776745,0.54
2028,journal_confirmatory_3domain_m_weakalign_steps2000_seed2028,physionet_hyser,target_calibration_only,10,pretrained_encoder_minus_scratch_encoder,balanced_acc,100,0.0032282605046621,0.0059279249748433,0.54
2028,journal_confirmatory_3domain_m_weakalign_steps2000_seed2028,physionet_hyser,target_calibration_only,10,pretrained_encoder_minus_scratch_encoder,macro_f1,100,0.0020348925927945,0.0050851840695983,0.51
2028,journal_confirmatory_3domain_m_weakalign_steps2000_seed2028,physionet_hyser,target_calibration_only,10,raw_stats_plus_pretrained_minus_raw_stats,acc,100,0.0014672792761567,0.0059601108122706,0.5
2028,journal_confirmatory_3domain_m_weakalign_steps2000_seed2028,physionet_hyser,target_calibration_only,10,raw_stats_plus_pretrained_minus_raw_stats,balanced_acc,100,0.0051220001235751,0.0059039142983209,0.58
2028,journal_confirmatory_3domain_m_weakalign_steps2000_seed2028,physionet_hyser,target_calibration_only,10,raw_stats_plus_pretrained_minus_raw_stats,macro_f1,100,-0.0014516993893515,0.0050685668240059,0.47
2029,journal_confirmatory_3domain_m_weakalign_steps2000_seed2029,physionet_grabmyo,source_only,0,pretrained_encoder_minus_raw_stats,acc,430,-0.0143701541383087,0.0038272554515179,0.3604651162790697
2029,journal_confirmatory_3domain_m_weakalign_steps2000_seed2029,physionet_grabmyo,source_only,0,pretrained_encoder_minus_raw_stats,balanced_acc,430,-0.013704398113916,0.0038717225829203,0.4186046511627907
2029,journal_confirmatory_3domain_m_weakalign_steps2000_seed2029,physionet_grabmyo,source_only,0,pretrained_encoder_minus_raw_stats,macro_f1,430,-0.009519624169517,0.0037060579658468,0.4186046511627907
2029,journal_confirmatory_3domain_m_weakalign_steps2000_seed2029,physionet_grabmyo,source_only,0,pretrained_encoder_minus_scratch_encoder,acc,430,-0.0026420943796988,0.0033374181140159,0.4418604651162791
2029,journal_confirmatory_3domain_m_weakalign_steps2000_seed2029,physionet_grabmyo,source_only,0,pretrained_encoder_minus_scratch_encoder,balanced_acc,430,-0.0021847205128989,0.0032222705056849,0.4651162790697674
2029,journal_confirmatory_3domain_m_weakalign_steps2000_seed2029,physionet_grabmyo,source_only,0,pretrained_encoder_minus_scratch_encoder,macro_f1,430,-0.0035080649051735,0.0030011380017129,0.4418604651162791
2029,journal_confirmatory_3domain_m_weakalign_steps2000_seed2029,physionet_grabmyo,source_only,0,raw_stats_plus_pretrained_minus_raw_stats,acc,430,-0.0015759423067117,0.0038653759486504,0.4534883720930232
2029,journal_confirmatory_3domain_m_weakalign_steps2000_seed2029,physionet_grabmyo,source_only,0,raw_stats_plus_pretrained_minus_raw_stats,balanced_acc,430,-0.0017207775883288,0.0037142160999154,0.4534883720930232
2029,journal_confirmatory_3domain_m_weakalign_steps2000_seed2029,physionet_grabmyo,source_only,0,raw_stats_plus_pretrained_minus_raw_stats,macro_f1,430,0.0019779633796496,0.0037320062227616,0.5348837209302325
2029,journal_confirmatory_3domain_m_weakalign_steps2000_seed2029,physionet_grabmyo,source_plus_calibration,0,pretrained_encoder_minus_raw_stats,acc,430,-0.0143701541383087,0.0038272554515179,0.3604651162790697
2029,journal_confirmatory_3domain_m_weakalign_steps2000_seed2029,physionet_grabmyo,source_plus_calibration,0,pretrained_encoder_minus_raw_stats,balanced_acc,430,-0.013704398113916,0.0038717225829203,0.4186046511627907
2029,journal_confirmatory_3domain_m_weakalign_steps2000_seed2029,physionet_grabmyo,source_plus_calibration,0,pretrained_encoder_minus_raw_stats,macro_f1,430,-0.009519624169517,0.0037060579658468,0.4186046511627907
2029,journal_confirmatory_3domain_m_weakalign_steps2000_seed2029,physionet_grabmyo,source_plus_calibration,0,pretrained_encoder_minus_scratch_encoder,acc,430,-0.0026420943796988,0.0033374181140159,0.4418604651162791
2029,journal_confirmatory_3domain_m_weakalign_steps2000_seed2029,physionet_grabmyo,source_plus_calibration,0,pretrained_encoder_minus_scratch_encoder,balanced_acc,430,-0.0021847205128989,0.0032222705056849,0.4651162790697674
2029,journal_confirmatory_3domain_m_weakalign_steps2000_seed2029,physionet_grabmyo,source_plus_calibration,0,pretrained_encoder_minus_scratch_encoder,macro_f1,430,-0.0035080649051735,0.0030011380017129,0.4418604651162791
2029,journal_confirmatory_3domain_m_weakalign_steps2000_seed2029,physionet_grabmyo,source_plus_calibration,0,raw_stats_plus_pretrained_minus_raw_stats,acc,430,-0.0015759423067117,0.0038653759486504,0.4534883720930232
2029,journal_confirmatory_3domain_m_weakalign_steps2000_seed2029,physionet_grabmyo,source_plus_calibration,0,raw_stats_plus_pretrained_minus_raw_stats,balanced_acc,430,-0.0017207775883288,0.0037142160999154,0.4534883720930232
2029,journal_confirmatory_3domain_m_weakalign_steps2000_seed2029,physionet_grabmyo,source_plus_calibration,0,raw_stats_plus_pretrained_minus_raw_stats,macro_f1,430,0.0019779633796496,0.0037320062227616,0.5348837209302325
2029,journal_confirmatory_3domain_m_weakalign_steps2000_seed2029,physionet_grabmyo,source_plus_calibration,1,pretrained_encoder_minus_raw_stats,acc,430,-0.0174120062085234,0.0042649268087656,0.3441860465116279
2029,journal_confirmatory_3domain_m_weakalign_steps2000_seed2029,physionet_grabmyo,source_plus_calibration,1,pretrained_encoder_minus_raw_stats,balanced_acc,430,-0.0169954970973841,0.0042992990135492,0.3372093023255814
2029,journal_confirmatory_3domain_m_weakalign_steps2000_seed2029,physionet_grabmyo,source_plus_calibration,1,pretrained_encoder_minus_raw_stats,macro_f1,430,-0.0122297966297818,0.004150386128081,0.386046511627907
2029,journal_confirmatory_3domain_m_weakalign_steps2000_seed2029,physionet_grabmyo,source_plus_calibration,1,pretrained_encoder_minus_scratch_encoder,acc,430,0.0002104221973182,0.0037912618575217,0.4767441860465116
2029,journal_confirmatory_3domain_m_weakalign_steps2000_seed2029,physionet_grabmyo,source_plus_calibration,1,pretrained_encoder_minus_scratch_encoder,balanced_acc,430,0.0005414133359802,0.003781175191241,0.4837209302325581
2029,journal_confirmatory_3domain_m_weakalign_steps2000_seed2029,physionet_grabmyo,source_plus_calibration,1,pretrained_encoder_minus_scratch_encoder,macro_f1,430,2.1318728273550008e-05,0.0036272873624712,0.5093023255813953
2029,journal_confirmatory_3domain_m_weakalign_steps2000_seed2029,physionet_grabmyo,source_plus_calibration,1,raw_stats_plus_pretrained_minus_raw_stats,acc,430,-0.0062635716646568,0.0040690635809279,0.4348837209302325
2029,journal_confirmatory_3domain_m_weakalign_steps2000_seed2029,physionet_grabmyo,source_plus_calibration,1,raw_stats_plus_pretrained_minus_raw_stats,balanced_acc,430,-0.0069409476490618,0.0039935224459103,0.4418604651162791
2029,journal_confirmatory_3domain_m_weakalign_steps2000_seed2029,physionet_grabmyo,source_plus_calibration,1,raw_stats_plus_pretrained_minus_raw_stats,macro_f1,430,-0.0013703773872263,0.0038554830534018,0.5162790697674419
2029,journal_confirmatory_3domain_m_weakalign_steps2000_seed2029,physionet_grabmyo,source_plus_calibration,2,pretrained_encoder_minus_raw_stats,acc,430,-0.0209392706926373,0.0045284592707121,0.3069767441860465
2029,journal_confirmatory_3domain_m_weakalign_steps2000_seed2029,physionet_grabmyo,source_plus_calibration,2,pretrained_encoder_minus_raw_stats,balanced_acc,430,-0.0196592715436957,0.0045995200285282,0.3395348837209302
2029,journal_confirmatory_3domain_m_weakalign_steps2000_seed2029,physionet_grabmyo,source_plus_calibration,2,pretrained_encoder_minus_raw_stats,macro_f1,430,-0.0152667600759099,0.004279460033556,0.3697674418604651
2029,journal_confirmatory_3domain_m_weakalign_steps2000_seed2029,physionet_grabmyo,source_plus_calibration,2,pretrained_encoder_minus_scratch_encoder,acc,430,-0.000304694930995,0.0039672987098445,0.4883720930232558
2029,journal_confirmatory_3domain_m_weakalign_steps2000_seed2029,physionet_grabmyo,source_plus_calibration,2,pretrained_encoder_minus_scratch_encoder,balanced_acc,430,-0.0001271944504172,0.0039611201172288,0.5116279069767442
2029,journal_confirmatory_3domain_m_weakalign_steps2000_seed2029,physionet_grabmyo,source_plus_calibration,2,pretrained_encoder_minus_scratch_encoder,macro_f1,430,-0.000713056694967,0.0037317214255732,0.5046511627906977
2029,journal_confirmatory_3domain_m_weakalign_steps2000_seed2029,physionet_grabmyo,source_plus_calibration,2,raw_stats_plus_pretrained_minus_raw_stats,acc,430,-0.0085548887580213,0.0042909740336739,0.4093023255813953
2029,journal_confirmatory_3domain_m_weakalign_steps2000_seed2029,physionet_grabmyo,source_plus_calibration,2,raw_stats_plus_pretrained_minus_raw_stats,balanced_acc,430,-0.0084667945994863,0.004247332184433,0.4302325581395348
2029,journal_confirmatory_3domain_m_weakalign_steps2000_seed2029,physionet_grabmyo,source_plus_calibration,2,raw_stats_plus_pretrained_minus_raw_stats,macro_f1,430,-0.0029569568384543,0.0041158678420253,0.4697674418604651
2029,journal_confirmatory_3domain_m_weakalign_steps2000_seed2029,physionet_grabmyo,source_plus_calibration,5,pretrained_encoder_minus_raw_stats,acc,430,-0.0249163330273383,0.0053757595061429,0.3372093023255814
2029,journal_confirmatory_3domain_m_weakalign_steps2000_seed2029,physionet_grabmyo,source_plus_calibration,5,pretrained_encoder_minus_raw_stats,balanced_acc,430,-0.0222245293942509,0.005602747091383,0.3651162790697674
2029,journal_confirmatory_3domain_m_weakalign_steps2000_seed2029,physionet_grabmyo,source_plus_calibration,5,pretrained_encoder_minus_raw_stats,macro_f1,430,-0.0159789980064817,0.0051106495944666,0.3953488372093023
2029,journal_confirmatory_3domain_m_weakalign_steps2000_seed2029,physionet_grabmyo,source_plus_calibration,5,pretrained_encoder_minus_scratch_encoder,acc,430,-0.0003873541741929,0.0044843496602343,0.4697674418604651
2029,journal_confirmatory_3domain_m_weakalign_steps2000_seed2029,physionet_grabmyo,source_plus_calibration,5,pretrained_encoder_minus_scratch_encoder,balanced_acc,430,-8.705999767174967e-05,0.0048023399482784,0.4976744186046511
2029,journal_confirmatory_3domain_m_weakalign_steps2000_seed2029,physionet_grabmyo,source_plus_calibration,5,pretrained_encoder_minus_scratch_encoder,macro_f1,430,0.0007150640789941,0.0043006019168279,0.4930232558139535
2029,journal_confirmatory_3domain_m_weakalign_steps2000_seed2029,physionet_grabmyo,source_plus_calibration,5,raw_stats_plus_pretrained_minus_raw_stats,acc,430,-0.0127582685922283,0.0052460051225689,0.4069767441860465
2029,journal_confirmatory_3domain_m_weakalign_steps2000_seed2029,physionet_grabmyo,source_plus_calibration,5,raw_stats_plus_pretrained_minus_raw_stats,balanced_acc,430,-0.0104062359430798,0.0053619479323865,0.4209302325581395
2029,journal_confirmatory_3domain_m_weakalign_steps2000_seed2029,physionet_grabmyo,source_plus_calibration,5,raw_stats_plus_pretrained_minus_raw_stats,macro_f1,430,-0.0041177936510821,0.0049233267341059,0.4837209302325581
2029,journal_confirmatory_3domain_m_weakalign_steps2000_seed2029,physionet_grabmyo,source_plus_calibration,10,pretrained_encoder_minus_raw_stats,acc,430,-0.0294777215058745,0.0063485542915148,0.2837209302325581
2029,journal_confirmatory_3domain_m_weakalign_steps2000_seed2029,physionet_grabmyo,source_plus_calibration,10,pretrained_encoder_minus_raw_stats,balanced_acc,430,-0.0276624803442377,0.0068593856532519,0.3302325581395349
2029,journal_confirmatory_3domain_m_weakalign_steps2000_seed2029,physionet_grabmyo,source_plus_calibration,10,pretrained_encoder_minus_raw_stats,macro_f1,430,-0.0172649218867936,0.0056448633789,0.3697674418604651
2029,journal_confirmatory_3domain_m_weakalign_steps2000_seed2029,physionet_grabmyo,source_plus_calibration,10,pretrained_encoder_minus_scratch_encoder,acc,430,0.001978945203983,0.0064845260268521,0.4790697674418605
2029,journal_confirmatory_3domain_m_weakalign_steps2000_seed2029,physionet_grabmyo,source_plus_calibration,10,pretrained_encoder_minus_scratch_encoder,balanced_acc,430,0.0043133340313923,0.0067012751646409,0.5186046511627908
2029,journal_confirmatory_3domain_m_weakalign_steps2000_seed2029,physionet_grabmyo,source_plus_calibration,10,pretrained_encoder_minus_scratch_encoder,macro_f1,430,0.0036932266632061,0.0056128929515905,0.5255813953488372
2029,journal_confirmatory_3domain_m_weakalign_steps2000_seed2029,physionet_grabmyo,source_plus_calibration,10,raw_stats_plus_pretrained_minus_raw_stats,acc,430,-0.0156791407496051,0.0065086278863985,0.3674418604651163
2029,journal_confirmatory_3domain_m_weakalign_steps2000_seed2029,physionet_grabmyo,source_plus_calibration,10,raw_stats_plus_pretrained_minus_raw_stats,balanced_acc,430,-0.0149575131881028,0.0067867817072367,0.3906976744186046
2029,journal_confirmatory_3domain_m_weakalign_steps2000_seed2029,physionet_grabmyo,source_plus_calibration,10,raw_stats_plus_pretrained_minus_raw_stats,macro_f1,430,-0.0041241886555792,0.0057935445088266,0.4255813953488372
2029,journal_confirmatory_3domain_m_weakalign_steps2000_seed2029,physionet_grabmyo,target_calibration_only,1,pretrained_encoder_minus_raw_stats,acc,430,0.0095518610420293,0.0041054623075128,0.5651162790697675
2029,journal_confirmatory_3domain_m_weakalign_steps2000_seed2029,physionet_grabmyo,target_calibration_only,1,pretrained_encoder_minus_raw_stats,balanced_acc,430,0.009001679586126,0.0041126797099149,0.5790697674418605
2029,journal_confirmatory_3domain_m_weakalign_steps2000_seed2029,physionet_grabmyo,target_calibration_only,1,pretrained_encoder_minus_raw_stats,macro_f1,430,0.0059419070087643,0.0038084380183943,0.5604651162790698
2029,journal_confirmatory_3domain_m_weakalign_steps2000_seed2029,physionet_grabmyo,target_calibration_only,1,pretrained_encoder_minus_scratch_encoder,acc,430,0.0122518355051047,0.0036055400034349,0.6186046511627907
2029,journal_confirmatory_3domain_m_weakalign_steps2000_seed2029,physionet_grabmyo,target_calibration_only,1,pretrained_encoder_minus_scratch_encoder,balanced_acc,430,0.0123431002640487,0.0036030024551288,0.6255813953488372
2029,journal_confirmatory_3domain_m_weakalign_steps2000_seed2029,physionet_grabmyo,target_calibration_only,1,pretrained_encoder_minus_scratch_encoder,macro_f1,430,0.0106411934715233,0.0033341748657535,0.6302325581395349
2029,journal_confirmatory_3domain_m_weakalign_steps2000_seed2029,physionet_grabmyo,target_calibration_only,1,raw_stats_plus_pretrained_minus_raw_stats,acc,430,0.0229776957186299,0.0038303287331279,0.7093023255813954
2029,journal_confirmatory_3domain_m_weakalign_steps2000_seed2029,physionet_grabmyo,target_calibration_only,1,raw_stats_plus_pretrained_minus_raw_stats,balanced_acc,430,0.0223373534564951,0.00385505300557,0.7186046511627907
2029,journal_confirmatory_3domain_m_weakalign_steps2000_seed2029,physionet_grabmyo,target_calibration_only,1,raw_stats_plus_pretrained_minus_raw_stats,macro_f1,430,0.019229169630805,0.0035595061275715,0.6837209302325581
2029,journal_confirmatory_3domain_m_weakalign_steps2000_seed2029,physionet_grabmyo,target_calibration_only,2,pretrained_encoder_minus_raw_stats,acc,430,0.0213816527517121,0.0038801500748363,0.6837209302325581
2029,journal_confirmatory_3domain_m_weakalign_steps2000_seed2029,physionet_grabmyo,target_calibration_only,2,pretrained_encoder_minus_raw_stats,balanced_acc,430,0.0214550263215671,0.003980472820226,0.6651162790697674
2029,journal_confirmatory_3domain_m_weakalign_steps2000_seed2029,physionet_grabmyo,target_calibration_only,2,pretrained_encoder_minus_raw_stats,macro_f1,430,0.0167929130735719,0.003733960256766,0.6534883720930232
2029,journal_confirmatory_3domain_m_weakalign_steps2000_seed2029,physionet_grabmyo,target_calibration_only,2,pretrained_encoder_minus_scratch_encoder,acc,430,0.0134050150511503,0.0034423411360752,0.6186046511627907
2029,journal_confirmatory_3domain_m_weakalign_steps2000_seed2029,physionet_grabmyo,target_calibration_only,2,pretrained_encoder_minus_scratch_encoder,balanced_acc,430,0.0135843953835894,0.0035145564796111,0.6581395348837209
2029,journal_confirmatory_3domain_m_weakalign_steps2000_seed2029,physionet_grabmyo,target_calibration_only,2,pretrained_encoder_minus_scratch_encoder,macro_f1,430,0.0112553791548806,0.003249795875488,0.6139534883720931
2029,journal_confirmatory_3domain_m_weakalign_steps2000_seed2029,physionet_grabmyo,target_calibration_only,2,raw_stats_plus_pretrained_minus_raw_stats,acc,430,0.0353264222292044,0.00363787257006,0.8232558139534883
2029,journal_confirmatory_3domain_m_weakalign_steps2000_seed2029,physionet_grabmyo,target_calibration_only,2,raw_stats_plus_pretrained_minus_raw_stats,balanced_acc,430,0.0357667689015963,0.0037164246697034,0.8093023255813954
2029,journal_confirmatory_3domain_m_weakalign_steps2000_seed2029,physionet_grabmyo,target_calibration_only,2,raw_stats_plus_pretrained_minus_raw_stats,macro_f1,430,0.0311576509472841,0.0034886981695909,0.8093023255813954
2029,journal_confirmatory_3domain_m_weakalign_steps2000_seed2029,physionet_grabmyo,target_calibration_only,5,pretrained_encoder_minus_raw_stats,acc,430,0.0258939501116819,0.0049402168444021,0.672093023255814
2029,journal_confirmatory_3domain_m_weakalign_steps2000_seed2029,physionet_grabmyo,target_calibration_only,5,pretrained_encoder_minus_raw_stats,balanced_acc,430,0.0284364331473174,0.0053330770814534,0.6976744186046512
2029,journal_confirmatory_3domain_m_weakalign_steps2000_seed2029,physionet_grabmyo,target_calibration_only,5,pretrained_encoder_minus_raw_stats,macro_f1,430,0.022143572355662,0.0046175978127496,0.6837209302325581
2029,journal_confirmatory_3domain_m_weakalign_steps2000_seed2029,physionet_grabmyo,target_calibration_only,5,pretrained_encoder_minus_scratch_encoder,acc,430,0.0115232562221443,0.0041697938096389,0.5883720930232558
2029,journal_confirmatory_3domain_m_weakalign_steps2000_seed2029,physionet_grabmyo,target_calibration_only,5,pretrained_encoder_minus_scratch_encoder,balanced_acc,430,0.0133586205193257,0.0045028726295234,0.6093023255813953
2029,journal_confirmatory_3domain_m_weakalign_steps2000_seed2029,physionet_grabmyo,target_calibration_only,5,pretrained_encoder_minus_scratch_encoder,macro_f1,430,0.0113826846724676,0.0039375515073241,0.6139534883720931
2029,journal_confirmatory_3domain_m_weakalign_steps2000_seed2029,physionet_grabmyo,target_calibration_only,5,raw_stats_plus_pretrained_minus_raw_stats,acc,430,0.0466626436204213,0.0045256315939701,0.8302325581395349
2029,journal_confirmatory_3domain_m_weakalign_steps2000_seed2029,physionet_grabmyo,target_calibration_only,5,raw_stats_plus_pretrained_minus_raw_stats,balanced_acc,430,0.0500361158902386,0.0048866725341019,0.8348837209302326
2029,journal_confirmatory_3domain_m_weakalign_steps2000_seed2029,physionet_grabmyo,target_calibration_only,5,raw_stats_plus_pretrained_minus_raw_stats,macro_f1,430,0.0423519524690076,0.0041956025580732,0.8325581395348837
2029,journal_confirmatory_3domain_m_weakalign_steps2000_seed2029,physionet_grabmyo,target_calibration_only,10,pretrained_encoder_minus_raw_stats,acc,430,0.0036312581468978,0.0067801740993006,0.5069767441860465
2029,journal_confirmatory_3domain_m_weakalign_steps2000_seed2029,physionet_grabmyo,target_calibration_only,10,pretrained_encoder_minus_raw_stats,balanced_acc,430,0.0044535261034583,0.0073542093602472,0.541860465116279
2029,journal_confirmatory_3domain_m_weakalign_steps2000_seed2029,physionet_grabmyo,target_calibration_only,10,pretrained_encoder_minus_raw_stats,macro_f1,430,0.0010139328736818,0.0064485068096867,0.5116279069767442
2029,journal_confirmatory_3domain_m_weakalign_steps2000_seed2029,physionet_grabmyo,target_calibration_only,10,pretrained_encoder_minus_scratch_encoder,acc,430,0.010422374313456,0.0057149438810979,0.5372093023255814
2029,journal_confirmatory_3domain_m_weakalign_steps2000_seed2029,physionet_grabmyo,target_calibration_only,10,pretrained_encoder_minus_scratch_encoder,balanced_acc,430,0.0109661707870347,0.0063884323637992,0.5511627906976744
2029,journal_confirmatory_3domain_m_weakalign_steps2000_seed2029,physionet_grabmyo,target_calibration_only,10,pretrained_encoder_minus_scratch_encoder,macro_f1,430,0.0089894414022237,0.0056299527456246,0.5697674418604651
2029,journal_confirmatory_3domain_m_weakalign_steps2000_seed2029,physionet_grabmyo,target_calibration_only,10,raw_stats_plus_pretrained_minus_raw_stats,acc,430,0.0259970539068065,0.0068310955488092,0.6139534883720931
2029,journal_confirmatory_3domain_m_weakalign_steps2000_seed2029,physionet_grabmyo,target_calibration_only,10,raw_stats_plus_pretrained_minus_raw_stats,balanced_acc,430,0.0281642023584054,0.0071600616629512,0.6395348837209303
2029,journal_confirmatory_3domain_m_weakalign_steps2000_seed2029,physionet_grabmyo,target_calibration_only,10,raw_stats_plus_pretrained_minus_raw_stats,macro_f1,430,0.0239605585180337,0.006295968429108,0.6325581395348837
2029,journal_confirmatory_3domain_m_weakalign_steps2000_seed2029,physionet_hyser,source_only,0,pretrained_encoder_minus_raw_stats,acc,100,-0.009162082099983,0.0030527889248087,0.35
2029,journal_confirmatory_3domain_m_weakalign_steps2000_seed2029,physionet_hyser,source_only,0,pretrained_encoder_minus_raw_stats,balanced_acc,100,-0.0100371085975587,0.003352759616022,0.35
2029,journal_confirmatory_3domain_m_weakalign_steps2000_seed2029,physionet_hyser,source_only,0,pretrained_encoder_minus_raw_stats,macro_f1,100,-0.0020902126288826,0.0031985787560135,0.45
2029,journal_confirmatory_3domain_m_weakalign_steps2000_seed2029,physionet_hyser,source_only,0,pretrained_encoder_minus_scratch_encoder,acc,100,0.0016523534407321,0.0027087248323728,0.6
2029,journal_confirmatory_3domain_m_weakalign_steps2000_seed2029,physionet_hyser,source_only,0,pretrained_encoder_minus_scratch_encoder,balanced_acc,100,0.0016856201638775,0.0027430496361668,0.55
2029,journal_confirmatory_3domain_m_weakalign_steps2000_seed2029,physionet_hyser,source_only,0,pretrained_encoder_minus_scratch_encoder,macro_f1,100,-0.0011748593478883,0.0024105716904743,0.5
2029,journal_confirmatory_3domain_m_weakalign_steps2000_seed2029,physionet_hyser,source_only,0,raw_stats_plus_pretrained_minus_raw_stats,acc,100,-0.0072946880177807,0.0029619769891122,0.25
2029,journal_confirmatory_3domain_m_weakalign_steps2000_seed2029,physionet_hyser,source_only,0,raw_stats_plus_pretrained_minus_raw_stats,balanced_acc,100,-0.0081899184400887,0.0030009250811786,0.3
2029,journal_confirmatory_3domain_m_weakalign_steps2000_seed2029,physionet_hyser,source_only,0,raw_stats_plus_pretrained_minus_raw_stats,macro_f1,100,-0.0012683251728703,0.0029510249104961,0.6
2029,journal_confirmatory_3domain_m_weakalign_steps2000_seed2029,physionet_hyser,source_plus_calibration,0,pretrained_encoder_minus_raw_stats,acc,100,-0.009162082099983,0.0030527889248087,0.35
2029,journal_confirmatory_3domain_m_weakalign_steps2000_seed2029,physionet_hyser,source_plus_calibration,0,pretrained_encoder_minus_raw_stats,balanced_acc,100,-0.0100371085975587,0.003352759616022,0.35
2029,journal_confirmatory_3domain_m_weakalign_steps2000_seed2029,physionet_hyser,source_plus_calibration,0,pretrained_encoder_minus_raw_stats,macro_f1,100,-0.0020902126288826,0.0031985787560135,0.45
2029,journal_confirmatory_3domain_m_weakalign_steps2000_seed2029,physionet_hyser,source_plus_calibration,0,pretrained_encoder_minus_scratch_encoder,acc,100,0.0016523534407321,0.0027087248323728,0.6
2029,journal_confirmatory_3domain_m_weakalign_steps2000_seed2029,physionet_hyser,source_plus_calibration,0,pretrained_encoder_minus_scratch_encoder,balanced_acc,100,0.0016856201638775,0.0027430496361668,0.55
2029,journal_confirmatory_3domain_m_weakalign_steps2000_seed2029,physionet_hyser,source_plus_calibration,0,pretrained_encoder_minus_scratch_encoder,macro_f1,100,-0.0011748593478883,0.0024105716904743,0.5
2029,journal_confirmatory_3domain_m_weakalign_steps2000_seed2029,physionet_hyser,source_plus_calibration,0,raw_stats_plus_pretrained_minus_raw_stats,acc,100,-0.0072946880177807,0.0029619769891122,0.25
2029,journal_confirmatory_3domain_m_weakalign_steps2000_seed2029,physionet_hyser,source_plus_calibration,0,raw_stats_plus_pretrained_minus_raw_stats,balanced_acc,100,-0.0081899184400887,0.0030009250811786,0.3
2029,journal_confirmatory_3domain_m_weakalign_steps2000_seed2029,physionet_hyser,source_plus_calibration,0,raw_stats_plus_pretrained_minus_raw_stats,macro_f1,100,-0.0012683251728703,0.0029510249104961,0.6
2029,journal_confirmatory_3domain_m_weakalign_steps2000_seed2029,physionet_hyser,source_plus_calibration,1,pretrained_encoder_minus_raw_stats,acc,100,-0.0061141668321155,0.0035572572888698,0.38
2029,journal_confirmatory_3domain_m_weakalign_steps2000_seed2029,physionet_hyser,source_plus_calibration,1,pretrained_encoder_minus_raw_stats,balanced_acc,100,-0.0074675971042174,0.0036796552609569,0.39
2029,journal_confirmatory_3domain_m_weakalign_steps2000_seed2029,physionet_hyser,source_plus_calibration,1,pretrained_encoder_minus_raw_stats,macro_f1,100,-0.0008929108825765,0.0031014487218613,0.55
2029,journal_confirmatory_3domain_m_weakalign_steps2000_seed2029,physionet_hyser,source_plus_calibration,1,pretrained_encoder_minus_scratch_encoder,acc,100,0.0029320863189886,0.0034410820970208,0.61
2029,journal_confirmatory_3domain_m_weakalign_steps2000_seed2029,physionet_hyser,source_plus_calibration,1,pretrained_encoder_minus_scratch_encoder,balanced_acc,100,0.0025588308953795,0.0035806506153117,0.57
2029,journal_confirmatory_3domain_m_weakalign_steps2000_seed2029,physionet_hyser,source_plus_calibration,1,pretrained_encoder_minus_scratch_encoder,macro_f1,100,0.0019874014233712,0.0030625252305821,0.59
2029,journal_confirmatory_3domain_m_weakalign_steps2000_seed2029,physionet_hyser,source_plus_calibration,1,raw_stats_plus_pretrained_minus_raw_stats,acc,100,0.0033294439139546,0.0036001218274184,0.56
2029,journal_confirmatory_3domain_m_weakalign_steps2000_seed2029,physionet_hyser,source_plus_calibration,1,raw_stats_plus_pretrained_minus_raw_stats,balanced_acc,100,0.0025846261367539,0.0036185759400779,0.58
2029,journal_confirmatory_3domain_m_weakalign_steps2000_seed2029,physionet_hyser,source_plus_calibration,1,raw_stats_plus_pretrained_minus_raw_stats,macro_f1,100,0.0078765882522663,0.0032832143977571,0.7
2029,journal_confirmatory_3domain_m_weakalign_steps2000_seed2029,physionet_hyser,source_plus_calibration,2,pretrained_encoder_minus_raw_stats,acc,100,-0.0074445460835786,0.0042106155270938,0.34
2029,journal_confirmatory_3domain_m_weakalign_steps2000_seed2029,physionet_hyser,source_plus_calibration,2,pretrained_encoder_minus_raw_stats,balanced_acc,100,-0.0085267294549418,0.0042861719112825,0.36
2029,journal_confirmatory_3domain_m_weakalign_steps2000_seed2029,physionet_hyser,source_plus_calibration,2,pretrained_encoder_minus_raw_stats,macro_f1,100,-0.0020893677610785,0.0036619908810896,0.45
2029,journal_confirmatory_3domain_m_weakalign_steps2000_seed2029,physionet_hyser,source_plus_calibration,2,pretrained_encoder_minus_scratch_encoder,acc,100,0.0031787301167464,0.0036001231750333,0.55
2029,journal_confirmatory_3domain_m_weakalign_steps2000_seed2029,physionet_hyser,source_plus_calibration,2,pretrained_encoder_minus_scratch_encoder,balanced_acc,100,0.0025068888783429,0.003499755170999,0.57
2029,journal_confirmatory_3domain_m_weakalign_steps2000_seed2029,physionet_hyser,source_plus_calibration,2,pretrained_encoder_minus_scratch_encoder,macro_f1,100,0.0021142898873389,0.0029786583104619,0.59
2029,journal_confirmatory_3domain_m_weakalign_steps2000_seed2029,physionet_hyser,source_plus_calibration,2,raw_stats_plus_pretrained_minus_raw_stats,acc,100,0.0016080025167787,0.0040906020178045,0.52
2029,journal_confirmatory_3domain_m_weakalign_steps2000_seed2029,physionet_hyser,source_plus_calibration,2,raw_stats_plus_pretrained_minus_raw_stats,balanced_acc,100,0.0011582024748981,0.004063252193003,0.53
2029,journal_confirmatory_3domain_m_weakalign_steps2000_seed2029,physionet_hyser,source_plus_calibration,2,raw_stats_plus_pretrained_minus_raw_stats,macro_f1,100,0.0068912993367538,0.0037820203901939,0.65
2029,journal_confirmatory_3domain_m_weakalign_steps2000_seed2029,physionet_hyser,source_plus_calibration,5,pretrained_encoder_minus_raw_stats,acc,100,-0.0079747482358977,0.0052241334426223,0.31
2029,journal_confirmatory_3domain_m_weakalign_steps2000_seed2029,physionet_hyser,source_plus_calibration,5,pretrained_encoder_minus_raw_stats,balanced_acc,100,-0.0084282078798177,0.005018893575823,0.34
2029,journal_confirmatory_3domain_m_weakalign_steps2000_seed2029,physionet_hyser,source_plus_calibration,5,pretrained_encoder_minus_raw_stats,macro_f1,100,-0.0025681931620714,0.0042354316995725,0.39
2029,journal_confirmatory_3domain_m_weakalign_steps2000_seed2029,physionet_hyser,source_plus_calibration,5,pretrained_encoder_minus_scratch_encoder,acc,100,0.0028677472733836,0.0041979766682399,0.52
2029,journal_confirmatory_3domain_m_weakalign_steps2000_seed2029,physionet_hyser,source_plus_calibration,5,pretrained_encoder_minus_scratch_encoder,balanced_acc,100,0.0022053744801395,0.0041893378790621,0.56
2029,journal_confirmatory_3domain_m_weakalign_steps2000_seed2029,physionet_hyser,source_plus_calibration,5,pretrained_encoder_minus_scratch_encoder,macro_f1,100,0.0021114074758796,0.0035328549493451,0.51
2029,journal_confirmatory_3domain_m_weakalign_steps2000_seed2029,physionet_hyser,source_plus_calibration,5,raw_stats_plus_pretrained_minus_raw_stats,acc,100,0.0044050072263044,0.004875171722883,0.52
2029,journal_confirmatory_3domain_m_weakalign_steps2000_seed2029,physionet_hyser,source_plus_calibration,5,raw_stats_plus_pretrained_minus_raw_stats,balanced_acc,100,0.0041266402021419,0.0046550551104336,0.52
2029,journal_confirmatory_3domain_m_weakalign_steps2000_seed2029,physionet_hyser,source_plus_calibration,5,raw_stats_plus_pretrained_minus_raw_stats,macro_f1,100,0.0089404739951918,0.0041226614378039,0.63
2029,journal_confirmatory_3domain_m_weakalign_steps2000_seed2029,physionet_hyser,source_plus_calibration,10,pretrained_encoder_minus_raw_stats,acc,100,-0.0097572919524528,0.0053362430919345,0.36
2029,journal_confirmatory_3domain_m_weakalign_steps2000_seed2029,physionet_hyser,source_plus_calibration,10,pretrained_encoder_minus_raw_stats,balanced_acc,100,-0.0091198212668314,0.0051847270140658,0.42
2029,journal_confirmatory_3domain_m_weakalign_steps2000_seed2029,physionet_hyser,source_plus_calibration,10,pretrained_encoder_minus_raw_stats,macro_f1,100,-0.0046404333457989,0.0045819155637129,0.41
2029,journal_confirmatory_3domain_m_weakalign_steps2000_seed2029,physionet_hyser,source_plus_calibration,10,pretrained_encoder_minus_scratch_encoder,acc,100,0.0060661996216394,0.0052838158738131,0.58
2029,journal_confirmatory_3domain_m_weakalign_steps2000_seed2029,physionet_hyser,source_plus_calibration,10,pretrained_encoder_minus_scratch_encoder,balanced_acc,100,0.0054642261517031,0.0053895708096035,0.58
2029,journal_confirmatory_3domain_m_weakalign_steps2000_seed2029,physionet_hyser,source_plus_calibration,10,pretrained_encoder_minus_scratch_encoder,macro_f1,100,0.0055956626527807,0.0045887903295217,0.58
2029,journal_confirmatory_3domain_m_weakalign_steps2000_seed2029,physionet_hyser,source_plus_calibration,10,raw_stats_plus_pretrained_minus_raw_stats,acc,100,0.0118565326172835,0.0053906557174661,0.65
2029,journal_confirmatory_3domain_m_weakalign_steps2000_seed2029,physionet_hyser,source_plus_calibration,10,raw_stats_plus_pretrained_minus_raw_stats,balanced_acc,100,0.0141053343739954,0.0056628401520706,0.69
2029,journal_confirmatory_3domain_m_weakalign_steps2000_seed2029,physionet_hyser,source_plus_calibration,10,raw_stats_plus_pretrained_minus_raw_stats,macro_f1,100,0.0162742011990249,0.0046273274663197,0.77
2029,journal_confirmatory_3domain_m_weakalign_steps2000_seed2029,physionet_hyser,target_calibration_only,1,pretrained_encoder_minus_raw_stats,acc,100,0.0084899730819789,0.0044182911075137,0.67
2029,journal_confirmatory_3domain_m_weakalign_steps2000_seed2029,physionet_hyser,target_calibration_only,1,pretrained_encoder_minus_raw_stats,balanced_acc,100,0.0086205584444124,0.0043691391239589,0.66
2029,journal_confirmatory_3domain_m_weakalign_steps2000_seed2029,physionet_hyser,target_calibration_only,1,pretrained_encoder_minus_raw_stats,macro_f1,100,0.0076422671413925,0.0038705049478476,0.67
2029,journal_confirmatory_3domain_m_weakalign_steps2000_seed2029,physionet_hyser,target_calibration_only,1,pretrained_encoder_minus_scratch_encoder,acc,100,0.0072015595634503,0.0040975401611305,0.64
2029,journal_confirmatory_3domain_m_weakalign_steps2000_seed2029,physionet_hyser,target_calibration_only,1,pretrained_encoder_minus_scratch_encoder,balanced_acc,100,0.006282988067769,0.0042036447965649,0.66
2029,journal_confirmatory_3domain_m_weakalign_steps2000_seed2029,physionet_hyser,target_calibration_only,1,pretrained_encoder_minus_scratch_encoder,macro_f1,100,0.0062609123963509,0.0038230484850552,0.65
2029,journal_confirmatory_3domain_m_weakalign_steps2000_seed2029,physionet_hyser,target_calibration_only,1,raw_stats_plus_pretrained_minus_raw_stats,acc,100,0.0228488398340793,0.0046613698372356,0.81
2029,journal_confirmatory_3domain_m_weakalign_steps2000_seed2029,physionet_hyser,target_calibration_only,1,raw_stats_plus_pretrained_minus_raw_stats,balanced_acc,100,0.0228575816726749,0.0047121225330108,0.81
2029,journal_confirmatory_3domain_m_weakalign_steps2000_seed2029,physionet_hyser,target_calibration_only,1,raw_stats_plus_pretrained_minus_raw_stats,macro_f1,100,0.0213453009891928,0.0041518601964115,0.87
2029,journal_confirmatory_3domain_m_weakalign_steps2000_seed2029,physionet_hyser,target_calibration_only,2,pretrained_encoder_minus_raw_stats,acc,100,0.0163444875801399,0.0042756639857441,0.73
2029,journal_confirmatory_3domain_m_weakalign_steps2000_seed2029,physionet_hyser,target_calibration_only,2,pretrained_encoder_minus_raw_stats,balanced_acc,100,0.0164512895867757,0.0040630302111075,0.77
2029,journal_confirmatory_3domain_m_weakalign_steps2000_seed2029,physionet_hyser,target_calibration_only,2,pretrained_encoder_minus_raw_stats,macro_f1,100,0.0136274775239539,0.0037463225468469,0.76
2029,journal_confirmatory_3domain_m_weakalign_steps2000_seed2029,physionet_hyser,target_calibration_only,2,pretrained_encoder_minus_scratch_encoder,acc,100,0.0122541900318068,0.0038744303953579,0.72
2029,journal_confirmatory_3domain_m_weakalign_steps2000_seed2029,physionet_hyser,target_calibration_only,2,pretrained_encoder_minus_scratch_encoder,balanced_acc,100,0.0117779039721876,0.0037929365229708,0.69
2029,journal_confirmatory_3domain_m_weakalign_steps2000_seed2029,physionet_hyser,target_calibration_only,2,pretrained_encoder_minus_scratch_encoder,macro_f1,100,0.0116704201032331,0.0034097545118357,0.75
2029,journal_confirmatory_3domain_m_weakalign_steps2000_seed2029,physionet_hyser,target_calibration_only,2,raw_stats_plus_pretrained_minus_raw_stats,acc,100,0.0356947822925058,0.0041040514842411,0.99
2029,journal_confirmatory_3domain_m_weakalign_steps2000_seed2029,physionet_hyser,target_calibration_only,2,raw_stats_plus_pretrained_minus_raw_stats,balanced_acc,100,0.0358872504181701,0.0042209072203206,0.98
2029,journal_confirmatory_3domain_m_weakalign_steps2000_seed2029,physionet_hyser,target_calibration_only,2,raw_stats_plus_pretrained_minus_raw_stats,macro_f1,100,0.0316144958771817,0.003836757860493,0.97
2029,journal_confirmatory_3domain_m_weakalign_steps2000_seed2029,physionet_hyser,target_calibration_only,5,pretrained_encoder_minus_raw_stats,acc,100,-0.001872839588274,0.0053641770357308,0.46
2029,journal_confirmatory_3domain_m_weakalign_steps2000_seed2029,physionet_hyser,target_calibration_only,5,pretrained_encoder_minus_raw_stats,balanced_acc,100,-0.0006871600768869,0.005526684257668,0.47
2029,journal_confirmatory_3domain_m_weakalign_steps2000_seed2029,physionet_hyser,target_calibration_only,5,pretrained_encoder_minus_raw_stats,macro_f1,100,-0.0063195644921125,0.0049097213599104,0.43
2029,journal_confirmatory_3domain_m_weakalign_steps2000_seed2029,physionet_hyser,target_calibration_only,5,pretrained_encoder_minus_scratch_encoder,acc,100,0.0057003452261427,0.0050043284918342,0.54
2029,journal_confirmatory_3domain_m_weakalign_steps2000_seed2029,physionet_hyser,target_calibration_only,5,pretrained_encoder_minus_scratch_encoder,balanced_acc,100,0.0058594415482023,0.0049486072408257,0.54
2029,journal_confirmatory_3domain_m_weakalign_steps2000_seed2029,physionet_hyser,target_calibration_only,5,pretrained_encoder_minus_scratch_encoder,macro_f1,100,0.0047011283037827,0.0043342298499431,0.54
2029,journal_confirmatory_3domain_m_weakalign_steps2000_seed2029,physionet_hyser,target_calibration_only,5,raw_stats_plus_pretrained_minus_raw_stats,acc,100,0.0189745097722646,0.0052413632211477,0.72
2029,journal_confirmatory_3domain_m_weakalign_steps2000_seed2029,physionet_hyser,target_calibration_only,5,raw_stats_plus_pretrained_minus_raw_stats,balanced_acc,100,0.0199499627165172,0.0052049574978774,0.76
2029,journal_confirmatory_3domain_m_weakalign_steps2000_seed2029,physionet_hyser,target_calibration_only,5,raw_stats_plus_pretrained_minus_raw_stats,macro_f1,100,0.01196521203548,0.0047454678989683,0.69
2029,journal_confirmatory_3domain_m_weakalign_steps2000_seed2029,physionet_hyser,target_calibration_only,10,pretrained_encoder_minus_raw_stats,acc,100,-0.0114170336448362,0.00590394748226,0.32
2029,journal_confirmatory_3domain_m_weakalign_steps2000_seed2029,physionet_hyser,target_calibration_only,10,pretrained_encoder_minus_raw_stats,balanced_acc,100,-0.0100268155074545,0.0057278839088748,0.37
2029,journal_confirmatory_3domain_m_weakalign_steps2000_seed2029,physionet_hyser,target_calibration_only,10,pretrained_encoder_minus_raw_stats,macro_f1,100,-0.0140094628379796,0.0050138575185961,0.28
2029,journal_confirmatory_3domain_m_weakalign_steps2000_seed2029,physionet_hyser,target_calibration_only,10,pretrained_encoder_minus_scratch_encoder,acc,100,0.0062749563999768,0.0062730258048301,0.56
2029,journal_confirmatory_3domain_m_weakalign_steps2000_seed2029,physionet_hyser,target_calibration_only,10,pretrained_encoder_minus_scratch_encoder,balanced_acc,100,0.0045543167799054,0.0065658550274772,0.52
2029,journal_confirmatory_3domain_m_weakalign_steps2000_seed2029,physionet_hyser,target_calibration_only,10,pretrained_encoder_minus_scratch_encoder,macro_f1,100,0.0043192162717255,0.00542777453179,0.56
2029,journal_confirmatory_3domain_m_weakalign_steps2000_seed2029,physionet_hyser,target_calibration_only,10,raw_stats_plus_pretrained_minus_raw_stats,acc,100,0.0063981449723,0.0059421483620052,0.59
2029,journal_confirmatory_3domain_m_weakalign_steps2000_seed2029,physionet_hyser,target_calibration_only,10,raw_stats_plus_pretrained_minus_raw_stats,balanced_acc,100,0.0098532277414752,0.0060315198038442,0.67
2029,journal_confirmatory_3domain_m_weakalign_steps2000_seed2029,physionet_hyser,target_calibration_only,10,raw_stats_plus_pretrained_minus_raw_stats,macro_f1,100,0.0032248885942066,0.0052589129225767,0.61
2030,journal_confirmatory_3domain_m_weakalign_steps2000_seed2030,physionet_grabmyo,source_only,0,pretrained_encoder_minus_raw_stats,acc,430,-0.0096629505721744,0.0043816908395959,0.3604651162790697
2030,journal_confirmatory_3domain_m_weakalign_steps2000_seed2030,physionet_grabmyo,source_only,0,pretrained_encoder_minus_raw_stats,balanced_acc,430,-0.00879099414862,0.0043555406899539,0.4069767441860465
2030,journal_confirmatory_3domain_m_weakalign_steps2000_seed2030,physionet_grabmyo,source_only,0,pretrained_encoder_minus_raw_stats,macro_f1,430,-0.0064133176544458,0.004173903275282,0.4418604651162791
2030,journal_confirmatory_3domain_m_weakalign_steps2000_seed2030,physionet_grabmyo,source_only,0,pretrained_encoder_minus_scratch_encoder,acc,430,0.0020651091864354,0.0035151124709871,0.5232558139534884
2030,journal_confirmatory_3domain_m_weakalign_steps2000_seed2030,physionet_grabmyo,source_only,0,pretrained_encoder_minus_scratch_encoder,balanced_acc,430,0.002728683452397,0.0034789797513941,0.4883720930232558
2030,journal_confirmatory_3domain_m_weakalign_steps2000_seed2030,physionet_grabmyo,source_only,0,pretrained_encoder_minus_scratch_encoder,macro_f1,430,-0.0004017583901022,0.0034225861465624,0.4651162790697674
2030,journal_confirmatory_3domain_m_weakalign_steps2000_seed2030,physionet_grabmyo,source_only,0,raw_stats_plus_pretrained_minus_raw_stats,acc,430,-0.0025181966899935,0.0041620908670614,0.4883720930232558
2030,journal_confirmatory_3domain_m_weakalign_steps2000_seed2030,physionet_grabmyo,source_only,0,raw_stats_plus_pretrained_minus_raw_stats,balanced_acc,430,-0.0024098190799783,0.0041695452031101,0.4767441860465116
2030,journal_confirmatory_3domain_m_weakalign_steps2000_seed2030,physionet_grabmyo,source_only,0,raw_stats_plus_pretrained_minus_raw_stats,macro_f1,430,0.0025731488969746,0.0041054257479238,0.5581395348837209
2030,journal_confirmatory_3domain_m_weakalign_steps2000_seed2030,physionet_grabmyo,source_plus_calibration,0,pretrained_encoder_minus_raw_stats,acc,430,-0.0096629505721744,0.0043816908395959,0.3604651162790697
2030,journal_confirmatory_3domain_m_weakalign_steps2000_seed2030,physionet_grabmyo,source_plus_calibration,0,pretrained_encoder_minus_raw_stats,balanced_acc,430,-0.00879099414862,0.0043555406899539,0.4069767441860465
2030,journal_confirmatory_3domain_m_weakalign_steps2000_seed2030,physionet_grabmyo,source_plus_calibration,0,pretrained_encoder_minus_raw_stats,macro_f1,430,-0.0064133176544458,0.004173903275282,0.4418604651162791
2030,journal_confirmatory_3domain_m_weakalign_steps2000_seed2030,physionet_grabmyo,source_plus_calibration,0,pretrained_encoder_minus_scratch_encoder,acc,430,0.0020651091864354,0.0035151124709871,0.5232558139534884
2030,journal_confirmatory_3domain_m_weakalign_steps2000_seed2030,physionet_grabmyo,source_plus_calibration,0,pretrained_encoder_minus_scratch_encoder,balanced_acc,430,0.002728683452397,0.0034789797513941,0.4883720930232558
2030,journal_confirmatory_3domain_m_weakalign_steps2000_seed2030,physionet_grabmyo,source_plus_calibration,0,pretrained_encoder_minus_scratch_encoder,macro_f1,430,-0.0004017583901022,0.0034225861465624,0.4651162790697674
2030,journal_confirmatory_3domain_m_weakalign_steps2000_seed2030,physionet_grabmyo,source_plus_calibration,0,raw_stats_plus_pretrained_minus_raw_stats,acc,430,-0.0025181966899935,0.0041620908670614,0.4883720930232558
2030,journal_confirmatory_3domain_m_weakalign_steps2000_seed2030,physionet_grabmyo,source_plus_calibration,0,raw_stats_plus_pretrained_minus_raw_stats,balanced_acc,430,-0.0024098190799783,0.0041695452031101,0.4767441860465116
2030,journal_confirmatory_3domain_m_weakalign_steps2000_seed2030,physionet_grabmyo,source_plus_calibration,0,raw_stats_plus_pretrained_minus_raw_stats,macro_f1,430,0.0025731488969746,0.0041054257479238,0.5581395348837209
2030,journal_confirmatory_3domain_m_weakalign_steps2000_seed2030,physionet_grabmyo,source_plus_calibration,1,pretrained_encoder_minus_raw_stats,acc,430,-0.0154588255502029,0.0046873901916971,0.3488372093023256
2030,journal_confirmatory_3domain_m_weakalign_steps2000_seed2030,physionet_grabmyo,source_plus_calibration,1,pretrained_encoder_minus_raw_stats,balanced_acc,430,-0.0153426241679265,0.00466727272751,0.3604651162790697
2030,journal_confirmatory_3domain_m_weakalign_steps2000_seed2030,physionet_grabmyo,source_plus_calibration,1,pretrained_encoder_minus_raw_stats,macro_f1,430,-0.0111607583255979,0.0043777272568875,0.386046511627907
2030,journal_confirmatory_3domain_m_weakalign_steps2000_seed2030,physionet_grabmyo,source_plus_calibration,1,pretrained_encoder_minus_scratch_encoder,acc,430,0.0021636028556386,0.0039671694254291,0.4930232558139535
2030,journal_confirmatory_3domain_m_weakalign_steps2000_seed2030,physionet_grabmyo,source_plus_calibration,1,pretrained_encoder_minus_scratch_encoder,balanced_acc,430,0.0021942862654378,0.0040240859314193,0.4976744186046511
2030,journal_confirmatory_3domain_m_weakalign_steps2000_seed2030,physionet_grabmyo,source_plus_calibration,1,pretrained_encoder_minus_scratch_encoder,macro_f1,430,0.0010903570324574,0.003836385965704,0.5023255813953489
2030,journal_confirmatory_3domain_m_weakalign_steps2000_seed2030,physionet_grabmyo,source_plus_calibration,1,raw_stats_plus_pretrained_minus_raw_stats,acc,430,-0.005680883214302,0.0044412019859556,0.4465116279069767
2030,journal_confirmatory_3domain_m_weakalign_steps2000_seed2030,physionet_grabmyo,source_plus_calibration,1,raw_stats_plus_pretrained_minus_raw_stats,balanced_acc,430,-0.005549351368116,0.0044032261207992,0.4790697674418605
2030,journal_confirmatory_3domain_m_weakalign_steps2000_seed2030,physionet_grabmyo,source_plus_calibration,1,raw_stats_plus_pretrained_minus_raw_stats,macro_f1,430,-0.0004140649696157,0.004273802327764,0.4906976744186046
2030,journal_confirmatory_3domain_m_weakalign_steps2000_seed2030,physionet_grabmyo,source_plus_calibration,2,pretrained_encoder_minus_raw_stats,acc,430,-0.0163553127538348,0.0047419440455751,0.3720930232558139
2030,journal_confirmatory_3domain_m_weakalign_steps2000_seed2030,physionet_grabmyo,source_plus_calibration,2,pretrained_encoder_minus_raw_stats,balanced_acc,430,-0.0145864958332787,0.004762231303855,0.4
2030,journal_confirmatory_3domain_m_weakalign_steps2000_seed2030,physionet_grabmyo,source_plus_calibration,2,pretrained_encoder_minus_raw_stats,macro_f1,430,-0.0108683209255496,0.0044011632848482,0.4348837209302325
2030,journal_confirmatory_3domain_m_weakalign_steps2000_seed2030,physionet_grabmyo,source_plus_calibration,2,pretrained_encoder_minus_scratch_encoder,acc,430,0.0042792630078074,0.0040718160120492,0.513953488372093
2030,journal_confirmatory_3domain_m_weakalign_steps2000_seed2030,physionet_grabmyo,source_plus_calibration,2,pretrained_encoder_minus_scratch_encoder,balanced_acc,430,0.0049455812599997,0.0042044614042028,0.5325581395348837
2030,journal_confirmatory_3domain_m_weakalign_steps2000_seed2030,physionet_grabmyo,source_plus_calibration,2,pretrained_encoder_minus_scratch_encoder,macro_f1,430,0.0036853824553932,0.0039629930188321,0.5186046511627908
2030,journal_confirmatory_3domain_m_weakalign_steps2000_seed2030,physionet_grabmyo,source_plus_calibration,2,raw_stats_plus_pretrained_minus_raw_stats,acc,430,-0.0082591556511867,0.0046081414445539,0.4418604651162791
2030,journal_confirmatory_3domain_m_weakalign_steps2000_seed2030,physionet_grabmyo,source_plus_calibration,2,raw_stats_plus_pretrained_minus_raw_stats,balanced_acc,430,-0.0060569607677401,0.0045270127325353,0.4720930232558139
2030,journal_confirmatory_3domain_m_weakalign_steps2000_seed2030,physionet_grabmyo,source_plus_calibration,2,raw_stats_plus_pretrained_minus_raw_stats,macro_f1,430,-0.0011707345372873,0.0043340631728886,0.5116279069767442
2030,journal_confirmatory_3domain_m_weakalign_steps2000_seed2030,physionet_grabmyo,source_plus_calibration,5,pretrained_encoder_minus_raw_stats,acc,430,-0.0247352682169539,0.0052761263137857,0.3232558139534883
2030,journal_confirmatory_3domain_m_weakalign_steps2000_seed2030,physionet_grabmyo,source_plus_calibration,5,pretrained_encoder_minus_raw_stats,balanced_acc,430,-0.0218173089099515,0.0053865858331149,0.3581395348837209
2030,journal_confirmatory_3domain_m_weakalign_steps2000_seed2030,physionet_grabmyo,source_plus_calibration,5,pretrained_encoder_minus_raw_stats,macro_f1,430,-0.0175184226546648,0.004958490104988,0.3767441860465116
2030,journal_confirmatory_3domain_m_weakalign_steps2000_seed2030,physionet_grabmyo,source_plus_calibration,5,pretrained_encoder_minus_scratch_encoder,acc,430,-0.0002062893638084,0.0048622259082264,0.4674418604651162
2030,journal_confirmatory_3domain_m_weakalign_steps2000_seed2030,physionet_grabmyo,source_plus_calibration,5,pretrained_encoder_minus_scratch_encoder,balanced_acc,430,0.0003201604866276,0.0050936235361295,0.5023255813953489
2030,journal_confirmatory_3domain_m_weakalign_steps2000_seed2030,physionet_grabmyo,source_plus_calibration,5,pretrained_encoder_minus_scratch_encoder,macro_f1,430,-0.0008243605691889,0.0046910721763008,0.4860465116279069
2030,journal_confirmatory_3domain_m_weakalign_steps2000_seed2030,physionet_grabmyo,source_plus_calibration,5,raw_stats_plus_pretrained_minus_raw_stats,acc,430,-0.0164909181640718,0.0049908393844683,0.3465116279069767
2030,journal_confirmatory_3domain_m_weakalign_steps2000_seed2030,physionet_grabmyo,source_plus_calibration,5,raw_stats_plus_pretrained_minus_raw_stats,balanced_acc,430,-0.0125010082001298,0.0050575693096876,0.3953488372093023
2030,journal_confirmatory_3domain_m_weakalign_steps2000_seed2030,physionet_grabmyo,source_plus_calibration,5,raw_stats_plus_pretrained_minus_raw_stats,macro_f1,430,-0.0075187108986825,0.0047205540664537,0.4348837209302325
2030,journal_confirmatory_3domain_m_weakalign_steps2000_seed2030,physionet_grabmyo,source_plus_calibration,10,pretrained_encoder_minus_raw_stats,acc,430,-0.0232527379151981,0.006625879293774,0.3558139534883721
2030,journal_confirmatory_3domain_m_weakalign_steps2000_seed2030,physionet_grabmyo,source_plus_calibration,10,pretrained_encoder_minus_raw_stats,balanced_acc,430,-0.0220793720225304,0.0070513354761808,0.3930232558139535
2030,journal_confirmatory_3domain_m_weakalign_steps2000_seed2030,physionet_grabmyo,source_plus_calibration,10,pretrained_encoder_minus_raw_stats,macro_f1,430,-0.0131023101326246,0.0057325033759228,0.427906976744186
2030,journal_confirmatory_3domain_m_weakalign_steps2000_seed2030,physionet_grabmyo,source_plus_calibration,10,pretrained_encoder_minus_scratch_encoder,acc,430,0.0082039287946593,0.0068566283477797,0.5186046511627908
2030,journal_confirmatory_3domain_m_weakalign_steps2000_seed2030,physionet_grabmyo,source_plus_calibration,10,pretrained_encoder_minus_scratch_encoder,balanced_acc,430,0.0098964423530997,0.0070914391770947,0.5697674418604651
2030,journal_confirmatory_3domain_m_weakalign_steps2000_seed2030,physionet_grabmyo,source_plus_calibration,10,pretrained_encoder_minus_scratch_encoder,macro_f1,430,0.0078558384173751,0.0059130967301325,0.5558139534883721
2030,journal_confirmatory_3domain_m_weakalign_steps2000_seed2030,physionet_grabmyo,source_plus_calibration,10,raw_stats_plus_pretrained_minus_raw_stats,acc,430,-0.0160626427473321,0.0065139435976918,0.413953488372093
2030,journal_confirmatory_3domain_m_weakalign_steps2000_seed2030,physionet_grabmyo,source_plus_calibration,10,raw_stats_plus_pretrained_minus_raw_stats,balanced_acc,430,-0.0137958084549514,0.0068566015995207,0.427906976744186
2030,journal_confirmatory_3domain_m_weakalign_steps2000_seed2030,physionet_grabmyo,source_plus_calibration,10,raw_stats_plus_pretrained_minus_raw_stats,macro_f1,430,-0.0041001908735754,0.0056388294109846,0.4976744186046511
2030,journal_confirmatory_3domain_m_weakalign_steps2000_seed2030,physionet_grabmyo,target_calibration_only,1,pretrained_encoder_minus_raw_stats,acc,430,0.010331666401645,0.00429307620949,0.5534883720930233
2030,journal_confirmatory_3domain_m_weakalign_steps2000_seed2030,physionet_grabmyo,target_calibration_only,1,pretrained_encoder_minus_raw_stats,balanced_acc,430,0.0092330670032497,0.0041363428611384,0.5697674418604651
2030,journal_confirmatory_3domain_m_weakalign_steps2000_seed2030,physionet_grabmyo,target_calibration_only,1,pretrained_encoder_minus_raw_stats,macro_f1,430,0.0068909396243842,0.0039619403959896,0.5697674418604651
2030,journal_confirmatory_3domain_m_weakalign_steps2000_seed2030,physionet_grabmyo,target_calibration_only,1,pretrained_encoder_minus_scratch_encoder,acc,430,0.0130316408647204,0.0037135992781026,0.6162790697674418
2030,journal_confirmatory_3domain_m_weakalign_steps2000_seed2030,physionet_grabmyo,target_calibration_only,1,pretrained_encoder_minus_scratch_encoder,balanced_acc,430,0.0125744876811724,0.00365346778875,0.6186046511627907
2030,journal_confirmatory_3domain_m_weakalign_steps2000_seed2030,physionet_grabmyo,target_calibration_only,1,pretrained_encoder_minus_scratch_encoder,macro_f1,430,0.0115902260871431,0.0034839608800021,0.6139534883720931
2030,journal_confirmatory_3domain_m_weakalign_steps2000_seed2030,physionet_grabmyo,target_calibration_only,1,raw_stats_plus_pretrained_minus_raw_stats,acc,430,0.0222795115590474,0.0040080604217633,0.6697674418604651
2030,journal_confirmatory_3domain_m_weakalign_steps2000_seed2030,physionet_grabmyo,target_calibration_only,1,raw_stats_plus_pretrained_minus_raw_stats,balanced_acc,430,0.0214123386843869,0.0039316635882068,0.6906976744186046
2030,journal_confirmatory_3domain_m_weakalign_steps2000_seed2030,physionet_grabmyo,target_calibration_only,1,raw_stats_plus_pretrained_minus_raw_stats,macro_f1,430,0.0196654476257618,0.0037049117990602,0.672093023255814
2030,journal_confirmatory_3domain_m_weakalign_steps2000_seed2030,physionet_grabmyo,target_calibration_only,2,pretrained_encoder_minus_raw_stats,acc,430,0.0256498922233158,0.0041120809691621,0.6930232558139535
2030,journal_confirmatory_3domain_m_weakalign_steps2000_seed2030,physionet_grabmyo,target_calibration_only,2,pretrained_encoder_minus_raw_stats,balanced_acc,430,0.0255885557274228,0.0041277872685564,0.7069767441860465
2030,journal_confirmatory_3domain_m_weakalign_steps2000_seed2030,physionet_grabmyo,target_calibration_only,2,pretrained_encoder_minus_raw_stats,macro_f1,430,0.0212913032003595,0.0038985035385967,0.6906976744186046
2030,journal_confirmatory_3domain_m_weakalign_steps2000_seed2030,physionet_grabmyo,target_calibration_only,2,pretrained_encoder_minus_scratch_encoder,acc,430,0.017673254522754,0.0037780826597656,0.6534883720930232
2030,journal_confirmatory_3domain_m_weakalign_steps2000_seed2030,physionet_grabmyo,target_calibration_only,2,pretrained_encoder_minus_scratch_encoder,balanced_acc,430,0.0177179247894451,0.0038230297631726,0.6767441860465117
2030,journal_confirmatory_3domain_m_weakalign_steps2000_seed2030,physionet_grabmyo,target_calibration_only,2,pretrained_encoder_minus_scratch_encoder,macro_f1,430,0.0157537692816682,0.0035173130510339,0.672093023255814
2030,journal_confirmatory_3domain_m_weakalign_steps2000_seed2030,physionet_grabmyo,target_calibration_only,2,raw_stats_plus_pretrained_minus_raw_stats,acc,430,0.039091572998696,0.0038220844078739,0.8325581395348837
2030,journal_confirmatory_3domain_m_weakalign_steps2000_seed2030,physionet_grabmyo,target_calibration_only,2,raw_stats_plus_pretrained_minus_raw_stats,balanced_acc,430,0.0395811331454013,0.0038526012162007,0.8372093023255814
2030,journal_confirmatory_3domain_m_weakalign_steps2000_seed2030,physionet_grabmyo,target_calibration_only,2,raw_stats_plus_pretrained_minus_raw_stats,macro_f1,430,0.0352401274886355,0.0036520152188921,0.8186046511627907
2030,journal_confirmatory_3domain_m_weakalign_steps2000_seed2030,physionet_grabmyo,target_calibration_only,5,pretrained_encoder_minus_raw_stats,acc,430,0.0300235727025347,0.0048805128749875,0.7232558139534884
2030,journal_confirmatory_3domain_m_weakalign_steps2000_seed2030,physionet_grabmyo,target_calibration_only,5,pretrained_encoder_minus_raw_stats,balanced_acc,430,0.0311982636288153,0.0051578678631634,0.7093023255813954
2030,journal_confirmatory_3domain_m_weakalign_steps2000_seed2030,physionet_grabmyo,target_calibration_only,5,pretrained_encoder_minus_raw_stats,macro_f1,430,0.0247551709236104,0.0045937306810233,0.7069767441860465
2030,journal_confirmatory_3domain_m_weakalign_steps2000_seed2030,physionet_grabmyo,target_calibration_only,5,pretrained_encoder_minus_scratch_encoder,acc,430,0.015652878812997,0.0041479113691814,0.6046511627906976
2030,journal_confirmatory_3domain_m_weakalign_steps2000_seed2030,physionet_grabmyo,target_calibration_only,5,pretrained_encoder_minus_scratch_encoder,balanced_acc,430,0.0161204510008237,0.0043846964004291,0.6465116279069767
2030,journal_confirmatory_3domain_m_weakalign_steps2000_seed2030,physionet_grabmyo,target_calibration_only,5,pretrained_encoder_minus_scratch_encoder,macro_f1,430,0.013994283240416,0.0038939789744571,0.6395348837209303
2030,journal_confirmatory_3domain_m_weakalign_steps2000_seed2030,physionet_grabmyo,target_calibration_only,5,raw_stats_plus_pretrained_minus_raw_stats,acc,430,0.0518274919706871,0.0045579721880458,0.8418604651162791
2030,journal_confirmatory_3domain_m_weakalign_steps2000_seed2030,physionet_grabmyo,target_calibration_only,5,raw_stats_plus_pretrained_minus_raw_stats,balanced_acc,430,0.054284038947811,0.0048651024275556,0.8674418604651163
2030,journal_confirmatory_3domain_m_weakalign_steps2000_seed2030,physionet_grabmyo,target_calibration_only,5,raw_stats_plus_pretrained_minus_raw_stats,macro_f1,430,0.0461834488905616,0.0043484857882517,0.8372093023255814
2030,journal_confirmatory_3domain_m_weakalign_steps2000_seed2030,physionet_grabmyo,target_calibration_only,10,pretrained_encoder_minus_raw_stats,acc,430,0.0052404681788551,0.006872340186837,0.5162790697674419
2030,journal_confirmatory_3domain_m_weakalign_steps2000_seed2030,physionet_grabmyo,target_calibration_only,10,pretrained_encoder_minus_raw_stats,balanced_acc,430,0.0060124362803288,0.0073475724843475,0.5372093023255814
2030,journal_confirmatory_3domain_m_weakalign_steps2000_seed2030,physionet_grabmyo,target_calibration_only,10,pretrained_encoder_minus_raw_stats,macro_f1,430,0.0030070465950215,0.0065023138610086,0.5302325581395348
2030,journal_confirmatory_3domain_m_weakalign_steps2000_seed2030,physionet_grabmyo,target_calibration_only,10,pretrained_encoder_minus_scratch_encoder,acc,430,0.0120315843454133,0.0062987061753014,0.5348837209302325
2030,journal_confirmatory_3domain_m_weakalign_steps2000_seed2030,physionet_grabmyo,target_calibration_only,10,pretrained_encoder_minus_scratch_encoder,balanced_acc,430,0.0125250809639052,0.0069306971857334,0.5488372093023256
2030,journal_confirmatory_3domain_m_weakalign_steps2000_seed2030,physionet_grabmyo,target_calibration_only,10,pretrained_encoder_minus_scratch_encoder,macro_f1,430,0.0109825551235633,0.0060281685150772,0.5534883720930233
2030,journal_confirmatory_3domain_m_weakalign_steps2000_seed2030,physionet_grabmyo,target_calibration_only,10,raw_stats_plus_pretrained_minus_raw_stats,acc,430,0.024488558547677,0.0063062272481554,0.6302325581395349
2030,journal_confirmatory_3domain_m_weakalign_steps2000_seed2030,physionet_grabmyo,target_calibration_only,10,raw_stats_plus_pretrained_minus_raw_stats,balanced_acc,430,0.026161786839066,0.0068723690267629,0.6488372093023256
2030,journal_confirmatory_3domain_m_weakalign_steps2000_seed2030,physionet_grabmyo,target_calibration_only,10,raw_stats_plus_pretrained_minus_raw_stats,macro_f1,430,0.0227458067569085,0.0060539058782379,0.6348837209302326
2030,journal_confirmatory_3domain_m_weakalign_steps2000_seed2030,physionet_hyser,source_only,0,pretrained_encoder_minus_raw_stats,acc,100,-0.0093295691626199,0.0032105338947654,0.3
2030,journal_confirmatory_3domain_m_weakalign_steps2000_seed2030,physionet_hyser,source_only,0,pretrained_encoder_minus_raw_stats,balanced_acc,100,-0.0094882161696418,0.0034422148729153,0.35
2030,journal_confirmatory_3domain_m_weakalign_steps2000_seed2030,physionet_hyser,source_only,0,pretrained_encoder_minus_raw_stats,macro_f1,100,-0.0007638396890983,0.0031408391515003,0.5
2030,journal_confirmatory_3domain_m_weakalign_steps2000_seed2030,physionet_hyser,source_only,0,pretrained_encoder_minus_scratch_encoder,acc,100,0.0014848663780953,0.0035814027101253,0.5
2030,journal_confirmatory_3domain_m_weakalign_steps2000_seed2030,physionet_hyser,source_only,0,pretrained_encoder_minus_scratch_encoder,balanced_acc,100,0.0022345125917944,0.0037606548961518,0.6
2030,journal_confirmatory_3domain_m_weakalign_steps2000_seed2030,physionet_hyser,source_only,0,pretrained_encoder_minus_scratch_encoder,macro_f1,100,0.0001515135918959,0.0033873696113289,0.55
2030,journal_confirmatory_3domain_m_weakalign_steps2000_seed2030,physionet_hyser,source_only,0,raw_stats_plus_pretrained_minus_raw_stats,acc,100,-0.0009261253340499,0.0035163532515532,0.4
2030,journal_confirmatory_3domain_m_weakalign_steps2000_seed2030,physionet_hyser,source_only,0,raw_stats_plus_pretrained_minus_raw_stats,balanced_acc,100,-0.0004627699823264,0.003837339985287,0.5
2030,journal_confirmatory_3domain_m_weakalign_steps2000_seed2030,physionet_hyser,source_only,0,raw_stats_plus_pretrained_minus_raw_stats,macro_f1,100,0.006224641931471,0.0029966365037412,0.65
2030,journal_confirmatory_3domain_m_weakalign_steps2000_seed2030,physionet_hyser,source_plus_calibration,0,pretrained_encoder_minus_raw_stats,acc,100,-0.0093295691626199,0.0032105338947654,0.3
2030,journal_confirmatory_3domain_m_weakalign_steps2000_seed2030,physionet_hyser,source_plus_calibration,0,pretrained_encoder_minus_raw_stats,balanced_acc,100,-0.0094882161696418,0.0034422148729153,0.35
2030,journal_confirmatory_3domain_m_weakalign_steps2000_seed2030,physionet_hyser,source_plus_calibration,0,pretrained_encoder_minus_raw_stats,macro_f1,100,-0.0007638396890983,0.0031408391515003,0.5
2030,journal_confirmatory_3domain_m_weakalign_steps2000_seed2030,physionet_hyser,source_plus_calibration,0,pretrained_encoder_minus_scratch_encoder,acc,100,0.0014848663780953,0.0035814027101253,0.5
2030,journal_confirmatory_3domain_m_weakalign_steps2000_seed2030,physionet_hyser,source_plus_calibration,0,pretrained_encoder_minus_scratch_encoder,balanced_acc,100,0.0022345125917944,0.0037606548961518,0.6
2030,journal_confirmatory_3domain_m_weakalign_steps2000_seed2030,physionet_hyser,source_plus_calibration,0,pretrained_encoder_minus_scratch_encoder,macro_f1,100,0.0001515135918959,0.0033873696113289,0.55
2030,journal_confirmatory_3domain_m_weakalign_steps2000_seed2030,physionet_hyser,source_plus_calibration,0,raw_stats_plus_pretrained_minus_raw_stats,acc,100,-0.0009261253340499,0.0035163532515532,0.4
2030,journal_confirmatory_3domain_m_weakalign_steps2000_seed2030,physionet_hyser,source_plus_calibration,0,raw_stats_plus_pretrained_minus_raw_stats,balanced_acc,100,-0.0004627699823264,0.003837339985287,0.5
2030,journal_confirmatory_3domain_m_weakalign_steps2000_seed2030,physionet_hyser,source_plus_calibration,0,raw_stats_plus_pretrained_minus_raw_stats,macro_f1,100,0.006224641931471,0.0029966365037412,0.65
2030,journal_confirmatory_3domain_m_weakalign_steps2000_seed2030,physionet_hyser,source_plus_calibration,1,pretrained_encoder_minus_raw_stats,acc,100,-0.004130564970684,0.0038595428794306,0.38
2030,journal_confirmatory_3domain_m_weakalign_steps2000_seed2030,physionet_hyser,source_plus_calibration,1,pretrained_encoder_minus_raw_stats,balanced_acc,100,-0.0045229666393522,0.0042251377298601,0.4
2030,journal_confirmatory_3domain_m_weakalign_steps2000_seed2030,physionet_hyser,source_plus_calibration,1,pretrained_encoder_minus_raw_stats,macro_f1,100,0.0020384439574796,0.0036357493424625,0.54
2030,journal_confirmatory_3domain_m_weakalign_steps2000_seed2030,physionet_hyser,source_plus_calibration,1,pretrained_encoder_minus_scratch_encoder,acc,100,0.0049156881804201,0.0043502482021648,0.58
2030,journal_confirmatory_3domain_m_weakalign_steps2000_seed2030,physionet_hyser,source_plus_calibration,1,pretrained_encoder_minus_scratch_encoder,balanced_acc,100,0.0055034613602447,0.0046323096821328,0.58
2030,journal_confirmatory_3domain_m_weakalign_steps2000_seed2030,physionet_hyser,source_plus_calibration,1,pretrained_encoder_minus_scratch_encoder,macro_f1,100,0.0049187562634275,0.0040795303172287,0.59
2030,journal_confirmatory_3domain_m_weakalign_steps2000_seed2030,physionet_hyser,source_plus_calibration,1,raw_stats_plus_pretrained_minus_raw_stats,acc,100,0.0078324781208469,0.0037243398329063,0.66
2030,journal_confirmatory_3domain_m_weakalign_steps2000_seed2030,physionet_hyser,source_plus_calibration,1,raw_stats_plus_pretrained_minus_raw_stats,balanced_acc,100,0.0078504964041392,0.0039964127081529,0.63
2030,journal_confirmatory_3domain_m_weakalign_steps2000_seed2030,physionet_hyser,source_plus_calibration,1,raw_stats_plus_pretrained_minus_raw_stats,macro_f1,100,0.0131070290203985,0.0033733819850281,0.8
2030,journal_confirmatory_3domain_m_weakalign_steps2000_seed2030,physionet_hyser,source_plus_calibration,2,pretrained_encoder_minus_raw_stats,acc,100,-0.005582361375595,0.004352415313896,0.37
2030,journal_confirmatory_3domain_m_weakalign_steps2000_seed2030,physionet_hyser,source_plus_calibration,2,pretrained_encoder_minus_raw_stats,balanced_acc,100,-0.0052769069236842,0.0045791236526051,0.33
2030,journal_confirmatory_3domain_m_weakalign_steps2000_seed2030,physionet_hyser,source_plus_calibration,2,pretrained_encoder_minus_raw_stats,macro_f1,100,0.0005988261618452,0.0039031636502922,0.46
2030,journal_confirmatory_3domain_m_weakalign_steps2000_seed2030,physionet_hyser,source_plus_calibration,2,pretrained_encoder_minus_scratch_encoder,acc,100,0.0050409148247301,0.0042040701383196,0.62
2030,journal_confirmatory_3domain_m_weakalign_steps2000_seed2030,physionet_hyser,source_plus_calibration,2,pretrained_encoder_minus_scratch_encoder,balanced_acc,100,0.0057567114096006,0.0043854199642435,0.64
2030,journal_confirmatory_3domain_m_weakalign_steps2000_seed2030,physionet_hyser,source_plus_calibration,2,pretrained_encoder_minus_scratch_encoder,macro_f1,100,0.0048024838102628,0.0038307334634984,0.64
2030,journal_confirmatory_3domain_m_weakalign_steps2000_seed2030,physionet_hyser,source_plus_calibration,2,raw_stats_plus_pretrained_minus_raw_stats,acc,100,0.0048038730303851,0.0038154892318859,0.58
2030,journal_confirmatory_3domain_m_weakalign_steps2000_seed2030,physionet_hyser,source_plus_calibration,2,raw_stats_plus_pretrained_minus_raw_stats,balanced_acc,100,0.0050039560021296,0.0039827509627767,0.57
2030,journal_confirmatory_3domain_m_weakalign_steps2000_seed2030,physionet_hyser,source_plus_calibration,2,raw_stats_plus_pretrained_minus_raw_stats,macro_f1,100,0.0106280141447524,0.0034603307415733,0.7
2030,journal_confirmatory_3domain_m_weakalign_steps2000_seed2030,physionet_hyser,source_plus_calibration,5,pretrained_encoder_minus_raw_stats,acc,100,-0.0032140462817951,0.0050436603853158,0.5
2030,journal_confirmatory_3domain_m_weakalign_steps2000_seed2030,physionet_hyser,source_plus_calibration,5,pretrained_encoder_minus_raw_stats,balanced_acc,100,-0.0035204797790018,0.0049759600935931,0.49
2030,journal_confirmatory_3domain_m_weakalign_steps2000_seed2030,physionet_hyser,source_plus_calibration,5,pretrained_encoder_minus_raw_stats,macro_f1,100,0.0019935298114735,0.0044264725163064,0.53
2030,journal_confirmatory_3domain_m_weakalign_steps2000_seed2030,physionet_hyser,source_plus_calibration,5,pretrained_encoder_minus_scratch_encoder,acc,100,0.0076284492274862,0.0047349869404174,0.66
2030,journal_confirmatory_3domain_m_weakalign_steps2000_seed2030,physionet_hyser,source_plus_calibration,5,pretrained_encoder_minus_scratch_encoder,balanced_acc,100,0.0071131025809554,0.0048632413648778,0.6
2030,journal_confirmatory_3domain_m_weakalign_steps2000_seed2030,physionet_hyser,source_plus_calibration,5,pretrained_encoder_minus_scratch_encoder,macro_f1,100,0.0066731304494246,0.004195462217512,0.63
2030,journal_confirmatory_3domain_m_weakalign_steps2000_seed2030,physionet_hyser,source_plus_calibration,5,raw_stats_plus_pretrained_minus_raw_stats,acc,100,0.0141394089995122,0.0050223949799507,0.64
2030,journal_confirmatory_3domain_m_weakalign_steps2000_seed2030,physionet_hyser,source_plus_calibration,5,raw_stats_plus_pretrained_minus_raw_stats,balanced_acc,100,0.0140734774754736,0.0049937159075687,0.64
2030,journal_confirmatory_3domain_m_weakalign_steps2000_seed2030,physionet_hyser,source_plus_calibration,5,raw_stats_plus_pretrained_minus_raw_stats,macro_f1,100,0.0184078566291909,0.0043539456959569,0.77
2030,journal_confirmatory_3domain_m_weakalign_steps2000_seed2030,physionet_hyser,source_plus_calibration,10,pretrained_encoder_minus_raw_stats,acc,100,-0.010595825882649,0.0054794563493163,0.38
2030,journal_confirmatory_3domain_m_weakalign_steps2000_seed2030,physionet_hyser,source_plus_calibration,10,pretrained_encoder_minus_raw_stats,balanced_acc,100,-0.0077169222241625,0.0056507133098491,0.46
2030,journal_confirmatory_3domain_m_weakalign_steps2000_seed2030,physionet_hyser,source_plus_calibration,10,pretrained_encoder_minus_raw_stats,macro_f1,100,-0.0033816199832242,0.0050090098433412,0.46
2030,journal_confirmatory_3domain_m_weakalign_steps2000_seed2030,physionet_hyser,source_plus_calibration,10,pretrained_encoder_minus_scratch_encoder,acc,100,0.0052276656914433,0.0060812358110033,0.61
2030,journal_confirmatory_3domain_m_weakalign_steps2000_seed2030,physionet_hyser,source_plus_calibration,10,pretrained_encoder_minus_scratch_encoder,balanced_acc,100,0.0068671251943719,0.0063389221493562,0.61
2030,journal_confirmatory_3domain_m_weakalign_steps2000_seed2030,physionet_hyser,source_plus_calibration,10,pretrained_encoder_minus_scratch_encoder,macro_f1,100,0.0068544760153554,0.0054323096121987,0.64
2030,journal_confirmatory_3domain_m_weakalign_steps2000_seed2030,physionet_hyser,source_plus_calibration,10,raw_stats_plus_pretrained_minus_raw_stats,acc,100,0.014818721322209,0.0058748299700433,0.72
2030,journal_confirmatory_3domain_m_weakalign_steps2000_seed2030,physionet_hyser,source_plus_calibration,10,raw_stats_plus_pretrained_minus_raw_stats,balanced_acc,100,0.0188180946410654,0.0061328493598524,0.73
2030,journal_confirmatory_3domain_m_weakalign_steps2000_seed2030,physionet_hyser,source_plus_calibration,10,raw_stats_plus_pretrained_minus_raw_stats,macro_f1,100,0.0214164463041083,0.0053066048786271,0.79
2030,journal_confirmatory_3domain_m_weakalign_steps2000_seed2030,physionet_hyser,target_calibration_only,1,pretrained_encoder_minus_raw_stats,acc,100,0.0065266498832921,0.0039040965690144,0.61
2030,journal_confirmatory_3domain_m_weakalign_steps2000_seed2030,physionet_hyser,target_calibration_only,1,pretrained_encoder_minus_raw_stats,balanced_acc,100,0.0066300502027775,0.0039106107178926,0.63
2030,journal_confirmatory_3domain_m_weakalign_steps2000_seed2030,physionet_hyser,target_calibration_only,1,pretrained_encoder_minus_raw_stats,macro_f1,100,0.0062868214602568,0.0035408553652266,0.61
2030,journal_confirmatory_3domain_m_weakalign_steps2000_seed2030,physionet_hyser,target_calibration_only,1,pretrained_encoder_minus_scratch_encoder,acc,100,0.0052382363647636,0.0036955306057884,0.63
2030,journal_confirmatory_3domain_m_weakalign_steps2000_seed2030,physionet_hyser,target_calibration_only,1,pretrained_encoder_minus_scratch_encoder,balanced_acc,100,0.0042924798261341,0.003799937827721,0.59
2030,journal_confirmatory_3domain_m_weakalign_steps2000_seed2030,physionet_hyser,target_calibration_only,1,pretrained_encoder_minus_scratch_encoder,macro_f1,100,0.0049054667152152,0.003597418945827,0.61
2030,journal_confirmatory_3domain_m_weakalign_steps2000_seed2030,physionet_hyser,target_calibration_only,1,raw_stats_plus_pretrained_minus_raw_stats,acc,100,0.0222306602315291,0.0035559729182212,0.89
2030,journal_confirmatory_3domain_m_weakalign_steps2000_seed2030,physionet_hyser,target_calibration_only,1,raw_stats_plus_pretrained_minus_raw_stats,balanced_acc,100,0.0223602699995069,0.0036112616036569,0.89
2030,journal_confirmatory_3domain_m_weakalign_steps2000_seed2030,physionet_hyser,target_calibration_only,1,raw_stats_plus_pretrained_minus_raw_stats,macro_f1,100,0.0213877915961591,0.0033192678652184,0.91
2030,journal_confirmatory_3domain_m_weakalign_steps2000_seed2030,physionet_hyser,target_calibration_only,2,pretrained_encoder_minus_raw_stats,acc,100,0.0134987077194355,0.0043776997924243,0.76
2030,journal_confirmatory_3domain_m_weakalign_steps2000_seed2030,physionet_hyser,target_calibration_only,2,pretrained_encoder_minus_raw_stats,balanced_acc,100,0.0132390262981893,0.0045172438473965,0.77
2030,journal_confirmatory_3domain_m_weakalign_steps2000_seed2030,physionet_hyser,target_calibration_only,2,pretrained_encoder_minus_raw_stats,macro_f1,100,0.010598477114078,0.0039757079294634,0.74
2030,journal_confirmatory_3domain_m_weakalign_steps2000_seed2030,physionet_hyser,target_calibration_only,2,pretrained_encoder_minus_scratch_encoder,acc,100,0.0094084101711024,0.0040577159605412,0.67
2030,journal_confirmatory_3domain_m_weakalign_steps2000_seed2030,physionet_hyser,target_calibration_only,2,pretrained_encoder_minus_scratch_encoder,balanced_acc,100,0.0085656406836011,0.0040348355143397,0.63
2030,journal_confirmatory_3domain_m_weakalign_steps2000_seed2030,physionet_hyser,target_calibration_only,2,pretrained_encoder_minus_scratch_encoder,macro_f1,100,0.0086414196933572,0.0036478140242526,0.64
2030,journal_confirmatory_3domain_m_weakalign_steps2000_seed2030,physionet_hyser,target_calibration_only,2,raw_stats_plus_pretrained_minus_raw_stats,acc,100,0.0321664921204634,0.0048338147335125,0.92
2030,journal_confirmatory_3domain_m_weakalign_steps2000_seed2030,physionet_hyser,target_calibration_only,2,raw_stats_plus_pretrained_minus_raw_stats,balanced_acc,100,0.0321245542323968,0.0049134210629326,0.93
2030,journal_confirmatory_3domain_m_weakalign_steps2000_seed2030,physionet_hyser,target_calibration_only,2,raw_stats_plus_pretrained_minus_raw_stats,macro_f1,100,0.0284274280892742,0.0044201258104364,0.94
2030,journal_confirmatory_3domain_m_weakalign_steps2000_seed2030,physionet_hyser,target_calibration_only,5,pretrained_encoder_minus_raw_stats,acc,100,-0.0052663011707753,0.0054680127896186,0.37
2030,journal_confirmatory_3domain_m_weakalign_steps2000_seed2030,physionet_hyser,target_calibration_only,5,pretrained_encoder_minus_raw_stats,balanced_acc,100,-0.0047162129105948,0.005324640346967,0.37
2030,journal_confirmatory_3domain_m_weakalign_steps2000_seed2030,physionet_hyser,target_calibration_only,5,pretrained_encoder_minus_raw_stats,macro_f1,100,-0.0097052407602674,0.0046983705198216,0.3
2030,journal_confirmatory_3domain_m_weakalign_steps2000_seed2030,physionet_hyser,target_calibration_only,5,pretrained_encoder_minus_scratch_encoder,acc,100,0.0023068836436415,0.0051927803216,0.55
2030,journal_confirmatory_3domain_m_weakalign_steps2000_seed2030,physionet_hyser,target_calibration_only,5,pretrained_encoder_minus_scratch_encoder,balanced_acc,100,0.0018303887144944,0.0050929201602557,0.54
2030,journal_confirmatory_3domain_m_weakalign_steps2000_seed2030,physionet_hyser,target_calibration_only,5,pretrained_encoder_minus_scratch_encoder,macro_f1,100,0.0013154520356278,0.0046207645366877,0.51
2030,journal_confirmatory_3domain_m_weakalign_steps2000_seed2030,physionet_hyser,target_calibration_only,5,raw_stats_plus_pretrained_minus_raw_stats,acc,100,0.0119955169471345,0.0054098349092573,0.64
2030,journal_confirmatory_3domain_m_weakalign_steps2000_seed2030,physionet_hyser,target_calibration_only,5,raw_stats_plus_pretrained_minus_raw_stats,balanced_acc,100,0.0130012813822699,0.0053007352224123,0.66
2030,journal_confirmatory_3domain_m_weakalign_steps2000_seed2030,physionet_hyser,target_calibration_only,5,raw_stats_plus_pretrained_minus_raw_stats,macro_f1,100,0.0068754215887477,0.0048051851967049,0.58
2030,journal_confirmatory_3domain_m_weakalign_steps2000_seed2030,physionet_hyser,target_calibration_only,10,pretrained_encoder_minus_raw_stats,acc,100,-0.0208217042456996,0.0066242246915756,0.27
2030,journal_confirmatory_3domain_m_weakalign_steps2000_seed2030,physionet_hyser,target_calibration_only,10,pretrained_encoder_minus_raw_stats,balanced_acc,100,-0.019625356430869,0.0067477464434983,0.29
2030,journal_confirmatory_3domain_m_weakalign_steps2000_seed2030,physionet_hyser,target_calibration_only,10,pretrained_encoder_minus_raw_stats,macro_f1,100,-0.0227169000028389,0.0053516218440397,0.2
2030,journal_confirmatory_3domain_m_weakalign_steps2000_seed2030,physionet_hyser,target_calibration_only,10,pretrained_encoder_minus_scratch_encoder,acc,100,-0.0031297142008865,0.0057424260291511,0.44
2030,journal_confirmatory_3domain_m_weakalign_steps2000_seed2030,physionet_hyser,target_calibration_only,10,pretrained_encoder_minus_scratch_encoder,balanced_acc,100,-0.005044224143509,0.0056922993800158,0.41
2030,journal_confirmatory_3domain_m_weakalign_steps2000_seed2030,physionet_hyser,target_calibration_only,10,pretrained_encoder_minus_scratch_encoder,macro_f1,100,-0.0043882208931337,0.0051111560754508,0.43
2030,journal_confirmatory_3domain_m_weakalign_steps2000_seed2030,physionet_hyser,target_calibration_only,10,raw_stats_plus_pretrained_minus_raw_stats,acc,100,-0.0030605362076509,0.0062132752258955,0.4
2030,journal_confirmatory_3domain_m_weakalign_steps2000_seed2030,physionet_hyser,target_calibration_only,10,raw_stats_plus_pretrained_minus_raw_stats,balanced_acc,100,-0.0005333896295074,0.006143697797711,0.45
2030,journal_confirmatory_3domain_m_weakalign_steps2000_seed2030,physionet_hyser,target_calibration_only,10,raw_stats_plus_pretrained_minus_raw_stats,macro_f1,100,-0.0051845938096312,0.0051296242592547,0.39
