dataset,subject_id,source_session,target_session,unit,seed,model,metric,aulc
physionet_grabmyo,S01,session1,session2,physionet_grabmyo::S01::session1->session2,2026,frequency_logbandpower,balanced_acc,0.4121056958727672
physionet_grabmyo,S01,session1,session2,physionet_grabmyo::S01::session1->session2,2026,pretrained_encoder,balanced_acc,0.14797740365488427
physionet_grabmyo,S01,session1,session2,physionet_grabmyo::S01::session1->session2,2026,raw_stats,balanced_acc,0.506367249286361
physionet_grabmyo,S01,session1,session2,physionet_grabmyo::S01::session1->session2,2026,raw_stats_plus_frequency,balanced_acc,0.37272865522956966
physionet_grabmyo,S01,session1,session2,physionet_grabmyo::S01::session1->session2,2026,raw_stats_plus_pretrained,balanced_acc,0.280849345824443
physionet_grabmyo,S01,session1,session2,physionet_grabmyo::S01::session1->session2,2027,frequency_logbandpower,balanced_acc,0.38889958390810936
physionet_grabmyo,S01,session1,session2,physionet_grabmyo::S01::session1->session2,2027,pretrained_encoder,balanced_acc,0.13620649630305007
physionet_grabmyo,S01,session1,session2,physionet_grabmyo::S01::session1->session2,2027,raw_stats,balanced_acc,0.48880006943328247
physionet_grabmyo,S01,session1,session2,physionet_grabmyo::S01::session1->session2,2027,raw_stats_plus_frequency,balanced_acc,0.37937824324896946
physionet_grabmyo,S01,session1,session2,physionet_grabmyo::S01::session1->session2,2027,raw_stats_plus_pretrained,balanced_acc,0.2586955600765378
physionet_grabmyo,S01,session1,session2,physionet_grabmyo::S01::session1->session2,2028,frequency_logbandpower,balanced_acc,0.4109328718984627
physionet_grabmyo,S01,session1,session2,physionet_grabmyo::S01::session1->session2,2028,pretrained_encoder,balanced_acc,0.13433475112947435
physionet_grabmyo,S01,session1,session2,physionet_grabmyo::S01::session1->session2,2028,raw_stats,balanced_acc,0.4886768221544298
physionet_grabmyo,S01,session1,session2,physionet_grabmyo::S01::session1->session2,2028,raw_stats_plus_frequency,balanced_acc,0.36550523522014583
physionet_grabmyo,S01,session1,session2,physionet_grabmyo::S01::session1->session2,2028,raw_stats_plus_pretrained,balanced_acc,0.2727327502672701
physionet_grabmyo,S01,session1,session2,physionet_grabmyo::S01::session1->session2,2029,frequency_logbandpower,balanced_acc,0.4075857059412636
physionet_grabmyo,S01,session1,session2,physionet_grabmyo::S01::session1->session2,2029,pretrained_encoder,balanced_acc,0.15116082716495366
physionet_grabmyo,S01,session1,session2,physionet_grabmyo::S01::session1->session2,2029,raw_stats,balanced_acc,0.5006817300881201
physionet_grabmyo,S01,session1,session2,physionet_grabmyo::S01::session1->session2,2029,raw_stats_plus_frequency,balanced_acc,0.3771485573524406
physionet_grabmyo,S01,session1,session2,physionet_grabmyo::S01::session1->session2,2029,raw_stats_plus_pretrained,balanced_acc,0.2731824410238535
physionet_grabmyo,S01,session1,session2,physionet_grabmyo::S01::session1->session2,2030,frequency_logbandpower,balanced_acc,0.40040945916875503
physionet_grabmyo,S01,session1,session2,physionet_grabmyo::S01::session1->session2,2030,pretrained_encoder,balanced_acc,0.1424358595987185
physionet_grabmyo,S01,session1,session2,physionet_grabmyo::S01::session1->session2,2030,raw_stats,balanced_acc,0.48783767461331823
physionet_grabmyo,S01,session1,session2,physionet_grabmyo::S01::session1->session2,2030,raw_stats_plus_frequency,balanced_acc,0.3679204669708715
physionet_grabmyo,S01,session1,session2,physionet_grabmyo::S01::session1->session2,2030,raw_stats_plus_pretrained,balanced_acc,0.2719984318954524
physionet_grabmyo,S01,session1,session2,physionet_grabmyo::S01::session1->session2,2031,frequency_logbandpower,balanced_acc,0.38816951114168374
physionet_grabmyo,S01,session1,session2,physionet_grabmyo::S01::session1->session2,2031,pretrained_encoder,balanced_acc,0.13647273086781658
physionet_grabmyo,S01,session1,session2,physionet_grabmyo::S01::session1->session2,2031,raw_stats,balanced_acc,0.49854781292583555
physionet_grabmyo,S01,session1,session2,physionet_grabmyo::S01::session1->session2,2031,raw_stats_plus_frequency,balanced_acc,0.37220005877068507
physionet_grabmyo,S01,session1,session2,physionet_grabmyo::S01::session1->session2,2031,raw_stats_plus_pretrained,balanced_acc,0.2584039563021023
physionet_grabmyo,S01,session1,session2,physionet_grabmyo::S01::session1->session2,2032,frequency_logbandpower,balanced_acc,0.3908127431487855
physionet_grabmyo,S01,session1,session2,physionet_grabmyo::S01::session1->session2,2032,pretrained_encoder,balanced_acc,0.14454851792695408
physionet_grabmyo,S01,session1,session2,physionet_grabmyo::S01::session1->session2,2032,raw_stats,balanced_acc,0.4988038957017468
physionet_grabmyo,S01,session1,session2,physionet_grabmyo::S01::session1->session2,2032,raw_stats_plus_frequency,balanced_acc,0.3612030528497111
physionet_grabmyo,S01,session1,session2,physionet_grabmyo::S01::session1->session2,2032,raw_stats_plus_pretrained,balanced_acc,0.26943997101166955
physionet_grabmyo,S01,session1,session2,physionet_grabmyo::S01::session1->session2,2033,frequency_logbandpower,balanced_acc,0.4053300172051033
physionet_grabmyo,S01,session1,session2,physionet_grabmyo::S01::session1->session2,2033,pretrained_encoder,balanced_acc,0.13668095329288563
physionet_grabmyo,S01,session1,session2,physionet_grabmyo::S01::session1->session2,2033,raw_stats,balanced_acc,0.4864675601992724
physionet_grabmyo,S01,session1,session2,physionet_grabmyo::S01::session1->session2,2033,raw_stats_plus_frequency,balanced_acc,0.36460136540100074
physionet_grabmyo,S01,session1,session2,physionet_grabmyo::S01::session1->session2,2033,raw_stats_plus_pretrained,balanced_acc,0.24629853566035242
physionet_grabmyo,S01,session1,session2,physionet_grabmyo::S01::session1->session2,2034,frequency_logbandpower,balanced_acc,0.4036833775682057
physionet_grabmyo,S01,session1,session2,physionet_grabmyo::S01::session1->session2,2034,pretrained_encoder,balanced_acc,0.14477683836988195
physionet_grabmyo,S01,session1,session2,physionet_grabmyo::S01::session1->session2,2034,raw_stats,balanced_acc,0.5067651746573338
physionet_grabmyo,S01,session1,session2,physionet_grabmyo::S01::session1->session2,2034,raw_stats_plus_frequency,balanced_acc,0.35975109823313306
physionet_grabmyo,S01,session1,session2,physionet_grabmyo::S01::session1->session2,2034,raw_stats_plus_pretrained,balanced_acc,0.2583868692120523
physionet_grabmyo,S01,session1,session2,physionet_grabmyo::S01::session1->session2,2035,frequency_logbandpower,balanced_acc,0.4161896778423647
physionet_grabmyo,S01,session1,session2,physionet_grabmyo::S01::session1->session2,2035,pretrained_encoder,balanced_acc,0.14508934444302846
physionet_grabmyo,S01,session1,session2,physionet_grabmyo::S01::session1->session2,2035,raw_stats,balanced_acc,0.5001299875830869
physionet_grabmyo,S01,session1,session2,physionet_grabmyo::S01::session1->session2,2035,raw_stats_plus_frequency,balanced_acc,0.37528314988835665
physionet_grabmyo,S01,session1,session2,physionet_grabmyo::S01::session1->session2,2035,raw_stats_plus_pretrained,balanced_acc,0.2825977397869934
physionet_grabmyo,S01,session1,session3,physionet_grabmyo::S01::session1->session3,2026,frequency_logbandpower,balanced_acc,0.42510708661114843
physionet_grabmyo,S01,session1,session3,physionet_grabmyo::S01::session1->session3,2026,pretrained_encoder,balanced_acc,0.20299161355613435
physionet_grabmyo,S01,session1,session3,physionet_grabmyo::S01::session1->session3,2026,raw_stats,balanced_acc,0.49008931166699016
physionet_grabmyo,S01,session1,session3,physionet_grabmyo::S01::session1->session3,2026,raw_stats_plus_frequency,balanced_acc,0.37612695907925686
physionet_grabmyo,S01,session1,session3,physionet_grabmyo::S01::session1->session3,2026,raw_stats_plus_pretrained,balanced_acc,0.299617013550435
physionet_grabmyo,S01,session1,session3,physionet_grabmyo::S01::session1->session3,2027,frequency_logbandpower,balanced_acc,0.42435703612187986
physionet_grabmyo,S01,session1,session3,physionet_grabmyo::S01::session1->session3,2027,pretrained_encoder,balanced_acc,0.19646310385191357
physionet_grabmyo,S01,session1,session3,physionet_grabmyo::S01::session1->session3,2027,raw_stats,balanced_acc,0.47958861008894127
physionet_grabmyo,S01,session1,session3,physionet_grabmyo::S01::session1->session3,2027,raw_stats_plus_frequency,balanced_acc,0.35438371726455353
physionet_grabmyo,S01,session1,session3,physionet_grabmyo::S01::session1->session3,2027,raw_stats_plus_pretrained,balanced_acc,0.2911328652963403
physionet_grabmyo,S01,session1,session3,physionet_grabmyo::S01::session1->session3,2028,frequency_logbandpower,balanced_acc,0.43094298333935177
physionet_grabmyo,S01,session1,session3,physionet_grabmyo::S01::session1->session3,2028,pretrained_encoder,balanced_acc,0.19433868581651145
physionet_grabmyo,S01,session1,session3,physionet_grabmyo::S01::session1->session3,2028,raw_stats,balanced_acc,0.49865432598254833
physionet_grabmyo,S01,session1,session3,physionet_grabmyo::S01::session1->session3,2028,raw_stats_plus_frequency,balanced_acc,0.361876823205738
physionet_grabmyo,S01,session1,session3,physionet_grabmyo::S01::session1->session3,2028,raw_stats_plus_pretrained,balanced_acc,0.3065687212806439
physionet_grabmyo,S01,session1,session3,physionet_grabmyo::S01::session1->session3,2029,frequency_logbandpower,balanced_acc,0.44336746024110407
physionet_grabmyo,S01,session1,session3,physionet_grabmyo::S01::session1->session3,2029,pretrained_encoder,balanced_acc,0.1928642691073802
physionet_grabmyo,S01,session1,session3,physionet_grabmyo::S01::session1->session3,2029,raw_stats,balanced_acc,0.48732215052613337
physionet_grabmyo,S01,session1,session3,physionet_grabmyo::S01::session1->session3,2029,raw_stats_plus_frequency,balanced_acc,0.3736060775815809
physionet_grabmyo,S01,session1,session3,physionet_grabmyo::S01::session1->session3,2029,raw_stats_plus_pretrained,balanced_acc,0.2993506057925866
physionet_grabmyo,S01,session1,session3,physionet_grabmyo::S01::session1->session3,2030,frequency_logbandpower,balanced_acc,0.4183063489620498
physionet_grabmyo,S01,session1,session3,physionet_grabmyo::S01::session1->session3,2030,pretrained_encoder,balanced_acc,0.20116326982853078
physionet_grabmyo,S01,session1,session3,physionet_grabmyo::S01::session1->session3,2030,raw_stats,balanced_acc,0.46963040487256547
physionet_grabmyo,S01,session1,session3,physionet_grabmyo::S01::session1->session3,2030,raw_stats_plus_frequency,balanced_acc,0.3478451510673107
physionet_grabmyo,S01,session1,session3,physionet_grabmyo::S01::session1->session3,2030,raw_stats_plus_pretrained,balanced_acc,0.30061947426461255
physionet_grabmyo,S01,session1,session3,physionet_grabmyo::S01::session1->session3,2031,frequency_logbandpower,balanced_acc,0.417231288957877
physionet_grabmyo,S01,session1,session3,physionet_grabmyo::S01::session1->session3,2031,pretrained_encoder,balanced_acc,0.1895196806679169
physionet_grabmyo,S01,session1,session3,physionet_grabmyo::S01::session1->session3,2031,raw_stats,balanced_acc,0.4714054980137797
physionet_grabmyo,S01,session1,session3,physionet_grabmyo::S01::session1->session3,2031,raw_stats_plus_frequency,balanced_acc,0.3387045835394137
physionet_grabmyo,S01,session1,session3,physionet_grabmyo::S01::session1->session3,2031,raw_stats_plus_pretrained,balanced_acc,0.29407532046877743
physionet_grabmyo,S01,session1,session3,physionet_grabmyo::S01::session1->session3,2032,frequency_logbandpower,balanced_acc,0.40843872166880935
physionet_grabmyo,S01,session1,session3,physionet_grabmyo::S01::session1->session3,2032,pretrained_encoder,balanced_acc,0.1898857288121226
physionet_grabmyo,S01,session1,session3,physionet_grabmyo::S01::session1->session3,2032,raw_stats,balanced_acc,0.5068644775955216
physionet_grabmyo,S01,session1,session3,physionet_grabmyo::S01::session1->session3,2032,raw_stats_plus_frequency,balanced_acc,0.3471809352242807
physionet_grabmyo,S01,session1,session3,physionet_grabmyo::S01::session1->session3,2032,raw_stats_plus_pretrained,balanced_acc,0.2898698018404926
physionet_grabmyo,S01,session1,session3,physionet_grabmyo::S01::session1->session3,2033,frequency_logbandpower,balanced_acc,0.43615149247505586
physionet_grabmyo,S01,session1,session3,physionet_grabmyo::S01::session1->session3,2033,pretrained_encoder,balanced_acc,0.18231677313030015
physionet_grabmyo,S01,session1,session3,physionet_grabmyo::S01::session1->session3,2033,raw_stats,balanced_acc,0.49927666564106654
physionet_grabmyo,S01,session1,session3,physionet_grabmyo::S01::session1->session3,2033,raw_stats_plus_frequency,balanced_acc,0.3756592227146584
physionet_grabmyo,S01,session1,session3,physionet_grabmyo::S01::session1->session3,2033,raw_stats_plus_pretrained,balanced_acc,0.3032219271658548
physionet_grabmyo,S01,session1,session3,physionet_grabmyo::S01::session1->session3,2034,frequency_logbandpower,balanced_acc,0.42912803334038113
physionet_grabmyo,S01,session1,session3,physionet_grabmyo::S01::session1->session3,2034,pretrained_encoder,balanced_acc,0.2009022405289589
physionet_grabmyo,S01,session1,session3,physionet_grabmyo::S01::session1->session3,2034,raw_stats,balanced_acc,0.4732065445039617
physionet_grabmyo,S01,session1,session3,physionet_grabmyo::S01::session1->session3,2034,raw_stats_plus_frequency,balanced_acc,0.3525452556817163
physionet_grabmyo,S01,session1,session3,physionet_grabmyo::S01::session1->session3,2034,raw_stats_plus_pretrained,balanced_acc,0.29814585063739263
physionet_grabmyo,S01,session1,session3,physionet_grabmyo::S01::session1->session3,2035,frequency_logbandpower,balanced_acc,0.4215286483659047
physionet_grabmyo,S01,session1,session3,physionet_grabmyo::S01::session1->session3,2035,pretrained_encoder,balanced_acc,0.1774790060486642
physionet_grabmyo,S01,session1,session3,physionet_grabmyo::S01::session1->session3,2035,raw_stats,balanced_acc,0.49350138073685235
physionet_grabmyo,S01,session1,session3,physionet_grabmyo::S01::session1->session3,2035,raw_stats_plus_frequency,balanced_acc,0.37223109622518014
physionet_grabmyo,S01,session1,session3,physionet_grabmyo::S01::session1->session3,2035,raw_stats_plus_pretrained,balanced_acc,0.29050967848402875
physionet_grabmyo,S02,session1,session2,physionet_grabmyo::S02::session1->session2,2026,frequency_logbandpower,balanced_acc,0.44641801650117974
physionet_grabmyo,S02,session1,session2,physionet_grabmyo::S02::session1->session2,2026,pretrained_encoder,balanced_acc,0.16965626463552466
physionet_grabmyo,S02,session1,session2,physionet_grabmyo::S02::session1->session2,2026,raw_stats,balanced_acc,0.4517209331660661
physionet_grabmyo,S02,session1,session2,physionet_grabmyo::S02::session1->session2,2026,raw_stats_plus_frequency,balanced_acc,0.35474838922541635
physionet_grabmyo,S02,session1,session2,physionet_grabmyo::S02::session1->session2,2026,raw_stats_plus_pretrained,balanced_acc,0.29237682038838236
physionet_grabmyo,S02,session1,session2,physionet_grabmyo::S02::session1->session2,2027,frequency_logbandpower,balanced_acc,0.43862271282406246
physionet_grabmyo,S02,session1,session2,physionet_grabmyo::S02::session1->session2,2027,pretrained_encoder,balanced_acc,0.16216219937670476
physionet_grabmyo,S02,session1,session2,physionet_grabmyo::S02::session1->session2,2027,raw_stats,balanced_acc,0.45441734542908224
physionet_grabmyo,S02,session1,session2,physionet_grabmyo::S02::session1->session2,2027,raw_stats_plus_frequency,balanced_acc,0.3327719606773336
physionet_grabmyo,S02,session1,session2,physionet_grabmyo::S02::session1->session2,2027,raw_stats_plus_pretrained,balanced_acc,0.27106661542499577
physionet_grabmyo,S02,session1,session2,physionet_grabmyo::S02::session1->session2,2028,frequency_logbandpower,balanced_acc,0.4155045261569596
physionet_grabmyo,S02,session1,session2,physionet_grabmyo::S02::session1->session2,2028,pretrained_encoder,balanced_acc,0.1572376321456868
physionet_grabmyo,S02,session1,session2,physionet_grabmyo::S02::session1->session2,2028,raw_stats,balanced_acc,0.46625767213106933
physionet_grabmyo,S02,session1,session2,physionet_grabmyo::S02::session1->session2,2028,raw_stats_plus_frequency,balanced_acc,0.33392462355070845
physionet_grabmyo,S02,session1,session2,physionet_grabmyo::S02::session1->session2,2028,raw_stats_plus_pretrained,balanced_acc,0.26549788787434697
physionet_grabmyo,S02,session1,session2,physionet_grabmyo::S02::session1->session2,2029,frequency_logbandpower,balanced_acc,0.42357017047497836
physionet_grabmyo,S02,session1,session2,physionet_grabmyo::S02::session1->session2,2029,pretrained_encoder,balanced_acc,0.15462859052699432
physionet_grabmyo,S02,session1,session2,physionet_grabmyo::S02::session1->session2,2029,raw_stats,balanced_acc,0.4577965179088825
physionet_grabmyo,S02,session1,session2,physionet_grabmyo::S02::session1->session2,2029,raw_stats_plus_frequency,balanced_acc,0.3417566185621985
physionet_grabmyo,S02,session1,session2,physionet_grabmyo::S02::session1->session2,2029,raw_stats_plus_pretrained,balanced_acc,0.2838790197898112
physionet_grabmyo,S02,session1,session2,physionet_grabmyo::S02::session1->session2,2030,frequency_logbandpower,balanced_acc,0.4242120117789343
physionet_grabmyo,S02,session1,session2,physionet_grabmyo::S02::session1->session2,2030,pretrained_encoder,balanced_acc,0.1660255842681342
physionet_grabmyo,S02,session1,session2,physionet_grabmyo::S02::session1->session2,2030,raw_stats,balanced_acc,0.45461306987466454
physionet_grabmyo,S02,session1,session2,physionet_grabmyo::S02::session1->session2,2030,raw_stats_plus_frequency,balanced_acc,0.33165381602263894
physionet_grabmyo,S02,session1,session2,physionet_grabmyo::S02::session1->session2,2030,raw_stats_plus_pretrained,balanced_acc,0.2861656507520773
physionet_grabmyo,S02,session1,session2,physionet_grabmyo::S02::session1->session2,2031,frequency_logbandpower,balanced_acc,0.41511959146841704
physionet_grabmyo,S02,session1,session2,physionet_grabmyo::S02::session1->session2,2031,pretrained_encoder,balanced_acc,0.1632211942728903
physionet_grabmyo,S02,session1,session2,physionet_grabmyo::S02::session1->session2,2031,raw_stats,balanced_acc,0.45782077512800234
physionet_grabmyo,S02,session1,session2,physionet_grabmyo::S02::session1->session2,2031,raw_stats_plus_frequency,balanced_acc,0.335231849391866
physionet_grabmyo,S02,session1,session2,physionet_grabmyo::S02::session1->session2,2031,raw_stats_plus_pretrained,balanced_acc,0.2721674193061868
physionet_grabmyo,S02,session1,session2,physionet_grabmyo::S02::session1->session2,2032,frequency_logbandpower,balanced_acc,0.4213741868265006
physionet_grabmyo,S02,session1,session2,physionet_grabmyo::S02::session1->session2,2032,pretrained_encoder,balanced_acc,0.1646386454411287
physionet_grabmyo,S02,session1,session2,physionet_grabmyo::S02::session1->session2,2032,raw_stats,balanced_acc,0.46443214128423166
physionet_grabmyo,S02,session1,session2,physionet_grabmyo::S02::session1->session2,2032,raw_stats_plus_frequency,balanced_acc,0.3195558387624136
physionet_grabmyo,S02,session1,session2,physionet_grabmyo::S02::session1->session2,2032,raw_stats_plus_pretrained,balanced_acc,0.27798790140859597
physionet_grabmyo,S02,session1,session2,physionet_grabmyo::S02::session1->session2,2033,frequency_logbandpower,balanced_acc,0.42263927446986205
physionet_grabmyo,S02,session1,session2,physionet_grabmyo::S02::session1->session2,2033,pretrained_encoder,balanced_acc,0.1690556625671799
physionet_grabmyo,S02,session1,session2,physionet_grabmyo::S02::session1->session2,2033,raw_stats,balanced_acc,0.4379185818185578
physionet_grabmyo,S02,session1,session2,physionet_grabmyo::S02::session1->session2,2033,raw_stats_plus_frequency,balanced_acc,0.34150632711113327
physionet_grabmyo,S02,session1,session2,physionet_grabmyo::S02::session1->session2,2033,raw_stats_plus_pretrained,balanced_acc,0.29791919375888287
physionet_grabmyo,S02,session1,session2,physionet_grabmyo::S02::session1->session2,2034,frequency_logbandpower,balanced_acc,0.41316812857514706
physionet_grabmyo,S02,session1,session2,physionet_grabmyo::S02::session1->session2,2034,pretrained_encoder,balanced_acc,0.14343477973243413
physionet_grabmyo,S02,session1,session2,physionet_grabmyo::S02::session1->session2,2034,raw_stats,balanced_acc,0.4641147728164793
physionet_grabmyo,S02,session1,session2,physionet_grabmyo::S02::session1->session2,2034,raw_stats_plus_frequency,balanced_acc,0.3496463627523561
physionet_grabmyo,S02,session1,session2,physionet_grabmyo::S02::session1->session2,2034,raw_stats_plus_pretrained,balanced_acc,0.2830601268862952
physionet_grabmyo,S02,session1,session2,physionet_grabmyo::S02::session1->session2,2035,frequency_logbandpower,balanced_acc,0.4210625852635127
physionet_grabmyo,S02,session1,session2,physionet_grabmyo::S02::session1->session2,2035,pretrained_encoder,balanced_acc,0.14881258497464203
physionet_grabmyo,S02,session1,session2,physionet_grabmyo::S02::session1->session2,2035,raw_stats,balanced_acc,0.46538452337462244
physionet_grabmyo,S02,session1,session2,physionet_grabmyo::S02::session1->session2,2035,raw_stats_plus_frequency,balanced_acc,0.32146147530077523
physionet_grabmyo,S02,session1,session2,physionet_grabmyo::S02::session1->session2,2035,raw_stats_plus_pretrained,balanced_acc,0.27210231132224966
physionet_grabmyo,S02,session1,session3,physionet_grabmyo::S02::session1->session3,2026,frequency_logbandpower,balanced_acc,0.3812719796982258
physionet_grabmyo,S02,session1,session3,physionet_grabmyo::S02::session1->session3,2026,pretrained_encoder,balanced_acc,0.1724069602254827
physionet_grabmyo,S02,session1,session3,physionet_grabmyo::S02::session1->session3,2026,raw_stats,balanced_acc,0.44605458677166926
physionet_grabmyo,S02,session1,session3,physionet_grabmyo::S02::session1->session3,2026,raw_stats_plus_frequency,balanced_acc,0.3414841468068782
physionet_grabmyo,S02,session1,session3,physionet_grabmyo::S02::session1->session3,2026,raw_stats_plus_pretrained,balanced_acc,0.2760875838059693
physionet_grabmyo,S02,session1,session3,physionet_grabmyo::S02::session1->session3,2027,frequency_logbandpower,balanced_acc,0.38746052369353695
physionet_grabmyo,S02,session1,session3,physionet_grabmyo::S02::session1->session3,2027,pretrained_encoder,balanced_acc,0.17945811264334027
physionet_grabmyo,S02,session1,session3,physionet_grabmyo::S02::session1->session3,2027,raw_stats,balanced_acc,0.4298163824060191
physionet_grabmyo,S02,session1,session3,physionet_grabmyo::S02::session1->session3,2027,raw_stats_plus_frequency,balanced_acc,0.31810279300885924
physionet_grabmyo,S02,session1,session3,physionet_grabmyo::S02::session1->session3,2027,raw_stats_plus_pretrained,balanced_acc,0.29211544786354304
physionet_grabmyo,S02,session1,session3,physionet_grabmyo::S02::session1->session3,2028,frequency_logbandpower,balanced_acc,0.3880222272896287
physionet_grabmyo,S02,session1,session3,physionet_grabmyo::S02::session1->session3,2028,pretrained_encoder,balanced_acc,0.17454868249611888
physionet_grabmyo,S02,session1,session3,physionet_grabmyo::S02::session1->session3,2028,raw_stats,balanced_acc,0.41756643042817865
physionet_grabmyo,S02,session1,session3,physionet_grabmyo::S02::session1->session3,2028,raw_stats_plus_frequency,balanced_acc,0.33743572516482007
physionet_grabmyo,S02,session1,session3,physionet_grabmyo::S02::session1->session3,2028,raw_stats_plus_pretrained,balanced_acc,0.27230915803744093
physionet_grabmyo,S02,session1,session3,physionet_grabmyo::S02::session1->session3,2029,frequency_logbandpower,balanced_acc,0.38134569201567897
physionet_grabmyo,S02,session1,session3,physionet_grabmyo::S02::session1->session3,2029,pretrained_encoder,balanced_acc,0.16680261989566
physionet_grabmyo,S02,session1,session3,physionet_grabmyo::S02::session1->session3,2029,raw_stats,balanced_acc,0.42038499332121376
physionet_grabmyo,S02,session1,session3,physionet_grabmyo::S02::session1->session3,2029,raw_stats_plus_frequency,balanced_acc,0.32379382514931465
physionet_grabmyo,S02,session1,session3,physionet_grabmyo::S02::session1->session3,2029,raw_stats_plus_pretrained,balanced_acc,0.2636863818646305
physionet_grabmyo,S02,session1,session3,physionet_grabmyo::S02::session1->session3,2030,frequency_logbandpower,balanced_acc,0.36990015838740353
physionet_grabmyo,S02,session1,session3,physionet_grabmyo::S02::session1->session3,2030,pretrained_encoder,balanced_acc,0.17837995189034705
physionet_grabmyo,S02,session1,session3,physionet_grabmyo::S02::session1->session3,2030,raw_stats,balanced_acc,0.43091848834203067
physionet_grabmyo,S02,session1,session3,physionet_grabmyo::S02::session1->session3,2030,raw_stats_plus_frequency,balanced_acc,0.2925822916306834
physionet_grabmyo,S02,session1,session3,physionet_grabmyo::S02::session1->session3,2030,raw_stats_plus_pretrained,balanced_acc,0.26412058836137375
physionet_grabmyo,S02,session1,session3,physionet_grabmyo::S02::session1->session3,2031,frequency_logbandpower,balanced_acc,0.3909339747841485
physionet_grabmyo,S02,session1,session3,physionet_grabmyo::S02::session1->session3,2031,pretrained_encoder,balanced_acc,0.17156705840473904
physionet_grabmyo,S02,session1,session3,physionet_grabmyo::S02::session1->session3,2031,raw_stats,balanced_acc,0.4194587602151076
physionet_grabmyo,S02,session1,session3,physionet_grabmyo::S02::session1->session3,2031,raw_stats_plus_frequency,balanced_acc,0.32170569072434063
physionet_grabmyo,S02,session1,session3,physionet_grabmyo::S02::session1->session3,2031,raw_stats_plus_pretrained,balanced_acc,0.29081551784325954
physionet_grabmyo,S02,session1,session3,physionet_grabmyo::S02::session1->session3,2032,frequency_logbandpower,balanced_acc,0.37165235404772623
physionet_grabmyo,S02,session1,session3,physionet_grabmyo::S02::session1->session3,2032,pretrained_encoder,balanced_acc,0.18039351006041013
physionet_grabmyo,S02,session1,session3,physionet_grabmyo::S02::session1->session3,2032,raw_stats,balanced_acc,0.4283437734055227
physionet_grabmyo,S02,session1,session3,physionet_grabmyo::S02::session1->session3,2032,raw_stats_plus_frequency,balanced_acc,0.3116026704522715
physionet_grabmyo,S02,session1,session3,physionet_grabmyo::S02::session1->session3,2032,raw_stats_plus_pretrained,balanced_acc,0.2820290498263608
physionet_grabmyo,S02,session1,session3,physionet_grabmyo::S02::session1->session3,2033,frequency_logbandpower,balanced_acc,0.39527229706270217
physionet_grabmyo,S02,session1,session3,physionet_grabmyo::S02::session1->session3,2033,pretrained_encoder,balanced_acc,0.16940481455955408
physionet_grabmyo,S02,session1,session3,physionet_grabmyo::S02::session1->session3,2033,raw_stats,balanced_acc,0.4228840151852266
physionet_grabmyo,S02,session1,session3,physionet_grabmyo::S02::session1->session3,2033,raw_stats_plus_frequency,balanced_acc,0.32612965964487456
physionet_grabmyo,S02,session1,session3,physionet_grabmyo::S02::session1->session3,2033,raw_stats_plus_pretrained,balanced_acc,0.2625453893597201
physionet_grabmyo,S02,session1,session3,physionet_grabmyo::S02::session1->session3,2034,frequency_logbandpower,balanced_acc,0.38143785602748953
physionet_grabmyo,S02,session1,session3,physionet_grabmyo::S02::session1->session3,2034,pretrained_encoder,balanced_acc,0.17674400544403487
physionet_grabmyo,S02,session1,session3,physionet_grabmyo::S02::session1->session3,2034,raw_stats,balanced_acc,0.4257832750954912
physionet_grabmyo,S02,session1,session3,physionet_grabmyo::S02::session1->session3,2034,raw_stats_plus_frequency,balanced_acc,0.318765021754097
physionet_grabmyo,S02,session1,session3,physionet_grabmyo::S02::session1->session3,2034,raw_stats_plus_pretrained,balanced_acc,0.27590313372862063
physionet_grabmyo,S02,session1,session3,physionet_grabmyo::S02::session1->session3,2035,frequency_logbandpower,balanced_acc,0.3837519637892639
physionet_grabmyo,S02,session1,session3,physionet_grabmyo::S02::session1->session3,2035,pretrained_encoder,balanced_acc,0.1827244065911797
physionet_grabmyo,S02,session1,session3,physionet_grabmyo::S02::session1->session3,2035,raw_stats,balanced_acc,0.4320630438157304
physionet_grabmyo,S02,session1,session3,physionet_grabmyo::S02::session1->session3,2035,raw_stats_plus_frequency,balanced_acc,0.3251947007952929
physionet_grabmyo,S02,session1,session3,physionet_grabmyo::S02::session1->session3,2035,raw_stats_plus_pretrained,balanced_acc,0.27657101663996947
physionet_grabmyo,S03,session1,session2,physionet_grabmyo::S03::session1->session2,2026,frequency_logbandpower,balanced_acc,0.4857714945677219
physionet_grabmyo,S03,session1,session2,physionet_grabmyo::S03::session1->session2,2026,pretrained_encoder,balanced_acc,0.2625958462770002
physionet_grabmyo,S03,session1,session2,physionet_grabmyo::S03::session1->session2,2026,raw_stats,balanced_acc,0.44040140975568626
physionet_grabmyo,S03,session1,session2,physionet_grabmyo::S03::session1->session2,2026,raw_stats_plus_frequency,balanced_acc,0.4076450387620171
physionet_grabmyo,S03,session1,session2,physionet_grabmyo::S03::session1->session2,2026,raw_stats_plus_pretrained,balanced_acc,0.32943163113350266
physionet_grabmyo,S03,session1,session2,physionet_grabmyo::S03::session1->session2,2027,frequency_logbandpower,balanced_acc,0.49095453606672884
physionet_grabmyo,S03,session1,session2,physionet_grabmyo::S03::session1->session2,2027,pretrained_encoder,balanced_acc,0.2567224663153423
physionet_grabmyo,S03,session1,session2,physionet_grabmyo::S03::session1->session2,2027,raw_stats,balanced_acc,0.4808479589636567
physionet_grabmyo,S03,session1,session2,physionet_grabmyo::S03::session1->session2,2027,raw_stats_plus_frequency,balanced_acc,0.42267573295119604
physionet_grabmyo,S03,session1,session2,physionet_grabmyo::S03::session1->session2,2027,raw_stats_plus_pretrained,balanced_acc,0.3395448907560848
physionet_grabmyo,S03,session1,session2,physionet_grabmyo::S03::session1->session2,2028,frequency_logbandpower,balanced_acc,0.48135241854704225
physionet_grabmyo,S03,session1,session2,physionet_grabmyo::S03::session1->session2,2028,pretrained_encoder,balanced_acc,0.2533285951489107
physionet_grabmyo,S03,session1,session2,physionet_grabmyo::S03::session1->session2,2028,raw_stats,balanced_acc,0.45434561890423236
physionet_grabmyo,S03,session1,session2,physionet_grabmyo::S03::session1->session2,2028,raw_stats_plus_frequency,balanced_acc,0.391195810338539
physionet_grabmyo,S03,session1,session2,physionet_grabmyo::S03::session1->session2,2028,raw_stats_plus_pretrained,balanced_acc,0.33727097242636694
physionet_grabmyo,S03,session1,session2,physionet_grabmyo::S03::session1->session2,2029,frequency_logbandpower,balanced_acc,0.4698695285117555
physionet_grabmyo,S03,session1,session2,physionet_grabmyo::S03::session1->session2,2029,pretrained_encoder,balanced_acc,0.24162158737634143
physionet_grabmyo,S03,session1,session2,physionet_grabmyo::S03::session1->session2,2029,raw_stats,balanced_acc,0.4692190086304889
physionet_grabmyo,S03,session1,session2,physionet_grabmyo::S03::session1->session2,2029,raw_stats_plus_frequency,balanced_acc,0.42139650063927203
physionet_grabmyo,S03,session1,session2,physionet_grabmyo::S03::session1->session2,2029,raw_stats_plus_pretrained,balanced_acc,0.3244563107458995
physionet_grabmyo,S03,session1,session2,physionet_grabmyo::S03::session1->session2,2030,frequency_logbandpower,balanced_acc,0.47972683931497506
physionet_grabmyo,S03,session1,session2,physionet_grabmyo::S03::session1->session2,2030,pretrained_encoder,balanced_acc,0.25584223039099147
physionet_grabmyo,S03,session1,session2,physionet_grabmyo::S03::session1->session2,2030,raw_stats,balanced_acc,0.44761561033320457
physionet_grabmyo,S03,session1,session2,physionet_grabmyo::S03::session1->session2,2030,raw_stats_plus_frequency,balanced_acc,0.41225281138446435
physionet_grabmyo,S03,session1,session2,physionet_grabmyo::S03::session1->session2,2030,raw_stats_plus_pretrained,balanced_acc,0.3263860003541339
physionet_grabmyo,S03,session1,session2,physionet_grabmyo::S03::session1->session2,2031,frequency_logbandpower,balanced_acc,0.4670975198215423
physionet_grabmyo,S03,session1,session2,physionet_grabmyo::S03::session1->session2,2031,pretrained_encoder,balanced_acc,0.24851532084379144
physionet_grabmyo,S03,session1,session2,physionet_grabmyo::S03::session1->session2,2031,raw_stats,balanced_acc,0.4656639598069117
physionet_grabmyo,S03,session1,session2,physionet_grabmyo::S03::session1->session2,2031,raw_stats_plus_frequency,balanced_acc,0.39481971249447345
physionet_grabmyo,S03,session1,session2,physionet_grabmyo::S03::session1->session2,2031,raw_stats_plus_pretrained,balanced_acc,0.3393753211679831
physionet_grabmyo,S03,session1,session2,physionet_grabmyo::S03::session1->session2,2032,frequency_logbandpower,balanced_acc,0.4618214140327002
physionet_grabmyo,S03,session1,session2,physionet_grabmyo::S03::session1->session2,2032,pretrained_encoder,balanced_acc,0.2572443718559579
physionet_grabmyo,S03,session1,session2,physionet_grabmyo::S03::session1->session2,2032,raw_stats,balanced_acc,0.443973200933123
physionet_grabmyo,S03,session1,session2,physionet_grabmyo::S03::session1->session2,2032,raw_stats_plus_frequency,balanced_acc,0.400299004173679
physionet_grabmyo,S03,session1,session2,physionet_grabmyo::S03::session1->session2,2032,raw_stats_plus_pretrained,balanced_acc,0.2975435093783395
physionet_grabmyo,S03,session1,session2,physionet_grabmyo::S03::session1->session2,2033,frequency_logbandpower,balanced_acc,0.4733779752278006
physionet_grabmyo,S03,session1,session2,physionet_grabmyo::S03::session1->session2,2033,pretrained_encoder,balanced_acc,0.25710412318571263
physionet_grabmyo,S03,session1,session2,physionet_grabmyo::S03::session1->session2,2033,raw_stats,balanced_acc,0.4616606484891138
physionet_grabmyo,S03,session1,session2,physionet_grabmyo::S03::session1->session2,2033,raw_stats_plus_frequency,balanced_acc,0.41796154863011686
physionet_grabmyo,S03,session1,session2,physionet_grabmyo::S03::session1->session2,2033,raw_stats_plus_pretrained,balanced_acc,0.32763120700858417
physionet_grabmyo,S03,session1,session2,physionet_grabmyo::S03::session1->session2,2034,frequency_logbandpower,balanced_acc,0.4871747152354345
physionet_grabmyo,S03,session1,session2,physionet_grabmyo::S03::session1->session2,2034,pretrained_encoder,balanced_acc,0.2543624739318836
physionet_grabmyo,S03,session1,session2,physionet_grabmyo::S03::session1->session2,2034,raw_stats,balanced_acc,0.4550046235761609
physionet_grabmyo,S03,session1,session2,physionet_grabmyo::S03::session1->session2,2034,raw_stats_plus_frequency,balanced_acc,0.4050565865924397
physionet_grabmyo,S03,session1,session2,physionet_grabmyo::S03::session1->session2,2034,raw_stats_plus_pretrained,balanced_acc,0.33498531020648975
physionet_grabmyo,S03,session1,session2,physionet_grabmyo::S03::session1->session2,2035,frequency_logbandpower,balanced_acc,0.4799469514088374
physionet_grabmyo,S03,session1,session2,physionet_grabmyo::S03::session1->session2,2035,pretrained_encoder,balanced_acc,0.23930449533613699
physionet_grabmyo,S03,session1,session2,physionet_grabmyo::S03::session1->session2,2035,raw_stats,balanced_acc,0.4749386635071903
physionet_grabmyo,S03,session1,session2,physionet_grabmyo::S03::session1->session2,2035,raw_stats_plus_frequency,balanced_acc,0.42549253903486384
physionet_grabmyo,S03,session1,session2,physionet_grabmyo::S03::session1->session2,2035,raw_stats_plus_pretrained,balanced_acc,0.30447266999353495
physionet_grabmyo,S03,session1,session3,physionet_grabmyo::S03::session1->session3,2026,frequency_logbandpower,balanced_acc,0.429565896041424
physionet_grabmyo,S03,session1,session3,physionet_grabmyo::S03::session1->session3,2026,pretrained_encoder,balanced_acc,0.24057457785191141
physionet_grabmyo,S03,session1,session3,physionet_grabmyo::S03::session1->session3,2026,raw_stats,balanced_acc,0.4464741007744544
physionet_grabmyo,S03,session1,session3,physionet_grabmyo::S03::session1->session3,2026,raw_stats_plus_frequency,balanced_acc,0.3643826276740562
physionet_grabmyo,S03,session1,session3,physionet_grabmyo::S03::session1->session3,2026,raw_stats_plus_pretrained,balanced_acc,0.314222297450985
physionet_grabmyo,S03,session1,session3,physionet_grabmyo::S03::session1->session3,2027,frequency_logbandpower,balanced_acc,0.43425928282496556
physionet_grabmyo,S03,session1,session3,physionet_grabmyo::S03::session1->session3,2027,pretrained_encoder,balanced_acc,0.24840494059669577
physionet_grabmyo,S03,session1,session3,physionet_grabmyo::S03::session1->session3,2027,raw_stats,balanced_acc,0.43976965672719076
physionet_grabmyo,S03,session1,session3,physionet_grabmyo::S03::session1->session3,2027,raw_stats_plus_frequency,balanced_acc,0.3655955895654745
physionet_grabmyo,S03,session1,session3,physionet_grabmyo::S03::session1->session3,2027,raw_stats_plus_pretrained,balanced_acc,0.3089515218243454
physionet_grabmyo,S03,session1,session3,physionet_grabmyo::S03::session1->session3,2028,frequency_logbandpower,balanced_acc,0.4369590853475935
physionet_grabmyo,S03,session1,session3,physionet_grabmyo::S03::session1->session3,2028,pretrained_encoder,balanced_acc,0.2373997236651758
physionet_grabmyo,S03,session1,session3,physionet_grabmyo::S03::session1->session3,2028,raw_stats,balanced_acc,0.42793700681905433
physionet_grabmyo,S03,session1,session3,physionet_grabmyo::S03::session1->session3,2028,raw_stats_plus_frequency,balanced_acc,0.3716513246145937
physionet_grabmyo,S03,session1,session3,physionet_grabmyo::S03::session1->session3,2028,raw_stats_plus_pretrained,balanced_acc,0.31822031165434395
physionet_grabmyo,S03,session1,session3,physionet_grabmyo::S03::session1->session3,2029,frequency_logbandpower,balanced_acc,0.44736223279631887
physionet_grabmyo,S03,session1,session3,physionet_grabmyo::S03::session1->session3,2029,pretrained_encoder,balanced_acc,0.25504273501356867
physionet_grabmyo,S03,session1,session3,physionet_grabmyo::S03::session1->session3,2029,raw_stats,balanced_acc,0.4349539598484776
physionet_grabmyo,S03,session1,session3,physionet_grabmyo::S03::session1->session3,2029,raw_stats_plus_frequency,balanced_acc,0.37349529264912074
physionet_grabmyo,S03,session1,session3,physionet_grabmyo::S03::session1->session3,2029,raw_stats_plus_pretrained,balanced_acc,0.30252966176515955
physionet_grabmyo,S03,session1,session3,physionet_grabmyo::S03::session1->session3,2030,frequency_logbandpower,balanced_acc,0.4552009256887003
physionet_grabmyo,S03,session1,session3,physionet_grabmyo::S03::session1->session3,2030,pretrained_encoder,balanced_acc,0.2517140325459957
physionet_grabmyo,S03,session1,session3,physionet_grabmyo::S03::session1->session3,2030,raw_stats,balanced_acc,0.41896510232794737
physionet_grabmyo,S03,session1,session3,physionet_grabmyo::S03::session1->session3,2030,raw_stats_plus_frequency,balanced_acc,0.3646849588596734
physionet_grabmyo,S03,session1,session3,physionet_grabmyo::S03::session1->session3,2030,raw_stats_plus_pretrained,balanced_acc,0.32445624320623095
physionet_grabmyo,S03,session1,session3,physionet_grabmyo::S03::session1->session3,2031,frequency_logbandpower,balanced_acc,0.43477489711068973
physionet_grabmyo,S03,session1,session3,physionet_grabmyo::S03::session1->session3,2031,pretrained_encoder,balanced_acc,0.25002076565082
physionet_grabmyo,S03,session1,session3,physionet_grabmyo::S03::session1->session3,2031,raw_stats,balanced_acc,0.439142825857146
physionet_grabmyo,S03,session1,session3,physionet_grabmyo::S03::session1->session3,2031,raw_stats_plus_frequency,balanced_acc,0.3854741704091719
physionet_grabmyo,S03,session1,session3,physionet_grabmyo::S03::session1->session3,2031,raw_stats_plus_pretrained,balanced_acc,0.3081941708805592
physionet_grabmyo,S03,session1,session3,physionet_grabmyo::S03::session1->session3,2032,frequency_logbandpower,balanced_acc,0.4454627112638375
physionet_grabmyo,S03,session1,session3,physionet_grabmyo::S03::session1->session3,2032,pretrained_encoder,balanced_acc,0.2431769367111911
physionet_grabmyo,S03,session1,session3,physionet_grabmyo::S03::session1->session3,2032,raw_stats,balanced_acc,0.4267647037198792
physionet_grabmyo,S03,session1,session3,physionet_grabmyo::S03::session1->session3,2032,raw_stats_plus_frequency,balanced_acc,0.36799188073450156
physionet_grabmyo,S03,session1,session3,physionet_grabmyo::S03::session1->session3,2032,raw_stats_plus_pretrained,balanced_acc,0.3101945676326983
physionet_grabmyo,S03,session1,session3,physionet_grabmyo::S03::session1->session3,2033,frequency_logbandpower,balanced_acc,0.42091849459644454
physionet_grabmyo,S03,session1,session3,physionet_grabmyo::S03::session1->session3,2033,pretrained_encoder,balanced_acc,0.24778999129455906
physionet_grabmyo,S03,session1,session3,physionet_grabmyo::S03::session1->session3,2033,raw_stats,balanced_acc,0.42656265226949897
physionet_grabmyo,S03,session1,session3,physionet_grabmyo::S03::session1->session3,2033,raw_stats_plus_frequency,balanced_acc,0.3577845066808927
physionet_grabmyo,S03,session1,session3,physionet_grabmyo::S03::session1->session3,2033,raw_stats_plus_pretrained,balanced_acc,0.30031553307626063
physionet_grabmyo,S03,session1,session3,physionet_grabmyo::S03::session1->session3,2034,frequency_logbandpower,balanced_acc,0.43881212119416524
physionet_grabmyo,S03,session1,session3,physionet_grabmyo::S03::session1->session3,2034,pretrained_encoder,balanced_acc,0.24382336229236762
physionet_grabmyo,S03,session1,session3,physionet_grabmyo::S03::session1->session3,2034,raw_stats,balanced_acc,0.4195621215645232
physionet_grabmyo,S03,session1,session3,physionet_grabmyo::S03::session1->session3,2034,raw_stats_plus_frequency,balanced_acc,0.3724064500456262
physionet_grabmyo,S03,session1,session3,physionet_grabmyo::S03::session1->session3,2034,raw_stats_plus_pretrained,balanced_acc,0.3093429368428236
physionet_grabmyo,S03,session1,session3,physionet_grabmyo::S03::session1->session3,2035,frequency_logbandpower,balanced_acc,0.420386560831759
physionet_grabmyo,S03,session1,session3,physionet_grabmyo::S03::session1->session3,2035,pretrained_encoder,balanced_acc,0.2442459549867937
physionet_grabmyo,S03,session1,session3,physionet_grabmyo::S03::session1->session3,2035,raw_stats,balanced_acc,0.4362946631756197
physionet_grabmyo,S03,session1,session3,physionet_grabmyo::S03::session1->session3,2035,raw_stats_plus_frequency,balanced_acc,0.36078695121904086
physionet_grabmyo,S03,session1,session3,physionet_grabmyo::S03::session1->session3,2035,raw_stats_plus_pretrained,balanced_acc,0.31749601752647405
physionet_grabmyo,S04,session1,session2,physionet_grabmyo::S04::session1->session2,2026,frequency_logbandpower,balanced_acc,0.4569894157074834
physionet_grabmyo,S04,session1,session2,physionet_grabmyo::S04::session1->session2,2026,pretrained_encoder,balanced_acc,0.19684980922868797
physionet_grabmyo,S04,session1,session2,physionet_grabmyo::S04::session1->session2,2026,raw_stats,balanced_acc,0.4684127054676057
physionet_grabmyo,S04,session1,session2,physionet_grabmyo::S04::session1->session2,2026,raw_stats_plus_frequency,balanced_acc,0.384901291248077
physionet_grabmyo,S04,session1,session2,physionet_grabmyo::S04::session1->session2,2026,raw_stats_plus_pretrained,balanced_acc,0.29804558974085693
physionet_grabmyo,S04,session1,session2,physionet_grabmyo::S04::session1->session2,2027,frequency_logbandpower,balanced_acc,0.4641645355868218
physionet_grabmyo,S04,session1,session2,physionet_grabmyo::S04::session1->session2,2027,pretrained_encoder,balanced_acc,0.22962408955365718
physionet_grabmyo,S04,session1,session2,physionet_grabmyo::S04::session1->session2,2027,raw_stats,balanced_acc,0.48058136786740274
physionet_grabmyo,S04,session1,session2,physionet_grabmyo::S04::session1->session2,2027,raw_stats_plus_frequency,balanced_acc,0.3917991350130305
physionet_grabmyo,S04,session1,session2,physionet_grabmyo::S04::session1->session2,2027,raw_stats_plus_pretrained,balanced_acc,0.31684582103987313
physionet_grabmyo,S04,session1,session2,physionet_grabmyo::S04::session1->session2,2028,frequency_logbandpower,balanced_acc,0.4313927226922268
physionet_grabmyo,S04,session1,session2,physionet_grabmyo::S04::session1->session2,2028,pretrained_encoder,balanced_acc,0.2166205313811495
physionet_grabmyo,S04,session1,session2,physionet_grabmyo::S04::session1->session2,2028,raw_stats,balanced_acc,0.4658947941715041
physionet_grabmyo,S04,session1,session2,physionet_grabmyo::S04::session1->session2,2028,raw_stats_plus_frequency,balanced_acc,0.38744615877308053
physionet_grabmyo,S04,session1,session2,physionet_grabmyo::S04::session1->session2,2028,raw_stats_plus_pretrained,balanced_acc,0.31599424791331254
physionet_grabmyo,S04,session1,session2,physionet_grabmyo::S04::session1->session2,2029,frequency_logbandpower,balanced_acc,0.4467097511706508
physionet_grabmyo,S04,session1,session2,physionet_grabmyo::S04::session1->session2,2029,pretrained_encoder,balanced_acc,0.21812365163234357
physionet_grabmyo,S04,session1,session2,physionet_grabmyo::S04::session1->session2,2029,raw_stats,balanced_acc,0.476156615366847
physionet_grabmyo,S04,session1,session2,physionet_grabmyo::S04::session1->session2,2029,raw_stats_plus_frequency,balanced_acc,0.3898860067314606
physionet_grabmyo,S04,session1,session2,physionet_grabmyo::S04::session1->session2,2029,raw_stats_plus_pretrained,balanced_acc,0.3288039152209959
physionet_grabmyo,S04,session1,session2,physionet_grabmyo::S04::session1->session2,2030,frequency_logbandpower,balanced_acc,0.46092021564820324
physionet_grabmyo,S04,session1,session2,physionet_grabmyo::S04::session1->session2,2030,pretrained_encoder,balanced_acc,0.21967645993429238
physionet_grabmyo,S04,session1,session2,physionet_grabmyo::S04::session1->session2,2030,raw_stats,balanced_acc,0.4776574676099027
physionet_grabmyo,S04,session1,session2,physionet_grabmyo::S04::session1->session2,2030,raw_stats_plus_frequency,balanced_acc,0.4013473849563808
physionet_grabmyo,S04,session1,session2,physionet_grabmyo::S04::session1->session2,2030,raw_stats_plus_pretrained,balanced_acc,0.30354475347084886
physionet_grabmyo,S04,session1,session2,physionet_grabmyo::S04::session1->session2,2031,frequency_logbandpower,balanced_acc,0.4631333461710814
physionet_grabmyo,S04,session1,session2,physionet_grabmyo::S04::session1->session2,2031,pretrained_encoder,balanced_acc,0.20362806346251788
physionet_grabmyo,S04,session1,session2,physionet_grabmyo::S04::session1->session2,2031,raw_stats,balanced_acc,0.4704195960967387
physionet_grabmyo,S04,session1,session2,physionet_grabmyo::S04::session1->session2,2031,raw_stats_plus_frequency,balanced_acc,0.40440543816359764
physionet_grabmyo,S04,session1,session2,physionet_grabmyo::S04::session1->session2,2031,raw_stats_plus_pretrained,balanced_acc,0.30649337705063684
physionet_grabmyo,S04,session1,session2,physionet_grabmyo::S04::session1->session2,2032,frequency_logbandpower,balanced_acc,0.46099787916777407
physionet_grabmyo,S04,session1,session2,physionet_grabmyo::S04::session1->session2,2032,pretrained_encoder,balanced_acc,0.2154742567163657
physionet_grabmyo,S04,session1,session2,physionet_grabmyo::S04::session1->session2,2032,raw_stats,balanced_acc,0.4657493674528711
physionet_grabmyo,S04,session1,session2,physionet_grabmyo::S04::session1->session2,2032,raw_stats_plus_frequency,balanced_acc,0.3877991489138427
physionet_grabmyo,S04,session1,session2,physionet_grabmyo::S04::session1->session2,2032,raw_stats_plus_pretrained,balanced_acc,0.32534399942188286
physionet_grabmyo,S04,session1,session2,physionet_grabmyo::S04::session1->session2,2033,frequency_logbandpower,balanced_acc,0.4556481375397464
physionet_grabmyo,S04,session1,session2,physionet_grabmyo::S04::session1->session2,2033,pretrained_encoder,balanced_acc,0.2225684586071731
physionet_grabmyo,S04,session1,session2,physionet_grabmyo::S04::session1->session2,2033,raw_stats,balanced_acc,0.4829307105895776
physionet_grabmyo,S04,session1,session2,physionet_grabmyo::S04::session1->session2,2033,raw_stats_plus_frequency,balanced_acc,0.3992452480734066
physionet_grabmyo,S04,session1,session2,physionet_grabmyo::S04::session1->session2,2033,raw_stats_plus_pretrained,balanced_acc,0.3200161015516718
physionet_grabmyo,S04,session1,session2,physionet_grabmyo::S04::session1->session2,2034,frequency_logbandpower,balanced_acc,0.4630574067602332
physionet_grabmyo,S04,session1,session2,physionet_grabmyo::S04::session1->session2,2034,pretrained_encoder,balanced_acc,0.213694989382863
physionet_grabmyo,S04,session1,session2,physionet_grabmyo::S04::session1->session2,2034,raw_stats,balanced_acc,0.4801663499154784
physionet_grabmyo,S04,session1,session2,physionet_grabmyo::S04::session1->session2,2034,raw_stats_plus_frequency,balanced_acc,0.3912775723711863
physionet_grabmyo,S04,session1,session2,physionet_grabmyo::S04::session1->session2,2034,raw_stats_plus_pretrained,balanced_acc,0.3043331265044549
physionet_grabmyo,S04,session1,session2,physionet_grabmyo::S04::session1->session2,2035,frequency_logbandpower,balanced_acc,0.45535318709758604
physionet_grabmyo,S04,session1,session2,physionet_grabmyo::S04::session1->session2,2035,pretrained_encoder,balanced_acc,0.22737800429518
physionet_grabmyo,S04,session1,session2,physionet_grabmyo::S04::session1->session2,2035,raw_stats,balanced_acc,0.47329370786780567
physionet_grabmyo,S04,session1,session2,physionet_grabmyo::S04::session1->session2,2035,raw_stats_plus_frequency,balanced_acc,0.4024921742580639
physionet_grabmyo,S04,session1,session2,physionet_grabmyo::S04::session1->session2,2035,raw_stats_plus_pretrained,balanced_acc,0.28884204218135223
physionet_grabmyo,S04,session1,session3,physionet_grabmyo::S04::session1->session3,2026,frequency_logbandpower,balanced_acc,0.3981291680157204
physionet_grabmyo,S04,session1,session3,physionet_grabmyo::S04::session1->session3,2026,pretrained_encoder,balanced_acc,0.22052246530859484
physionet_grabmyo,S04,session1,session3,physionet_grabmyo::S04::session1->session3,2026,raw_stats,balanced_acc,0.40976121346202876
physionet_grabmyo,S04,session1,session3,physionet_grabmyo::S04::session1->session3,2026,raw_stats_plus_frequency,balanced_acc,0.3226456135158775
physionet_grabmyo,S04,session1,session3,physionet_grabmyo::S04::session1->session3,2026,raw_stats_plus_pretrained,balanced_acc,0.29793998170555674
physionet_grabmyo,S04,session1,session3,physionet_grabmyo::S04::session1->session3,2027,frequency_logbandpower,balanced_acc,0.4088685586080471
physionet_grabmyo,S04,session1,session3,physionet_grabmyo::S04::session1->session3,2027,pretrained_encoder,balanced_acc,0.22400253137590304
physionet_grabmyo,S04,session1,session3,physionet_grabmyo::S04::session1->session3,2027,raw_stats,balanced_acc,0.39135288246248806
physionet_grabmyo,S04,session1,session3,physionet_grabmyo::S04::session1->session3,2027,raw_stats_plus_frequency,balanced_acc,0.3432304432051527
physionet_grabmyo,S04,session1,session3,physionet_grabmyo::S04::session1->session3,2027,raw_stats_plus_pretrained,balanced_acc,0.2870701080005304
physionet_grabmyo,S04,session1,session3,physionet_grabmyo::S04::session1->session3,2028,frequency_logbandpower,balanced_acc,0.40362046442424665
physionet_grabmyo,S04,session1,session3,physionet_grabmyo::S04::session1->session3,2028,pretrained_encoder,balanced_acc,0.23653121946331768
physionet_grabmyo,S04,session1,session3,physionet_grabmyo::S04::session1->session3,2028,raw_stats,balanced_acc,0.3915509766705465
physionet_grabmyo,S04,session1,session3,physionet_grabmyo::S04::session1->session3,2028,raw_stats_plus_frequency,balanced_acc,0.3247114468270478
physionet_grabmyo,S04,session1,session3,physionet_grabmyo::S04::session1->session3,2028,raw_stats_plus_pretrained,balanced_acc,0.2795437959357071
physionet_grabmyo,S04,session1,session3,physionet_grabmyo::S04::session1->session3,2029,frequency_logbandpower,balanced_acc,0.42930958445786566
physionet_grabmyo,S04,session1,session3,physionet_grabmyo::S04::session1->session3,2029,pretrained_encoder,balanced_acc,0.23175610107404868
physionet_grabmyo,S04,session1,session3,physionet_grabmyo::S04::session1->session3,2029,raw_stats,balanced_acc,0.40251056527266793
physionet_grabmyo,S04,session1,session3,physionet_grabmyo::S04::session1->session3,2029,raw_stats_plus_frequency,balanced_acc,0.34889358414132216
physionet_grabmyo,S04,session1,session3,physionet_grabmyo::S04::session1->session3,2029,raw_stats_plus_pretrained,balanced_acc,0.2811522491644623
physionet_grabmyo,S04,session1,session3,physionet_grabmyo::S04::session1->session3,2030,frequency_logbandpower,balanced_acc,0.41802178294900016
physionet_grabmyo,S04,session1,session3,physionet_grabmyo::S04::session1->session3,2030,pretrained_encoder,balanced_acc,0.2257656697263391
physionet_grabmyo,S04,session1,session3,physionet_grabmyo::S04::session1->session3,2030,raw_stats,balanced_acc,0.4034703020258082
physionet_grabmyo,S04,session1,session3,physionet_grabmyo::S04::session1->session3,2030,raw_stats_plus_frequency,balanced_acc,0.3101129222924668
physionet_grabmyo,S04,session1,session3,physionet_grabmyo::S04::session1->session3,2030,raw_stats_plus_pretrained,balanced_acc,0.28592437861135145
physionet_grabmyo,S04,session1,session3,physionet_grabmyo::S04::session1->session3,2031,frequency_logbandpower,balanced_acc,0.416717421177772
physionet_grabmyo,S04,session1,session3,physionet_grabmyo::S04::session1->session3,2031,pretrained_encoder,balanced_acc,0.23734902921345552
physionet_grabmyo,S04,session1,session3,physionet_grabmyo::S04::session1->session3,2031,raw_stats,balanced_acc,0.4013536925431741
physionet_grabmyo,S04,session1,session3,physionet_grabmyo::S04::session1->session3,2031,raw_stats_plus_frequency,balanced_acc,0.33997963109850415
physionet_grabmyo,S04,session1,session3,physionet_grabmyo::S04::session1->session3,2031,raw_stats_plus_pretrained,balanced_acc,0.2914406445561312
physionet_grabmyo,S04,session1,session3,physionet_grabmyo::S04::session1->session3,2032,frequency_logbandpower,balanced_acc,0.4193866962367112
physionet_grabmyo,S04,session1,session3,physionet_grabmyo::S04::session1->session3,2032,pretrained_encoder,balanced_acc,0.217760303165527
physionet_grabmyo,S04,session1,session3,physionet_grabmyo::S04::session1->session3,2032,raw_stats,balanced_acc,0.39528569651803436
physionet_grabmyo,S04,session1,session3,physionet_grabmyo::S04::session1->session3,2032,raw_stats_plus_frequency,balanced_acc,0.3162695217929989
physionet_grabmyo,S04,session1,session3,physionet_grabmyo::S04::session1->session3,2032,raw_stats_plus_pretrained,balanced_acc,0.29217738076188565
physionet_grabmyo,S04,session1,session3,physionet_grabmyo::S04::session1->session3,2033,frequency_logbandpower,balanced_acc,0.3889676189057477
physionet_grabmyo,S04,session1,session3,physionet_grabmyo::S04::session1->session3,2033,pretrained_encoder,balanced_acc,0.22190859567043128
physionet_grabmyo,S04,session1,session3,physionet_grabmyo::S04::session1->session3,2033,raw_stats,balanced_acc,0.3853826550432889
physionet_grabmyo,S04,session1,session3,physionet_grabmyo::S04::session1->session3,2033,raw_stats_plus_frequency,balanced_acc,0.3308073036969464
physionet_grabmyo,S04,session1,session3,physionet_grabmyo::S04::session1->session3,2033,raw_stats_plus_pretrained,balanced_acc,0.2752036341448475
physionet_grabmyo,S04,session1,session3,physionet_grabmyo::S04::session1->session3,2034,frequency_logbandpower,balanced_acc,0.43125149895917814
physionet_grabmyo,S04,session1,session3,physionet_grabmyo::S04::session1->session3,2034,pretrained_encoder,balanced_acc,0.217788783026621
physionet_grabmyo,S04,session1,session3,physionet_grabmyo::S04::session1->session3,2034,raw_stats,balanced_acc,0.4093845280809144
physionet_grabmyo,S04,session1,session3,physionet_grabmyo::S04::session1->session3,2034,raw_stats_plus_frequency,balanced_acc,0.3388649000110034
physionet_grabmyo,S04,session1,session3,physionet_grabmyo::S04::session1->session3,2034,raw_stats_plus_pretrained,balanced_acc,0.27814957563618947
physionet_grabmyo,S04,session1,session3,physionet_grabmyo::S04::session1->session3,2035,frequency_logbandpower,balanced_acc,0.41420882954145477
physionet_grabmyo,S04,session1,session3,physionet_grabmyo::S04::session1->session3,2035,pretrained_encoder,balanced_acc,0.22967535584581675
physionet_grabmyo,S04,session1,session3,physionet_grabmyo::S04::session1->session3,2035,raw_stats,balanced_acc,0.38294225566633955
physionet_grabmyo,S04,session1,session3,physionet_grabmyo::S04::session1->session3,2035,raw_stats_plus_frequency,balanced_acc,0.32589377361561656
physionet_grabmyo,S04,session1,session3,physionet_grabmyo::S04::session1->session3,2035,raw_stats_plus_pretrained,balanced_acc,0.29082626941112066
physionet_grabmyo,S05,session1,session2,physionet_grabmyo::S05::session1->session2,2026,frequency_logbandpower,balanced_acc,0.4677858147611373
physionet_grabmyo,S05,session1,session2,physionet_grabmyo::S05::session1->session2,2026,pretrained_encoder,balanced_acc,0.2528458116155892
physionet_grabmyo,S05,session1,session2,physionet_grabmyo::S05::session1->session2,2026,raw_stats,balanced_acc,0.4852214753134878
physionet_grabmyo,S05,session1,session2,physionet_grabmyo::S05::session1->session2,2026,raw_stats_plus_frequency,balanced_acc,0.42522973182830615
physionet_grabmyo,S05,session1,session2,physionet_grabmyo::S05::session1->session2,2026,raw_stats_plus_pretrained,balanced_acc,0.34879101498023596
physionet_grabmyo,S05,session1,session2,physionet_grabmyo::S05::session1->session2,2027,frequency_logbandpower,balanced_acc,0.4680418991403875
physionet_grabmyo,S05,session1,session2,physionet_grabmyo::S05::session1->session2,2027,pretrained_encoder,balanced_acc,0.246571105584052
physionet_grabmyo,S05,session1,session2,physionet_grabmyo::S05::session1->session2,2027,raw_stats,balanced_acc,0.504024158058945
physionet_grabmyo,S05,session1,session2,physionet_grabmyo::S05::session1->session2,2027,raw_stats_plus_frequency,balanced_acc,0.42670662757415734
physionet_grabmyo,S05,session1,session2,physionet_grabmyo::S05::session1->session2,2027,raw_stats_plus_pretrained,balanced_acc,0.35676156125555336
physionet_grabmyo,S05,session1,session2,physionet_grabmyo::S05::session1->session2,2028,frequency_logbandpower,balanced_acc,0.4772605318052013
physionet_grabmyo,S05,session1,session2,physionet_grabmyo::S05::session1->session2,2028,pretrained_encoder,balanced_acc,0.23711213339127926
physionet_grabmyo,S05,session1,session2,physionet_grabmyo::S05::session1->session2,2028,raw_stats,balanced_acc,0.49287444337994935
physionet_grabmyo,S05,session1,session2,physionet_grabmyo::S05::session1->session2,2028,raw_stats_plus_frequency,balanced_acc,0.40264874218017277
physionet_grabmyo,S05,session1,session2,physionet_grabmyo::S05::session1->session2,2028,raw_stats_plus_pretrained,balanced_acc,0.33808035603963876
physionet_grabmyo,S05,session1,session2,physionet_grabmyo::S05::session1->session2,2029,frequency_logbandpower,balanced_acc,0.46088099437261554
physionet_grabmyo,S05,session1,session2,physionet_grabmyo::S05::session1->session2,2029,pretrained_encoder,balanced_acc,0.2661356150402861
physionet_grabmyo,S05,session1,session2,physionet_grabmyo::S05::session1->session2,2029,raw_stats,balanced_acc,0.4921940208509295
physionet_grabmyo,S05,session1,session2,physionet_grabmyo::S05::session1->session2,2029,raw_stats_plus_frequency,balanced_acc,0.42395097756595956
physionet_grabmyo,S05,session1,session2,physionet_grabmyo::S05::session1->session2,2029,raw_stats_plus_pretrained,balanced_acc,0.3550146317312316
physionet_grabmyo,S05,session1,session2,physionet_grabmyo::S05::session1->session2,2030,frequency_logbandpower,balanced_acc,0.4931296453042944
physionet_grabmyo,S05,session1,session2,physionet_grabmyo::S05::session1->session2,2030,pretrained_encoder,balanced_acc,0.24883404762987812
physionet_grabmyo,S05,session1,session2,physionet_grabmyo::S05::session1->session2,2030,raw_stats,balanced_acc,0.5188024510604213
physionet_grabmyo,S05,session1,session2,physionet_grabmyo::S05::session1->session2,2030,raw_stats_plus_frequency,balanced_acc,0.4389078354203218
physionet_grabmyo,S05,session1,session2,physionet_grabmyo::S05::session1->session2,2030,raw_stats_plus_pretrained,balanced_acc,0.3538458604206413
physionet_grabmyo,S05,session1,session2,physionet_grabmyo::S05::session1->session2,2031,frequency_logbandpower,balanced_acc,0.47356123843027326
physionet_grabmyo,S05,session1,session2,physionet_grabmyo::S05::session1->session2,2031,pretrained_encoder,balanced_acc,0.2514189430550685
physionet_grabmyo,S05,session1,session2,physionet_grabmyo::S05::session1->session2,2031,raw_stats,balanced_acc,0.499157516852312
physionet_grabmyo,S05,session1,session2,physionet_grabmyo::S05::session1->session2,2031,raw_stats_plus_frequency,balanced_acc,0.42127556709934694
physionet_grabmyo,S05,session1,session2,physionet_grabmyo::S05::session1->session2,2031,raw_stats_plus_pretrained,balanced_acc,0.362095440680747
physionet_grabmyo,S05,session1,session2,physionet_grabmyo::S05::session1->session2,2032,frequency_logbandpower,balanced_acc,0.47595288736312447
physionet_grabmyo,S05,session1,session2,physionet_grabmyo::S05::session1->session2,2032,pretrained_encoder,balanced_acc,0.2544988357936516
physionet_grabmyo,S05,session1,session2,physionet_grabmyo::S05::session1->session2,2032,raw_stats,balanced_acc,0.4771188645720999
physionet_grabmyo,S05,session1,session2,physionet_grabmyo::S05::session1->session2,2032,raw_stats_plus_frequency,balanced_acc,0.42312826111857293
physionet_grabmyo,S05,session1,session2,physionet_grabmyo::S05::session1->session2,2032,raw_stats_plus_pretrained,balanced_acc,0.34277671473493004
physionet_grabmyo,S05,session1,session2,physionet_grabmyo::S05::session1->session2,2033,frequency_logbandpower,balanced_acc,0.47395701447520616
physionet_grabmyo,S05,session1,session2,physionet_grabmyo::S05::session1->session2,2033,pretrained_encoder,balanced_acc,0.24939302338500127
physionet_grabmyo,S05,session1,session2,physionet_grabmyo::S05::session1->session2,2033,raw_stats,balanced_acc,0.4780673283463209
physionet_grabmyo,S05,session1,session2,physionet_grabmyo::S05::session1->session2,2033,raw_stats_plus_frequency,balanced_acc,0.40971138272645674
physionet_grabmyo,S05,session1,session2,physionet_grabmyo::S05::session1->session2,2033,raw_stats_plus_pretrained,balanced_acc,0.3449737421550776
physionet_grabmyo,S05,session1,session2,physionet_grabmyo::S05::session1->session2,2034,frequency_logbandpower,balanced_acc,0.46670694209488994
physionet_grabmyo,S05,session1,session2,physionet_grabmyo::S05::session1->session2,2034,pretrained_encoder,balanced_acc,0.26744866482630053
physionet_grabmyo,S05,session1,session2,physionet_grabmyo::S05::session1->session2,2034,raw_stats,balanced_acc,0.4982328847772783
physionet_grabmyo,S05,session1,session2,physionet_grabmyo::S05::session1->session2,2034,raw_stats_plus_frequency,balanced_acc,0.41986235193151583
physionet_grabmyo,S05,session1,session2,physionet_grabmyo::S05::session1->session2,2034,raw_stats_plus_pretrained,balanced_acc,0.3667026977612167
physionet_grabmyo,S05,session1,session2,physionet_grabmyo::S05::session1->session2,2035,frequency_logbandpower,balanced_acc,0.4717887562039099
physionet_grabmyo,S05,session1,session2,physionet_grabmyo::S05::session1->session2,2035,pretrained_encoder,balanced_acc,0.2528732393672719
physionet_grabmyo,S05,session1,session2,physionet_grabmyo::S05::session1->session2,2035,raw_stats,balanced_acc,0.5052876690493475
physionet_grabmyo,S05,session1,session2,physionet_grabmyo::S05::session1->session2,2035,raw_stats_plus_frequency,balanced_acc,0.42777609741579437
physionet_grabmyo,S05,session1,session2,physionet_grabmyo::S05::session1->session2,2035,raw_stats_plus_pretrained,balanced_acc,0.3620326428105226
physionet_grabmyo,S05,session1,session3,physionet_grabmyo::S05::session1->session3,2026,frequency_logbandpower,balanced_acc,0.4638358951279577
physionet_grabmyo,S05,session1,session3,physionet_grabmyo::S05::session1->session3,2026,pretrained_encoder,balanced_acc,0.23380053876273976
physionet_grabmyo,S05,session1,session3,physionet_grabmyo::S05::session1->session3,2026,raw_stats,balanced_acc,0.4812057173929038
physionet_grabmyo,S05,session1,session3,physionet_grabmyo::S05::session1->session3,2026,raw_stats_plus_frequency,balanced_acc,0.41536915865957114
physionet_grabmyo,S05,session1,session3,physionet_grabmyo::S05::session1->session3,2026,raw_stats_plus_pretrained,balanced_acc,0.33555799724310537
physionet_grabmyo,S05,session1,session3,physionet_grabmyo::S05::session1->session3,2027,frequency_logbandpower,balanced_acc,0.44956708585461147
physionet_grabmyo,S05,session1,session3,physionet_grabmyo::S05::session1->session3,2027,pretrained_encoder,balanced_acc,0.2376398372289942
physionet_grabmyo,S05,session1,session3,physionet_grabmyo::S05::session1->session3,2027,raw_stats,balanced_acc,0.4475005505701404
physionet_grabmyo,S05,session1,session3,physionet_grabmyo::S05::session1->session3,2027,raw_stats_plus_frequency,balanced_acc,0.40573604345149106
physionet_grabmyo,S05,session1,session3,physionet_grabmyo::S05::session1->session3,2027,raw_stats_plus_pretrained,balanced_acc,0.3417783857643708
physionet_grabmyo,S05,session1,session3,physionet_grabmyo::S05::session1->session3,2028,frequency_logbandpower,balanced_acc,0.45039463605259855
physionet_grabmyo,S05,session1,session3,physionet_grabmyo::S05::session1->session3,2028,pretrained_encoder,balanced_acc,0.23424428314713222
physionet_grabmyo,S05,session1,session3,physionet_grabmyo::S05::session1->session3,2028,raw_stats,balanced_acc,0.45677257580003294
physionet_grabmyo,S05,session1,session3,physionet_grabmyo::S05::session1->session3,2028,raw_stats_plus_frequency,balanced_acc,0.3949524020280249
physionet_grabmyo,S05,session1,session3,physionet_grabmyo::S05::session1->session3,2028,raw_stats_plus_pretrained,balanced_acc,0.3246633438306541
physionet_grabmyo,S05,session1,session3,physionet_grabmyo::S05::session1->session3,2029,frequency_logbandpower,balanced_acc,0.4656363831492485
physionet_grabmyo,S05,session1,session3,physionet_grabmyo::S05::session1->session3,2029,pretrained_encoder,balanced_acc,0.22555335343080687
physionet_grabmyo,S05,session1,session3,physionet_grabmyo::S05::session1->session3,2029,raw_stats,balanced_acc,0.47183777934049215
physionet_grabmyo,S05,session1,session3,physionet_grabmyo::S05::session1->session3,2029,raw_stats_plus_frequency,balanced_acc,0.405850105140596
physionet_grabmyo,S05,session1,session3,physionet_grabmyo::S05::session1->session3,2029,raw_stats_plus_pretrained,balanced_acc,0.34257472385006094
physionet_grabmyo,S05,session1,session3,physionet_grabmyo::S05::session1->session3,2030,frequency_logbandpower,balanced_acc,0.455444398105848
physionet_grabmyo,S05,session1,session3,physionet_grabmyo::S05::session1->session3,2030,pretrained_encoder,balanced_acc,0.23960005050018185
physionet_grabmyo,S05,session1,session3,physionet_grabmyo::S05::session1->session3,2030,raw_stats,balanced_acc,0.4899646142286354
physionet_grabmyo,S05,session1,session3,physionet_grabmyo::S05::session1->session3,2030,raw_stats_plus_frequency,balanced_acc,0.41759162362154356
physionet_grabmyo,S05,session1,session3,physionet_grabmyo::S05::session1->session3,2030,raw_stats_plus_pretrained,balanced_acc,0.3541072624119713
physionet_grabmyo,S05,session1,session3,physionet_grabmyo::S05::session1->session3,2031,frequency_logbandpower,balanced_acc,0.4576358154133016
physionet_grabmyo,S05,session1,session3,physionet_grabmyo::S05::session1->session3,2031,pretrained_encoder,balanced_acc,0.24028581622579911
physionet_grabmyo,S05,session1,session3,physionet_grabmyo::S05::session1->session3,2031,raw_stats,balanced_acc,0.4801261950918935
physionet_grabmyo,S05,session1,session3,physionet_grabmyo::S05::session1->session3,2031,raw_stats_plus_frequency,balanced_acc,0.41325866575850567
physionet_grabmyo,S05,session1,session3,physionet_grabmyo::S05::session1->session3,2031,raw_stats_plus_pretrained,balanced_acc,0.33676656674050076
physionet_grabmyo,S05,session1,session3,physionet_grabmyo::S05::session1->session3,2032,frequency_logbandpower,balanced_acc,0.45536129362705624
physionet_grabmyo,S05,session1,session3,physionet_grabmyo::S05::session1->session3,2032,pretrained_encoder,balanced_acc,0.22127903656088374
physionet_grabmyo,S05,session1,session3,physionet_grabmyo::S05::session1->session3,2032,raw_stats,balanced_acc,0.4781030120812464
physionet_grabmyo,S05,session1,session3,physionet_grabmyo::S05::session1->session3,2032,raw_stats_plus_frequency,balanced_acc,0.40803610612634145
physionet_grabmyo,S05,session1,session3,physionet_grabmyo::S05::session1->session3,2032,raw_stats_plus_pretrained,balanced_acc,0.3444943185104496
physionet_grabmyo,S05,session1,session3,physionet_grabmyo::S05::session1->session3,2033,frequency_logbandpower,balanced_acc,0.4388054234695529
physionet_grabmyo,S05,session1,session3,physionet_grabmyo::S05::session1->session3,2033,pretrained_encoder,balanced_acc,0.23046623199686012
physionet_grabmyo,S05,session1,session3,physionet_grabmyo::S05::session1->session3,2033,raw_stats,balanced_acc,0.46088215602062976
physionet_grabmyo,S05,session1,session3,physionet_grabmyo::S05::session1->session3,2033,raw_stats_plus_frequency,balanced_acc,0.4082479878660363
physionet_grabmyo,S05,session1,session3,physionet_grabmyo::S05::session1->session3,2033,raw_stats_plus_pretrained,balanced_acc,0.3379842610347807
physionet_grabmyo,S05,session1,session3,physionet_grabmyo::S05::session1->session3,2034,frequency_logbandpower,balanced_acc,0.44736622881832444
physionet_grabmyo,S05,session1,session3,physionet_grabmyo::S05::session1->session3,2034,pretrained_encoder,balanced_acc,0.2365716458859378
physionet_grabmyo,S05,session1,session3,physionet_grabmyo::S05::session1->session3,2034,raw_stats,balanced_acc,0.46270353333475345
physionet_grabmyo,S05,session1,session3,physionet_grabmyo::S05::session1->session3,2034,raw_stats_plus_frequency,balanced_acc,0.4041140464704338
physionet_grabmyo,S05,session1,session3,physionet_grabmyo::S05::session1->session3,2034,raw_stats_plus_pretrained,balanced_acc,0.34530795270492887
physionet_grabmyo,S05,session1,session3,physionet_grabmyo::S05::session1->session3,2035,frequency_logbandpower,balanced_acc,0.4316212842124422
physionet_grabmyo,S05,session1,session3,physionet_grabmyo::S05::session1->session3,2035,pretrained_encoder,balanced_acc,0.2361773518070971
physionet_grabmyo,S05,session1,session3,physionet_grabmyo::S05::session1->session3,2035,raw_stats,balanced_acc,0.4717071136437968
physionet_grabmyo,S05,session1,session3,physionet_grabmyo::S05::session1->session3,2035,raw_stats_plus_frequency,balanced_acc,0.38041716902917766
physionet_grabmyo,S05,session1,session3,physionet_grabmyo::S05::session1->session3,2035,raw_stats_plus_pretrained,balanced_acc,0.3294340726991222
physionet_grabmyo,S06,session1,session2,physionet_grabmyo::S06::session1->session2,2026,frequency_logbandpower,balanced_acc,0.4554134292212134
physionet_grabmyo,S06,session1,session2,physionet_grabmyo::S06::session1->session2,2026,pretrained_encoder,balanced_acc,0.24023286202979985
physionet_grabmyo,S06,session1,session2,physionet_grabmyo::S06::session1->session2,2026,raw_stats,balanced_acc,0.46106961789890716
physionet_grabmyo,S06,session1,session2,physionet_grabmyo::S06::session1->session2,2026,raw_stats_plus_frequency,balanced_acc,0.4211439987253727
physionet_grabmyo,S06,session1,session2,physionet_grabmyo::S06::session1->session2,2026,raw_stats_plus_pretrained,balanced_acc,0.29644863153617257
physionet_grabmyo,S06,session1,session2,physionet_grabmyo::S06::session1->session2,2027,frequency_logbandpower,balanced_acc,0.4362153282233287
physionet_grabmyo,S06,session1,session2,physionet_grabmyo::S06::session1->session2,2027,pretrained_encoder,balanced_acc,0.21722265800800933
physionet_grabmyo,S06,session1,session2,physionet_grabmyo::S06::session1->session2,2027,raw_stats,balanced_acc,0.439029833037676
physionet_grabmyo,S06,session1,session2,physionet_grabmyo::S06::session1->session2,2027,raw_stats_plus_frequency,balanced_acc,0.41393038840459406
physionet_grabmyo,S06,session1,session2,physionet_grabmyo::S06::session1->session2,2027,raw_stats_plus_pretrained,balanced_acc,0.30258135180786694
physionet_grabmyo,S06,session1,session2,physionet_grabmyo::S06::session1->session2,2028,frequency_logbandpower,balanced_acc,0.4551272469146346
physionet_grabmyo,S06,session1,session2,physionet_grabmyo::S06::session1->session2,2028,pretrained_encoder,balanced_acc,0.236749316039826
physionet_grabmyo,S06,session1,session2,physionet_grabmyo::S06::session1->session2,2028,raw_stats,balanced_acc,0.4381200365185805
physionet_grabmyo,S06,session1,session2,physionet_grabmyo::S06::session1->session2,2028,raw_stats_plus_frequency,balanced_acc,0.4046686969341229
physionet_grabmyo,S06,session1,session2,physionet_grabmyo::S06::session1->session2,2028,raw_stats_plus_pretrained,balanced_acc,0.2871680989917745
physionet_grabmyo,S06,session1,session2,physionet_grabmyo::S06::session1->session2,2029,frequency_logbandpower,balanced_acc,0.45602865267561504
physionet_grabmyo,S06,session1,session2,physionet_grabmyo::S06::session1->session2,2029,pretrained_encoder,balanced_acc,0.22994448734639383
physionet_grabmyo,S06,session1,session2,physionet_grabmyo::S06::session1->session2,2029,raw_stats,balanced_acc,0.453126922211633
physionet_grabmyo,S06,session1,session2,physionet_grabmyo::S06::session1->session2,2029,raw_stats_plus_frequency,balanced_acc,0.4072014602162591
physionet_grabmyo,S06,session1,session2,physionet_grabmyo::S06::session1->session2,2029,raw_stats_plus_pretrained,balanced_acc,0.3111912836586313
physionet_grabmyo,S06,session1,session2,physionet_grabmyo::S06::session1->session2,2030,frequency_logbandpower,balanced_acc,0.45146046603837586
physionet_grabmyo,S06,session1,session2,physionet_grabmyo::S06::session1->session2,2030,pretrained_encoder,balanced_acc,0.22482284352045598
physionet_grabmyo,S06,session1,session2,physionet_grabmyo::S06::session1->session2,2030,raw_stats,balanced_acc,0.4520783426054854
physionet_grabmyo,S06,session1,session2,physionet_grabmyo::S06::session1->session2,2030,raw_stats_plus_frequency,balanced_acc,0.412654526254498
physionet_grabmyo,S06,session1,session2,physionet_grabmyo::S06::session1->session2,2030,raw_stats_plus_pretrained,balanced_acc,0.3032161748464638
physionet_grabmyo,S06,session1,session2,physionet_grabmyo::S06::session1->session2,2031,frequency_logbandpower,balanced_acc,0.4553111045787275
physionet_grabmyo,S06,session1,session2,physionet_grabmyo::S06::session1->session2,2031,pretrained_encoder,balanced_acc,0.23864370424876918
physionet_grabmyo,S06,session1,session2,physionet_grabmyo::S06::session1->session2,2031,raw_stats,balanced_acc,0.44681529033605194
physionet_grabmyo,S06,session1,session2,physionet_grabmyo::S06::session1->session2,2031,raw_stats_plus_frequency,balanced_acc,0.3966910278136481
physionet_grabmyo,S06,session1,session2,physionet_grabmyo::S06::session1->session2,2031,raw_stats_plus_pretrained,balanced_acc,0.26991147436456686
physionet_grabmyo,S06,session1,session2,physionet_grabmyo::S06::session1->session2,2032,frequency_logbandpower,balanced_acc,0.4606112517140204
physionet_grabmyo,S06,session1,session2,physionet_grabmyo::S06::session1->session2,2032,pretrained_encoder,balanced_acc,0.23173409187645347
physionet_grabmyo,S06,session1,session2,physionet_grabmyo::S06::session1->session2,2032,raw_stats,balanced_acc,0.45466450078509985
physionet_grabmyo,S06,session1,session2,physionet_grabmyo::S06::session1->session2,2032,raw_stats_plus_frequency,balanced_acc,0.39738520536223293
physionet_grabmyo,S06,session1,session2,physionet_grabmyo::S06::session1->session2,2032,raw_stats_plus_pretrained,balanced_acc,0.29264794723938153
physionet_grabmyo,S06,session1,session2,physionet_grabmyo::S06::session1->session2,2033,frequency_logbandpower,balanced_acc,0.43964447958946234
physionet_grabmyo,S06,session1,session2,physionet_grabmyo::S06::session1->session2,2033,pretrained_encoder,balanced_acc,0.24609210740699167
physionet_grabmyo,S06,session1,session2,physionet_grabmyo::S06::session1->session2,2033,raw_stats,balanced_acc,0.44969084123710007
physionet_grabmyo,S06,session1,session2,physionet_grabmyo::S06::session1->session2,2033,raw_stats_plus_frequency,balanced_acc,0.428455835526283
physionet_grabmyo,S06,session1,session2,physionet_grabmyo::S06::session1->session2,2033,raw_stats_plus_pretrained,balanced_acc,0.30713511595650045
physionet_grabmyo,S06,session1,session2,physionet_grabmyo::S06::session1->session2,2034,frequency_logbandpower,balanced_acc,0.44896807155662366
physionet_grabmyo,S06,session1,session2,physionet_grabmyo::S06::session1->session2,2034,pretrained_encoder,balanced_acc,0.2347697361978759
physionet_grabmyo,S06,session1,session2,physionet_grabmyo::S06::session1->session2,2034,raw_stats,balanced_acc,0.4179638128297316
physionet_grabmyo,S06,session1,session2,physionet_grabmyo::S06::session1->session2,2034,raw_stats_plus_frequency,balanced_acc,0.4129983921198224
physionet_grabmyo,S06,session1,session2,physionet_grabmyo::S06::session1->session2,2034,raw_stats_plus_pretrained,balanced_acc,0.2833497096610243
physionet_grabmyo,S06,session1,session2,physionet_grabmyo::S06::session1->session2,2035,frequency_logbandpower,balanced_acc,0.44720464184491154
physionet_grabmyo,S06,session1,session2,physionet_grabmyo::S06::session1->session2,2035,pretrained_encoder,balanced_acc,0.23290976118355147
physionet_grabmyo,S06,session1,session2,physionet_grabmyo::S06::session1->session2,2035,raw_stats,balanced_acc,0.4496534127139422
physionet_grabmyo,S06,session1,session2,physionet_grabmyo::S06::session1->session2,2035,raw_stats_plus_frequency,balanced_acc,0.41135806245615764
physionet_grabmyo,S06,session1,session2,physionet_grabmyo::S06::session1->session2,2035,raw_stats_plus_pretrained,balanced_acc,0.30578674757635627
physionet_grabmyo,S06,session1,session3,physionet_grabmyo::S06::session1->session3,2026,frequency_logbandpower,balanced_acc,0.41601864275392203
physionet_grabmyo,S06,session1,session3,physionet_grabmyo::S06::session1->session3,2026,pretrained_encoder,balanced_acc,0.22881898902887599
physionet_grabmyo,S06,session1,session3,physionet_grabmyo::S06::session1->session3,2026,raw_stats,balanced_acc,0.46571336274966074
physionet_grabmyo,S06,session1,session3,physionet_grabmyo::S06::session1->session3,2026,raw_stats_plus_frequency,balanced_acc,0.36603442142890324
physionet_grabmyo,S06,session1,session3,physionet_grabmyo::S06::session1->session3,2026,raw_stats_plus_pretrained,balanced_acc,0.3267041677641651
physionet_grabmyo,S06,session1,session3,physionet_grabmyo::S06::session1->session3,2027,frequency_logbandpower,balanced_acc,0.41681109716928827
physionet_grabmyo,S06,session1,session3,physionet_grabmyo::S06::session1->session3,2027,pretrained_encoder,balanced_acc,0.21413050853967713
physionet_grabmyo,S06,session1,session3,physionet_grabmyo::S06::session1->session3,2027,raw_stats,balanced_acc,0.47092968526158996
physionet_grabmyo,S06,session1,session3,physionet_grabmyo::S06::session1->session3,2027,raw_stats_plus_frequency,balanced_acc,0.38097944397673345
physionet_grabmyo,S06,session1,session3,physionet_grabmyo::S06::session1->session3,2027,raw_stats_plus_pretrained,balanced_acc,0.30794911851246703
physionet_grabmyo,S06,session1,session3,physionet_grabmyo::S06::session1->session3,2028,frequency_logbandpower,balanced_acc,0.40567596363545055
physionet_grabmyo,S06,session1,session3,physionet_grabmyo::S06::session1->session3,2028,pretrained_encoder,balanced_acc,0.23134266235172865
physionet_grabmyo,S06,session1,session3,physionet_grabmyo::S06::session1->session3,2028,raw_stats,balanced_acc,0.45209102865687656
physionet_grabmyo,S06,session1,session3,physionet_grabmyo::S06::session1->session3,2028,raw_stats_plus_frequency,balanced_acc,0.37473636742615635
physionet_grabmyo,S06,session1,session3,physionet_grabmyo::S06::session1->session3,2028,raw_stats_plus_pretrained,balanced_acc,0.30633628657766215
physionet_grabmyo,S06,session1,session3,physionet_grabmyo::S06::session1->session3,2029,frequency_logbandpower,balanced_acc,0.4136838006792735
physionet_grabmyo,S06,session1,session3,physionet_grabmyo::S06::session1->session3,2029,pretrained_encoder,balanced_acc,0.22575977428956429
physionet_grabmyo,S06,session1,session3,physionet_grabmyo::S06::session1->session3,2029,raw_stats,balanced_acc,0.4694208676186954
physionet_grabmyo,S06,session1,session3,physionet_grabmyo::S06::session1->session3,2029,raw_stats_plus_frequency,balanced_acc,0.37446055886872537
physionet_grabmyo,S06,session1,session3,physionet_grabmyo::S06::session1->session3,2029,raw_stats_plus_pretrained,balanced_acc,0.3069471028893268
physionet_grabmyo,S06,session1,session3,physionet_grabmyo::S06::session1->session3,2030,frequency_logbandpower,balanced_acc,0.4135230918748664
physionet_grabmyo,S06,session1,session3,physionet_grabmyo::S06::session1->session3,2030,pretrained_encoder,balanced_acc,0.21659462727221815
physionet_grabmyo,S06,session1,session3,physionet_grabmyo::S06::session1->session3,2030,raw_stats,balanced_acc,0.4686210492789275
physionet_grabmyo,S06,session1,session3,physionet_grabmyo::S06::session1->session3,2030,raw_stats_plus_frequency,balanced_acc,0.383469290751517
physionet_grabmyo,S06,session1,session3,physionet_grabmyo::S06::session1->session3,2030,raw_stats_plus_pretrained,balanced_acc,0.3139362752043057
physionet_grabmyo,S06,session1,session3,physionet_grabmyo::S06::session1->session3,2031,frequency_logbandpower,balanced_acc,0.41541406237848805
physionet_grabmyo,S06,session1,session3,physionet_grabmyo::S06::session1->session3,2031,pretrained_encoder,balanced_acc,0.2147981200568924
physionet_grabmyo,S06,session1,session3,physionet_grabmyo::S06::session1->session3,2031,raw_stats,balanced_acc,0.4696226944653767
physionet_grabmyo,S06,session1,session3,physionet_grabmyo::S06::session1->session3,2031,raw_stats_plus_frequency,balanced_acc,0.39384564729205207
physionet_grabmyo,S06,session1,session3,physionet_grabmyo::S06::session1->session3,2031,raw_stats_plus_pretrained,balanced_acc,0.29308304799030804
physionet_grabmyo,S06,session1,session3,physionet_grabmyo::S06::session1->session3,2032,frequency_logbandpower,balanced_acc,0.4158781497079427
physionet_grabmyo,S06,session1,session3,physionet_grabmyo::S06::session1->session3,2032,pretrained_encoder,balanced_acc,0.22445665965254855
physionet_grabmyo,S06,session1,session3,physionet_grabmyo::S06::session1->session3,2032,raw_stats,balanced_acc,0.4513147215941971
physionet_grabmyo,S06,session1,session3,physionet_grabmyo::S06::session1->session3,2032,raw_stats_plus_frequency,balanced_acc,0.38259030187746995
physionet_grabmyo,S06,session1,session3,physionet_grabmyo::S06::session1->session3,2032,raw_stats_plus_pretrained,balanced_acc,0.29817273492691854
physionet_grabmyo,S06,session1,session3,physionet_grabmyo::S06::session1->session3,2033,frequency_logbandpower,balanced_acc,0.4237024918431085
physionet_grabmyo,S06,session1,session3,physionet_grabmyo::S06::session1->session3,2033,pretrained_encoder,balanced_acc,0.2334187278409889
physionet_grabmyo,S06,session1,session3,physionet_grabmyo::S06::session1->session3,2033,raw_stats,balanced_acc,0.45301007482736694
physionet_grabmyo,S06,session1,session3,physionet_grabmyo::S06::session1->session3,2033,raw_stats_plus_frequency,balanced_acc,0.39446583762752035
physionet_grabmyo,S06,session1,session3,physionet_grabmyo::S06::session1->session3,2033,raw_stats_plus_pretrained,balanced_acc,0.29753226367432084
physionet_grabmyo,S06,session1,session3,physionet_grabmyo::S06::session1->session3,2034,frequency_logbandpower,balanced_acc,0.39988588752145215
physionet_grabmyo,S06,session1,session3,physionet_grabmyo::S06::session1->session3,2034,pretrained_encoder,balanced_acc,0.21931779858840034
physionet_grabmyo,S06,session1,session3,physionet_grabmyo::S06::session1->session3,2034,raw_stats,balanced_acc,0.45878518151541964
physionet_grabmyo,S06,session1,session3,physionet_grabmyo::S06::session1->session3,2034,raw_stats_plus_frequency,balanced_acc,0.3738297020250106
physionet_grabmyo,S06,session1,session3,physionet_grabmyo::S06::session1->session3,2034,raw_stats_plus_pretrained,balanced_acc,0.31742488847603745
physionet_grabmyo,S06,session1,session3,physionet_grabmyo::S06::session1->session3,2035,frequency_logbandpower,balanced_acc,0.4069856207915994
physionet_grabmyo,S06,session1,session3,physionet_grabmyo::S06::session1->session3,2035,pretrained_encoder,balanced_acc,0.229964303477414
physionet_grabmyo,S06,session1,session3,physionet_grabmyo::S06::session1->session3,2035,raw_stats,balanced_acc,0.46545947942150245
physionet_grabmyo,S06,session1,session3,physionet_grabmyo::S06::session1->session3,2035,raw_stats_plus_frequency,balanced_acc,0.36806595330795994
physionet_grabmyo,S06,session1,session3,physionet_grabmyo::S06::session1->session3,2035,raw_stats_plus_pretrained,balanced_acc,0.3043359944456854
physionet_grabmyo,S07,session1,session2,physionet_grabmyo::S07::session1->session2,2026,frequency_logbandpower,balanced_acc,0.4694128534008055
physionet_grabmyo,S07,session1,session2,physionet_grabmyo::S07::session1->session2,2026,pretrained_encoder,balanced_acc,0.21106871377429495
physionet_grabmyo,S07,session1,session2,physionet_grabmyo::S07::session1->session2,2026,raw_stats,balanced_acc,0.5166100516449054
physionet_grabmyo,S07,session1,session2,physionet_grabmyo::S07::session1->session2,2026,raw_stats_plus_frequency,balanced_acc,0.3670618122939586
physionet_grabmyo,S07,session1,session2,physionet_grabmyo::S07::session1->session2,2026,raw_stats_plus_pretrained,balanced_acc,0.3215442220741386
physionet_grabmyo,S07,session1,session2,physionet_grabmyo::S07::session1->session2,2027,frequency_logbandpower,balanced_acc,0.47891816935271575
physionet_grabmyo,S07,session1,session2,physionet_grabmyo::S07::session1->session2,2027,pretrained_encoder,balanced_acc,0.21672700673265563
physionet_grabmyo,S07,session1,session2,physionet_grabmyo::S07::session1->session2,2027,raw_stats,balanced_acc,0.5148505906433151
physionet_grabmyo,S07,session1,session2,physionet_grabmyo::S07::session1->session2,2027,raw_stats_plus_frequency,balanced_acc,0.38051134395969566
physionet_grabmyo,S07,session1,session2,physionet_grabmyo::S07::session1->session2,2027,raw_stats_plus_pretrained,balanced_acc,0.34596571957022465
physionet_grabmyo,S07,session1,session2,physionet_grabmyo::S07::session1->session2,2028,frequency_logbandpower,balanced_acc,0.4584481569567518
physionet_grabmyo,S07,session1,session2,physionet_grabmyo::S07::session1->session2,2028,pretrained_encoder,balanced_acc,0.21845805488929573
physionet_grabmyo,S07,session1,session2,physionet_grabmyo::S07::session1->session2,2028,raw_stats,balanced_acc,0.5153104980852983
physionet_grabmyo,S07,session1,session2,physionet_grabmyo::S07::session1->session2,2028,raw_stats_plus_frequency,balanced_acc,0.3649293282102778
physionet_grabmyo,S07,session1,session2,physionet_grabmyo::S07::session1->session2,2028,raw_stats_plus_pretrained,balanced_acc,0.33319761112689245
physionet_grabmyo,S07,session1,session2,physionet_grabmyo::S07::session1->session2,2029,frequency_logbandpower,balanced_acc,0.4549458564232504
physionet_grabmyo,S07,session1,session2,physionet_grabmyo::S07::session1->session2,2029,pretrained_encoder,balanced_acc,0.19501970959843345
physionet_grabmyo,S07,session1,session2,physionet_grabmyo::S07::session1->session2,2029,raw_stats,balanced_acc,0.5203933261264457
physionet_grabmyo,S07,session1,session2,physionet_grabmyo::S07::session1->session2,2029,raw_stats_plus_frequency,balanced_acc,0.3745976593294941
physionet_grabmyo,S07,session1,session2,physionet_grabmyo::S07::session1->session2,2029,raw_stats_plus_pretrained,balanced_acc,0.34664663274106394
physionet_grabmyo,S07,session1,session2,physionet_grabmyo::S07::session1->session2,2030,frequency_logbandpower,balanced_acc,0.45787866401058147
physionet_grabmyo,S07,session1,session2,physionet_grabmyo::S07::session1->session2,2030,pretrained_encoder,balanced_acc,0.20715564376769247
physionet_grabmyo,S07,session1,session2,physionet_grabmyo::S07::session1->session2,2030,raw_stats,balanced_acc,0.5256057404438953
physionet_grabmyo,S07,session1,session2,physionet_grabmyo::S07::session1->session2,2030,raw_stats_plus_frequency,balanced_acc,0.3675075771755398
physionet_grabmyo,S07,session1,session2,physionet_grabmyo::S07::session1->session2,2030,raw_stats_plus_pretrained,balanced_acc,0.32048234670574755
physionet_grabmyo,S07,session1,session2,physionet_grabmyo::S07::session1->session2,2031,frequency_logbandpower,balanced_acc,0.4718700238938479
physionet_grabmyo,S07,session1,session2,physionet_grabmyo::S07::session1->session2,2031,pretrained_encoder,balanced_acc,0.2302752391113076
physionet_grabmyo,S07,session1,session2,physionet_grabmyo::S07::session1->session2,2031,raw_stats,balanced_acc,0.518293375163722
physionet_grabmyo,S07,session1,session2,physionet_grabmyo::S07::session1->session2,2031,raw_stats_plus_frequency,balanced_acc,0.3697339386252141
physionet_grabmyo,S07,session1,session2,physionet_grabmyo::S07::session1->session2,2031,raw_stats_plus_pretrained,balanced_acc,0.3425402451873719
physionet_grabmyo,S07,session1,session2,physionet_grabmyo::S07::session1->session2,2032,frequency_logbandpower,balanced_acc,0.45137047377316775
physionet_grabmyo,S07,session1,session2,physionet_grabmyo::S07::session1->session2,2032,pretrained_encoder,balanced_acc,0.21700021269678613
physionet_grabmyo,S07,session1,session2,physionet_grabmyo::S07::session1->session2,2032,raw_stats,balanced_acc,0.5078215255558943
physionet_grabmyo,S07,session1,session2,physionet_grabmyo::S07::session1->session2,2032,raw_stats_plus_frequency,balanced_acc,0.3579930598088572
physionet_grabmyo,S07,session1,session2,physionet_grabmyo::S07::session1->session2,2032,raw_stats_plus_pretrained,balanced_acc,0.3334064035877773
physionet_grabmyo,S07,session1,session2,physionet_grabmyo::S07::session1->session2,2033,frequency_logbandpower,balanced_acc,0.46597933904137934
physionet_grabmyo,S07,session1,session2,physionet_grabmyo::S07::session1->session2,2033,pretrained_encoder,balanced_acc,0.21953022405162537
physionet_grabmyo,S07,session1,session2,physionet_grabmyo::S07::session1->session2,2033,raw_stats,balanced_acc,0.5161375319330036
physionet_grabmyo,S07,session1,session2,physionet_grabmyo::S07::session1->session2,2033,raw_stats_plus_frequency,balanced_acc,0.3576731480255711
physionet_grabmyo,S07,session1,session2,physionet_grabmyo::S07::session1->session2,2033,raw_stats_plus_pretrained,balanced_acc,0.34676818531034065
physionet_grabmyo,S07,session1,session2,physionet_grabmyo::S07::session1->session2,2034,frequency_logbandpower,balanced_acc,0.466590854411773
physionet_grabmyo,S07,session1,session2,physionet_grabmyo::S07::session1->session2,2034,pretrained_encoder,balanced_acc,0.23098564768213775
physionet_grabmyo,S07,session1,session2,physionet_grabmyo::S07::session1->session2,2034,raw_stats,balanced_acc,0.5146213091321316
physionet_grabmyo,S07,session1,session2,physionet_grabmyo::S07::session1->session2,2034,raw_stats_plus_frequency,balanced_acc,0.3736160534131495
physionet_grabmyo,S07,session1,session2,physionet_grabmyo::S07::session1->session2,2034,raw_stats_plus_pretrained,balanced_acc,0.34892559599489376
physionet_grabmyo,S07,session1,session2,physionet_grabmyo::S07::session1->session2,2035,frequency_logbandpower,balanced_acc,0.4452007974743651
physionet_grabmyo,S07,session1,session2,physionet_grabmyo::S07::session1->session2,2035,pretrained_encoder,balanced_acc,0.2032366389724977
physionet_grabmyo,S07,session1,session2,physionet_grabmyo::S07::session1->session2,2035,raw_stats,balanced_acc,0.5225094411637543
physionet_grabmyo,S07,session1,session2,physionet_grabmyo::S07::session1->session2,2035,raw_stats_plus_frequency,balanced_acc,0.3594118638393696
physionet_grabmyo,S07,session1,session2,physionet_grabmyo::S07::session1->session2,2035,raw_stats_plus_pretrained,balanced_acc,0.32766555518029367
physionet_grabmyo,S07,session1,session3,physionet_grabmyo::S07::session1->session3,2026,frequency_logbandpower,balanced_acc,0.42802933500660334
physionet_grabmyo,S07,session1,session3,physionet_grabmyo::S07::session1->session3,2026,pretrained_encoder,balanced_acc,0.23662288040303653
physionet_grabmyo,S07,session1,session3,physionet_grabmyo::S07::session1->session3,2026,raw_stats,balanced_acc,0.5173716958297874
physionet_grabmyo,S07,session1,session3,physionet_grabmyo::S07::session1->session3,2026,raw_stats_plus_frequency,balanced_acc,0.38875952799783936
physionet_grabmyo,S07,session1,session3,physionet_grabmyo::S07::session1->session3,2026,raw_stats_plus_pretrained,balanced_acc,0.3663880309011878
physionet_grabmyo,S07,session1,session3,physionet_grabmyo::S07::session1->session3,2027,frequency_logbandpower,balanced_acc,0.4345108640893045
physionet_grabmyo,S07,session1,session3,physionet_grabmyo::S07::session1->session3,2027,pretrained_encoder,balanced_acc,0.2391090284065943
physionet_grabmyo,S07,session1,session3,physionet_grabmyo::S07::session1->session3,2027,raw_stats,balanced_acc,0.5309906355679508
physionet_grabmyo,S07,session1,session3,physionet_grabmyo::S07::session1->session3,2027,raw_stats_plus_frequency,balanced_acc,0.4054410842593943
physionet_grabmyo,S07,session1,session3,physionet_grabmyo::S07::session1->session3,2027,raw_stats_plus_pretrained,balanced_acc,0.37298356781427877
physionet_grabmyo,S07,session1,session3,physionet_grabmyo::S07::session1->session3,2028,frequency_logbandpower,balanced_acc,0.43501091371310413
physionet_grabmyo,S07,session1,session3,physionet_grabmyo::S07::session1->session3,2028,pretrained_encoder,balanced_acc,0.23512291759526763
physionet_grabmyo,S07,session1,session3,physionet_grabmyo::S07::session1->session3,2028,raw_stats,balanced_acc,0.5269581059134435
physionet_grabmyo,S07,session1,session3,physionet_grabmyo::S07::session1->session3,2028,raw_stats_plus_frequency,balanced_acc,0.3769449915258988
physionet_grabmyo,S07,session1,session3,physionet_grabmyo::S07::session1->session3,2028,raw_stats_plus_pretrained,balanced_acc,0.3809814623420369
physionet_grabmyo,S07,session1,session3,physionet_grabmyo::S07::session1->session3,2029,frequency_logbandpower,balanced_acc,0.4460944520964813
physionet_grabmyo,S07,session1,session3,physionet_grabmyo::S07::session1->session3,2029,pretrained_encoder,balanced_acc,0.23603835865761785
physionet_grabmyo,S07,session1,session3,physionet_grabmyo::S07::session1->session3,2029,raw_stats,balanced_acc,0.5400807947156134
physionet_grabmyo,S07,session1,session3,physionet_grabmyo::S07::session1->session3,2029,raw_stats_plus_frequency,balanced_acc,0.38981530540505904
physionet_grabmyo,S07,session1,session3,physionet_grabmyo::S07::session1->session3,2029,raw_stats_plus_pretrained,balanced_acc,0.38006059785479335
physionet_grabmyo,S07,session1,session3,physionet_grabmyo::S07::session1->session3,2030,frequency_logbandpower,balanced_acc,0.4332633772946671
physionet_grabmyo,S07,session1,session3,physionet_grabmyo::S07::session1->session3,2030,pretrained_encoder,balanced_acc,0.22379592036796994
physionet_grabmyo,S07,session1,session3,physionet_grabmyo::S07::session1->session3,2030,raw_stats,balanced_acc,0.5271602932665996
physionet_grabmyo,S07,session1,session3,physionet_grabmyo::S07::session1->session3,2030,raw_stats_plus_frequency,balanced_acc,0.3971815620685699
physionet_grabmyo,S07,session1,session3,physionet_grabmyo::S07::session1->session3,2030,raw_stats_plus_pretrained,balanced_acc,0.3546208930226881
physionet_grabmyo,S07,session1,session3,physionet_grabmyo::S07::session1->session3,2031,frequency_logbandpower,balanced_acc,0.43993947693321606
physionet_grabmyo,S07,session1,session3,physionet_grabmyo::S07::session1->session3,2031,pretrained_encoder,balanced_acc,0.23748884062747155
physionet_grabmyo,S07,session1,session3,physionet_grabmyo::S07::session1->session3,2031,raw_stats,balanced_acc,0.5432165021036919
physionet_grabmyo,S07,session1,session3,physionet_grabmyo::S07::session1->session3,2031,raw_stats_plus_frequency,balanced_acc,0.40149619407058784
physionet_grabmyo,S07,session1,session3,physionet_grabmyo::S07::session1->session3,2031,raw_stats_plus_pretrained,balanced_acc,0.36913164857691305
physionet_grabmyo,S07,session1,session3,physionet_grabmyo::S07::session1->session3,2032,frequency_logbandpower,balanced_acc,0.42888111694674486
physionet_grabmyo,S07,session1,session3,physionet_grabmyo::S07::session1->session3,2032,pretrained_encoder,balanced_acc,0.23702004814532654
physionet_grabmyo,S07,session1,session3,physionet_grabmyo::S07::session1->session3,2032,raw_stats,balanced_acc,0.5402692945356921
physionet_grabmyo,S07,session1,session3,physionet_grabmyo::S07::session1->session3,2032,raw_stats_plus_frequency,balanced_acc,0.37580085052521756
physionet_grabmyo,S07,session1,session3,physionet_grabmyo::S07::session1->session3,2032,raw_stats_plus_pretrained,balanced_acc,0.35004643155271437
physionet_grabmyo,S07,session1,session3,physionet_grabmyo::S07::session1->session3,2033,frequency_logbandpower,balanced_acc,0.4441448590132793
physionet_grabmyo,S07,session1,session3,physionet_grabmyo::S07::session1->session3,2033,pretrained_encoder,balanced_acc,0.24297345906611195
physionet_grabmyo,S07,session1,session3,physionet_grabmyo::S07::session1->session3,2033,raw_stats,balanced_acc,0.5228627617106352
physionet_grabmyo,S07,session1,session3,physionet_grabmyo::S07::session1->session3,2033,raw_stats_plus_frequency,balanced_acc,0.3939854873548064
physionet_grabmyo,S07,session1,session3,physionet_grabmyo::S07::session1->session3,2033,raw_stats_plus_pretrained,balanced_acc,0.3785217899351525
physionet_grabmyo,S07,session1,session3,physionet_grabmyo::S07::session1->session3,2034,frequency_logbandpower,balanced_acc,0.4191993437095413
physionet_grabmyo,S07,session1,session3,physionet_grabmyo::S07::session1->session3,2034,pretrained_encoder,balanced_acc,0.23325225714606782
physionet_grabmyo,S07,session1,session3,physionet_grabmyo::S07::session1->session3,2034,raw_stats,balanced_acc,0.5214577802434771
physionet_grabmyo,S07,session1,session3,physionet_grabmyo::S07::session1->session3,2034,raw_stats_plus_frequency,balanced_acc,0.3647338180879039
physionet_grabmyo,S07,session1,session3,physionet_grabmyo::S07::session1->session3,2034,raw_stats_plus_pretrained,balanced_acc,0.35159293872732367
physionet_grabmyo,S07,session1,session3,physionet_grabmyo::S07::session1->session3,2035,frequency_logbandpower,balanced_acc,0.4259085152510528
physionet_grabmyo,S07,session1,session3,physionet_grabmyo::S07::session1->session3,2035,pretrained_encoder,balanced_acc,0.24623089762339537
physionet_grabmyo,S07,session1,session3,physionet_grabmyo::S07::session1->session3,2035,raw_stats,balanced_acc,0.5253666120278826
physionet_grabmyo,S07,session1,session3,physionet_grabmyo::S07::session1->session3,2035,raw_stats_plus_frequency,balanced_acc,0.39778225988878646
physionet_grabmyo,S07,session1,session3,physionet_grabmyo::S07::session1->session3,2035,raw_stats_plus_pretrained,balanced_acc,0.3776723620608406
physionet_grabmyo,S08,session1,session2,physionet_grabmyo::S08::session1->session2,2026,frequency_logbandpower,balanced_acc,0.4652463621932248
physionet_grabmyo,S08,session1,session2,physionet_grabmyo::S08::session1->session2,2026,pretrained_encoder,balanced_acc,0.19361252894560196
physionet_grabmyo,S08,session1,session2,physionet_grabmyo::S08::session1->session2,2026,raw_stats,balanced_acc,0.5089753615477827
physionet_grabmyo,S08,session1,session2,physionet_grabmyo::S08::session1->session2,2026,raw_stats_plus_frequency,balanced_acc,0.43670778843048264
physionet_grabmyo,S08,session1,session2,physionet_grabmyo::S08::session1->session2,2026,raw_stats_plus_pretrained,balanced_acc,0.31529744828434353
physionet_grabmyo,S08,session1,session2,physionet_grabmyo::S08::session1->session2,2027,frequency_logbandpower,balanced_acc,0.4534027205476011
physionet_grabmyo,S08,session1,session2,physionet_grabmyo::S08::session1->session2,2027,pretrained_encoder,balanced_acc,0.18607466738532297
physionet_grabmyo,S08,session1,session2,physionet_grabmyo::S08::session1->session2,2027,raw_stats,balanced_acc,0.5161987049972674
physionet_grabmyo,S08,session1,session2,physionet_grabmyo::S08::session1->session2,2027,raw_stats_plus_frequency,balanced_acc,0.43056797158528615
physionet_grabmyo,S08,session1,session2,physionet_grabmyo::S08::session1->session2,2027,raw_stats_plus_pretrained,balanced_acc,0.3333817904959832
physionet_grabmyo,S08,session1,session2,physionet_grabmyo::S08::session1->session2,2028,frequency_logbandpower,balanced_acc,0.4791319134292869
physionet_grabmyo,S08,session1,session2,physionet_grabmyo::S08::session1->session2,2028,pretrained_encoder,balanced_acc,0.17653367268702383
physionet_grabmyo,S08,session1,session2,physionet_grabmyo::S08::session1->session2,2028,raw_stats,balanced_acc,0.5227994470434545
physionet_grabmyo,S08,session1,session2,physionet_grabmyo::S08::session1->session2,2028,raw_stats_plus_frequency,balanced_acc,0.43859447566869125
physionet_grabmyo,S08,session1,session2,physionet_grabmyo::S08::session1->session2,2028,raw_stats_plus_pretrained,balanced_acc,0.30712016019533966
physionet_grabmyo,S08,session1,session2,physionet_grabmyo::S08::session1->session2,2029,frequency_logbandpower,balanced_acc,0.45285540107726835
physionet_grabmyo,S08,session1,session2,physionet_grabmyo::S08::session1->session2,2029,pretrained_encoder,balanced_acc,0.19026267843949476
physionet_grabmyo,S08,session1,session2,physionet_grabmyo::S08::session1->session2,2029,raw_stats,balanced_acc,0.5183585627563319
physionet_grabmyo,S08,session1,session2,physionet_grabmyo::S08::session1->session2,2029,raw_stats_plus_frequency,balanced_acc,0.424993488907646
physionet_grabmyo,S08,session1,session2,physionet_grabmyo::S08::session1->session2,2029,raw_stats_plus_pretrained,balanced_acc,0.31581545148409856
physionet_grabmyo,S08,session1,session2,physionet_grabmyo::S08::session1->session2,2030,frequency_logbandpower,balanced_acc,0.46461801632727895
physionet_grabmyo,S08,session1,session2,physionet_grabmyo::S08::session1->session2,2030,pretrained_encoder,balanced_acc,0.17035555823261037
physionet_grabmyo,S08,session1,session2,physionet_grabmyo::S08::session1->session2,2030,raw_stats,balanced_acc,0.5273561364696057
physionet_grabmyo,S08,session1,session2,physionet_grabmyo::S08::session1->session2,2030,raw_stats_plus_frequency,balanced_acc,0.42619495896152026
physionet_grabmyo,S08,session1,session2,physionet_grabmyo::S08::session1->session2,2030,raw_stats_plus_pretrained,balanced_acc,0.31280312753360356
physionet_grabmyo,S08,session1,session2,physionet_grabmyo::S08::session1->session2,2031,frequency_logbandpower,balanced_acc,0.47184877963430777
physionet_grabmyo,S08,session1,session2,physionet_grabmyo::S08::session1->session2,2031,pretrained_encoder,balanced_acc,0.1833170564655762
physionet_grabmyo,S08,session1,session2,physionet_grabmyo::S08::session1->session2,2031,raw_stats,balanced_acc,0.5179479576116351
physionet_grabmyo,S08,session1,session2,physionet_grabmyo::S08::session1->session2,2031,raw_stats_plus_frequency,balanced_acc,0.43459710887162356
physionet_grabmyo,S08,session1,session2,physionet_grabmyo::S08::session1->session2,2031,raw_stats_plus_pretrained,balanced_acc,0.348820425552324
physionet_grabmyo,S08,session1,session2,physionet_grabmyo::S08::session1->session2,2032,frequency_logbandpower,balanced_acc,0.4858417714481352
physionet_grabmyo,S08,session1,session2,physionet_grabmyo::S08::session1->session2,2032,pretrained_encoder,balanced_acc,0.18830910514328386
physionet_grabmyo,S08,session1,session2,physionet_grabmyo::S08::session1->session2,2032,raw_stats,balanced_acc,0.5227963772493871
physionet_grabmyo,S08,session1,session2,physionet_grabmyo::S08::session1->session2,2032,raw_stats_plus_frequency,balanced_acc,0.4482651721641724
physionet_grabmyo,S08,session1,session2,physionet_grabmyo::S08::session1->session2,2032,raw_stats_plus_pretrained,balanced_acc,0.3118935810613011
physionet_grabmyo,S08,session1,session2,physionet_grabmyo::S08::session1->session2,2033,frequency_logbandpower,balanced_acc,0.46345244182629924
physionet_grabmyo,S08,session1,session2,physionet_grabmyo::S08::session1->session2,2033,pretrained_encoder,balanced_acc,0.20496136305185783
physionet_grabmyo,S08,session1,session2,physionet_grabmyo::S08::session1->session2,2033,raw_stats,balanced_acc,0.5115751521331645
physionet_grabmyo,S08,session1,session2,physionet_grabmyo::S08::session1->session2,2033,raw_stats_plus_frequency,balanced_acc,0.4292355145212491
physionet_grabmyo,S08,session1,session2,physionet_grabmyo::S08::session1->session2,2033,raw_stats_plus_pretrained,balanced_acc,0.3279219229973604
physionet_grabmyo,S08,session1,session2,physionet_grabmyo::S08::session1->session2,2034,frequency_logbandpower,balanced_acc,0.4623932855222561
physionet_grabmyo,S08,session1,session2,physionet_grabmyo::S08::session1->session2,2034,pretrained_encoder,balanced_acc,0.18277807241867752
physionet_grabmyo,S08,session1,session2,physionet_grabmyo::S08::session1->session2,2034,raw_stats,balanced_acc,0.5142908177205638
physionet_grabmyo,S08,session1,session2,physionet_grabmyo::S08::session1->session2,2034,raw_stats_plus_frequency,balanced_acc,0.42789955356621745
physionet_grabmyo,S08,session1,session2,physionet_grabmyo::S08::session1->session2,2034,raw_stats_plus_pretrained,balanced_acc,0.33126246941477244
physionet_grabmyo,S08,session1,session2,physionet_grabmyo::S08::session1->session2,2035,frequency_logbandpower,balanced_acc,0.46065114832279336
physionet_grabmyo,S08,session1,session2,physionet_grabmyo::S08::session1->session2,2035,pretrained_encoder,balanced_acc,0.2003299964345579
physionet_grabmyo,S08,session1,session2,physionet_grabmyo::S08::session1->session2,2035,raw_stats,balanced_acc,0.524538149918545
physionet_grabmyo,S08,session1,session2,physionet_grabmyo::S08::session1->session2,2035,raw_stats_plus_frequency,balanced_acc,0.4428056261143186
physionet_grabmyo,S08,session1,session2,physionet_grabmyo::S08::session1->session2,2035,raw_stats_plus_pretrained,balanced_acc,0.3019277039836074
physionet_grabmyo,S08,session1,session3,physionet_grabmyo::S08::session1->session3,2026,frequency_logbandpower,balanced_acc,0.4377816293850685
physionet_grabmyo,S08,session1,session3,physionet_grabmyo::S08::session1->session3,2026,pretrained_encoder,balanced_acc,0.1700102818440569
physionet_grabmyo,S08,session1,session3,physionet_grabmyo::S08::session1->session3,2026,raw_stats,balanced_acc,0.45447994545181836
physionet_grabmyo,S08,session1,session3,physionet_grabmyo::S08::session1->session3,2026,raw_stats_plus_frequency,balanced_acc,0.3750418323250328
physionet_grabmyo,S08,session1,session3,physionet_grabmyo::S08::session1->session3,2026,raw_stats_plus_pretrained,balanced_acc,0.26875602770881574
physionet_grabmyo,S08,session1,session3,physionet_grabmyo::S08::session1->session3,2027,frequency_logbandpower,balanced_acc,0.4210378183899785
physionet_grabmyo,S08,session1,session3,physionet_grabmyo::S08::session1->session3,2027,pretrained_encoder,balanced_acc,0.17053550116465316
physionet_grabmyo,S08,session1,session3,physionet_grabmyo::S08::session1->session3,2027,raw_stats,balanced_acc,0.4379503152841412
physionet_grabmyo,S08,session1,session3,physionet_grabmyo::S08::session1->session3,2027,raw_stats_plus_frequency,balanced_acc,0.3586236530130638
physionet_grabmyo,S08,session1,session3,physionet_grabmyo::S08::session1->session3,2027,raw_stats_plus_pretrained,balanced_acc,0.2565693986190184
physionet_grabmyo,S08,session1,session3,physionet_grabmyo::S08::session1->session3,2028,frequency_logbandpower,balanced_acc,0.4219237634509305
physionet_grabmyo,S08,session1,session3,physionet_grabmyo::S08::session1->session3,2028,pretrained_encoder,balanced_acc,0.17279818025266558
physionet_grabmyo,S08,session1,session3,physionet_grabmyo::S08::session1->session3,2028,raw_stats,balanced_acc,0.44787379202057087
physionet_grabmyo,S08,session1,session3,physionet_grabmyo::S08::session1->session3,2028,raw_stats_plus_frequency,balanced_acc,0.3682011822558858
physionet_grabmyo,S08,session1,session3,physionet_grabmyo::S08::session1->session3,2028,raw_stats_plus_pretrained,balanced_acc,0.2406617023857794
physionet_grabmyo,S08,session1,session3,physionet_grabmyo::S08::session1->session3,2029,frequency_logbandpower,balanced_acc,0.4234150639145535
physionet_grabmyo,S08,session1,session3,physionet_grabmyo::S08::session1->session3,2029,pretrained_encoder,balanced_acc,0.1662573180131035
physionet_grabmyo,S08,session1,session3,physionet_grabmyo::S08::session1->session3,2029,raw_stats,balanced_acc,0.42075834573871984
physionet_grabmyo,S08,session1,session3,physionet_grabmyo::S08::session1->session3,2029,raw_stats_plus_frequency,balanced_acc,0.35251434265649534
physionet_grabmyo,S08,session1,session3,physionet_grabmyo::S08::session1->session3,2029,raw_stats_plus_pretrained,balanced_acc,0.2492432031940582
physionet_grabmyo,S08,session1,session3,physionet_grabmyo::S08::session1->session3,2030,frequency_logbandpower,balanced_acc,0.433580996041922
physionet_grabmyo,S08,session1,session3,physionet_grabmyo::S08::session1->session3,2030,pretrained_encoder,balanced_acc,0.17732745113867984
physionet_grabmyo,S08,session1,session3,physionet_grabmyo::S08::session1->session3,2030,raw_stats,balanced_acc,0.44883749767345654
physionet_grabmyo,S08,session1,session3,physionet_grabmyo::S08::session1->session3,2030,raw_stats_plus_frequency,balanced_acc,0.38347243089954475
physionet_grabmyo,S08,session1,session3,physionet_grabmyo::S08::session1->session3,2030,raw_stats_plus_pretrained,balanced_acc,0.2719917470732507
physionet_grabmyo,S08,session1,session3,physionet_grabmyo::S08::session1->session3,2031,frequency_logbandpower,balanced_acc,0.4191429324720367
physionet_grabmyo,S08,session1,session3,physionet_grabmyo::S08::session1->session3,2031,pretrained_encoder,balanced_acc,0.17214171636031672
physionet_grabmyo,S08,session1,session3,physionet_grabmyo::S08::session1->session3,2031,raw_stats,balanced_acc,0.4363125334944609
physionet_grabmyo,S08,session1,session3,physionet_grabmyo::S08::session1->session3,2031,raw_stats_plus_frequency,balanced_acc,0.36677596464425066
physionet_grabmyo,S08,session1,session3,physionet_grabmyo::S08::session1->session3,2031,raw_stats_plus_pretrained,balanced_acc,0.2544507909565445
physionet_grabmyo,S08,session1,session3,physionet_grabmyo::S08::session1->session3,2032,frequency_logbandpower,balanced_acc,0.4167753684368526
physionet_grabmyo,S08,session1,session3,physionet_grabmyo::S08::session1->session3,2032,pretrained_encoder,balanced_acc,0.17499833410081997
physionet_grabmyo,S08,session1,session3,physionet_grabmyo::S08::session1->session3,2032,raw_stats,balanced_acc,0.4348601727831024
physionet_grabmyo,S08,session1,session3,physionet_grabmyo::S08::session1->session3,2032,raw_stats_plus_frequency,balanced_acc,0.36483246708902445
physionet_grabmyo,S08,session1,session3,physionet_grabmyo::S08::session1->session3,2032,raw_stats_plus_pretrained,balanced_acc,0.2552379692730737
physionet_grabmyo,S08,session1,session3,physionet_grabmyo::S08::session1->session3,2033,frequency_logbandpower,balanced_acc,0.4082016110755997
physionet_grabmyo,S08,session1,session3,physionet_grabmyo::S08::session1->session3,2033,pretrained_encoder,balanced_acc,0.17115896151016452
physionet_grabmyo,S08,session1,session3,physionet_grabmyo::S08::session1->session3,2033,raw_stats,balanced_acc,0.44423760661186906
physionet_grabmyo,S08,session1,session3,physionet_grabmyo::S08::session1->session3,2033,raw_stats_plus_frequency,balanced_acc,0.36635064240725373
physionet_grabmyo,S08,session1,session3,physionet_grabmyo::S08::session1->session3,2033,raw_stats_plus_pretrained,balanced_acc,0.2692084916116077
physionet_grabmyo,S08,session1,session3,physionet_grabmyo::S08::session1->session3,2034,frequency_logbandpower,balanced_acc,0.4109417176309855
physionet_grabmyo,S08,session1,session3,physionet_grabmyo::S08::session1->session3,2034,pretrained_encoder,balanced_acc,0.17251023968237544
physionet_grabmyo,S08,session1,session3,physionet_grabmyo::S08::session1->session3,2034,raw_stats,balanced_acc,0.42916722920989153
physionet_grabmyo,S08,session1,session3,physionet_grabmyo::S08::session1->session3,2034,raw_stats_plus_frequency,balanced_acc,0.3565255039033501
physionet_grabmyo,S08,session1,session3,physionet_grabmyo::S08::session1->session3,2034,raw_stats_plus_pretrained,balanced_acc,0.24727854677877
physionet_grabmyo,S08,session1,session3,physionet_grabmyo::S08::session1->session3,2035,frequency_logbandpower,balanced_acc,0.4118842501437389
physionet_grabmyo,S08,session1,session3,physionet_grabmyo::S08::session1->session3,2035,pretrained_encoder,balanced_acc,0.17393995208912208
physionet_grabmyo,S08,session1,session3,physionet_grabmyo::S08::session1->session3,2035,raw_stats,balanced_acc,0.43553490036899034
physionet_grabmyo,S08,session1,session3,physionet_grabmyo::S08::session1->session3,2035,raw_stats_plus_frequency,balanced_acc,0.3690054219995712
physionet_grabmyo,S08,session1,session3,physionet_grabmyo::S08::session1->session3,2035,raw_stats_plus_pretrained,balanced_acc,0.2517083365715818
physionet_grabmyo,S09,session1,session2,physionet_grabmyo::S09::session1->session2,2026,frequency_logbandpower,balanced_acc,0.4776974525851028
physionet_grabmyo,S09,session1,session2,physionet_grabmyo::S09::session1->session2,2026,pretrained_encoder,balanced_acc,0.2747450160415001
physionet_grabmyo,S09,session1,session2,physionet_grabmyo::S09::session1->session2,2026,raw_stats,balanced_acc,0.5217695933491412
physionet_grabmyo,S09,session1,session2,physionet_grabmyo::S09::session1->session2,2026,raw_stats_plus_frequency,balanced_acc,0.3938916184465184
physionet_grabmyo,S09,session1,session2,physionet_grabmyo::S09::session1->session2,2026,raw_stats_plus_pretrained,balanced_acc,0.38352151017365915
physionet_grabmyo,S09,session1,session2,physionet_grabmyo::S09::session1->session2,2027,frequency_logbandpower,balanced_acc,0.4704095307812435
physionet_grabmyo,S09,session1,session2,physionet_grabmyo::S09::session1->session2,2027,pretrained_encoder,balanced_acc,0.29456690158424015
physionet_grabmyo,S09,session1,session2,physionet_grabmyo::S09::session1->session2,2027,raw_stats,balanced_acc,0.5189209276048764
physionet_grabmyo,S09,session1,session2,physionet_grabmyo::S09::session1->session2,2027,raw_stats_plus_frequency,balanced_acc,0.39011956105909584
physionet_grabmyo,S09,session1,session2,physionet_grabmyo::S09::session1->session2,2027,raw_stats_plus_pretrained,balanced_acc,0.38574541624982517
physionet_grabmyo,S09,session1,session2,physionet_grabmyo::S09::session1->session2,2028,frequency_logbandpower,balanced_acc,0.47019936249412103
physionet_grabmyo,S09,session1,session2,physionet_grabmyo::S09::session1->session2,2028,pretrained_encoder,balanced_acc,0.26494074787901883
physionet_grabmyo,S09,session1,session2,physionet_grabmyo::S09::session1->session2,2028,raw_stats,balanced_acc,0.5042654564493855
physionet_grabmyo,S09,session1,session2,physionet_grabmyo::S09::session1->session2,2028,raw_stats_plus_frequency,balanced_acc,0.4061471910618506
physionet_grabmyo,S09,session1,session2,physionet_grabmyo::S09::session1->session2,2028,raw_stats_plus_pretrained,balanced_acc,0.38244773074827454
physionet_grabmyo,S09,session1,session2,physionet_grabmyo::S09::session1->session2,2029,frequency_logbandpower,balanced_acc,0.4654302438280464
physionet_grabmyo,S09,session1,session2,physionet_grabmyo::S09::session1->session2,2029,pretrained_encoder,balanced_acc,0.2731515917265773
physionet_grabmyo,S09,session1,session2,physionet_grabmyo::S09::session1->session2,2029,raw_stats,balanced_acc,0.5195711216920006
physionet_grabmyo,S09,session1,session2,physionet_grabmyo::S09::session1->session2,2029,raw_stats_plus_frequency,balanced_acc,0.3998407286079261
physionet_grabmyo,S09,session1,session2,physionet_grabmyo::S09::session1->session2,2029,raw_stats_plus_pretrained,balanced_acc,0.39414803441555535
physionet_grabmyo,S09,session1,session2,physionet_grabmyo::S09::session1->session2,2030,frequency_logbandpower,balanced_acc,0.45356874074172415
physionet_grabmyo,S09,session1,session2,physionet_grabmyo::S09::session1->session2,2030,pretrained_encoder,balanced_acc,0.2790169997217816
physionet_grabmyo,S09,session1,session2,physionet_grabmyo::S09::session1->session2,2030,raw_stats,balanced_acc,0.5070063274242671
physionet_grabmyo,S09,session1,session2,physionet_grabmyo::S09::session1->session2,2030,raw_stats_plus_frequency,balanced_acc,0.39154174488331966
physionet_grabmyo,S09,session1,session2,physionet_grabmyo::S09::session1->session2,2030,raw_stats_plus_pretrained,balanced_acc,0.40132907367298937
physionet_grabmyo,S09,session1,session2,physionet_grabmyo::S09::session1->session2,2031,frequency_logbandpower,balanced_acc,0.47567347144432665
physionet_grabmyo,S09,session1,session2,physionet_grabmyo::S09::session1->session2,2031,pretrained_encoder,balanced_acc,0.2808344166808588
physionet_grabmyo,S09,session1,session2,physionet_grabmyo::S09::session1->session2,2031,raw_stats,balanced_acc,0.5278594436657057
physionet_grabmyo,S09,session1,session2,physionet_grabmyo::S09::session1->session2,2031,raw_stats_plus_frequency,balanced_acc,0.4043169766510987
physionet_grabmyo,S09,session1,session2,physionet_grabmyo::S09::session1->session2,2031,raw_stats_plus_pretrained,balanced_acc,0.3898951681701938
physionet_grabmyo,S09,session1,session2,physionet_grabmyo::S09::session1->session2,2032,frequency_logbandpower,balanced_acc,0.4644807292570142
physionet_grabmyo,S09,session1,session2,physionet_grabmyo::S09::session1->session2,2032,pretrained_encoder,balanced_acc,0.28869726251847605
physionet_grabmyo,S09,session1,session2,physionet_grabmyo::S09::session1->session2,2032,raw_stats,balanced_acc,0.5206757847813168
physionet_grabmyo,S09,session1,session2,physionet_grabmyo::S09::session1->session2,2032,raw_stats_plus_frequency,balanced_acc,0.4095860354717518
physionet_grabmyo,S09,session1,session2,physionet_grabmyo::S09::session1->session2,2032,raw_stats_plus_pretrained,balanced_acc,0.3873729684519425
physionet_grabmyo,S09,session1,session2,physionet_grabmyo::S09::session1->session2,2033,frequency_logbandpower,balanced_acc,0.47681293801745955
physionet_grabmyo,S09,session1,session2,physionet_grabmyo::S09::session1->session2,2033,pretrained_encoder,balanced_acc,0.2760362713467186
physionet_grabmyo,S09,session1,session2,physionet_grabmyo::S09::session1->session2,2033,raw_stats,balanced_acc,0.504641359702333
physionet_grabmyo,S09,session1,session2,physionet_grabmyo::S09::session1->session2,2033,raw_stats_plus_frequency,balanced_acc,0.4095500739293376
physionet_grabmyo,S09,session1,session2,physionet_grabmyo::S09::session1->session2,2033,raw_stats_plus_pretrained,balanced_acc,0.3846119015747275
physionet_grabmyo,S09,session1,session2,physionet_grabmyo::S09::session1->session2,2034,frequency_logbandpower,balanced_acc,0.47494592171827915
physionet_grabmyo,S09,session1,session2,physionet_grabmyo::S09::session1->session2,2034,pretrained_encoder,balanced_acc,0.28386532768355904
physionet_grabmyo,S09,session1,session2,physionet_grabmyo::S09::session1->session2,2034,raw_stats,balanced_acc,0.5195465238826931
physionet_grabmyo,S09,session1,session2,physionet_grabmyo::S09::session1->session2,2034,raw_stats_plus_frequency,balanced_acc,0.401172740058645
physionet_grabmyo,S09,session1,session2,physionet_grabmyo::S09::session1->session2,2034,raw_stats_plus_pretrained,balanced_acc,0.3985771668250789
physionet_grabmyo,S09,session1,session2,physionet_grabmyo::S09::session1->session2,2035,frequency_logbandpower,balanced_acc,0.47353572677201244
physionet_grabmyo,S09,session1,session2,physionet_grabmyo::S09::session1->session2,2035,pretrained_encoder,balanced_acc,0.2779053485354015
physionet_grabmyo,S09,session1,session2,physionet_grabmyo::S09::session1->session2,2035,raw_stats,balanced_acc,0.5070907636964859
physionet_grabmyo,S09,session1,session2,physionet_grabmyo::S09::session1->session2,2035,raw_stats_plus_frequency,balanced_acc,0.41003101500924116
physionet_grabmyo,S09,session1,session2,physionet_grabmyo::S09::session1->session2,2035,raw_stats_plus_pretrained,balanced_acc,0.390901442273945
physionet_grabmyo,S09,session1,session3,physionet_grabmyo::S09::session1->session3,2026,frequency_logbandpower,balanced_acc,0.46130932412861314
physionet_grabmyo,S09,session1,session3,physionet_grabmyo::S09::session1->session3,2026,pretrained_encoder,balanced_acc,0.26555028135811515
physionet_grabmyo,S09,session1,session3,physionet_grabmyo::S09::session1->session3,2026,raw_stats,balanced_acc,0.4775899033011353
physionet_grabmyo,S09,session1,session3,physionet_grabmyo::S09::session1->session3,2026,raw_stats_plus_frequency,balanced_acc,0.4217681873013546
physionet_grabmyo,S09,session1,session3,physionet_grabmyo::S09::session1->session3,2026,raw_stats_plus_pretrained,balanced_acc,0.356154748770473
physionet_grabmyo,S09,session1,session3,physionet_grabmyo::S09::session1->session3,2027,frequency_logbandpower,balanced_acc,0.45709423691047707
physionet_grabmyo,S09,session1,session3,physionet_grabmyo::S09::session1->session3,2027,pretrained_encoder,balanced_acc,0.26748329800235493
physionet_grabmyo,S09,session1,session3,physionet_grabmyo::S09::session1->session3,2027,raw_stats,balanced_acc,0.48973744842018196
physionet_grabmyo,S09,session1,session3,physionet_grabmyo::S09::session1->session3,2027,raw_stats_plus_frequency,balanced_acc,0.39159467765404954
physionet_grabmyo,S09,session1,session3,physionet_grabmyo::S09::session1->session3,2027,raw_stats_plus_pretrained,balanced_acc,0.328186550319627
physionet_grabmyo,S09,session1,session3,physionet_grabmyo::S09::session1->session3,2028,frequency_logbandpower,balanced_acc,0.46354160739007
physionet_grabmyo,S09,session1,session3,physionet_grabmyo::S09::session1->session3,2028,pretrained_encoder,balanced_acc,0.26931783275474175
physionet_grabmyo,S09,session1,session3,physionet_grabmyo::S09::session1->session3,2028,raw_stats,balanced_acc,0.4659711381664896
physionet_grabmyo,S09,session1,session3,physionet_grabmyo::S09::session1->session3,2028,raw_stats_plus_frequency,balanced_acc,0.4106941961398215
physionet_grabmyo,S09,session1,session3,physionet_grabmyo::S09::session1->session3,2028,raw_stats_plus_pretrained,balanced_acc,0.33576904182298783
physionet_grabmyo,S09,session1,session3,physionet_grabmyo::S09::session1->session3,2029,frequency_logbandpower,balanced_acc,0.443737648755135
physionet_grabmyo,S09,session1,session3,physionet_grabmyo::S09::session1->session3,2029,pretrained_encoder,balanced_acc,0.24523110358545058
physionet_grabmyo,S09,session1,session3,physionet_grabmyo::S09::session1->session3,2029,raw_stats,balanced_acc,0.4773732426575793
physionet_grabmyo,S09,session1,session3,physionet_grabmyo::S09::session1->session3,2029,raw_stats_plus_frequency,balanced_acc,0.39227512656963515
physionet_grabmyo,S09,session1,session3,physionet_grabmyo::S09::session1->session3,2029,raw_stats_plus_pretrained,balanced_acc,0.3422344907523379
physionet_grabmyo,S09,session1,session3,physionet_grabmyo::S09::session1->session3,2030,frequency_logbandpower,balanced_acc,0.44704970435834773
physionet_grabmyo,S09,session1,session3,physionet_grabmyo::S09::session1->session3,2030,pretrained_encoder,balanced_acc,0.2583529236295792
physionet_grabmyo,S09,session1,session3,physionet_grabmyo::S09::session1->session3,2030,raw_stats,balanced_acc,0.47352027986021766
physionet_grabmyo,S09,session1,session3,physionet_grabmyo::S09::session1->session3,2030,raw_stats_plus_frequency,balanced_acc,0.3701390590912696
physionet_grabmyo,S09,session1,session3,physionet_grabmyo::S09::session1->session3,2030,raw_stats_plus_pretrained,balanced_acc,0.3442057847024855
physionet_grabmyo,S09,session1,session3,physionet_grabmyo::S09::session1->session3,2031,frequency_logbandpower,balanced_acc,0.4444563726522919
physionet_grabmyo,S09,session1,session3,physionet_grabmyo::S09::session1->session3,2031,pretrained_encoder,balanced_acc,0.25049747911193293
physionet_grabmyo,S09,session1,session3,physionet_grabmyo::S09::session1->session3,2031,raw_stats,balanced_acc,0.48625853633299815
physionet_grabmyo,S09,session1,session3,physionet_grabmyo::S09::session1->session3,2031,raw_stats_plus_frequency,balanced_acc,0.39725204012512544
physionet_grabmyo,S09,session1,session3,physionet_grabmyo::S09::session1->session3,2031,raw_stats_plus_pretrained,balanced_acc,0.3529964909880296
physionet_grabmyo,S09,session1,session3,physionet_grabmyo::S09::session1->session3,2032,frequency_logbandpower,balanced_acc,0.44314907624447236
physionet_grabmyo,S09,session1,session3,physionet_grabmyo::S09::session1->session3,2032,pretrained_encoder,balanced_acc,0.2541692745773447
physionet_grabmyo,S09,session1,session3,physionet_grabmyo::S09::session1->session3,2032,raw_stats,balanced_acc,0.48065823435912114
physionet_grabmyo,S09,session1,session3,physionet_grabmyo::S09::session1->session3,2032,raw_stats_plus_frequency,balanced_acc,0.38148260936478406
physionet_grabmyo,S09,session1,session3,physionet_grabmyo::S09::session1->session3,2032,raw_stats_plus_pretrained,balanced_acc,0.34936108423109585
physionet_grabmyo,S09,session1,session3,physionet_grabmyo::S09::session1->session3,2033,frequency_logbandpower,balanced_acc,0.4575276113208604
physionet_grabmyo,S09,session1,session3,physionet_grabmyo::S09::session1->session3,2033,pretrained_encoder,balanced_acc,0.24926252416837605
physionet_grabmyo,S09,session1,session3,physionet_grabmyo::S09::session1->session3,2033,raw_stats,balanced_acc,0.4576893614487342
physionet_grabmyo,S09,session1,session3,physionet_grabmyo::S09::session1->session3,2033,raw_stats_plus_frequency,balanced_acc,0.3859316919594874
physionet_grabmyo,S09,session1,session3,physionet_grabmyo::S09::session1->session3,2033,raw_stats_plus_pretrained,balanced_acc,0.33046113243632397
physionet_grabmyo,S09,session1,session3,physionet_grabmyo::S09::session1->session3,2034,frequency_logbandpower,balanced_acc,0.4566121916335029
physionet_grabmyo,S09,session1,session3,physionet_grabmyo::S09::session1->session3,2034,pretrained_encoder,balanced_acc,0.2560762950689952
physionet_grabmyo,S09,session1,session3,physionet_grabmyo::S09::session1->session3,2034,raw_stats,balanced_acc,0.4801032236104319
physionet_grabmyo,S09,session1,session3,physionet_grabmyo::S09::session1->session3,2034,raw_stats_plus_frequency,balanced_acc,0.3869275102860942
physionet_grabmyo,S09,session1,session3,physionet_grabmyo::S09::session1->session3,2034,raw_stats_plus_pretrained,balanced_acc,0.3393977591394028
physionet_grabmyo,S09,session1,session3,physionet_grabmyo::S09::session1->session3,2035,frequency_logbandpower,balanced_acc,0.4614105700931034
physionet_grabmyo,S09,session1,session3,physionet_grabmyo::S09::session1->session3,2035,pretrained_encoder,balanced_acc,0.2540650071646567
physionet_grabmyo,S09,session1,session3,physionet_grabmyo::S09::session1->session3,2035,raw_stats,balanced_acc,0.4973277127840033
physionet_grabmyo,S09,session1,session3,physionet_grabmyo::S09::session1->session3,2035,raw_stats_plus_frequency,balanced_acc,0.4047273328876821
physionet_grabmyo,S09,session1,session3,physionet_grabmyo::S09::session1->session3,2035,raw_stats_plus_pretrained,balanced_acc,0.3540364083501768
physionet_grabmyo,S10,session1,session2,physionet_grabmyo::S10::session1->session2,2026,frequency_logbandpower,balanced_acc,0.5355281092987324
physionet_grabmyo,S10,session1,session2,physionet_grabmyo::S10::session1->session2,2026,pretrained_encoder,balanced_acc,0.23392096794960027
physionet_grabmyo,S10,session1,session2,physionet_grabmyo::S10::session1->session2,2026,raw_stats,balanced_acc,0.5747669245629115
physionet_grabmyo,S10,session1,session2,physionet_grabmyo::S10::session1->session2,2026,raw_stats_plus_frequency,balanced_acc,0.45812719508008554
physionet_grabmyo,S10,session1,session2,physionet_grabmyo::S10::session1->session2,2026,raw_stats_plus_pretrained,balanced_acc,0.3405902656273304
physionet_grabmyo,S10,session1,session2,physionet_grabmyo::S10::session1->session2,2027,frequency_logbandpower,balanced_acc,0.5084846231320103
physionet_grabmyo,S10,session1,session2,physionet_grabmyo::S10::session1->session2,2027,pretrained_encoder,balanced_acc,0.23530449203246034
physionet_grabmyo,S10,session1,session2,physionet_grabmyo::S10::session1->session2,2027,raw_stats,balanced_acc,0.565388331730053
physionet_grabmyo,S10,session1,session2,physionet_grabmyo::S10::session1->session2,2027,raw_stats_plus_frequency,balanced_acc,0.4713620689776122
physionet_grabmyo,S10,session1,session2,physionet_grabmyo::S10::session1->session2,2027,raw_stats_plus_pretrained,balanced_acc,0.3334038487520355
physionet_grabmyo,S10,session1,session2,physionet_grabmyo::S10::session1->session2,2028,frequency_logbandpower,balanced_acc,0.5174411519307615
physionet_grabmyo,S10,session1,session2,physionet_grabmyo::S10::session1->session2,2028,pretrained_encoder,balanced_acc,0.23140822589498483
physionet_grabmyo,S10,session1,session2,physionet_grabmyo::S10::session1->session2,2028,raw_stats,balanced_acc,0.5639567481240968
physionet_grabmyo,S10,session1,session2,physionet_grabmyo::S10::session1->session2,2028,raw_stats_plus_frequency,balanced_acc,0.46735706479264283
physionet_grabmyo,S10,session1,session2,physionet_grabmyo::S10::session1->session2,2028,raw_stats_plus_pretrained,balanced_acc,0.3356894337789246
physionet_grabmyo,S10,session1,session2,physionet_grabmyo::S10::session1->session2,2029,frequency_logbandpower,balanced_acc,0.5300712834588727
physionet_grabmyo,S10,session1,session2,physionet_grabmyo::S10::session1->session2,2029,pretrained_encoder,balanced_acc,0.22642992501230727
physionet_grabmyo,S10,session1,session2,physionet_grabmyo::S10::session1->session2,2029,raw_stats,balanced_acc,0.5671893044041187
physionet_grabmyo,S10,session1,session2,physionet_grabmyo::S10::session1->session2,2029,raw_stats_plus_frequency,balanced_acc,0.4583235504291885
physionet_grabmyo,S10,session1,session2,physionet_grabmyo::S10::session1->session2,2029,raw_stats_plus_pretrained,balanced_acc,0.3316621622227006
physionet_grabmyo,S10,session1,session2,physionet_grabmyo::S10::session1->session2,2030,frequency_logbandpower,balanced_acc,0.5338353816861849
physionet_grabmyo,S10,session1,session2,physionet_grabmyo::S10::session1->session2,2030,pretrained_encoder,balanced_acc,0.2465107329610698
physionet_grabmyo,S10,session1,session2,physionet_grabmyo::S10::session1->session2,2030,raw_stats,balanced_acc,0.567233648351903
physionet_grabmyo,S10,session1,session2,physionet_grabmyo::S10::session1->session2,2030,raw_stats_plus_frequency,balanced_acc,0.47015960122942013
physionet_grabmyo,S10,session1,session2,physionet_grabmyo::S10::session1->session2,2030,raw_stats_plus_pretrained,balanced_acc,0.3326140937731299
physionet_grabmyo,S10,session1,session2,physionet_grabmyo::S10::session1->session2,2031,frequency_logbandpower,balanced_acc,0.5270764215475913
physionet_grabmyo,S10,session1,session2,physionet_grabmyo::S10::session1->session2,2031,pretrained_encoder,balanced_acc,0.23487226869654593
physionet_grabmyo,S10,session1,session2,physionet_grabmyo::S10::session1->session2,2031,raw_stats,balanced_acc,0.5632601071843554
physionet_grabmyo,S10,session1,session2,physionet_grabmyo::S10::session1->session2,2031,raw_stats_plus_frequency,balanced_acc,0.46515535244951856
physionet_grabmyo,S10,session1,session2,physionet_grabmyo::S10::session1->session2,2031,raw_stats_plus_pretrained,balanced_acc,0.35159782396934197
physionet_grabmyo,S10,session1,session2,physionet_grabmyo::S10::session1->session2,2032,frequency_logbandpower,balanced_acc,0.5256205268632738
physionet_grabmyo,S10,session1,session2,physionet_grabmyo::S10::session1->session2,2032,pretrained_encoder,balanced_acc,0.24121410736087023
physionet_grabmyo,S10,session1,session2,physionet_grabmyo::S10::session1->session2,2032,raw_stats,balanced_acc,0.5613282039850154
physionet_grabmyo,S10,session1,session2,physionet_grabmyo::S10::session1->session2,2032,raw_stats_plus_frequency,balanced_acc,0.4615459338074105
physionet_grabmyo,S10,session1,session2,physionet_grabmyo::S10::session1->session2,2032,raw_stats_plus_pretrained,balanced_acc,0.3427491688101378
physionet_grabmyo,S10,session1,session2,physionet_grabmyo::S10::session1->session2,2033,frequency_logbandpower,balanced_acc,0.5211097334501216
physionet_grabmyo,S10,session1,session2,physionet_grabmyo::S10::session1->session2,2033,pretrained_encoder,balanced_acc,0.24300688368540788
physionet_grabmyo,S10,session1,session2,physionet_grabmyo::S10::session1->session2,2033,raw_stats,balanced_acc,0.5694312761046304
physionet_grabmyo,S10,session1,session2,physionet_grabmyo::S10::session1->session2,2033,raw_stats_plus_frequency,balanced_acc,0.46420972458682236
physionet_grabmyo,S10,session1,session2,physionet_grabmyo::S10::session1->session2,2033,raw_stats_plus_pretrained,balanced_acc,0.3344954925230301
physionet_grabmyo,S10,session1,session2,physionet_grabmyo::S10::session1->session2,2034,frequency_logbandpower,balanced_acc,0.5212667305876323
physionet_grabmyo,S10,session1,session2,physionet_grabmyo::S10::session1->session2,2034,pretrained_encoder,balanced_acc,0.2323241031367678
physionet_grabmyo,S10,session1,session2,physionet_grabmyo::S10::session1->session2,2034,raw_stats,balanced_acc,0.557305927846972
physionet_grabmyo,S10,session1,session2,physionet_grabmyo::S10::session1->session2,2034,raw_stats_plus_frequency,balanced_acc,0.4579948599295167
physionet_grabmyo,S10,session1,session2,physionet_grabmyo::S10::session1->session2,2034,raw_stats_plus_pretrained,balanced_acc,0.3200583692832491
physionet_grabmyo,S10,session1,session2,physionet_grabmyo::S10::session1->session2,2035,frequency_logbandpower,balanced_acc,0.511895079131876
physionet_grabmyo,S10,session1,session2,physionet_grabmyo::S10::session1->session2,2035,pretrained_encoder,balanced_acc,0.23572695358393328
physionet_grabmyo,S10,session1,session2,physionet_grabmyo::S10::session1->session2,2035,raw_stats,balanced_acc,0.5485371384368936
physionet_grabmyo,S10,session1,session2,physionet_grabmyo::S10::session1->session2,2035,raw_stats_plus_frequency,balanced_acc,0.4557365272940421
physionet_grabmyo,S10,session1,session2,physionet_grabmyo::S10::session1->session2,2035,raw_stats_plus_pretrained,balanced_acc,0.34691651488795033
physionet_grabmyo,S10,session1,session3,physionet_grabmyo::S10::session1->session3,2026,frequency_logbandpower,balanced_acc,0.5142498694635883
physionet_grabmyo,S10,session1,session3,physionet_grabmyo::S10::session1->session3,2026,pretrained_encoder,balanced_acc,0.27754735622337195
physionet_grabmyo,S10,session1,session3,physionet_grabmyo::S10::session1->session3,2026,raw_stats,balanced_acc,0.5529479958238859
physionet_grabmyo,S10,session1,session3,physionet_grabmyo::S10::session1->session3,2026,raw_stats_plus_frequency,balanced_acc,0.4567224212474535
physionet_grabmyo,S10,session1,session3,physionet_grabmyo::S10::session1->session3,2026,raw_stats_plus_pretrained,balanced_acc,0.4079898974371135
physionet_grabmyo,S10,session1,session3,physionet_grabmyo::S10::session1->session3,2027,frequency_logbandpower,balanced_acc,0.5015199212933017
physionet_grabmyo,S10,session1,session3,physionet_grabmyo::S10::session1->session3,2027,pretrained_encoder,balanced_acc,0.2615497526912769
physionet_grabmyo,S10,session1,session3,physionet_grabmyo::S10::session1->session3,2027,raw_stats,balanced_acc,0.5604472562482228
physionet_grabmyo,S10,session1,session3,physionet_grabmyo::S10::session1->session3,2027,raw_stats_plus_frequency,balanced_acc,0.46154068840551343
physionet_grabmyo,S10,session1,session3,physionet_grabmyo::S10::session1->session3,2027,raw_stats_plus_pretrained,balanced_acc,0.39931405792789665
physionet_grabmyo,S10,session1,session3,physionet_grabmyo::S10::session1->session3,2028,frequency_logbandpower,balanced_acc,0.5019336518904666
physionet_grabmyo,S10,session1,session3,physionet_grabmyo::S10::session1->session3,2028,pretrained_encoder,balanced_acc,0.2642227493236964
physionet_grabmyo,S10,session1,session3,physionet_grabmyo::S10::session1->session3,2028,raw_stats,balanced_acc,0.5482775000536279
physionet_grabmyo,S10,session1,session3,physionet_grabmyo::S10::session1->session3,2028,raw_stats_plus_frequency,balanced_acc,0.4518945738020845
physionet_grabmyo,S10,session1,session3,physionet_grabmyo::S10::session1->session3,2028,raw_stats_plus_pretrained,balanced_acc,0.3959510213675356
physionet_grabmyo,S10,session1,session3,physionet_grabmyo::S10::session1->session3,2029,frequency_logbandpower,balanced_acc,0.48839679313375906
physionet_grabmyo,S10,session1,session3,physionet_grabmyo::S10::session1->session3,2029,pretrained_encoder,balanced_acc,0.2743869062866052
physionet_grabmyo,S10,session1,session3,physionet_grabmyo::S10::session1->session3,2029,raw_stats,balanced_acc,0.5403505951243477
physionet_grabmyo,S10,session1,session3,physionet_grabmyo::S10::session1->session3,2029,raw_stats_plus_frequency,balanced_acc,0.4493820989006672
physionet_grabmyo,S10,session1,session3,physionet_grabmyo::S10::session1->session3,2029,raw_stats_plus_pretrained,balanced_acc,0.38871898601474986
physionet_grabmyo,S10,session1,session3,physionet_grabmyo::S10::session1->session3,2030,frequency_logbandpower,balanced_acc,0.5147706910019989
physionet_grabmyo,S10,session1,session3,physionet_grabmyo::S10::session1->session3,2030,pretrained_encoder,balanced_acc,0.27724060638653125
physionet_grabmyo,S10,session1,session3,physionet_grabmyo::S10::session1->session3,2030,raw_stats,balanced_acc,0.5535341066613237
physionet_grabmyo,S10,session1,session3,physionet_grabmyo::S10::session1->session3,2030,raw_stats_plus_frequency,balanced_acc,0.4538071315624482
physionet_grabmyo,S10,session1,session3,physionet_grabmyo::S10::session1->session3,2030,raw_stats_plus_pretrained,balanced_acc,0.3833908271408984
physionet_grabmyo,S10,session1,session3,physionet_grabmyo::S10::session1->session3,2031,frequency_logbandpower,balanced_acc,0.5020786531204412
physionet_grabmyo,S10,session1,session3,physionet_grabmyo::S10::session1->session3,2031,pretrained_encoder,balanced_acc,0.2860733590123492
physionet_grabmyo,S10,session1,session3,physionet_grabmyo::S10::session1->session3,2031,raw_stats,balanced_acc,0.5500322763578831
physionet_grabmyo,S10,session1,session3,physionet_grabmyo::S10::session1->session3,2031,raw_stats_plus_frequency,balanced_acc,0.4666678981828864
physionet_grabmyo,S10,session1,session3,physionet_grabmyo::S10::session1->session3,2031,raw_stats_plus_pretrained,balanced_acc,0.40943796648014663
physionet_grabmyo,S10,session1,session3,physionet_grabmyo::S10::session1->session3,2032,frequency_logbandpower,balanced_acc,0.5251076489951009
physionet_grabmyo,S10,session1,session3,physionet_grabmyo::S10::session1->session3,2032,pretrained_encoder,balanced_acc,0.2826887201233202
physionet_grabmyo,S10,session1,session3,physionet_grabmyo::S10::session1->session3,2032,raw_stats,balanced_acc,0.5580426557643352
physionet_grabmyo,S10,session1,session3,physionet_grabmyo::S10::session1->session3,2032,raw_stats_plus_frequency,balanced_acc,0.4464165289561791
physionet_grabmyo,S10,session1,session3,physionet_grabmyo::S10::session1->session3,2032,raw_stats_plus_pretrained,balanced_acc,0.3822186408139245
physionet_grabmyo,S10,session1,session3,physionet_grabmyo::S10::session1->session3,2033,frequency_logbandpower,balanced_acc,0.5102409454747021
physionet_grabmyo,S10,session1,session3,physionet_grabmyo::S10::session1->session3,2033,pretrained_encoder,balanced_acc,0.2740228074953186
physionet_grabmyo,S10,session1,session3,physionet_grabmyo::S10::session1->session3,2033,raw_stats,balanced_acc,0.5538008457084225
physionet_grabmyo,S10,session1,session3,physionet_grabmyo::S10::session1->session3,2033,raw_stats_plus_frequency,balanced_acc,0.4548203007962429
physionet_grabmyo,S10,session1,session3,physionet_grabmyo::S10::session1->session3,2033,raw_stats_plus_pretrained,balanced_acc,0.37537750206476167
physionet_grabmyo,S10,session1,session3,physionet_grabmyo::S10::session1->session3,2034,frequency_logbandpower,balanced_acc,0.5208647381139281
physionet_grabmyo,S10,session1,session3,physionet_grabmyo::S10::session1->session3,2034,pretrained_encoder,balanced_acc,0.27242982831402324
physionet_grabmyo,S10,session1,session3,physionet_grabmyo::S10::session1->session3,2034,raw_stats,balanced_acc,0.5531414285824313
physionet_grabmyo,S10,session1,session3,physionet_grabmyo::S10::session1->session3,2034,raw_stats_plus_frequency,balanced_acc,0.45052120502265763
physionet_grabmyo,S10,session1,session3,physionet_grabmyo::S10::session1->session3,2034,raw_stats_plus_pretrained,balanced_acc,0.3879228103949967
physionet_grabmyo,S10,session1,session3,physionet_grabmyo::S10::session1->session3,2035,frequency_logbandpower,balanced_acc,0.5292507353866354
physionet_grabmyo,S10,session1,session3,physionet_grabmyo::S10::session1->session3,2035,pretrained_encoder,balanced_acc,0.2598990883826124
physionet_grabmyo,S10,session1,session3,physionet_grabmyo::S10::session1->session3,2035,raw_stats,balanced_acc,0.5455447613801713
physionet_grabmyo,S10,session1,session3,physionet_grabmyo::S10::session1->session3,2035,raw_stats_plus_frequency,balanced_acc,0.4546771444213279
physionet_grabmyo,S10,session1,session3,physionet_grabmyo::S10::session1->session3,2035,raw_stats_plus_pretrained,balanced_acc,0.3807087253061395
physionet_grabmyo,S11,session1,session2,physionet_grabmyo::S11::session1->session2,2026,frequency_logbandpower,balanced_acc,0.45793038069398057
physionet_grabmyo,S11,session1,session2,physionet_grabmyo::S11::session1->session2,2026,pretrained_encoder,balanced_acc,0.16609884622698837
physionet_grabmyo,S11,session1,session2,physionet_grabmyo::S11::session1->session2,2026,raw_stats,balanced_acc,0.540485827420114
physionet_grabmyo,S11,session1,session2,physionet_grabmyo::S11::session1->session2,2026,raw_stats_plus_frequency,balanced_acc,0.4145268975275418
physionet_grabmyo,S11,session1,session2,physionet_grabmyo::S11::session1->session2,2026,raw_stats_plus_pretrained,balanced_acc,0.32248760391253484
physionet_grabmyo,S11,session1,session2,physionet_grabmyo::S11::session1->session2,2027,frequency_logbandpower,balanced_acc,0.44039254706482633
physionet_grabmyo,S11,session1,session2,physionet_grabmyo::S11::session1->session2,2027,pretrained_encoder,balanced_acc,0.15733105385445956
physionet_grabmyo,S11,session1,session2,physionet_grabmyo::S11::session1->session2,2027,raw_stats,balanced_acc,0.5300429476689549
physionet_grabmyo,S11,session1,session2,physionet_grabmyo::S11::session1->session2,2027,raw_stats_plus_frequency,balanced_acc,0.40409176471168945
physionet_grabmyo,S11,session1,session2,physionet_grabmyo::S11::session1->session2,2027,raw_stats_plus_pretrained,balanced_acc,0.324085035519068
physionet_grabmyo,S11,session1,session2,physionet_grabmyo::S11::session1->session2,2028,frequency_logbandpower,balanced_acc,0.45059925991811844
physionet_grabmyo,S11,session1,session2,physionet_grabmyo::S11::session1->session2,2028,pretrained_encoder,balanced_acc,0.16539794373964953
physionet_grabmyo,S11,session1,session2,physionet_grabmyo::S11::session1->session2,2028,raw_stats,balanced_acc,0.5087166665995873
physionet_grabmyo,S11,session1,session2,physionet_grabmyo::S11::session1->session2,2028,raw_stats_plus_frequency,balanced_acc,0.3923276812110097
physionet_grabmyo,S11,session1,session2,physionet_grabmyo::S11::session1->session2,2028,raw_stats_plus_pretrained,balanced_acc,0.3089571350941395
physionet_grabmyo,S11,session1,session2,physionet_grabmyo::S11::session1->session2,2029,frequency_logbandpower,balanced_acc,0.44471816229606553
physionet_grabmyo,S11,session1,session2,physionet_grabmyo::S11::session1->session2,2029,pretrained_encoder,balanced_acc,0.1664534412437874
physionet_grabmyo,S11,session1,session2,physionet_grabmyo::S11::session1->session2,2029,raw_stats,balanced_acc,0.5411624154783766
physionet_grabmyo,S11,session1,session2,physionet_grabmyo::S11::session1->session2,2029,raw_stats_plus_frequency,balanced_acc,0.40922552828997344
physionet_grabmyo,S11,session1,session2,physionet_grabmyo::S11::session1->session2,2029,raw_stats_plus_pretrained,balanced_acc,0.3279144720381605
physionet_grabmyo,S11,session1,session2,physionet_grabmyo::S11::session1->session2,2030,frequency_logbandpower,balanced_acc,0.4425020144771544
physionet_grabmyo,S11,session1,session2,physionet_grabmyo::S11::session1->session2,2030,pretrained_encoder,balanced_acc,0.18089575862667243
physionet_grabmyo,S11,session1,session2,physionet_grabmyo::S11::session1->session2,2030,raw_stats,balanced_acc,0.5492534540254479
physionet_grabmyo,S11,session1,session2,physionet_grabmyo::S11::session1->session2,2030,raw_stats_plus_frequency,balanced_acc,0.3973603808942771
physionet_grabmyo,S11,session1,session2,physionet_grabmyo::S11::session1->session2,2030,raw_stats_plus_pretrained,balanced_acc,0.3455074820180064
physionet_grabmyo,S11,session1,session2,physionet_grabmyo::S11::session1->session2,2031,frequency_logbandpower,balanced_acc,0.45305380555130553
physionet_grabmyo,S11,session1,session2,physionet_grabmyo::S11::session1->session2,2031,pretrained_encoder,balanced_acc,0.19066695846918558
physionet_grabmyo,S11,session1,session2,physionet_grabmyo::S11::session1->session2,2031,raw_stats,balanced_acc,0.5318095116185759
physionet_grabmyo,S11,session1,session2,physionet_grabmyo::S11::session1->session2,2031,raw_stats_plus_frequency,balanced_acc,0.4095091062793011
physionet_grabmyo,S11,session1,session2,physionet_grabmyo::S11::session1->session2,2031,raw_stats_plus_pretrained,balanced_acc,0.33335758791848324
physionet_grabmyo,S11,session1,session2,physionet_grabmyo::S11::session1->session2,2032,frequency_logbandpower,balanced_acc,0.44122360628824114
physionet_grabmyo,S11,session1,session2,physionet_grabmyo::S11::session1->session2,2032,pretrained_encoder,balanced_acc,0.16335281836214624
physionet_grabmyo,S11,session1,session2,physionet_grabmyo::S11::session1->session2,2032,raw_stats,balanced_acc,0.5353469818391672
physionet_grabmyo,S11,session1,session2,physionet_grabmyo::S11::session1->session2,2032,raw_stats_plus_frequency,balanced_acc,0.3830642457401598
physionet_grabmyo,S11,session1,session2,physionet_grabmyo::S11::session1->session2,2032,raw_stats_plus_pretrained,balanced_acc,0.3370455179121622
physionet_grabmyo,S11,session1,session2,physionet_grabmyo::S11::session1->session2,2033,frequency_logbandpower,balanced_acc,0.45643896649976834
physionet_grabmyo,S11,session1,session2,physionet_grabmyo::S11::session1->session2,2033,pretrained_encoder,balanced_acc,0.1679741058555725
physionet_grabmyo,S11,session1,session2,physionet_grabmyo::S11::session1->session2,2033,raw_stats,balanced_acc,0.5255740847222197
physionet_grabmyo,S11,session1,session2,physionet_grabmyo::S11::session1->session2,2033,raw_stats_plus_frequency,balanced_acc,0.4021177159168987
physionet_grabmyo,S11,session1,session2,physionet_grabmyo::S11::session1->session2,2033,raw_stats_plus_pretrained,balanced_acc,0.3239091925524223
physionet_grabmyo,S11,session1,session2,physionet_grabmyo::S11::session1->session2,2034,frequency_logbandpower,balanced_acc,0.44797626034272636
physionet_grabmyo,S11,session1,session2,physionet_grabmyo::S11::session1->session2,2034,pretrained_encoder,balanced_acc,0.18841318056682854
physionet_grabmyo,S11,session1,session2,physionet_grabmyo::S11::session1->session2,2034,raw_stats,balanced_acc,0.5344531524522276
physionet_grabmyo,S11,session1,session2,physionet_grabmyo::S11::session1->session2,2034,raw_stats_plus_frequency,balanced_acc,0.4211731025412511
physionet_grabmyo,S11,session1,session2,physionet_grabmyo::S11::session1->session2,2034,raw_stats_plus_pretrained,balanced_acc,0.3104435574329515
physionet_grabmyo,S11,session1,session2,physionet_grabmyo::S11::session1->session2,2035,frequency_logbandpower,balanced_acc,0.46610403899382885
physionet_grabmyo,S11,session1,session2,physionet_grabmyo::S11::session1->session2,2035,pretrained_encoder,balanced_acc,0.17015031177508275
physionet_grabmyo,S11,session1,session2,physionet_grabmyo::S11::session1->session2,2035,raw_stats,balanced_acc,0.5511020178648987
physionet_grabmyo,S11,session1,session2,physionet_grabmyo::S11::session1->session2,2035,raw_stats_plus_frequency,balanced_acc,0.4305309107743233
physionet_grabmyo,S11,session1,session2,physionet_grabmyo::S11::session1->session2,2035,raw_stats_plus_pretrained,balanced_acc,0.34006263268353537
physionet_grabmyo,S11,session1,session3,physionet_grabmyo::S11::session1->session3,2026,frequency_logbandpower,balanced_acc,0.4178152237024831
physionet_grabmyo,S11,session1,session3,physionet_grabmyo::S11::session1->session3,2026,pretrained_encoder,balanced_acc,0.16330672635507362
physionet_grabmyo,S11,session1,session3,physionet_grabmyo::S11::session1->session3,2026,raw_stats,balanced_acc,0.48707816701817697
physionet_grabmyo,S11,session1,session3,physionet_grabmyo::S11::session1->session3,2026,raw_stats_plus_frequency,balanced_acc,0.38274566305300456
physionet_grabmyo,S11,session1,session3,physionet_grabmyo::S11::session1->session3,2026,raw_stats_plus_pretrained,balanced_acc,0.28412966932187467
physionet_grabmyo,S11,session1,session3,physionet_grabmyo::S11::session1->session3,2027,frequency_logbandpower,balanced_acc,0.42301786713126494
physionet_grabmyo,S11,session1,session3,physionet_grabmyo::S11::session1->session3,2027,pretrained_encoder,balanced_acc,0.14987299980825022
physionet_grabmyo,S11,session1,session3,physionet_grabmyo::S11::session1->session3,2027,raw_stats,balanced_acc,0.5001702761445018
physionet_grabmyo,S11,session1,session3,physionet_grabmyo::S11::session1->session3,2027,raw_stats_plus_frequency,balanced_acc,0.3786422664998947
physionet_grabmyo,S11,session1,session3,physionet_grabmyo::S11::session1->session3,2027,raw_stats_plus_pretrained,balanced_acc,0.2960547119161803
physionet_grabmyo,S11,session1,session3,physionet_grabmyo::S11::session1->session3,2028,frequency_logbandpower,balanced_acc,0.40821395912528274
physionet_grabmyo,S11,session1,session3,physionet_grabmyo::S11::session1->session3,2028,pretrained_encoder,balanced_acc,0.15804944533591675
physionet_grabmyo,S11,session1,session3,physionet_grabmyo::S11::session1->session3,2028,raw_stats,balanced_acc,0.5080683583952312
physionet_grabmyo,S11,session1,session3,physionet_grabmyo::S11::session1->session3,2028,raw_stats_plus_frequency,balanced_acc,0.3896795354714127
physionet_grabmyo,S11,session1,session3,physionet_grabmyo::S11::session1->session3,2028,raw_stats_plus_pretrained,balanced_acc,0.28767677458182106
physionet_grabmyo,S11,session1,session3,physionet_grabmyo::S11::session1->session3,2029,frequency_logbandpower,balanced_acc,0.4009856006488984
physionet_grabmyo,S11,session1,session3,physionet_grabmyo::S11::session1->session3,2029,pretrained_encoder,balanced_acc,0.15395046125780512
physionet_grabmyo,S11,session1,session3,physionet_grabmyo::S11::session1->session3,2029,raw_stats,balanced_acc,0.4929719018042611
physionet_grabmyo,S11,session1,session3,physionet_grabmyo::S11::session1->session3,2029,raw_stats_plus_frequency,balanced_acc,0.3676600706318519
physionet_grabmyo,S11,session1,session3,physionet_grabmyo::S11::session1->session3,2029,raw_stats_plus_pretrained,balanced_acc,0.2894472419087127
physionet_grabmyo,S11,session1,session3,physionet_grabmyo::S11::session1->session3,2030,frequency_logbandpower,balanced_acc,0.43134480267194747
physionet_grabmyo,S11,session1,session3,physionet_grabmyo::S11::session1->session3,2030,pretrained_encoder,balanced_acc,0.16210295616984247
physionet_grabmyo,S11,session1,session3,physionet_grabmyo::S11::session1->session3,2030,raw_stats,balanced_acc,0.49521582807974923
physionet_grabmyo,S11,session1,session3,physionet_grabmyo::S11::session1->session3,2030,raw_stats_plus_frequency,balanced_acc,0.40137114027649234
physionet_grabmyo,S11,session1,session3,physionet_grabmyo::S11::session1->session3,2030,raw_stats_plus_pretrained,balanced_acc,0.2700687343914363
physionet_grabmyo,S11,session1,session3,physionet_grabmyo::S11::session1->session3,2031,frequency_logbandpower,balanced_acc,0.3933938328204245
physionet_grabmyo,S11,session1,session3,physionet_grabmyo::S11::session1->session3,2031,pretrained_encoder,balanced_acc,0.15428873593863404
physionet_grabmyo,S11,session1,session3,physionet_grabmyo::S11::session1->session3,2031,raw_stats,balanced_acc,0.4913668415653566
physionet_grabmyo,S11,session1,session3,physionet_grabmyo::S11::session1->session3,2031,raw_stats_plus_frequency,balanced_acc,0.3788704702358054
physionet_grabmyo,S11,session1,session3,physionet_grabmyo::S11::session1->session3,2031,raw_stats_plus_pretrained,balanced_acc,0.28066729748394215
physionet_grabmyo,S11,session1,session3,physionet_grabmyo::S11::session1->session3,2032,frequency_logbandpower,balanced_acc,0.4150517358666031
physionet_grabmyo,S11,session1,session3,physionet_grabmyo::S11::session1->session3,2032,pretrained_encoder,balanced_acc,0.158579043695267
physionet_grabmyo,S11,session1,session3,physionet_grabmyo::S11::session1->session3,2032,raw_stats,balanced_acc,0.4950056564454132
physionet_grabmyo,S11,session1,session3,physionet_grabmyo::S11::session1->session3,2032,raw_stats_plus_frequency,balanced_acc,0.363895914954762
physionet_grabmyo,S11,session1,session3,physionet_grabmyo::S11::session1->session3,2032,raw_stats_plus_pretrained,balanced_acc,0.2903669007012342
physionet_grabmyo,S11,session1,session3,physionet_grabmyo::S11::session1->session3,2033,frequency_logbandpower,balanced_acc,0.4124131728295563
physionet_grabmyo,S11,session1,session3,physionet_grabmyo::S11::session1->session3,2033,pretrained_encoder,balanced_acc,0.1685169495199112
physionet_grabmyo,S11,session1,session3,physionet_grabmyo::S11::session1->session3,2033,raw_stats,balanced_acc,0.5117001378435709
physionet_grabmyo,S11,session1,session3,physionet_grabmyo::S11::session1->session3,2033,raw_stats_plus_frequency,balanced_acc,0.37126337893479644
physionet_grabmyo,S11,session1,session3,physionet_grabmyo::S11::session1->session3,2033,raw_stats_plus_pretrained,balanced_acc,0.28377431608710035
physionet_grabmyo,S11,session1,session3,physionet_grabmyo::S11::session1->session3,2034,frequency_logbandpower,balanced_acc,0.42672298681553444
physionet_grabmyo,S11,session1,session3,physionet_grabmyo::S11::session1->session3,2034,pretrained_encoder,balanced_acc,0.1722815336451412
physionet_grabmyo,S11,session1,session3,physionet_grabmyo::S11::session1->session3,2034,raw_stats,balanced_acc,0.4890363582287935
physionet_grabmyo,S11,session1,session3,physionet_grabmyo::S11::session1->session3,2034,raw_stats_plus_frequency,balanced_acc,0.3995152411987025
physionet_grabmyo,S11,session1,session3,physionet_grabmyo::S11::session1->session3,2034,raw_stats_plus_pretrained,balanced_acc,0.2687476204434206
physionet_grabmyo,S11,session1,session3,physionet_grabmyo::S11::session1->session3,2035,frequency_logbandpower,balanced_acc,0.43531382738661867
physionet_grabmyo,S11,session1,session3,physionet_grabmyo::S11::session1->session3,2035,pretrained_encoder,balanced_acc,0.15602598713809118
physionet_grabmyo,S11,session1,session3,physionet_grabmyo::S11::session1->session3,2035,raw_stats,balanced_acc,0.49408454509475636
physionet_grabmyo,S11,session1,session3,physionet_grabmyo::S11::session1->session3,2035,raw_stats_plus_frequency,balanced_acc,0.3993679108095313
physionet_grabmyo,S11,session1,session3,physionet_grabmyo::S11::session1->session3,2035,raw_stats_plus_pretrained,balanced_acc,0.2803184907248031
physionet_grabmyo,S12,session1,session2,physionet_grabmyo::S12::session1->session2,2026,frequency_logbandpower,balanced_acc,0.4757571726726249
physionet_grabmyo,S12,session1,session2,physionet_grabmyo::S12::session1->session2,2026,pretrained_encoder,balanced_acc,0.17241881959232055
physionet_grabmyo,S12,session1,session2,physionet_grabmyo::S12::session1->session2,2026,raw_stats,balanced_acc,0.5327330112375748
physionet_grabmyo,S12,session1,session2,physionet_grabmyo::S12::session1->session2,2026,raw_stats_plus_frequency,balanced_acc,0.4307057885514138
physionet_grabmyo,S12,session1,session2,physionet_grabmyo::S12::session1->session2,2026,raw_stats_plus_pretrained,balanced_acc,0.3354919691568813
physionet_grabmyo,S12,session1,session2,physionet_grabmyo::S12::session1->session2,2027,frequency_logbandpower,balanced_acc,0.48287399217283755
physionet_grabmyo,S12,session1,session2,physionet_grabmyo::S12::session1->session2,2027,pretrained_encoder,balanced_acc,0.19051910264176009
physionet_grabmyo,S12,session1,session2,physionet_grabmyo::S12::session1->session2,2027,raw_stats,balanced_acc,0.5446204990275775
physionet_grabmyo,S12,session1,session2,physionet_grabmyo::S12::session1->session2,2027,raw_stats_plus_frequency,balanced_acc,0.3939721955088098
physionet_grabmyo,S12,session1,session2,physionet_grabmyo::S12::session1->session2,2027,raw_stats_plus_pretrained,balanced_acc,0.33557118053034535
physionet_grabmyo,S12,session1,session2,physionet_grabmyo::S12::session1->session2,2028,frequency_logbandpower,balanced_acc,0.4674289426078156
physionet_grabmyo,S12,session1,session2,physionet_grabmyo::S12::session1->session2,2028,pretrained_encoder,balanced_acc,0.17746672708258146
physionet_grabmyo,S12,session1,session2,physionet_grabmyo::S12::session1->session2,2028,raw_stats,balanced_acc,0.5196912527200319
physionet_grabmyo,S12,session1,session2,physionet_grabmyo::S12::session1->session2,2028,raw_stats_plus_frequency,balanced_acc,0.3952929630412344
physionet_grabmyo,S12,session1,session2,physionet_grabmyo::S12::session1->session2,2028,raw_stats_plus_pretrained,balanced_acc,0.31262017222476746
physionet_grabmyo,S12,session1,session2,physionet_grabmyo::S12::session1->session2,2029,frequency_logbandpower,balanced_acc,0.4711500835502886
physionet_grabmyo,S12,session1,session2,physionet_grabmyo::S12::session1->session2,2029,pretrained_encoder,balanced_acc,0.16431455542953574
physionet_grabmyo,S12,session1,session2,physionet_grabmyo::S12::session1->session2,2029,raw_stats,balanced_acc,0.5288610183004132
physionet_grabmyo,S12,session1,session2,physionet_grabmyo::S12::session1->session2,2029,raw_stats_plus_frequency,balanced_acc,0.4042055034781101
physionet_grabmyo,S12,session1,session2,physionet_grabmyo::S12::session1->session2,2029,raw_stats_plus_pretrained,balanced_acc,0.3400952303631452
physionet_grabmyo,S12,session1,session2,physionet_grabmyo::S12::session1->session2,2030,frequency_logbandpower,balanced_acc,0.471579913441561
physionet_grabmyo,S12,session1,session2,physionet_grabmyo::S12::session1->session2,2030,pretrained_encoder,balanced_acc,0.18662562683516873
physionet_grabmyo,S12,session1,session2,physionet_grabmyo::S12::session1->session2,2030,raw_stats,balanced_acc,0.5311793485472939
physionet_grabmyo,S12,session1,session2,physionet_grabmyo::S12::session1->session2,2030,raw_stats_plus_frequency,balanced_acc,0.39548438817288334
physionet_grabmyo,S12,session1,session2,physionet_grabmyo::S12::session1->session2,2030,raw_stats_plus_pretrained,balanced_acc,0.3570161372969381
physionet_grabmyo,S12,session1,session2,physionet_grabmyo::S12::session1->session2,2031,frequency_logbandpower,balanced_acc,0.47963166334225604
physionet_grabmyo,S12,session1,session2,physionet_grabmyo::S12::session1->session2,2031,pretrained_encoder,balanced_acc,0.16699188325604555
physionet_grabmyo,S12,session1,session2,physionet_grabmyo::S12::session1->session2,2031,raw_stats,balanced_acc,0.5526467199501045
physionet_grabmyo,S12,session1,session2,physionet_grabmyo::S12::session1->session2,2031,raw_stats_plus_frequency,balanced_acc,0.4275489552440899
physionet_grabmyo,S12,session1,session2,physionet_grabmyo::S12::session1->session2,2031,raw_stats_plus_pretrained,balanced_acc,0.34111296726438023
physionet_grabmyo,S12,session1,session2,physionet_grabmyo::S12::session1->session2,2032,frequency_logbandpower,balanced_acc,0.4792660207650218
physionet_grabmyo,S12,session1,session2,physionet_grabmyo::S12::session1->session2,2032,pretrained_encoder,balanced_acc,0.181515778685734
physionet_grabmyo,S12,session1,session2,physionet_grabmyo::S12::session1->session2,2032,raw_stats,balanced_acc,0.5137064912745556
physionet_grabmyo,S12,session1,session2,physionet_grabmyo::S12::session1->session2,2032,raw_stats_plus_frequency,balanced_acc,0.41112136295784363
physionet_grabmyo,S12,session1,session2,physionet_grabmyo::S12::session1->session2,2032,raw_stats_plus_pretrained,balanced_acc,0.3384962737894474
physionet_grabmyo,S12,session1,session2,physionet_grabmyo::S12::session1->session2,2033,frequency_logbandpower,balanced_acc,0.4611209523040047
physionet_grabmyo,S12,session1,session2,physionet_grabmyo::S12::session1->session2,2033,pretrained_encoder,balanced_acc,0.1835123317920603
physionet_grabmyo,S12,session1,session2,physionet_grabmyo::S12::session1->session2,2033,raw_stats,balanced_acc,0.5357951124068737
physionet_grabmyo,S12,session1,session2,physionet_grabmyo::S12::session1->session2,2033,raw_stats_plus_frequency,balanced_acc,0.39717276500805215
physionet_grabmyo,S12,session1,session2,physionet_grabmyo::S12::session1->session2,2033,raw_stats_plus_pretrained,balanced_acc,0.3230362188859051
physionet_grabmyo,S12,session1,session2,physionet_grabmyo::S12::session1->session2,2034,frequency_logbandpower,balanced_acc,0.47117124810674926
physionet_grabmyo,S12,session1,session2,physionet_grabmyo::S12::session1->session2,2034,pretrained_encoder,balanced_acc,0.17461739753438874
physionet_grabmyo,S12,session1,session2,physionet_grabmyo::S12::session1->session2,2034,raw_stats,balanced_acc,0.5570660469119311
physionet_grabmyo,S12,session1,session2,physionet_grabmyo::S12::session1->session2,2034,raw_stats_plus_frequency,balanced_acc,0.4172890654466289
physionet_grabmyo,S12,session1,session2,physionet_grabmyo::S12::session1->session2,2034,raw_stats_plus_pretrained,balanced_acc,0.31653081708073116
physionet_grabmyo,S12,session1,session2,physionet_grabmyo::S12::session1->session2,2035,frequency_logbandpower,balanced_acc,0.47180754745221276
physionet_grabmyo,S12,session1,session2,physionet_grabmyo::S12::session1->session2,2035,pretrained_encoder,balanced_acc,0.17224349233403272
physionet_grabmyo,S12,session1,session2,physionet_grabmyo::S12::session1->session2,2035,raw_stats,balanced_acc,0.5432212909998715
physionet_grabmyo,S12,session1,session2,physionet_grabmyo::S12::session1->session2,2035,raw_stats_plus_frequency,balanced_acc,0.39327935010940557
physionet_grabmyo,S12,session1,session2,physionet_grabmyo::S12::session1->session2,2035,raw_stats_plus_pretrained,balanced_acc,0.3463635245229092
physionet_grabmyo,S12,session1,session3,physionet_grabmyo::S12::session1->session3,2026,frequency_logbandpower,balanced_acc,0.4574889894708113
physionet_grabmyo,S12,session1,session3,physionet_grabmyo::S12::session1->session3,2026,pretrained_encoder,balanced_acc,0.18669746720897434
physionet_grabmyo,S12,session1,session3,physionet_grabmyo::S12::session1->session3,2026,raw_stats,balanced_acc,0.5309968261936427
physionet_grabmyo,S12,session1,session3,physionet_grabmyo::S12::session1->session3,2026,raw_stats_plus_frequency,balanced_acc,0.4342168284888887
physionet_grabmyo,S12,session1,session3,physionet_grabmyo::S12::session1->session3,2026,raw_stats_plus_pretrained,balanced_acc,0.3624240027862669
physionet_grabmyo,S12,session1,session3,physionet_grabmyo::S12::session1->session3,2027,frequency_logbandpower,balanced_acc,0.4694174242654006
physionet_grabmyo,S12,session1,session3,physionet_grabmyo::S12::session1->session3,2027,pretrained_encoder,balanced_acc,0.19251483913142736
physionet_grabmyo,S12,session1,session3,physionet_grabmyo::S12::session1->session3,2027,raw_stats,balanced_acc,0.5393161310093849
physionet_grabmyo,S12,session1,session3,physionet_grabmyo::S12::session1->session3,2027,raw_stats_plus_frequency,balanced_acc,0.42414523047037767
physionet_grabmyo,S12,session1,session3,physionet_grabmyo::S12::session1->session3,2027,raw_stats_plus_pretrained,balanced_acc,0.34520641520257106
physionet_grabmyo,S12,session1,session3,physionet_grabmyo::S12::session1->session3,2028,frequency_logbandpower,balanced_acc,0.4683279115041848
physionet_grabmyo,S12,session1,session3,physionet_grabmyo::S12::session1->session3,2028,pretrained_encoder,balanced_acc,0.21169465006007265
physionet_grabmyo,S12,session1,session3,physionet_grabmyo::S12::session1->session3,2028,raw_stats,balanced_acc,0.5350616722666768
physionet_grabmyo,S12,session1,session3,physionet_grabmyo::S12::session1->session3,2028,raw_stats_plus_frequency,balanced_acc,0.41513750170004876
physionet_grabmyo,S12,session1,session3,physionet_grabmyo::S12::session1->session3,2028,raw_stats_plus_pretrained,balanced_acc,0.3658525399067744
physionet_grabmyo,S12,session1,session3,physionet_grabmyo::S12::session1->session3,2029,frequency_logbandpower,balanced_acc,0.4613161760566318
physionet_grabmyo,S12,session1,session3,physionet_grabmyo::S12::session1->session3,2029,pretrained_encoder,balanced_acc,0.2015837521289535
physionet_grabmyo,S12,session1,session3,physionet_grabmyo::S12::session1->session3,2029,raw_stats,balanced_acc,0.542395870558225
physionet_grabmyo,S12,session1,session3,physionet_grabmyo::S12::session1->session3,2029,raw_stats_plus_frequency,balanced_acc,0.4190109203560708
physionet_grabmyo,S12,session1,session3,physionet_grabmyo::S12::session1->session3,2029,raw_stats_plus_pretrained,balanced_acc,0.3503219790470881
physionet_grabmyo,S12,session1,session3,physionet_grabmyo::S12::session1->session3,2030,frequency_logbandpower,balanced_acc,0.45650127863047424
physionet_grabmyo,S12,session1,session3,physionet_grabmyo::S12::session1->session3,2030,pretrained_encoder,balanced_acc,0.1962546295681344
physionet_grabmyo,S12,session1,session3,physionet_grabmyo::S12::session1->session3,2030,raw_stats,balanced_acc,0.5372917223889533
physionet_grabmyo,S12,session1,session3,physionet_grabmyo::S12::session1->session3,2030,raw_stats_plus_frequency,balanced_acc,0.3959977587961903
physionet_grabmyo,S12,session1,session3,physionet_grabmyo::S12::session1->session3,2030,raw_stats_plus_pretrained,balanced_acc,0.3525672578992903
physionet_grabmyo,S12,session1,session3,physionet_grabmyo::S12::session1->session3,2031,frequency_logbandpower,balanced_acc,0.4519171748711155
physionet_grabmyo,S12,session1,session3,physionet_grabmyo::S12::session1->session3,2031,pretrained_encoder,balanced_acc,0.1887278817457618
physionet_grabmyo,S12,session1,session3,physionet_grabmyo::S12::session1->session3,2031,raw_stats,balanced_acc,0.5413827712826101
physionet_grabmyo,S12,session1,session3,physionet_grabmyo::S12::session1->session3,2031,raw_stats_plus_frequency,balanced_acc,0.40821106162949544
physionet_grabmyo,S12,session1,session3,physionet_grabmyo::S12::session1->session3,2031,raw_stats_plus_pretrained,balanced_acc,0.35181910914855175
physionet_grabmyo,S12,session1,session3,physionet_grabmyo::S12::session1->session3,2032,frequency_logbandpower,balanced_acc,0.45698653268824807
physionet_grabmyo,S12,session1,session3,physionet_grabmyo::S12::session1->session3,2032,pretrained_encoder,balanced_acc,0.18936096212315184
physionet_grabmyo,S12,session1,session3,physionet_grabmyo::S12::session1->session3,2032,raw_stats,balanced_acc,0.5419427592654772
physionet_grabmyo,S12,session1,session3,physionet_grabmyo::S12::session1->session3,2032,raw_stats_plus_frequency,balanced_acc,0.41493843553819415
physionet_grabmyo,S12,session1,session3,physionet_grabmyo::S12::session1->session3,2032,raw_stats_plus_pretrained,balanced_acc,0.35179816958635296
physionet_grabmyo,S12,session1,session3,physionet_grabmyo::S12::session1->session3,2033,frequency_logbandpower,balanced_acc,0.4721271553026963
physionet_grabmyo,S12,session1,session3,physionet_grabmyo::S12::session1->session3,2033,pretrained_encoder,balanced_acc,0.18865111438342005
physionet_grabmyo,S12,session1,session3,physionet_grabmyo::S12::session1->session3,2033,raw_stats,balanced_acc,0.5334825336779117
physionet_grabmyo,S12,session1,session3,physionet_grabmyo::S12::session1->session3,2033,raw_stats_plus_frequency,balanced_acc,0.41850468326380774
physionet_grabmyo,S12,session1,session3,physionet_grabmyo::S12::session1->session3,2033,raw_stats_plus_pretrained,balanced_acc,0.35089223823868787
physionet_grabmyo,S12,session1,session3,physionet_grabmyo::S12::session1->session3,2034,frequency_logbandpower,balanced_acc,0.45393616605369863
physionet_grabmyo,S12,session1,session3,physionet_grabmyo::S12::session1->session3,2034,pretrained_encoder,balanced_acc,0.1927230511251107
physionet_grabmyo,S12,session1,session3,physionet_grabmyo::S12::session1->session3,2034,raw_stats,balanced_acc,0.546733090746346
physionet_grabmyo,S12,session1,session3,physionet_grabmyo::S12::session1->session3,2034,raw_stats_plus_frequency,balanced_acc,0.41844917795282116
physionet_grabmyo,S12,session1,session3,physionet_grabmyo::S12::session1->session3,2034,raw_stats_plus_pretrained,balanced_acc,0.34323264287138733
physionet_grabmyo,S12,session1,session3,physionet_grabmyo::S12::session1->session3,2035,frequency_logbandpower,balanced_acc,0.4617842955801333
physionet_grabmyo,S12,session1,session3,physionet_grabmyo::S12::session1->session3,2035,pretrained_encoder,balanced_acc,0.20049731991295397
physionet_grabmyo,S12,session1,session3,physionet_grabmyo::S12::session1->session3,2035,raw_stats,balanced_acc,0.5454912283915749
physionet_grabmyo,S12,session1,session3,physionet_grabmyo::S12::session1->session3,2035,raw_stats_plus_frequency,balanced_acc,0.4083490051306985
physionet_grabmyo,S12,session1,session3,physionet_grabmyo::S12::session1->session3,2035,raw_stats_plus_pretrained,balanced_acc,0.3482604411047274
physionet_grabmyo,S13,session1,session2,physionet_grabmyo::S13::session1->session2,2026,frequency_logbandpower,balanced_acc,0.5170676186750824
physionet_grabmyo,S13,session1,session2,physionet_grabmyo::S13::session1->session2,2026,pretrained_encoder,balanced_acc,0.21723505142606914
physionet_grabmyo,S13,session1,session2,physionet_grabmyo::S13::session1->session2,2026,raw_stats,balanced_acc,0.5302121586478031
physionet_grabmyo,S13,session1,session2,physionet_grabmyo::S13::session1->session2,2026,raw_stats_plus_frequency,balanced_acc,0.4594172107431057
physionet_grabmyo,S13,session1,session2,physionet_grabmyo::S13::session1->session2,2026,raw_stats_plus_pretrained,balanced_acc,0.36736544761062667
physionet_grabmyo,S13,session1,session2,physionet_grabmyo::S13::session1->session2,2027,frequency_logbandpower,balanced_acc,0.5274493908547382
physionet_grabmyo,S13,session1,session2,physionet_grabmyo::S13::session1->session2,2027,pretrained_encoder,balanced_acc,0.2216284280373937
physionet_grabmyo,S13,session1,session2,physionet_grabmyo::S13::session1->session2,2027,raw_stats,balanced_acc,0.5347336106859025
physionet_grabmyo,S13,session1,session2,physionet_grabmyo::S13::session1->session2,2027,raw_stats_plus_frequency,balanced_acc,0.4713182179018725
physionet_grabmyo,S13,session1,session2,physionet_grabmyo::S13::session1->session2,2027,raw_stats_plus_pretrained,balanced_acc,0.35782397470080507
physionet_grabmyo,S13,session1,session2,physionet_grabmyo::S13::session1->session2,2028,frequency_logbandpower,balanced_acc,0.5261599563799357
physionet_grabmyo,S13,session1,session2,physionet_grabmyo::S13::session1->session2,2028,pretrained_encoder,balanced_acc,0.2134742398360669
physionet_grabmyo,S13,session1,session2,physionet_grabmyo::S13::session1->session2,2028,raw_stats,balanced_acc,0.5338738307111525
physionet_grabmyo,S13,session1,session2,physionet_grabmyo::S13::session1->session2,2028,raw_stats_plus_frequency,balanced_acc,0.4521241707580939
physionet_grabmyo,S13,session1,session2,physionet_grabmyo::S13::session1->session2,2028,raw_stats_plus_pretrained,balanced_acc,0.3815951727981968
physionet_grabmyo,S13,session1,session2,physionet_grabmyo::S13::session1->session2,2029,frequency_logbandpower,balanced_acc,0.5248004496082913
physionet_grabmyo,S13,session1,session2,physionet_grabmyo::S13::session1->session2,2029,pretrained_encoder,balanced_acc,0.2232880027423802
physionet_grabmyo,S13,session1,session2,physionet_grabmyo::S13::session1->session2,2029,raw_stats,balanced_acc,0.5300241298271802
physionet_grabmyo,S13,session1,session2,physionet_grabmyo::S13::session1->session2,2029,raw_stats_plus_frequency,balanced_acc,0.4689862674549568
physionet_grabmyo,S13,session1,session2,physionet_grabmyo::S13::session1->session2,2029,raw_stats_plus_pretrained,balanced_acc,0.3711503415091929
physionet_grabmyo,S13,session1,session2,physionet_grabmyo::S13::session1->session2,2030,frequency_logbandpower,balanced_acc,0.5418992465279149
physionet_grabmyo,S13,session1,session2,physionet_grabmyo::S13::session1->session2,2030,pretrained_encoder,balanced_acc,0.21271821776097707
physionet_grabmyo,S13,session1,session2,physionet_grabmyo::S13::session1->session2,2030,raw_stats,balanced_acc,0.5257349863282464
physionet_grabmyo,S13,session1,session2,physionet_grabmyo::S13::session1->session2,2030,raw_stats_plus_frequency,balanced_acc,0.45244671941867126
physionet_grabmyo,S13,session1,session2,physionet_grabmyo::S13::session1->session2,2030,raw_stats_plus_pretrained,balanced_acc,0.37355355199690427
physionet_grabmyo,S13,session1,session2,physionet_grabmyo::S13::session1->session2,2031,frequency_logbandpower,balanced_acc,0.5456890940223862
physionet_grabmyo,S13,session1,session2,physionet_grabmyo::S13::session1->session2,2031,pretrained_encoder,balanced_acc,0.22883090920199592
physionet_grabmyo,S13,session1,session2,physionet_grabmyo::S13::session1->session2,2031,raw_stats,balanced_acc,0.5143794959076412
physionet_grabmyo,S13,session1,session2,physionet_grabmyo::S13::session1->session2,2031,raw_stats_plus_frequency,balanced_acc,0.465769903342577
physionet_grabmyo,S13,session1,session2,physionet_grabmyo::S13::session1->session2,2031,raw_stats_plus_pretrained,balanced_acc,0.36162643158950697
physionet_grabmyo,S13,session1,session2,physionet_grabmyo::S13::session1->session2,2032,frequency_logbandpower,balanced_acc,0.5226636099041035
physionet_grabmyo,S13,session1,session2,physionet_grabmyo::S13::session1->session2,2032,pretrained_encoder,balanced_acc,0.22469165364811441
physionet_grabmyo,S13,session1,session2,physionet_grabmyo::S13::session1->session2,2032,raw_stats,balanced_acc,0.5130837724795209
physionet_grabmyo,S13,session1,session2,physionet_grabmyo::S13::session1->session2,2032,raw_stats_plus_frequency,balanced_acc,0.45611784897747765
physionet_grabmyo,S13,session1,session2,physionet_grabmyo::S13::session1->session2,2032,raw_stats_plus_pretrained,balanced_acc,0.35542439094196054
physionet_grabmyo,S13,session1,session2,physionet_grabmyo::S13::session1->session2,2033,frequency_logbandpower,balanced_acc,0.5401099995401006
physionet_grabmyo,S13,session1,session2,physionet_grabmyo::S13::session1->session2,2033,pretrained_encoder,balanced_acc,0.21642235969540544
physionet_grabmyo,S13,session1,session2,physionet_grabmyo::S13::session1->session2,2033,raw_stats,balanced_acc,0.5391891311219956
physionet_grabmyo,S13,session1,session2,physionet_grabmyo::S13::session1->session2,2033,raw_stats_plus_frequency,balanced_acc,0.46772744556193946
physionet_grabmyo,S13,session1,session2,physionet_grabmyo::S13::session1->session2,2033,raw_stats_plus_pretrained,balanced_acc,0.34983618848635956
physionet_grabmyo,S13,session1,session2,physionet_grabmyo::S13::session1->session2,2034,frequency_logbandpower,balanced_acc,0.5146905686846855
physionet_grabmyo,S13,session1,session2,physionet_grabmyo::S13::session1->session2,2034,pretrained_encoder,balanced_acc,0.21687982972307565
physionet_grabmyo,S13,session1,session2,physionet_grabmyo::S13::session1->session2,2034,raw_stats,balanced_acc,0.5089931594459969
physionet_grabmyo,S13,session1,session2,physionet_grabmyo::S13::session1->session2,2034,raw_stats_plus_frequency,balanced_acc,0.4473617662844095
physionet_grabmyo,S13,session1,session2,physionet_grabmyo::S13::session1->session2,2034,raw_stats_plus_pretrained,balanced_acc,0.3783995815968139
physionet_grabmyo,S13,session1,session2,physionet_grabmyo::S13::session1->session2,2035,frequency_logbandpower,balanced_acc,0.5131490128775918
physionet_grabmyo,S13,session1,session2,physionet_grabmyo::S13::session1->session2,2035,pretrained_encoder,balanced_acc,0.2358970537140413
physionet_grabmyo,S13,session1,session2,physionet_grabmyo::S13::session1->session2,2035,raw_stats,balanced_acc,0.530026377435727
physionet_grabmyo,S13,session1,session2,physionet_grabmyo::S13::session1->session2,2035,raw_stats_plus_frequency,balanced_acc,0.4532787834919393
physionet_grabmyo,S13,session1,session2,physionet_grabmyo::S13::session1->session2,2035,raw_stats_plus_pretrained,balanced_acc,0.37453867306098104
physionet_grabmyo,S13,session1,session3,physionet_grabmyo::S13::session1->session3,2026,frequency_logbandpower,balanced_acc,0.4589654380265375
physionet_grabmyo,S13,session1,session3,physionet_grabmyo::S13::session1->session3,2026,pretrained_encoder,balanced_acc,0.20603577296242104
physionet_grabmyo,S13,session1,session3,physionet_grabmyo::S13::session1->session3,2026,raw_stats,balanced_acc,0.47285769850223464
physionet_grabmyo,S13,session1,session3,physionet_grabmyo::S13::session1->session3,2026,raw_stats_plus_frequency,balanced_acc,0.4019848485975223
physionet_grabmyo,S13,session1,session3,physionet_grabmyo::S13::session1->session3,2026,raw_stats_plus_pretrained,balanced_acc,0.33926517780236476
physionet_grabmyo,S13,session1,session3,physionet_grabmyo::S13::session1->session3,2027,frequency_logbandpower,balanced_acc,0.4542261336034325
physionet_grabmyo,S13,session1,session3,physionet_grabmyo::S13::session1->session3,2027,pretrained_encoder,balanced_acc,0.20993477370505573
physionet_grabmyo,S13,session1,session3,physionet_grabmyo::S13::session1->session3,2027,raw_stats,balanced_acc,0.45873424576845273
physionet_grabmyo,S13,session1,session3,physionet_grabmyo::S13::session1->session3,2027,raw_stats_plus_frequency,balanced_acc,0.39078508415708013
physionet_grabmyo,S13,session1,session3,physionet_grabmyo::S13::session1->session3,2027,raw_stats_plus_pretrained,balanced_acc,0.33892811918400567
physionet_grabmyo,S13,session1,session3,physionet_grabmyo::S13::session1->session3,2028,frequency_logbandpower,balanced_acc,0.45386049052659555
physionet_grabmyo,S13,session1,session3,physionet_grabmyo::S13::session1->session3,2028,pretrained_encoder,balanced_acc,0.20114385215512418
physionet_grabmyo,S13,session1,session3,physionet_grabmyo::S13::session1->session3,2028,raw_stats,balanced_acc,0.48002145658519635
physionet_grabmyo,S13,session1,session3,physionet_grabmyo::S13::session1->session3,2028,raw_stats_plus_frequency,balanced_acc,0.3978808437318588
physionet_grabmyo,S13,session1,session3,physionet_grabmyo::S13::session1->session3,2028,raw_stats_plus_pretrained,balanced_acc,0.33144071639088696
physionet_grabmyo,S13,session1,session3,physionet_grabmyo::S13::session1->session3,2029,frequency_logbandpower,balanced_acc,0.44031813573074036
physionet_grabmyo,S13,session1,session3,physionet_grabmyo::S13::session1->session3,2029,pretrained_encoder,balanced_acc,0.2118427025817345
physionet_grabmyo,S13,session1,session3,physionet_grabmyo::S13::session1->session3,2029,raw_stats,balanced_acc,0.46728193872014806
physionet_grabmyo,S13,session1,session3,physionet_grabmyo::S13::session1->session3,2029,raw_stats_plus_frequency,balanced_acc,0.3848893574735153
physionet_grabmyo,S13,session1,session3,physionet_grabmyo::S13::session1->session3,2029,raw_stats_plus_pretrained,balanced_acc,0.3560906942089519
physionet_grabmyo,S13,session1,session3,physionet_grabmyo::S13::session1->session3,2030,frequency_logbandpower,balanced_acc,0.46393854203787
physionet_grabmyo,S13,session1,session3,physionet_grabmyo::S13::session1->session3,2030,pretrained_encoder,balanced_acc,0.2060882324948394
physionet_grabmyo,S13,session1,session3,physionet_grabmyo::S13::session1->session3,2030,raw_stats,balanced_acc,0.469781954915733
physionet_grabmyo,S13,session1,session3,physionet_grabmyo::S13::session1->session3,2030,raw_stats_plus_frequency,balanced_acc,0.3951322095498189
physionet_grabmyo,S13,session1,session3,physionet_grabmyo::S13::session1->session3,2030,raw_stats_plus_pretrained,balanced_acc,0.3513216289965424
physionet_grabmyo,S13,session1,session3,physionet_grabmyo::S13::session1->session3,2031,frequency_logbandpower,balanced_acc,0.4651306462842696
physionet_grabmyo,S13,session1,session3,physionet_grabmyo::S13::session1->session3,2031,pretrained_encoder,balanced_acc,0.21059890734075873
physionet_grabmyo,S13,session1,session3,physionet_grabmyo::S13::session1->session3,2031,raw_stats,balanced_acc,0.4825403478424639
physionet_grabmyo,S13,session1,session3,physionet_grabmyo::S13::session1->session3,2031,raw_stats_plus_frequency,balanced_acc,0.4090175896151764
physionet_grabmyo,S13,session1,session3,physionet_grabmyo::S13::session1->session3,2031,raw_stats_plus_pretrained,balanced_acc,0.344397687484146
physionet_grabmyo,S13,session1,session3,physionet_grabmyo::S13::session1->session3,2032,frequency_logbandpower,balanced_acc,0.43681558785310626
physionet_grabmyo,S13,session1,session3,physionet_grabmyo::S13::session1->session3,2032,pretrained_encoder,balanced_acc,0.2238566249990626
physionet_grabmyo,S13,session1,session3,physionet_grabmyo::S13::session1->session3,2032,raw_stats,balanced_acc,0.4815747182839082
physionet_grabmyo,S13,session1,session3,physionet_grabmyo::S13::session1->session3,2032,raw_stats_plus_frequency,balanced_acc,0.39878185512800773
physionet_grabmyo,S13,session1,session3,physionet_grabmyo::S13::session1->session3,2032,raw_stats_plus_pretrained,balanced_acc,0.3506169229990001
physionet_grabmyo,S13,session1,session3,physionet_grabmyo::S13::session1->session3,2033,frequency_logbandpower,balanced_acc,0.4505153039645117
physionet_grabmyo,S13,session1,session3,physionet_grabmyo::S13::session1->session3,2033,pretrained_encoder,balanced_acc,0.21197573143542486
physionet_grabmyo,S13,session1,session3,physionet_grabmyo::S13::session1->session3,2033,raw_stats,balanced_acc,0.47954906894481086
physionet_grabmyo,S13,session1,session3,physionet_grabmyo::S13::session1->session3,2033,raw_stats_plus_frequency,balanced_acc,0.3964316417806764
physionet_grabmyo,S13,session1,session3,physionet_grabmyo::S13::session1->session3,2033,raw_stats_plus_pretrained,balanced_acc,0.3339025699051986
physionet_grabmyo,S13,session1,session3,physionet_grabmyo::S13::session1->session3,2034,frequency_logbandpower,balanced_acc,0.45268912192505
physionet_grabmyo,S13,session1,session3,physionet_grabmyo::S13::session1->session3,2034,pretrained_encoder,balanced_acc,0.22349046052740076
physionet_grabmyo,S13,session1,session3,physionet_grabmyo::S13::session1->session3,2034,raw_stats,balanced_acc,0.4798216141871198
physionet_grabmyo,S13,session1,session3,physionet_grabmyo::S13::session1->session3,2034,raw_stats_plus_frequency,balanced_acc,0.38025161598272755
physionet_grabmyo,S13,session1,session3,physionet_grabmyo::S13::session1->session3,2034,raw_stats_plus_pretrained,balanced_acc,0.3455055176486894
physionet_grabmyo,S13,session1,session3,physionet_grabmyo::S13::session1->session3,2035,frequency_logbandpower,balanced_acc,0.46799387045844903
physionet_grabmyo,S13,session1,session3,physionet_grabmyo::S13::session1->session3,2035,pretrained_encoder,balanced_acc,0.18837921203246055
physionet_grabmyo,S13,session1,session3,physionet_grabmyo::S13::session1->session3,2035,raw_stats,balanced_acc,0.46940377363815433
physionet_grabmyo,S13,session1,session3,physionet_grabmyo::S13::session1->session3,2035,raw_stats_plus_frequency,balanced_acc,0.39973244359062793
physionet_grabmyo,S13,session1,session3,physionet_grabmyo::S13::session1->session3,2035,raw_stats_plus_pretrained,balanced_acc,0.3182034565362898
physionet_grabmyo,S14,session1,session2,physionet_grabmyo::S14::session1->session2,2026,frequency_logbandpower,balanced_acc,0.45173026643086506
physionet_grabmyo,S14,session1,session2,physionet_grabmyo::S14::session1->session2,2026,pretrained_encoder,balanced_acc,0.23906924946174524
physionet_grabmyo,S14,session1,session2,physionet_grabmyo::S14::session1->session2,2026,raw_stats,balanced_acc,0.5837432604256677
physionet_grabmyo,S14,session1,session2,physionet_grabmyo::S14::session1->session2,2026,raw_stats_plus_frequency,balanced_acc,0.3908222528717933
physionet_grabmyo,S14,session1,session2,physionet_grabmyo::S14::session1->session2,2026,raw_stats_plus_pretrained,balanced_acc,0.3735641931294205
physionet_grabmyo,S14,session1,session2,physionet_grabmyo::S14::session1->session2,2027,frequency_logbandpower,balanced_acc,0.4356881002180673
physionet_grabmyo,S14,session1,session2,physionet_grabmyo::S14::session1->session2,2027,pretrained_encoder,balanced_acc,0.24958230983203597
physionet_grabmyo,S14,session1,session2,physionet_grabmyo::S14::session1->session2,2027,raw_stats,balanced_acc,0.5730355114882434
physionet_grabmyo,S14,session1,session2,physionet_grabmyo::S14::session1->session2,2027,raw_stats_plus_frequency,balanced_acc,0.3855561108992518
physionet_grabmyo,S14,session1,session2,physionet_grabmyo::S14::session1->session2,2027,raw_stats_plus_pretrained,balanced_acc,0.3700585930856693
physionet_grabmyo,S14,session1,session2,physionet_grabmyo::S14::session1->session2,2028,frequency_logbandpower,balanced_acc,0.45054385375505546
physionet_grabmyo,S14,session1,session2,physionet_grabmyo::S14::session1->session2,2028,pretrained_encoder,balanced_acc,0.23675084744726138
physionet_grabmyo,S14,session1,session2,physionet_grabmyo::S14::session1->session2,2028,raw_stats,balanced_acc,0.5913784553930501
physionet_grabmyo,S14,session1,session2,physionet_grabmyo::S14::session1->session2,2028,raw_stats_plus_frequency,balanced_acc,0.41307653415165524
physionet_grabmyo,S14,session1,session2,physionet_grabmyo::S14::session1->session2,2028,raw_stats_plus_pretrained,balanced_acc,0.37674208651735996
physionet_grabmyo,S14,session1,session2,physionet_grabmyo::S14::session1->session2,2029,frequency_logbandpower,balanced_acc,0.43647252516007456
physionet_grabmyo,S14,session1,session2,physionet_grabmyo::S14::session1->session2,2029,pretrained_encoder,balanced_acc,0.23121134928538453
physionet_grabmyo,S14,session1,session2,physionet_grabmyo::S14::session1->session2,2029,raw_stats,balanced_acc,0.5806929350755016
physionet_grabmyo,S14,session1,session2,physionet_grabmyo::S14::session1->session2,2029,raw_stats_plus_frequency,balanced_acc,0.3959097209618044
physionet_grabmyo,S14,session1,session2,physionet_grabmyo::S14::session1->session2,2029,raw_stats_plus_pretrained,balanced_acc,0.36247503361440475
physionet_grabmyo,S14,session1,session2,physionet_grabmyo::S14::session1->session2,2030,frequency_logbandpower,balanced_acc,0.4552687224257189
physionet_grabmyo,S14,session1,session2,physionet_grabmyo::S14::session1->session2,2030,pretrained_encoder,balanced_acc,0.23218867815691857
physionet_grabmyo,S14,session1,session2,physionet_grabmyo::S14::session1->session2,2030,raw_stats,balanced_acc,0.5709348296990909
physionet_grabmyo,S14,session1,session2,physionet_grabmyo::S14::session1->session2,2030,raw_stats_plus_frequency,balanced_acc,0.39940742945684876
physionet_grabmyo,S14,session1,session2,physionet_grabmyo::S14::session1->session2,2030,raw_stats_plus_pretrained,balanced_acc,0.3794775874656231
physionet_grabmyo,S14,session1,session2,physionet_grabmyo::S14::session1->session2,2031,frequency_logbandpower,balanced_acc,0.44249510671801673
physionet_grabmyo,S14,session1,session2,physionet_grabmyo::S14::session1->session2,2031,pretrained_encoder,balanced_acc,0.24087103005763985
physionet_grabmyo,S14,session1,session2,physionet_grabmyo::S14::session1->session2,2031,raw_stats,balanced_acc,0.5902318406416401
physionet_grabmyo,S14,session1,session2,physionet_grabmyo::S14::session1->session2,2031,raw_stats_plus_frequency,balanced_acc,0.3799952761115205
physionet_grabmyo,S14,session1,session2,physionet_grabmyo::S14::session1->session2,2031,raw_stats_plus_pretrained,balanced_acc,0.39652542711779926
physionet_grabmyo,S14,session1,session2,physionet_grabmyo::S14::session1->session2,2032,frequency_logbandpower,balanced_acc,0.4584828153744855
physionet_grabmyo,S14,session1,session2,physionet_grabmyo::S14::session1->session2,2032,pretrained_encoder,balanced_acc,0.25136209630612705
physionet_grabmyo,S14,session1,session2,physionet_grabmyo::S14::session1->session2,2032,raw_stats,balanced_acc,0.6038446443916854
physionet_grabmyo,S14,session1,session2,physionet_grabmyo::S14::session1->session2,2032,raw_stats_plus_frequency,balanced_acc,0.4073684664184753
physionet_grabmyo,S14,session1,session2,physionet_grabmyo::S14::session1->session2,2032,raw_stats_plus_pretrained,balanced_acc,0.36858727831470633
physionet_grabmyo,S14,session1,session2,physionet_grabmyo::S14::session1->session2,2033,frequency_logbandpower,balanced_acc,0.4382904403682668
physionet_grabmyo,S14,session1,session2,physionet_grabmyo::S14::session1->session2,2033,pretrained_encoder,balanced_acc,0.23823754172021225
physionet_grabmyo,S14,session1,session2,physionet_grabmyo::S14::session1->session2,2033,raw_stats,balanced_acc,0.5786128802341596
physionet_grabmyo,S14,session1,session2,physionet_grabmyo::S14::session1->session2,2033,raw_stats_plus_frequency,balanced_acc,0.39396325232345486
physionet_grabmyo,S14,session1,session2,physionet_grabmyo::S14::session1->session2,2033,raw_stats_plus_pretrained,balanced_acc,0.35916222621904487
physionet_grabmyo,S14,session1,session2,physionet_grabmyo::S14::session1->session2,2034,frequency_logbandpower,balanced_acc,0.4328696367841646
physionet_grabmyo,S14,session1,session2,physionet_grabmyo::S14::session1->session2,2034,pretrained_encoder,balanced_acc,0.2409191605897615
physionet_grabmyo,S14,session1,session2,physionet_grabmyo::S14::session1->session2,2034,raw_stats,balanced_acc,0.5868716407887861
physionet_grabmyo,S14,session1,session2,physionet_grabmyo::S14::session1->session2,2034,raw_stats_plus_frequency,balanced_acc,0.40049834105312454
physionet_grabmyo,S14,session1,session2,physionet_grabmyo::S14::session1->session2,2034,raw_stats_plus_pretrained,balanced_acc,0.35948781387699236
physionet_grabmyo,S14,session1,session2,physionet_grabmyo::S14::session1->session2,2035,frequency_logbandpower,balanced_acc,0.4564772379224384
physionet_grabmyo,S14,session1,session2,physionet_grabmyo::S14::session1->session2,2035,pretrained_encoder,balanced_acc,0.23610972110109035
physionet_grabmyo,S14,session1,session2,physionet_grabmyo::S14::session1->session2,2035,raw_stats,balanced_acc,0.5970797141209137
physionet_grabmyo,S14,session1,session2,physionet_grabmyo::S14::session1->session2,2035,raw_stats_plus_frequency,balanced_acc,0.3923341352781966
physionet_grabmyo,S14,session1,session2,physionet_grabmyo::S14::session1->session2,2035,raw_stats_plus_pretrained,balanced_acc,0.37375040520843394
physionet_grabmyo,S14,session1,session3,physionet_grabmyo::S14::session1->session3,2026,frequency_logbandpower,balanced_acc,0.484235323593947
physionet_grabmyo,S14,session1,session3,physionet_grabmyo::S14::session1->session3,2026,pretrained_encoder,balanced_acc,0.2471719483132299
physionet_grabmyo,S14,session1,session3,physionet_grabmyo::S14::session1->session3,2026,raw_stats,balanced_acc,0.5629783944420383
physionet_grabmyo,S14,session1,session3,physionet_grabmyo::S14::session1->session3,2026,raw_stats_plus_frequency,balanced_acc,0.4641862159992985
physionet_grabmyo,S14,session1,session3,physionet_grabmyo::S14::session1->session3,2026,raw_stats_plus_pretrained,balanced_acc,0.37587526622549366
physionet_grabmyo,S14,session1,session3,physionet_grabmyo::S14::session1->session3,2027,frequency_logbandpower,balanced_acc,0.490281627050579
physionet_grabmyo,S14,session1,session3,physionet_grabmyo::S14::session1->session3,2027,pretrained_encoder,balanced_acc,0.23906164896749899
physionet_grabmyo,S14,session1,session3,physionet_grabmyo::S14::session1->session3,2027,raw_stats,balanced_acc,0.5662728814087815
physionet_grabmyo,S14,session1,session3,physionet_grabmyo::S14::session1->session3,2027,raw_stats_plus_frequency,balanced_acc,0.45204780196090366
physionet_grabmyo,S14,session1,session3,physionet_grabmyo::S14::session1->session3,2027,raw_stats_plus_pretrained,balanced_acc,0.37984900363208296
physionet_grabmyo,S14,session1,session3,physionet_grabmyo::S14::session1->session3,2028,frequency_logbandpower,balanced_acc,0.4992360344797719
physionet_grabmyo,S14,session1,session3,physionet_grabmyo::S14::session1->session3,2028,pretrained_encoder,balanced_acc,0.24497045761889527
physionet_grabmyo,S14,session1,session3,physionet_grabmyo::S14::session1->session3,2028,raw_stats,balanced_acc,0.5793253315571031
physionet_grabmyo,S14,session1,session3,physionet_grabmyo::S14::session1->session3,2028,raw_stats_plus_frequency,balanced_acc,0.47516194826857694
physionet_grabmyo,S14,session1,session3,physionet_grabmyo::S14::session1->session3,2028,raw_stats_plus_pretrained,balanced_acc,0.3537348555294534
physionet_grabmyo,S14,session1,session3,physionet_grabmyo::S14::session1->session3,2029,frequency_logbandpower,balanced_acc,0.4865423717444564
physionet_grabmyo,S14,session1,session3,physionet_grabmyo::S14::session1->session3,2029,pretrained_encoder,balanced_acc,0.2529829260869309
physionet_grabmyo,S14,session1,session3,physionet_grabmyo::S14::session1->session3,2029,raw_stats,balanced_acc,0.5679735381164103
physionet_grabmyo,S14,session1,session3,physionet_grabmyo::S14::session1->session3,2029,raw_stats_plus_frequency,balanced_acc,0.452445082003645
physionet_grabmyo,S14,session1,session3,physionet_grabmyo::S14::session1->session3,2029,raw_stats_plus_pretrained,balanced_acc,0.373208297910365
physionet_grabmyo,S14,session1,session3,physionet_grabmyo::S14::session1->session3,2030,frequency_logbandpower,balanced_acc,0.4857298265691243
physionet_grabmyo,S14,session1,session3,physionet_grabmyo::S14::session1->session3,2030,pretrained_encoder,balanced_acc,0.2459675205549466
physionet_grabmyo,S14,session1,session3,physionet_grabmyo::S14::session1->session3,2030,raw_stats,balanced_acc,0.5516079060859457
physionet_grabmyo,S14,session1,session3,physionet_grabmyo::S14::session1->session3,2030,raw_stats_plus_frequency,balanced_acc,0.4375170307322374
physionet_grabmyo,S14,session1,session3,physionet_grabmyo::S14::session1->session3,2030,raw_stats_plus_pretrained,balanced_acc,0.36892754523604454
physionet_grabmyo,S14,session1,session3,physionet_grabmyo::S14::session1->session3,2031,frequency_logbandpower,balanced_acc,0.49555273223611057
physionet_grabmyo,S14,session1,session3,physionet_grabmyo::S14::session1->session3,2031,pretrained_encoder,balanced_acc,0.2512190726015721
physionet_grabmyo,S14,session1,session3,physionet_grabmyo::S14::session1->session3,2031,raw_stats,balanced_acc,0.5618803503218147
physionet_grabmyo,S14,session1,session3,physionet_grabmyo::S14::session1->session3,2031,raw_stats_plus_frequency,balanced_acc,0.44797481874505013
physionet_grabmyo,S14,session1,session3,physionet_grabmyo::S14::session1->session3,2031,raw_stats_plus_pretrained,balanced_acc,0.3544386945639292
physionet_grabmyo,S14,session1,session3,physionet_grabmyo::S14::session1->session3,2032,frequency_logbandpower,balanced_acc,0.48433223749635546
physionet_grabmyo,S14,session1,session3,physionet_grabmyo::S14::session1->session3,2032,pretrained_encoder,balanced_acc,0.24532403402975378
physionet_grabmyo,S14,session1,session3,physionet_grabmyo::S14::session1->session3,2032,raw_stats,balanced_acc,0.5663385075128688
physionet_grabmyo,S14,session1,session3,physionet_grabmyo::S14::session1->session3,2032,raw_stats_plus_frequency,balanced_acc,0.46232617914797564
physionet_grabmyo,S14,session1,session3,physionet_grabmyo::S14::session1->session3,2032,raw_stats_plus_pretrained,balanced_acc,0.3589349026636253
physionet_grabmyo,S14,session1,session3,physionet_grabmyo::S14::session1->session3,2033,frequency_logbandpower,balanced_acc,0.48784345910454574
physionet_grabmyo,S14,session1,session3,physionet_grabmyo::S14::session1->session3,2033,pretrained_encoder,balanced_acc,0.2525413520993492
physionet_grabmyo,S14,session1,session3,physionet_grabmyo::S14::session1->session3,2033,raw_stats,balanced_acc,0.5600022281413204
physionet_grabmyo,S14,session1,session3,physionet_grabmyo::S14::session1->session3,2033,raw_stats_plus_frequency,balanced_acc,0.45784709246695104
physionet_grabmyo,S14,session1,session3,physionet_grabmyo::S14::session1->session3,2033,raw_stats_plus_pretrained,balanced_acc,0.3571716044158727
physionet_grabmyo,S14,session1,session3,physionet_grabmyo::S14::session1->session3,2034,frequency_logbandpower,balanced_acc,0.48818878436864993
physionet_grabmyo,S14,session1,session3,physionet_grabmyo::S14::session1->session3,2034,pretrained_encoder,balanced_acc,0.2341965153288445
physionet_grabmyo,S14,session1,session3,physionet_grabmyo::S14::session1->session3,2034,raw_stats,balanced_acc,0.580859665006118
physionet_grabmyo,S14,session1,session3,physionet_grabmyo::S14::session1->session3,2034,raw_stats_plus_frequency,balanced_acc,0.44998205248309797
physionet_grabmyo,S14,session1,session3,physionet_grabmyo::S14::session1->session3,2034,raw_stats_plus_pretrained,balanced_acc,0.36616975944831315
physionet_grabmyo,S14,session1,session3,physionet_grabmyo::S14::session1->session3,2035,frequency_logbandpower,balanced_acc,0.4919777835003697
physionet_grabmyo,S14,session1,session3,physionet_grabmyo::S14::session1->session3,2035,pretrained_encoder,balanced_acc,0.25737180817262806
physionet_grabmyo,S14,session1,session3,physionet_grabmyo::S14::session1->session3,2035,raw_stats,balanced_acc,0.5721693000278262
physionet_grabmyo,S14,session1,session3,physionet_grabmyo::S14::session1->session3,2035,raw_stats_plus_frequency,balanced_acc,0.4491524636475016
physionet_grabmyo,S14,session1,session3,physionet_grabmyo::S14::session1->session3,2035,raw_stats_plus_pretrained,balanced_acc,0.35647011756495006
physionet_grabmyo,S15,session1,session2,physionet_grabmyo::S15::session1->session2,2026,frequency_logbandpower,balanced_acc,0.5229503937956629
physionet_grabmyo,S15,session1,session2,physionet_grabmyo::S15::session1->session2,2026,pretrained_encoder,balanced_acc,0.2539169315902975
physionet_grabmyo,S15,session1,session2,physionet_grabmyo::S15::session1->session2,2026,raw_stats,balanced_acc,0.5665301535751093
physionet_grabmyo,S15,session1,session2,physionet_grabmyo::S15::session1->session2,2026,raw_stats_plus_frequency,balanced_acc,0.5043817624171066
physionet_grabmyo,S15,session1,session2,physionet_grabmyo::S15::session1->session2,2026,raw_stats_plus_pretrained,balanced_acc,0.3437190281170447
physionet_grabmyo,S15,session1,session2,physionet_grabmyo::S15::session1->session2,2027,frequency_logbandpower,balanced_acc,0.5389417213019362
physionet_grabmyo,S15,session1,session2,physionet_grabmyo::S15::session1->session2,2027,pretrained_encoder,balanced_acc,0.24735137741561933
physionet_grabmyo,S15,session1,session2,physionet_grabmyo::S15::session1->session2,2027,raw_stats,balanced_acc,0.5553608681207391
physionet_grabmyo,S15,session1,session2,physionet_grabmyo::S15::session1->session2,2027,raw_stats_plus_frequency,balanced_acc,0.49742343504950765
physionet_grabmyo,S15,session1,session2,physionet_grabmyo::S15::session1->session2,2027,raw_stats_plus_pretrained,balanced_acc,0.35670905118875956
physionet_grabmyo,S15,session1,session2,physionet_grabmyo::S15::session1->session2,2028,frequency_logbandpower,balanced_acc,0.5204336867116681
physionet_grabmyo,S15,session1,session2,physionet_grabmyo::S15::session1->session2,2028,pretrained_encoder,balanced_acc,0.23907138872727945
physionet_grabmyo,S15,session1,session2,physionet_grabmyo::S15::session1->session2,2028,raw_stats,balanced_acc,0.5656755433800141
physionet_grabmyo,S15,session1,session2,physionet_grabmyo::S15::session1->session2,2028,raw_stats_plus_frequency,balanced_acc,0.5015080102436076
physionet_grabmyo,S15,session1,session2,physionet_grabmyo::S15::session1->session2,2028,raw_stats_plus_pretrained,balanced_acc,0.3585095271498697
physionet_grabmyo,S15,session1,session2,physionet_grabmyo::S15::session1->session2,2029,frequency_logbandpower,balanced_acc,0.515012433154373
physionet_grabmyo,S15,session1,session2,physionet_grabmyo::S15::session1->session2,2029,pretrained_encoder,balanced_acc,0.25779519480676655
physionet_grabmyo,S15,session1,session2,physionet_grabmyo::S15::session1->session2,2029,raw_stats,balanced_acc,0.5770585668702063
physionet_grabmyo,S15,session1,session2,physionet_grabmyo::S15::session1->session2,2029,raw_stats_plus_frequency,balanced_acc,0.4895743406863525
physionet_grabmyo,S15,session1,session2,physionet_grabmyo::S15::session1->session2,2029,raw_stats_plus_pretrained,balanced_acc,0.3292989424464915
physionet_grabmyo,S15,session1,session2,physionet_grabmyo::S15::session1->session2,2030,frequency_logbandpower,balanced_acc,0.5230121602753756
physionet_grabmyo,S15,session1,session2,physionet_grabmyo::S15::session1->session2,2030,pretrained_encoder,balanced_acc,0.24521252993960646
physionet_grabmyo,S15,session1,session2,physionet_grabmyo::S15::session1->session2,2030,raw_stats,balanced_acc,0.5584124006075873
physionet_grabmyo,S15,session1,session2,physionet_grabmyo::S15::session1->session2,2030,raw_stats_plus_frequency,balanced_acc,0.5067382264473638
physionet_grabmyo,S15,session1,session2,physionet_grabmyo::S15::session1->session2,2030,raw_stats_plus_pretrained,balanced_acc,0.3578121111995998
physionet_grabmyo,S15,session1,session2,physionet_grabmyo::S15::session1->session2,2031,frequency_logbandpower,balanced_acc,0.5144217901250716
physionet_grabmyo,S15,session1,session2,physionet_grabmyo::S15::session1->session2,2031,pretrained_encoder,balanced_acc,0.253748045301153
physionet_grabmyo,S15,session1,session2,physionet_grabmyo::S15::session1->session2,2031,raw_stats,balanced_acc,0.5647415711433833
physionet_grabmyo,S15,session1,session2,physionet_grabmyo::S15::session1->session2,2031,raw_stats_plus_frequency,balanced_acc,0.48607831416778763
physionet_grabmyo,S15,session1,session2,physionet_grabmyo::S15::session1->session2,2031,raw_stats_plus_pretrained,balanced_acc,0.3478532382051919
physionet_grabmyo,S15,session1,session2,physionet_grabmyo::S15::session1->session2,2032,frequency_logbandpower,balanced_acc,0.5186837541618139
physionet_grabmyo,S15,session1,session2,physionet_grabmyo::S15::session1->session2,2032,pretrained_encoder,balanced_acc,0.24459371331150997
physionet_grabmyo,S15,session1,session2,physionet_grabmyo::S15::session1->session2,2032,raw_stats,balanced_acc,0.5642237061014475
physionet_grabmyo,S15,session1,session2,physionet_grabmyo::S15::session1->session2,2032,raw_stats_plus_frequency,balanced_acc,0.48676058893894236
physionet_grabmyo,S15,session1,session2,physionet_grabmyo::S15::session1->session2,2032,raw_stats_plus_pretrained,balanced_acc,0.36403188211261134
physionet_grabmyo,S15,session1,session2,physionet_grabmyo::S15::session1->session2,2033,frequency_logbandpower,balanced_acc,0.5334906429921058
physionet_grabmyo,S15,session1,session2,physionet_grabmyo::S15::session1->session2,2033,pretrained_encoder,balanced_acc,0.24611353498005845
physionet_grabmyo,S15,session1,session2,physionet_grabmyo::S15::session1->session2,2033,raw_stats,balanced_acc,0.5511146116167254
physionet_grabmyo,S15,session1,session2,physionet_grabmyo::S15::session1->session2,2033,raw_stats_plus_frequency,balanced_acc,0.4910244009186956
physionet_grabmyo,S15,session1,session2,physionet_grabmyo::S15::session1->session2,2033,raw_stats_plus_pretrained,balanced_acc,0.3500451647910806
physionet_grabmyo,S15,session1,session2,physionet_grabmyo::S15::session1->session2,2034,frequency_logbandpower,balanced_acc,0.5223678052403065
physionet_grabmyo,S15,session1,session2,physionet_grabmyo::S15::session1->session2,2034,pretrained_encoder,balanced_acc,0.2341185931738804
physionet_grabmyo,S15,session1,session2,physionet_grabmyo::S15::session1->session2,2034,raw_stats,balanced_acc,0.5545572457116026
physionet_grabmyo,S15,session1,session2,physionet_grabmyo::S15::session1->session2,2034,raw_stats_plus_frequency,balanced_acc,0.48834963429027756
physionet_grabmyo,S15,session1,session2,physionet_grabmyo::S15::session1->session2,2034,raw_stats_plus_pretrained,balanced_acc,0.3424085526830164
physionet_grabmyo,S15,session1,session2,physionet_grabmyo::S15::session1->session2,2035,frequency_logbandpower,balanced_acc,0.5429504505658798
physionet_grabmyo,S15,session1,session2,physionet_grabmyo::S15::session1->session2,2035,pretrained_encoder,balanced_acc,0.2563277052182568
physionet_grabmyo,S15,session1,session2,physionet_grabmyo::S15::session1->session2,2035,raw_stats,balanced_acc,0.5690380545034585
physionet_grabmyo,S15,session1,session2,physionet_grabmyo::S15::session1->session2,2035,raw_stats_plus_frequency,balanced_acc,0.5171033202568898
physionet_grabmyo,S15,session1,session2,physionet_grabmyo::S15::session1->session2,2035,raw_stats_plus_pretrained,balanced_acc,0.37074226231985785
physionet_grabmyo,S15,session1,session3,physionet_grabmyo::S15::session1->session3,2026,frequency_logbandpower,balanced_acc,0.4963798971549526
physionet_grabmyo,S15,session1,session3,physionet_grabmyo::S15::session1->session3,2026,pretrained_encoder,balanced_acc,0.2509788794817363
physionet_grabmyo,S15,session1,session3,physionet_grabmyo::S15::session1->session3,2026,raw_stats,balanced_acc,0.4715275679904181
physionet_grabmyo,S15,session1,session3,physionet_grabmyo::S15::session1->session3,2026,raw_stats_plus_frequency,balanced_acc,0.43975498450649286
physionet_grabmyo,S15,session1,session3,physionet_grabmyo::S15::session1->session3,2026,raw_stats_plus_pretrained,balanced_acc,0.33786066553858224
physionet_grabmyo,S15,session1,session3,physionet_grabmyo::S15::session1->session3,2027,frequency_logbandpower,balanced_acc,0.5095954506042982
physionet_grabmyo,S15,session1,session3,physionet_grabmyo::S15::session1->session3,2027,pretrained_encoder,balanced_acc,0.23782385661693511
physionet_grabmyo,S15,session1,session3,physionet_grabmyo::S15::session1->session3,2027,raw_stats,balanced_acc,0.47069709414995836
physionet_grabmyo,S15,session1,session3,physionet_grabmyo::S15::session1->session3,2027,raw_stats_plus_frequency,balanced_acc,0.4670321160786279
physionet_grabmyo,S15,session1,session3,physionet_grabmyo::S15::session1->session3,2027,raw_stats_plus_pretrained,balanced_acc,0.3429956211605219
physionet_grabmyo,S15,session1,session3,physionet_grabmyo::S15::session1->session3,2028,frequency_logbandpower,balanced_acc,0.5020748974821562
physionet_grabmyo,S15,session1,session3,physionet_grabmyo::S15::session1->session3,2028,pretrained_encoder,balanced_acc,0.26087195678981656
physionet_grabmyo,S15,session1,session3,physionet_grabmyo::S15::session1->session3,2028,raw_stats,balanced_acc,0.4868536259268119
physionet_grabmyo,S15,session1,session3,physionet_grabmyo::S15::session1->session3,2028,raw_stats_plus_frequency,balanced_acc,0.42746203747797545
physionet_grabmyo,S15,session1,session3,physionet_grabmyo::S15::session1->session3,2028,raw_stats_plus_pretrained,balanced_acc,0.35106486159504585
physionet_grabmyo,S15,session1,session3,physionet_grabmyo::S15::session1->session3,2029,frequency_logbandpower,balanced_acc,0.49174946136001896
physionet_grabmyo,S15,session1,session3,physionet_grabmyo::S15::session1->session3,2029,pretrained_encoder,balanced_acc,0.22530246252355746
physionet_grabmyo,S15,session1,session3,physionet_grabmyo::S15::session1->session3,2029,raw_stats,balanced_acc,0.474740697302009
physionet_grabmyo,S15,session1,session3,physionet_grabmyo::S15::session1->session3,2029,raw_stats_plus_frequency,balanced_acc,0.41635817022419175
physionet_grabmyo,S15,session1,session3,physionet_grabmyo::S15::session1->session3,2029,raw_stats_plus_pretrained,balanced_acc,0.346182080095637
physionet_grabmyo,S15,session1,session3,physionet_grabmyo::S15::session1->session3,2030,frequency_logbandpower,balanced_acc,0.5047475163134273
physionet_grabmyo,S15,session1,session3,physionet_grabmyo::S15::session1->session3,2030,pretrained_encoder,balanced_acc,0.2498595345111335
physionet_grabmyo,S15,session1,session3,physionet_grabmyo::S15::session1->session3,2030,raw_stats,balanced_acc,0.47288768000394604
physionet_grabmyo,S15,session1,session3,physionet_grabmyo::S15::session1->session3,2030,raw_stats_plus_frequency,balanced_acc,0.4391921923506664
physionet_grabmyo,S15,session1,session3,physionet_grabmyo::S15::session1->session3,2030,raw_stats_plus_pretrained,balanced_acc,0.3423057930349693
physionet_grabmyo,S15,session1,session3,physionet_grabmyo::S15::session1->session3,2031,frequency_logbandpower,balanced_acc,0.516819781624405
physionet_grabmyo,S15,session1,session3,physionet_grabmyo::S15::session1->session3,2031,pretrained_encoder,balanced_acc,0.24515079013238175
physionet_grabmyo,S15,session1,session3,physionet_grabmyo::S15::session1->session3,2031,raw_stats,balanced_acc,0.4580411784893579
physionet_grabmyo,S15,session1,session3,physionet_grabmyo::S15::session1->session3,2031,raw_stats_plus_frequency,balanced_acc,0.4510884998171207
physionet_grabmyo,S15,session1,session3,physionet_grabmyo::S15::session1->session3,2031,raw_stats_plus_pretrained,balanced_acc,0.32338911940005277
physionet_grabmyo,S15,session1,session3,physionet_grabmyo::S15::session1->session3,2032,frequency_logbandpower,balanced_acc,0.516082606581533
physionet_grabmyo,S15,session1,session3,physionet_grabmyo::S15::session1->session3,2032,pretrained_encoder,balanced_acc,0.24708411245520842
physionet_grabmyo,S15,session1,session3,physionet_grabmyo::S15::session1->session3,2032,raw_stats,balanced_acc,0.47599252954749366
physionet_grabmyo,S15,session1,session3,physionet_grabmyo::S15::session1->session3,2032,raw_stats_plus_frequency,balanced_acc,0.4476067344284988
physionet_grabmyo,S15,session1,session3,physionet_grabmyo::S15::session1->session3,2032,raw_stats_plus_pretrained,balanced_acc,0.3384077277867998
physionet_grabmyo,S15,session1,session3,physionet_grabmyo::S15::session1->session3,2033,frequency_logbandpower,balanced_acc,0.5173997063319874
physionet_grabmyo,S15,session1,session3,physionet_grabmyo::S15::session1->session3,2033,pretrained_encoder,balanced_acc,0.24530623857747583
physionet_grabmyo,S15,session1,session3,physionet_grabmyo::S15::session1->session3,2033,raw_stats,balanced_acc,0.4833463465739737
physionet_grabmyo,S15,session1,session3,physionet_grabmyo::S15::session1->session3,2033,raw_stats_plus_frequency,balanced_acc,0.45508987462400013
physionet_grabmyo,S15,session1,session3,physionet_grabmyo::S15::session1->session3,2033,raw_stats_plus_pretrained,balanced_acc,0.3443553810232035
physionet_grabmyo,S15,session1,session3,physionet_grabmyo::S15::session1->session3,2034,frequency_logbandpower,balanced_acc,0.5080617941014955
physionet_grabmyo,S15,session1,session3,physionet_grabmyo::S15::session1->session3,2034,pretrained_encoder,balanced_acc,0.23515659959745064
physionet_grabmyo,S15,session1,session3,physionet_grabmyo::S15::session1->session3,2034,raw_stats,balanced_acc,0.4565566092355805
physionet_grabmyo,S15,session1,session3,physionet_grabmyo::S15::session1->session3,2034,raw_stats_plus_frequency,balanced_acc,0.44749197449675465
physionet_grabmyo,S15,session1,session3,physionet_grabmyo::S15::session1->session3,2034,raw_stats_plus_pretrained,balanced_acc,0.3443327238924231
physionet_grabmyo,S15,session1,session3,physionet_grabmyo::S15::session1->session3,2035,frequency_logbandpower,balanced_acc,0.507813227151171
physionet_grabmyo,S15,session1,session3,physionet_grabmyo::S15::session1->session3,2035,pretrained_encoder,balanced_acc,0.2521400305942205
physionet_grabmyo,S15,session1,session3,physionet_grabmyo::S15::session1->session3,2035,raw_stats,balanced_acc,0.48295058062617213
physionet_grabmyo,S15,session1,session3,physionet_grabmyo::S15::session1->session3,2035,raw_stats_plus_frequency,balanced_acc,0.4500671366316863
physionet_grabmyo,S15,session1,session3,physionet_grabmyo::S15::session1->session3,2035,raw_stats_plus_pretrained,balanced_acc,0.3555915695911386
physionet_grabmyo,S16,session1,session2,physionet_grabmyo::S16::session1->session2,2026,frequency_logbandpower,balanced_acc,0.5003709163933878
physionet_grabmyo,S16,session1,session2,physionet_grabmyo::S16::session1->session2,2026,pretrained_encoder,balanced_acc,0.22979023893563189
physionet_grabmyo,S16,session1,session2,physionet_grabmyo::S16::session1->session2,2026,raw_stats,balanced_acc,0.49778869812709414
physionet_grabmyo,S16,session1,session2,physionet_grabmyo::S16::session1->session2,2026,raw_stats_plus_frequency,balanced_acc,0.46739519187448675
physionet_grabmyo,S16,session1,session2,physionet_grabmyo::S16::session1->session2,2026,raw_stats_plus_pretrained,balanced_acc,0.31524050761702105
physionet_grabmyo,S16,session1,session2,physionet_grabmyo::S16::session1->session2,2027,frequency_logbandpower,balanced_acc,0.5119538145158741
physionet_grabmyo,S16,session1,session2,physionet_grabmyo::S16::session1->session2,2027,pretrained_encoder,balanced_acc,0.23754158538477924
physionet_grabmyo,S16,session1,session2,physionet_grabmyo::S16::session1->session2,2027,raw_stats,balanced_acc,0.5116051668744319
physionet_grabmyo,S16,session1,session2,physionet_grabmyo::S16::session1->session2,2027,raw_stats_plus_frequency,balanced_acc,0.47150040162911316
physionet_grabmyo,S16,session1,session2,physionet_grabmyo::S16::session1->session2,2027,raw_stats_plus_pretrained,balanced_acc,0.3318813307047105
physionet_grabmyo,S16,session1,session2,physionet_grabmyo::S16::session1->session2,2028,frequency_logbandpower,balanced_acc,0.5062504182119157
physionet_grabmyo,S16,session1,session2,physionet_grabmyo::S16::session1->session2,2028,pretrained_encoder,balanced_acc,0.22833759921457747
physionet_grabmyo,S16,session1,session2,physionet_grabmyo::S16::session1->session2,2028,raw_stats,balanced_acc,0.5053177989068772
physionet_grabmyo,S16,session1,session2,physionet_grabmyo::S16::session1->session2,2028,raw_stats_plus_frequency,balanced_acc,0.46530374434251465
physionet_grabmyo,S16,session1,session2,physionet_grabmyo::S16::session1->session2,2028,raw_stats_plus_pretrained,balanced_acc,0.332797115523752
physionet_grabmyo,S16,session1,session2,physionet_grabmyo::S16::session1->session2,2029,frequency_logbandpower,balanced_acc,0.5166596011413773
physionet_grabmyo,S16,session1,session2,physionet_grabmyo::S16::session1->session2,2029,pretrained_encoder,balanced_acc,0.24960023590663794
physionet_grabmyo,S16,session1,session2,physionet_grabmyo::S16::session1->session2,2029,raw_stats,balanced_acc,0.5296847763957269
physionet_grabmyo,S16,session1,session2,physionet_grabmyo::S16::session1->session2,2029,raw_stats_plus_frequency,balanced_acc,0.4952607325596601
physionet_grabmyo,S16,session1,session2,physionet_grabmyo::S16::session1->session2,2029,raw_stats_plus_pretrained,balanced_acc,0.3533430892875705
physionet_grabmyo,S16,session1,session2,physionet_grabmyo::S16::session1->session2,2030,frequency_logbandpower,balanced_acc,0.5280818529826499
physionet_grabmyo,S16,session1,session2,physionet_grabmyo::S16::session1->session2,2030,pretrained_encoder,balanced_acc,0.23986032825526646
physionet_grabmyo,S16,session1,session2,physionet_grabmyo::S16::session1->session2,2030,raw_stats,balanced_acc,0.5128071550196844
physionet_grabmyo,S16,session1,session2,physionet_grabmyo::S16::session1->session2,2030,raw_stats_plus_frequency,balanced_acc,0.504069028192836
physionet_grabmyo,S16,session1,session2,physionet_grabmyo::S16::session1->session2,2030,raw_stats_plus_pretrained,balanced_acc,0.3263275524965668
physionet_grabmyo,S16,session1,session2,physionet_grabmyo::S16::session1->session2,2031,frequency_logbandpower,balanced_acc,0.5095390026446507
physionet_grabmyo,S16,session1,session2,physionet_grabmyo::S16::session1->session2,2031,pretrained_encoder,balanced_acc,0.23616029704776764
physionet_grabmyo,S16,session1,session2,physionet_grabmyo::S16::session1->session2,2031,raw_stats,balanced_acc,0.5035348140916306
physionet_grabmyo,S16,session1,session2,physionet_grabmyo::S16::session1->session2,2031,raw_stats_plus_frequency,balanced_acc,0.46318855954814037
physionet_grabmyo,S16,session1,session2,physionet_grabmyo::S16::session1->session2,2031,raw_stats_plus_pretrained,balanced_acc,0.3425981950437457
physionet_grabmyo,S16,session1,session2,physionet_grabmyo::S16::session1->session2,2032,frequency_logbandpower,balanced_acc,0.49590109165785773
physionet_grabmyo,S16,session1,session2,physionet_grabmyo::S16::session1->session2,2032,pretrained_encoder,balanced_acc,0.24336778581702742
physionet_grabmyo,S16,session1,session2,physionet_grabmyo::S16::session1->session2,2032,raw_stats,balanced_acc,0.5044472077339489
physionet_grabmyo,S16,session1,session2,physionet_grabmyo::S16::session1->session2,2032,raw_stats_plus_frequency,balanced_acc,0.4704491064369782
physionet_grabmyo,S16,session1,session2,physionet_grabmyo::S16::session1->session2,2032,raw_stats_plus_pretrained,balanced_acc,0.33953517675796946
physionet_grabmyo,S16,session1,session2,physionet_grabmyo::S16::session1->session2,2033,frequency_logbandpower,balanced_acc,0.5079537277611876
physionet_grabmyo,S16,session1,session2,physionet_grabmyo::S16::session1->session2,2033,pretrained_encoder,balanced_acc,0.2333405953880727
physionet_grabmyo,S16,session1,session2,physionet_grabmyo::S16::session1->session2,2033,raw_stats,balanced_acc,0.5039149759208219
physionet_grabmyo,S16,session1,session2,physionet_grabmyo::S16::session1->session2,2033,raw_stats_plus_frequency,balanced_acc,0.4911665497389278
physionet_grabmyo,S16,session1,session2,physionet_grabmyo::S16::session1->session2,2033,raw_stats_plus_pretrained,balanced_acc,0.32895874462346364
physionet_grabmyo,S16,session1,session2,physionet_grabmyo::S16::session1->session2,2034,frequency_logbandpower,balanced_acc,0.5046712652887411
physionet_grabmyo,S16,session1,session2,physionet_grabmyo::S16::session1->session2,2034,pretrained_encoder,balanced_acc,0.23132912378273685
physionet_grabmyo,S16,session1,session2,physionet_grabmyo::S16::session1->session2,2034,raw_stats,balanced_acc,0.5113359543146032
physionet_grabmyo,S16,session1,session2,physionet_grabmyo::S16::session1->session2,2034,raw_stats_plus_frequency,balanced_acc,0.4863611435082503
physionet_grabmyo,S16,session1,session2,physionet_grabmyo::S16::session1->session2,2034,raw_stats_plus_pretrained,balanced_acc,0.3529561015353894
physionet_grabmyo,S16,session1,session2,physionet_grabmyo::S16::session1->session2,2035,frequency_logbandpower,balanced_acc,0.49325710127545414
physionet_grabmyo,S16,session1,session2,physionet_grabmyo::S16::session1->session2,2035,pretrained_encoder,balanced_acc,0.24420819926756568
physionet_grabmyo,S16,session1,session2,physionet_grabmyo::S16::session1->session2,2035,raw_stats,balanced_acc,0.5028176821213408
physionet_grabmyo,S16,session1,session2,physionet_grabmyo::S16::session1->session2,2035,raw_stats_plus_frequency,balanced_acc,0.4689396789648549
physionet_grabmyo,S16,session1,session2,physionet_grabmyo::S16::session1->session2,2035,raw_stats_plus_pretrained,balanced_acc,0.34545066694608684
physionet_grabmyo,S16,session1,session3,physionet_grabmyo::S16::session1->session3,2026,frequency_logbandpower,balanced_acc,0.49271635627040183
physionet_grabmyo,S16,session1,session3,physionet_grabmyo::S16::session1->session3,2026,pretrained_encoder,balanced_acc,0.2107623037801035
physionet_grabmyo,S16,session1,session3,physionet_grabmyo::S16::session1->session3,2026,raw_stats,balanced_acc,0.547201807746791
physionet_grabmyo,S16,session1,session3,physionet_grabmyo::S16::session1->session3,2026,raw_stats_plus_frequency,balanced_acc,0.46289790721132595
physionet_grabmyo,S16,session1,session3,physionet_grabmyo::S16::session1->session3,2026,raw_stats_plus_pretrained,balanced_acc,0.31584048540765425
physionet_grabmyo,S16,session1,session3,physionet_grabmyo::S16::session1->session3,2027,frequency_logbandpower,balanced_acc,0.49369589966000693
physionet_grabmyo,S16,session1,session3,physionet_grabmyo::S16::session1->session3,2027,pretrained_encoder,balanced_acc,0.21728753761980935
physionet_grabmyo,S16,session1,session3,physionet_grabmyo::S16::session1->session3,2027,raw_stats,balanced_acc,0.5452455922959722
physionet_grabmyo,S16,session1,session3,physionet_grabmyo::S16::session1->session3,2027,raw_stats_plus_frequency,balanced_acc,0.46256906361299005
physionet_grabmyo,S16,session1,session3,physionet_grabmyo::S16::session1->session3,2027,raw_stats_plus_pretrained,balanced_acc,0.31645713708410356
physionet_grabmyo,S16,session1,session3,physionet_grabmyo::S16::session1->session3,2028,frequency_logbandpower,balanced_acc,0.4699202020199756
physionet_grabmyo,S16,session1,session3,physionet_grabmyo::S16::session1->session3,2028,pretrained_encoder,balanced_acc,0.22705486797447863
physionet_grabmyo,S16,session1,session3,physionet_grabmyo::S16::session1->session3,2028,raw_stats,balanced_acc,0.520432107634914
physionet_grabmyo,S16,session1,session3,physionet_grabmyo::S16::session1->session3,2028,raw_stats_plus_frequency,balanced_acc,0.4549477692278082
physionet_grabmyo,S16,session1,session3,physionet_grabmyo::S16::session1->session3,2028,raw_stats_plus_pretrained,balanced_acc,0.3232115551525197
physionet_grabmyo,S16,session1,session3,physionet_grabmyo::S16::session1->session3,2029,frequency_logbandpower,balanced_acc,0.4806656588304916
physionet_grabmyo,S16,session1,session3,physionet_grabmyo::S16::session1->session3,2029,pretrained_encoder,balanced_acc,0.20383162254621315
physionet_grabmyo,S16,session1,session3,physionet_grabmyo::S16::session1->session3,2029,raw_stats,balanced_acc,0.5399373798651915
physionet_grabmyo,S16,session1,session3,physionet_grabmyo::S16::session1->session3,2029,raw_stats_plus_frequency,balanced_acc,0.45104961313334246
physionet_grabmyo,S16,session1,session3,physionet_grabmyo::S16::session1->session3,2029,raw_stats_plus_pretrained,balanced_acc,0.3221251426426279
physionet_grabmyo,S16,session1,session3,physionet_grabmyo::S16::session1->session3,2030,frequency_logbandpower,balanced_acc,0.4887771181391153
physionet_grabmyo,S16,session1,session3,physionet_grabmyo::S16::session1->session3,2030,pretrained_encoder,balanced_acc,0.2158641338514111
physionet_grabmyo,S16,session1,session3,physionet_grabmyo::S16::session1->session3,2030,raw_stats,balanced_acc,0.5378766277084771
physionet_grabmyo,S16,session1,session3,physionet_grabmyo::S16::session1->session3,2030,raw_stats_plus_frequency,balanced_acc,0.45511158736682644
physionet_grabmyo,S16,session1,session3,physionet_grabmyo::S16::session1->session3,2030,raw_stats_plus_pretrained,balanced_acc,0.30700041667472083
physionet_grabmyo,S16,session1,session3,physionet_grabmyo::S16::session1->session3,2031,frequency_logbandpower,balanced_acc,0.47986618455220986
physionet_grabmyo,S16,session1,session3,physionet_grabmyo::S16::session1->session3,2031,pretrained_encoder,balanced_acc,0.20922492109019644
physionet_grabmyo,S16,session1,session3,physionet_grabmyo::S16::session1->session3,2031,raw_stats,balanced_acc,0.5165562118777949
physionet_grabmyo,S16,session1,session3,physionet_grabmyo::S16::session1->session3,2031,raw_stats_plus_frequency,balanced_acc,0.46185684587396203
physionet_grabmyo,S16,session1,session3,physionet_grabmyo::S16::session1->session3,2031,raw_stats_plus_pretrained,balanced_acc,0.3146176307532624
physionet_grabmyo,S16,session1,session3,physionet_grabmyo::S16::session1->session3,2032,frequency_logbandpower,balanced_acc,0.46300544308518515
physionet_grabmyo,S16,session1,session3,physionet_grabmyo::S16::session1->session3,2032,pretrained_encoder,balanced_acc,0.2136134465818101
physionet_grabmyo,S16,session1,session3,physionet_grabmyo::S16::session1->session3,2032,raw_stats,balanced_acc,0.5428844980001033
physionet_grabmyo,S16,session1,session3,physionet_grabmyo::S16::session1->session3,2032,raw_stats_plus_frequency,balanced_acc,0.4687203539791616
physionet_grabmyo,S16,session1,session3,physionet_grabmyo::S16::session1->session3,2032,raw_stats_plus_pretrained,balanced_acc,0.3334728151973914
physionet_grabmyo,S16,session1,session3,physionet_grabmyo::S16::session1->session3,2033,frequency_logbandpower,balanced_acc,0.4878028917459352
physionet_grabmyo,S16,session1,session3,physionet_grabmyo::S16::session1->session3,2033,pretrained_encoder,balanced_acc,0.222361595882056
physionet_grabmyo,S16,session1,session3,physionet_grabmyo::S16::session1->session3,2033,raw_stats,balanced_acc,0.5515113216340727
physionet_grabmyo,S16,session1,session3,physionet_grabmyo::S16::session1->session3,2033,raw_stats_plus_frequency,balanced_acc,0.4532709244367261
physionet_grabmyo,S16,session1,session3,physionet_grabmyo::S16::session1->session3,2033,raw_stats_plus_pretrained,balanced_acc,0.31968073123250945
physionet_grabmyo,S16,session1,session3,physionet_grabmyo::S16::session1->session3,2034,frequency_logbandpower,balanced_acc,0.49516869459947577
physionet_grabmyo,S16,session1,session3,physionet_grabmyo::S16::session1->session3,2034,pretrained_encoder,balanced_acc,0.20531858508273526
physionet_grabmyo,S16,session1,session3,physionet_grabmyo::S16::session1->session3,2034,raw_stats,balanced_acc,0.5581368540415893
physionet_grabmyo,S16,session1,session3,physionet_grabmyo::S16::session1->session3,2034,raw_stats_plus_frequency,balanced_acc,0.4616324659928629
physionet_grabmyo,S16,session1,session3,physionet_grabmyo::S16::session1->session3,2034,raw_stats_plus_pretrained,balanced_acc,0.33002285978376916
physionet_grabmyo,S16,session1,session3,physionet_grabmyo::S16::session1->session3,2035,frequency_logbandpower,balanced_acc,0.4865599046802974
physionet_grabmyo,S16,session1,session3,physionet_grabmyo::S16::session1->session3,2035,pretrained_encoder,balanced_acc,0.20791896792747083
physionet_grabmyo,S16,session1,session3,physionet_grabmyo::S16::session1->session3,2035,raw_stats,balanced_acc,0.5306137242838198
physionet_grabmyo,S16,session1,session3,physionet_grabmyo::S16::session1->session3,2035,raw_stats_plus_frequency,balanced_acc,0.47420722448323116
physionet_grabmyo,S16,session1,session3,physionet_grabmyo::S16::session1->session3,2035,raw_stats_plus_pretrained,balanced_acc,0.298376993173286
physionet_grabmyo,S17,session1,session2,physionet_grabmyo::S17::session1->session2,2026,frequency_logbandpower,balanced_acc,0.4597168945557549
physionet_grabmyo,S17,session1,session2,physionet_grabmyo::S17::session1->session2,2026,pretrained_encoder,balanced_acc,0.23771921774535693
physionet_grabmyo,S17,session1,session2,physionet_grabmyo::S17::session1->session2,2026,raw_stats,balanced_acc,0.5308164541175386
physionet_grabmyo,S17,session1,session2,physionet_grabmyo::S17::session1->session2,2026,raw_stats_plus_frequency,balanced_acc,0.4242960544448908
physionet_grabmyo,S17,session1,session2,physionet_grabmyo::S17::session1->session2,2026,raw_stats_plus_pretrained,balanced_acc,0.3905249324569595
physionet_grabmyo,S17,session1,session2,physionet_grabmyo::S17::session1->session2,2027,frequency_logbandpower,balanced_acc,0.47307760735832866
physionet_grabmyo,S17,session1,session2,physionet_grabmyo::S17::session1->session2,2027,pretrained_encoder,balanced_acc,0.23912407298332503
physionet_grabmyo,S17,session1,session2,physionet_grabmyo::S17::session1->session2,2027,raw_stats,balanced_acc,0.5457880821712057
physionet_grabmyo,S17,session1,session2,physionet_grabmyo::S17::session1->session2,2027,raw_stats_plus_frequency,balanced_acc,0.4239114998269818
physionet_grabmyo,S17,session1,session2,physionet_grabmyo::S17::session1->session2,2027,raw_stats_plus_pretrained,balanced_acc,0.3982315073377728
physionet_grabmyo,S17,session1,session2,physionet_grabmyo::S17::session1->session2,2028,frequency_logbandpower,balanced_acc,0.4606368088476965
physionet_grabmyo,S17,session1,session2,physionet_grabmyo::S17::session1->session2,2028,pretrained_encoder,balanced_acc,0.24601696781592947
physionet_grabmyo,S17,session1,session2,physionet_grabmyo::S17::session1->session2,2028,raw_stats,balanced_acc,0.5475739748603556
physionet_grabmyo,S17,session1,session2,physionet_grabmyo::S17::session1->session2,2028,raw_stats_plus_frequency,balanced_acc,0.4350594238694737
physionet_grabmyo,S17,session1,session2,physionet_grabmyo::S17::session1->session2,2028,raw_stats_plus_pretrained,balanced_acc,0.41325526861215806
physionet_grabmyo,S17,session1,session2,physionet_grabmyo::S17::session1->session2,2029,frequency_logbandpower,balanced_acc,0.45714730435929485
physionet_grabmyo,S17,session1,session2,physionet_grabmyo::S17::session1->session2,2029,pretrained_encoder,balanced_acc,0.24026348009013862
physionet_grabmyo,S17,session1,session2,physionet_grabmyo::S17::session1->session2,2029,raw_stats,balanced_acc,0.5675700675968172
physionet_grabmyo,S17,session1,session2,physionet_grabmyo::S17::session1->session2,2029,raw_stats_plus_frequency,balanced_acc,0.42378982410799887
physionet_grabmyo,S17,session1,session2,physionet_grabmyo::S17::session1->session2,2029,raw_stats_plus_pretrained,balanced_acc,0.3876251349361083
physionet_grabmyo,S17,session1,session2,physionet_grabmyo::S17::session1->session2,2030,frequency_logbandpower,balanced_acc,0.47697970973378695
physionet_grabmyo,S17,session1,session2,physionet_grabmyo::S17::session1->session2,2030,pretrained_encoder,balanced_acc,0.24206958495560815
physionet_grabmyo,S17,session1,session2,physionet_grabmyo::S17::session1->session2,2030,raw_stats,balanced_acc,0.5639941255534304
physionet_grabmyo,S17,session1,session2,physionet_grabmyo::S17::session1->session2,2030,raw_stats_plus_frequency,balanced_acc,0.42801858835144213
physionet_grabmyo,S17,session1,session2,physionet_grabmyo::S17::session1->session2,2030,raw_stats_plus_pretrained,balanced_acc,0.38983943531831994
physionet_grabmyo,S17,session1,session2,physionet_grabmyo::S17::session1->session2,2031,frequency_logbandpower,balanced_acc,0.48470675869875274
physionet_grabmyo,S17,session1,session2,physionet_grabmyo::S17::session1->session2,2031,pretrained_encoder,balanced_acc,0.24079418161679736
physionet_grabmyo,S17,session1,session2,physionet_grabmyo::S17::session1->session2,2031,raw_stats,balanced_acc,0.5462984352615572
physionet_grabmyo,S17,session1,session2,physionet_grabmyo::S17::session1->session2,2031,raw_stats_plus_frequency,balanced_acc,0.4301160109584579
physionet_grabmyo,S17,session1,session2,physionet_grabmyo::S17::session1->session2,2031,raw_stats_plus_pretrained,balanced_acc,0.3967662979883377
physionet_grabmyo,S17,session1,session2,physionet_grabmyo::S17::session1->session2,2032,frequency_logbandpower,balanced_acc,0.467849229413317
physionet_grabmyo,S17,session1,session2,physionet_grabmyo::S17::session1->session2,2032,pretrained_encoder,balanced_acc,0.254642875625425
physionet_grabmyo,S17,session1,session2,physionet_grabmyo::S17::session1->session2,2032,raw_stats,balanced_acc,0.5540963124567896
physionet_grabmyo,S17,session1,session2,physionet_grabmyo::S17::session1->session2,2032,raw_stats_plus_frequency,balanced_acc,0.4402799113641186
physionet_grabmyo,S17,session1,session2,physionet_grabmyo::S17::session1->session2,2032,raw_stats_plus_pretrained,balanced_acc,0.3841871168896776
physionet_grabmyo,S17,session1,session2,physionet_grabmyo::S17::session1->session2,2033,frequency_logbandpower,balanced_acc,0.4613789922608818
physionet_grabmyo,S17,session1,session2,physionet_grabmyo::S17::session1->session2,2033,pretrained_encoder,balanced_acc,0.24895801685996571
physionet_grabmyo,S17,session1,session2,physionet_grabmyo::S17::session1->session2,2033,raw_stats,balanced_acc,0.5301702172381526
physionet_grabmyo,S17,session1,session2,physionet_grabmyo::S17::session1->session2,2033,raw_stats_plus_frequency,balanced_acc,0.41269545248086303
physionet_grabmyo,S17,session1,session2,physionet_grabmyo::S17::session1->session2,2033,raw_stats_plus_pretrained,balanced_acc,0.41790708046126523
physionet_grabmyo,S17,session1,session2,physionet_grabmyo::S17::session1->session2,2034,frequency_logbandpower,balanced_acc,0.4825655273394804
physionet_grabmyo,S17,session1,session2,physionet_grabmyo::S17::session1->session2,2034,pretrained_encoder,balanced_acc,0.25814031136975907
physionet_grabmyo,S17,session1,session2,physionet_grabmyo::S17::session1->session2,2034,raw_stats,balanced_acc,0.5571633455225242
physionet_grabmyo,S17,session1,session2,physionet_grabmyo::S17::session1->session2,2034,raw_stats_plus_frequency,balanced_acc,0.4234081703620341
physionet_grabmyo,S17,session1,session2,physionet_grabmyo::S17::session1->session2,2034,raw_stats_plus_pretrained,balanced_acc,0.39176167110419513
physionet_grabmyo,S17,session1,session2,physionet_grabmyo::S17::session1->session2,2035,frequency_logbandpower,balanced_acc,0.46577206189894055
physionet_grabmyo,S17,session1,session2,physionet_grabmyo::S17::session1->session2,2035,pretrained_encoder,balanced_acc,0.22924266851195388
physionet_grabmyo,S17,session1,session2,physionet_grabmyo::S17::session1->session2,2035,raw_stats,balanced_acc,0.5428760845407455
physionet_grabmyo,S17,session1,session2,physionet_grabmyo::S17::session1->session2,2035,raw_stats_plus_frequency,balanced_acc,0.42026143120716813
physionet_grabmyo,S17,session1,session2,physionet_grabmyo::S17::session1->session2,2035,raw_stats_plus_pretrained,balanced_acc,0.3963100570616803
physionet_grabmyo,S17,session1,session3,physionet_grabmyo::S17::session1->session3,2026,frequency_logbandpower,balanced_acc,0.5405602342402321
physionet_grabmyo,S17,session1,session3,physionet_grabmyo::S17::session1->session3,2026,pretrained_encoder,balanced_acc,0.22962575694027962
physionet_grabmyo,S17,session1,session3,physionet_grabmyo::S17::session1->session3,2026,raw_stats,balanced_acc,0.5959875744927753
physionet_grabmyo,S17,session1,session3,physionet_grabmyo::S17::session1->session3,2026,raw_stats_plus_frequency,balanced_acc,0.5048558385920517
physionet_grabmyo,S17,session1,session3,physionet_grabmyo::S17::session1->session3,2026,raw_stats_plus_pretrained,balanced_acc,0.4344443855577341
physionet_grabmyo,S17,session1,session3,physionet_grabmyo::S17::session1->session3,2027,frequency_logbandpower,balanced_acc,0.5267594474001254
physionet_grabmyo,S17,session1,session3,physionet_grabmyo::S17::session1->session3,2027,pretrained_encoder,balanced_acc,0.23301056639615542
physionet_grabmyo,S17,session1,session3,physionet_grabmyo::S17::session1->session3,2027,raw_stats,balanced_acc,0.5826381823003545
physionet_grabmyo,S17,session1,session3,physionet_grabmyo::S17::session1->session3,2027,raw_stats_plus_frequency,balanced_acc,0.5064041980560058
physionet_grabmyo,S17,session1,session3,physionet_grabmyo::S17::session1->session3,2027,raw_stats_plus_pretrained,balanced_acc,0.4251834542718054
physionet_grabmyo,S17,session1,session3,physionet_grabmyo::S17::session1->session3,2028,frequency_logbandpower,balanced_acc,0.5379304445291747
physionet_grabmyo,S17,session1,session3,physionet_grabmyo::S17::session1->session3,2028,pretrained_encoder,balanced_acc,0.23828402435947543
physionet_grabmyo,S17,session1,session3,physionet_grabmyo::S17::session1->session3,2028,raw_stats,balanced_acc,0.5937779875536957
physionet_grabmyo,S17,session1,session3,physionet_grabmyo::S17::session1->session3,2028,raw_stats_plus_frequency,balanced_acc,0.49206919227452117
physionet_grabmyo,S17,session1,session3,physionet_grabmyo::S17::session1->session3,2028,raw_stats_plus_pretrained,balanced_acc,0.4244501194450319
physionet_grabmyo,S17,session1,session3,physionet_grabmyo::S17::session1->session3,2029,frequency_logbandpower,balanced_acc,0.5241417340939744
physionet_grabmyo,S17,session1,session3,physionet_grabmyo::S17::session1->session3,2029,pretrained_encoder,balanced_acc,0.23470520562723415
physionet_grabmyo,S17,session1,session3,physionet_grabmyo::S17::session1->session3,2029,raw_stats,balanced_acc,0.6120563436963201
physionet_grabmyo,S17,session1,session3,physionet_grabmyo::S17::session1->session3,2029,raw_stats_plus_frequency,balanced_acc,0.4985793840724275
physionet_grabmyo,S17,session1,session3,physionet_grabmyo::S17::session1->session3,2029,raw_stats_plus_pretrained,balanced_acc,0.42361921300548705
physionet_grabmyo,S17,session1,session3,physionet_grabmyo::S17::session1->session3,2030,frequency_logbandpower,balanced_acc,0.5262960361604921
physionet_grabmyo,S17,session1,session3,physionet_grabmyo::S17::session1->session3,2030,pretrained_encoder,balanced_acc,0.24271213917125498
physionet_grabmyo,S17,session1,session3,physionet_grabmyo::S17::session1->session3,2030,raw_stats,balanced_acc,0.5945114893452693
physionet_grabmyo,S17,session1,session3,physionet_grabmyo::S17::session1->session3,2030,raw_stats_plus_frequency,balanced_acc,0.493285256386328
physionet_grabmyo,S17,session1,session3,physionet_grabmyo::S17::session1->session3,2030,raw_stats_plus_pretrained,balanced_acc,0.4297968544814303
physionet_grabmyo,S17,session1,session3,physionet_grabmyo::S17::session1->session3,2031,frequency_logbandpower,balanced_acc,0.5328422140603601
physionet_grabmyo,S17,session1,session3,physionet_grabmyo::S17::session1->session3,2031,pretrained_encoder,balanced_acc,0.225040203353189
physionet_grabmyo,S17,session1,session3,physionet_grabmyo::S17::session1->session3,2031,raw_stats,balanced_acc,0.5999226505955892
physionet_grabmyo,S17,session1,session3,physionet_grabmyo::S17::session1->session3,2031,raw_stats_plus_frequency,balanced_acc,0.49659045714401395
physionet_grabmyo,S17,session1,session3,physionet_grabmyo::S17::session1->session3,2031,raw_stats_plus_pretrained,balanced_acc,0.40235703445438953
physionet_grabmyo,S17,session1,session3,physionet_grabmyo::S17::session1->session3,2032,frequency_logbandpower,balanced_acc,0.5343565740178844
physionet_grabmyo,S17,session1,session3,physionet_grabmyo::S17::session1->session3,2032,pretrained_encoder,balanced_acc,0.23238413424907853
physionet_grabmyo,S17,session1,session3,physionet_grabmyo::S17::session1->session3,2032,raw_stats,balanced_acc,0.5954580210818523
physionet_grabmyo,S17,session1,session3,physionet_grabmyo::S17::session1->session3,2032,raw_stats_plus_frequency,balanced_acc,0.504988612805336
physionet_grabmyo,S17,session1,session3,physionet_grabmyo::S17::session1->session3,2032,raw_stats_plus_pretrained,balanced_acc,0.4309078179219265
physionet_grabmyo,S17,session1,session3,physionet_grabmyo::S17::session1->session3,2033,frequency_logbandpower,balanced_acc,0.5384392557666167
physionet_grabmyo,S17,session1,session3,physionet_grabmyo::S17::session1->session3,2033,pretrained_encoder,balanced_acc,0.23562461111183383
physionet_grabmyo,S17,session1,session3,physionet_grabmyo::S17::session1->session3,2033,raw_stats,balanced_acc,0.6039518340689127
physionet_grabmyo,S17,session1,session3,physionet_grabmyo::S17::session1->session3,2033,raw_stats_plus_frequency,balanced_acc,0.4992996322439408
physionet_grabmyo,S17,session1,session3,physionet_grabmyo::S17::session1->session3,2033,raw_stats_plus_pretrained,balanced_acc,0.430240257010516
physionet_grabmyo,S17,session1,session3,physionet_grabmyo::S17::session1->session3,2034,frequency_logbandpower,balanced_acc,0.5451603625847391
physionet_grabmyo,S17,session1,session3,physionet_grabmyo::S17::session1->session3,2034,pretrained_encoder,balanced_acc,0.23411745907637754
physionet_grabmyo,S17,session1,session3,physionet_grabmyo::S17::session1->session3,2034,raw_stats,balanced_acc,0.6024332007997634
physionet_grabmyo,S17,session1,session3,physionet_grabmyo::S17::session1->session3,2034,raw_stats_plus_frequency,balanced_acc,0.5047537276357932
physionet_grabmyo,S17,session1,session3,physionet_grabmyo::S17::session1->session3,2034,raw_stats_plus_pretrained,balanced_acc,0.4361485919413138
physionet_grabmyo,S17,session1,session3,physionet_grabmyo::S17::session1->session3,2035,frequency_logbandpower,balanced_acc,0.5479677533541855
physionet_grabmyo,S17,session1,session3,physionet_grabmyo::S17::session1->session3,2035,pretrained_encoder,balanced_acc,0.25172365061473895
physionet_grabmyo,S17,session1,session3,physionet_grabmyo::S17::session1->session3,2035,raw_stats,balanced_acc,0.6149050178183653
physionet_grabmyo,S17,session1,session3,physionet_grabmyo::S17::session1->session3,2035,raw_stats_plus_frequency,balanced_acc,0.5163194110233351
physionet_grabmyo,S17,session1,session3,physionet_grabmyo::S17::session1->session3,2035,raw_stats_plus_pretrained,balanced_acc,0.42034858934512814
physionet_grabmyo,S18,session1,session2,physionet_grabmyo::S18::session1->session2,2026,frequency_logbandpower,balanced_acc,0.7475020590095278
physionet_grabmyo,S18,session1,session2,physionet_grabmyo::S18::session1->session2,2026,pretrained_encoder,balanced_acc,0.309037214854335
physionet_grabmyo,S18,session1,session2,physionet_grabmyo::S18::session1->session2,2026,raw_stats,balanced_acc,0.7454652834405987
physionet_grabmyo,S18,session1,session2,physionet_grabmyo::S18::session1->session2,2026,raw_stats_plus_frequency,balanced_acc,0.6170846460481857
physionet_grabmyo,S18,session1,session2,physionet_grabmyo::S18::session1->session2,2026,raw_stats_plus_pretrained,balanced_acc,0.5131299845286331
physionet_grabmyo,S18,session1,session2,physionet_grabmyo::S18::session1->session2,2027,frequency_logbandpower,balanced_acc,0.7400959194758067
physionet_grabmyo,S18,session1,session2,physionet_grabmyo::S18::session1->session2,2027,pretrained_encoder,balanced_acc,0.31039473182875627
physionet_grabmyo,S18,session1,session2,physionet_grabmyo::S18::session1->session2,2027,raw_stats,balanced_acc,0.7336778329259039
physionet_grabmyo,S18,session1,session2,physionet_grabmyo::S18::session1->session2,2027,raw_stats_plus_frequency,balanced_acc,0.6227579550870285
physionet_grabmyo,S18,session1,session2,physionet_grabmyo::S18::session1->session2,2027,raw_stats_plus_pretrained,balanced_acc,0.5084022475107747
physionet_grabmyo,S18,session1,session2,physionet_grabmyo::S18::session1->session2,2028,frequency_logbandpower,balanced_acc,0.7437892229226446
physionet_grabmyo,S18,session1,session2,physionet_grabmyo::S18::session1->session2,2028,pretrained_encoder,balanced_acc,0.31376917497326734
physionet_grabmyo,S18,session1,session2,physionet_grabmyo::S18::session1->session2,2028,raw_stats,balanced_acc,0.734500257822135
physionet_grabmyo,S18,session1,session2,physionet_grabmyo::S18::session1->session2,2028,raw_stats_plus_frequency,balanced_acc,0.6240410772246829
physionet_grabmyo,S18,session1,session2,physionet_grabmyo::S18::session1->session2,2028,raw_stats_plus_pretrained,balanced_acc,0.5096106007978475
physionet_grabmyo,S18,session1,session2,physionet_grabmyo::S18::session1->session2,2029,frequency_logbandpower,balanced_acc,0.7523974822992239
physionet_grabmyo,S18,session1,session2,physionet_grabmyo::S18::session1->session2,2029,pretrained_encoder,balanced_acc,0.3248305714903742
physionet_grabmyo,S18,session1,session2,physionet_grabmyo::S18::session1->session2,2029,raw_stats,balanced_acc,0.7311018775845888
physionet_grabmyo,S18,session1,session2,physionet_grabmyo::S18::session1->session2,2029,raw_stats_plus_frequency,balanced_acc,0.606525611949209
physionet_grabmyo,S18,session1,session2,physionet_grabmyo::S18::session1->session2,2029,raw_stats_plus_pretrained,balanced_acc,0.523847739961183
physionet_grabmyo,S18,session1,session2,physionet_grabmyo::S18::session1->session2,2030,frequency_logbandpower,balanced_acc,0.7400494630945373
physionet_grabmyo,S18,session1,session2,physionet_grabmyo::S18::session1->session2,2030,pretrained_encoder,balanced_acc,0.30095230109310767
physionet_grabmyo,S18,session1,session2,physionet_grabmyo::S18::session1->session2,2030,raw_stats,balanced_acc,0.7433224422842298
physionet_grabmyo,S18,session1,session2,physionet_grabmyo::S18::session1->session2,2030,raw_stats_plus_frequency,balanced_acc,0.6166341642247665
physionet_grabmyo,S18,session1,session2,physionet_grabmyo::S18::session1->session2,2030,raw_stats_plus_pretrained,balanced_acc,0.5107985733270987
physionet_grabmyo,S18,session1,session2,physionet_grabmyo::S18::session1->session2,2031,frequency_logbandpower,balanced_acc,0.7415016329139722
physionet_grabmyo,S18,session1,session2,physionet_grabmyo::S18::session1->session2,2031,pretrained_encoder,balanced_acc,0.31920709752819315
physionet_grabmyo,S18,session1,session2,physionet_grabmyo::S18::session1->session2,2031,raw_stats,balanced_acc,0.7432118503832937
physionet_grabmyo,S18,session1,session2,physionet_grabmyo::S18::session1->session2,2031,raw_stats_plus_frequency,balanced_acc,0.6309470984685164
physionet_grabmyo,S18,session1,session2,physionet_grabmyo::S18::session1->session2,2031,raw_stats_plus_pretrained,balanced_acc,0.5039302399795342
physionet_grabmyo,S18,session1,session2,physionet_grabmyo::S18::session1->session2,2032,frequency_logbandpower,balanced_acc,0.7493699867599707
physionet_grabmyo,S18,session1,session2,physionet_grabmyo::S18::session1->session2,2032,pretrained_encoder,balanced_acc,0.3100396654694386
physionet_grabmyo,S18,session1,session2,physionet_grabmyo::S18::session1->session2,2032,raw_stats,balanced_acc,0.7345247869702685
physionet_grabmyo,S18,session1,session2,physionet_grabmyo::S18::session1->session2,2032,raw_stats_plus_frequency,balanced_acc,0.6322500041890626
physionet_grabmyo,S18,session1,session2,physionet_grabmyo::S18::session1->session2,2032,raw_stats_plus_pretrained,balanced_acc,0.5161583332493475
physionet_grabmyo,S18,session1,session2,physionet_grabmyo::S18::session1->session2,2033,frequency_logbandpower,balanced_acc,0.7294573478674978
physionet_grabmyo,S18,session1,session2,physionet_grabmyo::S18::session1->session2,2033,pretrained_encoder,balanced_acc,0.30182779770760393
physionet_grabmyo,S18,session1,session2,physionet_grabmyo::S18::session1->session2,2033,raw_stats,balanced_acc,0.7257718550324604
physionet_grabmyo,S18,session1,session2,physionet_grabmyo::S18::session1->session2,2033,raw_stats_plus_frequency,balanced_acc,0.6197872655344573
physionet_grabmyo,S18,session1,session2,physionet_grabmyo::S18::session1->session2,2033,raw_stats_plus_pretrained,balanced_acc,0.5229033056600626
physionet_grabmyo,S18,session1,session2,physionet_grabmyo::S18::session1->session2,2034,frequency_logbandpower,balanced_acc,0.7494676760089377
physionet_grabmyo,S18,session1,session2,physionet_grabmyo::S18::session1->session2,2034,pretrained_encoder,balanced_acc,0.31303837058837486
physionet_grabmyo,S18,session1,session2,physionet_grabmyo::S18::session1->session2,2034,raw_stats,balanced_acc,0.7415342596103239
physionet_grabmyo,S18,session1,session2,physionet_grabmyo::S18::session1->session2,2034,raw_stats_plus_frequency,balanced_acc,0.6308231064735287
physionet_grabmyo,S18,session1,session2,physionet_grabmyo::S18::session1->session2,2034,raw_stats_plus_pretrained,balanced_acc,0.5191576412645383
physionet_grabmyo,S18,session1,session2,physionet_grabmyo::S18::session1->session2,2035,frequency_logbandpower,balanced_acc,0.750628485655975
physionet_grabmyo,S18,session1,session2,physionet_grabmyo::S18::session1->session2,2035,pretrained_encoder,balanced_acc,0.3130255200930358
physionet_grabmyo,S18,session1,session2,physionet_grabmyo::S18::session1->session2,2035,raw_stats,balanced_acc,0.7444822168468621
physionet_grabmyo,S18,session1,session2,physionet_grabmyo::S18::session1->session2,2035,raw_stats_plus_frequency,balanced_acc,0.6160920479040307
physionet_grabmyo,S18,session1,session2,physionet_grabmyo::S18::session1->session2,2035,raw_stats_plus_pretrained,balanced_acc,0.5039829161276782
physionet_grabmyo,S18,session1,session3,physionet_grabmyo::S18::session1->session3,2026,frequency_logbandpower,balanced_acc,0.5977183931681238
physionet_grabmyo,S18,session1,session3,physionet_grabmyo::S18::session1->session3,2026,pretrained_encoder,balanced_acc,0.2687782901056179
physionet_grabmyo,S18,session1,session3,physionet_grabmyo::S18::session1->session3,2026,raw_stats,balanced_acc,0.5627579970577464
physionet_grabmyo,S18,session1,session3,physionet_grabmyo::S18::session1->session3,2026,raw_stats_plus_frequency,balanced_acc,0.4866837666402588
physionet_grabmyo,S18,session1,session3,physionet_grabmyo::S18::session1->session3,2026,raw_stats_plus_pretrained,balanced_acc,0.4292894045482369
physionet_grabmyo,S18,session1,session3,physionet_grabmyo::S18::session1->session3,2027,frequency_logbandpower,balanced_acc,0.6064945744265811
physionet_grabmyo,S18,session1,session3,physionet_grabmyo::S18::session1->session3,2027,pretrained_encoder,balanced_acc,0.26336156210977973
physionet_grabmyo,S18,session1,session3,physionet_grabmyo::S18::session1->session3,2027,raw_stats,balanced_acc,0.5552113908240849
physionet_grabmyo,S18,session1,session3,physionet_grabmyo::S18::session1->session3,2027,raw_stats_plus_frequency,balanced_acc,0.4892457537831094
physionet_grabmyo,S18,session1,session3,physionet_grabmyo::S18::session1->session3,2027,raw_stats_plus_pretrained,balanced_acc,0.42271429483400474
physionet_grabmyo,S18,session1,session3,physionet_grabmyo::S18::session1->session3,2028,frequency_logbandpower,balanced_acc,0.5997320123073179
physionet_grabmyo,S18,session1,session3,physionet_grabmyo::S18::session1->session3,2028,pretrained_encoder,balanced_acc,0.2636519722142746
physionet_grabmyo,S18,session1,session3,physionet_grabmyo::S18::session1->session3,2028,raw_stats,balanced_acc,0.5518369873856341
physionet_grabmyo,S18,session1,session3,physionet_grabmyo::S18::session1->session3,2028,raw_stats_plus_frequency,balanced_acc,0.4894089135497472
physionet_grabmyo,S18,session1,session3,physionet_grabmyo::S18::session1->session3,2028,raw_stats_plus_pretrained,balanced_acc,0.4034005518553756
physionet_grabmyo,S18,session1,session3,physionet_grabmyo::S18::session1->session3,2029,frequency_logbandpower,balanced_acc,0.5945887977878802
physionet_grabmyo,S18,session1,session3,physionet_grabmyo::S18::session1->session3,2029,pretrained_encoder,balanced_acc,0.2709040920754922
physionet_grabmyo,S18,session1,session3,physionet_grabmyo::S18::session1->session3,2029,raw_stats,balanced_acc,0.5482105463338244
physionet_grabmyo,S18,session1,session3,physionet_grabmyo::S18::session1->session3,2029,raw_stats_plus_frequency,balanced_acc,0.4854382066070384
physionet_grabmyo,S18,session1,session3,physionet_grabmyo::S18::session1->session3,2029,raw_stats_plus_pretrained,balanced_acc,0.42876105758114885
physionet_grabmyo,S18,session1,session3,physionet_grabmyo::S18::session1->session3,2030,frequency_logbandpower,balanced_acc,0.6079398510766056
physionet_grabmyo,S18,session1,session3,physionet_grabmyo::S18::session1->session3,2030,pretrained_encoder,balanced_acc,0.2976460351521125
physionet_grabmyo,S18,session1,session3,physionet_grabmyo::S18::session1->session3,2030,raw_stats,balanced_acc,0.5455345198405354
physionet_grabmyo,S18,session1,session3,physionet_grabmyo::S18::session1->session3,2030,raw_stats_plus_frequency,balanced_acc,0.4759845585498397
physionet_grabmyo,S18,session1,session3,physionet_grabmyo::S18::session1->session3,2030,raw_stats_plus_pretrained,balanced_acc,0.4271899343070359
physionet_grabmyo,S18,session1,session3,physionet_grabmyo::S18::session1->session3,2031,frequency_logbandpower,balanced_acc,0.5991848860777284
physionet_grabmyo,S18,session1,session3,physionet_grabmyo::S18::session1->session3,2031,pretrained_encoder,balanced_acc,0.28633544974826847
physionet_grabmyo,S18,session1,session3,physionet_grabmyo::S18::session1->session3,2031,raw_stats,balanced_acc,0.5330473565765101
physionet_grabmyo,S18,session1,session3,physionet_grabmyo::S18::session1->session3,2031,raw_stats_plus_frequency,balanced_acc,0.46846551655630625
physionet_grabmyo,S18,session1,session3,physionet_grabmyo::S18::session1->session3,2031,raw_stats_plus_pretrained,balanced_acc,0.4388158193197269
physionet_grabmyo,S18,session1,session3,physionet_grabmyo::S18::session1->session3,2032,frequency_logbandpower,balanced_acc,0.5925613408736695
physionet_grabmyo,S18,session1,session3,physionet_grabmyo::S18::session1->session3,2032,pretrained_encoder,balanced_acc,0.286635760518579
physionet_grabmyo,S18,session1,session3,physionet_grabmyo::S18::session1->session3,2032,raw_stats,balanced_acc,0.5614576530151959
physionet_grabmyo,S18,session1,session3,physionet_grabmyo::S18::session1->session3,2032,raw_stats_plus_frequency,balanced_acc,0.4908998365519397
physionet_grabmyo,S18,session1,session3,physionet_grabmyo::S18::session1->session3,2032,raw_stats_plus_pretrained,balanced_acc,0.425585199138213
physionet_grabmyo,S18,session1,session3,physionet_grabmyo::S18::session1->session3,2033,frequency_logbandpower,balanced_acc,0.6057701915135224
physionet_grabmyo,S18,session1,session3,physionet_grabmyo::S18::session1->session3,2033,pretrained_encoder,balanced_acc,0.264961027242563
physionet_grabmyo,S18,session1,session3,physionet_grabmyo::S18::session1->session3,2033,raw_stats,balanced_acc,0.5547556611034136
physionet_grabmyo,S18,session1,session3,physionet_grabmyo::S18::session1->session3,2033,raw_stats_plus_frequency,balanced_acc,0.4929138319055831
physionet_grabmyo,S18,session1,session3,physionet_grabmyo::S18::session1->session3,2033,raw_stats_plus_pretrained,balanced_acc,0.44013684245783113
physionet_grabmyo,S18,session1,session3,physionet_grabmyo::S18::session1->session3,2034,frequency_logbandpower,balanced_acc,0.6026056450761205
physionet_grabmyo,S18,session1,session3,physionet_grabmyo::S18::session1->session3,2034,pretrained_encoder,balanced_acc,0.2731066385982462
physionet_grabmyo,S18,session1,session3,physionet_grabmyo::S18::session1->session3,2034,raw_stats,balanced_acc,0.5551511324883326
physionet_grabmyo,S18,session1,session3,physionet_grabmyo::S18::session1->session3,2034,raw_stats_plus_frequency,balanced_acc,0.4903164144320758
physionet_grabmyo,S18,session1,session3,physionet_grabmyo::S18::session1->session3,2034,raw_stats_plus_pretrained,balanced_acc,0.4309188895406145
physionet_grabmyo,S18,session1,session3,physionet_grabmyo::S18::session1->session3,2035,frequency_logbandpower,balanced_acc,0.5989292021608932
physionet_grabmyo,S18,session1,session3,physionet_grabmyo::S18::session1->session3,2035,pretrained_encoder,balanced_acc,0.2633347307638275
physionet_grabmyo,S18,session1,session3,physionet_grabmyo::S18::session1->session3,2035,raw_stats,balanced_acc,0.5609362869328572
physionet_grabmyo,S18,session1,session3,physionet_grabmyo::S18::session1->session3,2035,raw_stats_plus_frequency,balanced_acc,0.47604668458481325
physionet_grabmyo,S18,session1,session3,physionet_grabmyo::S18::session1->session3,2035,raw_stats_plus_pretrained,balanced_acc,0.42090078471142317
physionet_grabmyo,S19,session1,session2,physionet_grabmyo::S19::session1->session2,2026,frequency_logbandpower,balanced_acc,0.4558961778984928
physionet_grabmyo,S19,session1,session2,physionet_grabmyo::S19::session1->session2,2026,pretrained_encoder,balanced_acc,0.22772468361931386
physionet_grabmyo,S19,session1,session2,physionet_grabmyo::S19::session1->session2,2026,raw_stats,balanced_acc,0.5030848443405884
physionet_grabmyo,S19,session1,session2,physionet_grabmyo::S19::session1->session2,2026,raw_stats_plus_frequency,balanced_acc,0.4124701571487613
physionet_grabmyo,S19,session1,session2,physionet_grabmyo::S19::session1->session2,2026,raw_stats_plus_pretrained,balanced_acc,0.3762329111274791
physionet_grabmyo,S19,session1,session2,physionet_grabmyo::S19::session1->session2,2027,frequency_logbandpower,balanced_acc,0.44671431835744513
physionet_grabmyo,S19,session1,session2,physionet_grabmyo::S19::session1->session2,2027,pretrained_encoder,balanced_acc,0.22473262215225565
physionet_grabmyo,S19,session1,session2,physionet_grabmyo::S19::session1->session2,2027,raw_stats,balanced_acc,0.5106196009974235
physionet_grabmyo,S19,session1,session2,physionet_grabmyo::S19::session1->session2,2027,raw_stats_plus_frequency,balanced_acc,0.41315623818635044
physionet_grabmyo,S19,session1,session2,physionet_grabmyo::S19::session1->session2,2027,raw_stats_plus_pretrained,balanced_acc,0.36986806085127427
physionet_grabmyo,S19,session1,session2,physionet_grabmyo::S19::session1->session2,2028,frequency_logbandpower,balanced_acc,0.46023134813465316
physionet_grabmyo,S19,session1,session2,physionet_grabmyo::S19::session1->session2,2028,pretrained_encoder,balanced_acc,0.2130568096432614
physionet_grabmyo,S19,session1,session2,physionet_grabmyo::S19::session1->session2,2028,raw_stats,balanced_acc,0.5330482446842073
physionet_grabmyo,S19,session1,session2,physionet_grabmyo::S19::session1->session2,2028,raw_stats_plus_frequency,balanced_acc,0.4227650831027101
physionet_grabmyo,S19,session1,session2,physionet_grabmyo::S19::session1->session2,2028,raw_stats_plus_pretrained,balanced_acc,0.36823807325004626
physionet_grabmyo,S19,session1,session2,physionet_grabmyo::S19::session1->session2,2029,frequency_logbandpower,balanced_acc,0.46503044495169077
physionet_grabmyo,S19,session1,session2,physionet_grabmyo::S19::session1->session2,2029,pretrained_encoder,balanced_acc,0.2286088113336359
physionet_grabmyo,S19,session1,session2,physionet_grabmyo::S19::session1->session2,2029,raw_stats,balanced_acc,0.5481392928738017
physionet_grabmyo,S19,session1,session2,physionet_grabmyo::S19::session1->session2,2029,raw_stats_plus_frequency,balanced_acc,0.4195468630558494
physionet_grabmyo,S19,session1,session2,physionet_grabmyo::S19::session1->session2,2029,raw_stats_plus_pretrained,balanced_acc,0.3609874113922332
physionet_grabmyo,S19,session1,session2,physionet_grabmyo::S19::session1->session2,2030,frequency_logbandpower,balanced_acc,0.4540297926557323
physionet_grabmyo,S19,session1,session2,physionet_grabmyo::S19::session1->session2,2030,pretrained_encoder,balanced_acc,0.23280402250954585
physionet_grabmyo,S19,session1,session2,physionet_grabmyo::S19::session1->session2,2030,raw_stats,balanced_acc,0.5235068194543651
physionet_grabmyo,S19,session1,session2,physionet_grabmyo::S19::session1->session2,2030,raw_stats_plus_frequency,balanced_acc,0.4275554131154426
physionet_grabmyo,S19,session1,session2,physionet_grabmyo::S19::session1->session2,2030,raw_stats_plus_pretrained,balanced_acc,0.3691509990677431
physionet_grabmyo,S19,session1,session2,physionet_grabmyo::S19::session1->session2,2031,frequency_logbandpower,balanced_acc,0.4575216853325738
physionet_grabmyo,S19,session1,session2,physionet_grabmyo::S19::session1->session2,2031,pretrained_encoder,balanced_acc,0.22508351918752853
physionet_grabmyo,S19,session1,session2,physionet_grabmyo::S19::session1->session2,2031,raw_stats,balanced_acc,0.5302812294774776
physionet_grabmyo,S19,session1,session2,physionet_grabmyo::S19::session1->session2,2031,raw_stats_plus_frequency,balanced_acc,0.4314009337789127
physionet_grabmyo,S19,session1,session2,physionet_grabmyo::S19::session1->session2,2031,raw_stats_plus_pretrained,balanced_acc,0.35797170337258644
physionet_grabmyo,S19,session1,session2,physionet_grabmyo::S19::session1->session2,2032,frequency_logbandpower,balanced_acc,0.45631865470328653
physionet_grabmyo,S19,session1,session2,physionet_grabmyo::S19::session1->session2,2032,pretrained_encoder,balanced_acc,0.21914272703412685
physionet_grabmyo,S19,session1,session2,physionet_grabmyo::S19::session1->session2,2032,raw_stats,balanced_acc,0.5217958108633352
physionet_grabmyo,S19,session1,session2,physionet_grabmyo::S19::session1->session2,2032,raw_stats_plus_frequency,balanced_acc,0.42528245579675755
physionet_grabmyo,S19,session1,session2,physionet_grabmyo::S19::session1->session2,2032,raw_stats_plus_pretrained,balanced_acc,0.3817885296279596
physionet_grabmyo,S19,session1,session2,physionet_grabmyo::S19::session1->session2,2033,frequency_logbandpower,balanced_acc,0.45392401686236805
physionet_grabmyo,S19,session1,session2,physionet_grabmyo::S19::session1->session2,2033,pretrained_encoder,balanced_acc,0.23278395305285532
physionet_grabmyo,S19,session1,session2,physionet_grabmyo::S19::session1->session2,2033,raw_stats,balanced_acc,0.5371702839519402
physionet_grabmyo,S19,session1,session2,physionet_grabmyo::S19::session1->session2,2033,raw_stats_plus_frequency,balanced_acc,0.43091256706008335
physionet_grabmyo,S19,session1,session2,physionet_grabmyo::S19::session1->session2,2033,raw_stats_plus_pretrained,balanced_acc,0.37068449680284243
physionet_grabmyo,S19,session1,session2,physionet_grabmyo::S19::session1->session2,2034,frequency_logbandpower,balanced_acc,0.46355035277919376
physionet_grabmyo,S19,session1,session2,physionet_grabmyo::S19::session1->session2,2034,pretrained_encoder,balanced_acc,0.23645482261789297
physionet_grabmyo,S19,session1,session2,physionet_grabmyo::S19::session1->session2,2034,raw_stats,balanced_acc,0.5321237012344548
physionet_grabmyo,S19,session1,session2,physionet_grabmyo::S19::session1->session2,2034,raw_stats_plus_frequency,balanced_acc,0.4380698079450301
physionet_grabmyo,S19,session1,session2,physionet_grabmyo::S19::session1->session2,2034,raw_stats_plus_pretrained,balanced_acc,0.3593290855858226
physionet_grabmyo,S19,session1,session2,physionet_grabmyo::S19::session1->session2,2035,frequency_logbandpower,balanced_acc,0.4339171241662081
physionet_grabmyo,S19,session1,session2,physionet_grabmyo::S19::session1->session2,2035,pretrained_encoder,balanced_acc,0.2220488401227634
physionet_grabmyo,S19,session1,session2,physionet_grabmyo::S19::session1->session2,2035,raw_stats,balanced_acc,0.5287726068600195
physionet_grabmyo,S19,session1,session2,physionet_grabmyo::S19::session1->session2,2035,raw_stats_plus_frequency,balanced_acc,0.41349936272830506
physionet_grabmyo,S19,session1,session2,physionet_grabmyo::S19::session1->session2,2035,raw_stats_plus_pretrained,balanced_acc,0.36128541693770455
physionet_grabmyo,S19,session1,session3,physionet_grabmyo::S19::session1->session3,2026,frequency_logbandpower,balanced_acc,0.4140512663354114
physionet_grabmyo,S19,session1,session3,physionet_grabmyo::S19::session1->session3,2026,pretrained_encoder,balanced_acc,0.19405961100180905
physionet_grabmyo,S19,session1,session3,physionet_grabmyo::S19::session1->session3,2026,raw_stats,balanced_acc,0.468727510497703
physionet_grabmyo,S19,session1,session3,physionet_grabmyo::S19::session1->session3,2026,raw_stats_plus_frequency,balanced_acc,0.39512429174731184
physionet_grabmyo,S19,session1,session3,physionet_grabmyo::S19::session1->session3,2026,raw_stats_plus_pretrained,balanced_acc,0.28705530232638704
physionet_grabmyo,S19,session1,session3,physionet_grabmyo::S19::session1->session3,2027,frequency_logbandpower,balanced_acc,0.41764173470227345
physionet_grabmyo,S19,session1,session3,physionet_grabmyo::S19::session1->session3,2027,pretrained_encoder,balanced_acc,0.1883076751587772
physionet_grabmyo,S19,session1,session3,physionet_grabmyo::S19::session1->session3,2027,raw_stats,balanced_acc,0.4980035146439014
physionet_grabmyo,S19,session1,session3,physionet_grabmyo::S19::session1->session3,2027,raw_stats_plus_frequency,balanced_acc,0.3824938173471558
physionet_grabmyo,S19,session1,session3,physionet_grabmyo::S19::session1->session3,2027,raw_stats_plus_pretrained,balanced_acc,0.31321147016829065
physionet_grabmyo,S19,session1,session3,physionet_grabmyo::S19::session1->session3,2028,frequency_logbandpower,balanced_acc,0.4098264905186233
physionet_grabmyo,S19,session1,session3,physionet_grabmyo::S19::session1->session3,2028,pretrained_encoder,balanced_acc,0.18137528956583554
physionet_grabmyo,S19,session1,session3,physionet_grabmyo::S19::session1->session3,2028,raw_stats,balanced_acc,0.5044729263247605
physionet_grabmyo,S19,session1,session3,physionet_grabmyo::S19::session1->session3,2028,raw_stats_plus_frequency,balanced_acc,0.40509658751515065
physionet_grabmyo,S19,session1,session3,physionet_grabmyo::S19::session1->session3,2028,raw_stats_plus_pretrained,balanced_acc,0.33346692006178286
physionet_grabmyo,S19,session1,session3,physionet_grabmyo::S19::session1->session3,2029,frequency_logbandpower,balanced_acc,0.4065263376016479
physionet_grabmyo,S19,session1,session3,physionet_grabmyo::S19::session1->session3,2029,pretrained_encoder,balanced_acc,0.17953946169380203
physionet_grabmyo,S19,session1,session3,physionet_grabmyo::S19::session1->session3,2029,raw_stats,balanced_acc,0.481147578617098
physionet_grabmyo,S19,session1,session3,physionet_grabmyo::S19::session1->session3,2029,raw_stats_plus_frequency,balanced_acc,0.39786424031962253
physionet_grabmyo,S19,session1,session3,physionet_grabmyo::S19::session1->session3,2029,raw_stats_plus_pretrained,balanced_acc,0.29057387608762897
physionet_grabmyo,S19,session1,session3,physionet_grabmyo::S19::session1->session3,2030,frequency_logbandpower,balanced_acc,0.4176078464076132
physionet_grabmyo,S19,session1,session3,physionet_grabmyo::S19::session1->session3,2030,pretrained_encoder,balanced_acc,0.19974286678127517
physionet_grabmyo,S19,session1,session3,physionet_grabmyo::S19::session1->session3,2030,raw_stats,balanced_acc,0.49159594945740853
physionet_grabmyo,S19,session1,session3,physionet_grabmyo::S19::session1->session3,2030,raw_stats_plus_frequency,balanced_acc,0.4012416042485471
physionet_grabmyo,S19,session1,session3,physionet_grabmyo::S19::session1->session3,2030,raw_stats_plus_pretrained,balanced_acc,0.2958220612649576
physionet_grabmyo,S19,session1,session3,physionet_grabmyo::S19::session1->session3,2031,frequency_logbandpower,balanced_acc,0.4256613469261828
physionet_grabmyo,S19,session1,session3,physionet_grabmyo::S19::session1->session3,2031,pretrained_encoder,balanced_acc,0.2047122868569025
physionet_grabmyo,S19,session1,session3,physionet_grabmyo::S19::session1->session3,2031,raw_stats,balanced_acc,0.5092925449917102
physionet_grabmyo,S19,session1,session3,physionet_grabmyo::S19::session1->session3,2031,raw_stats_plus_frequency,balanced_acc,0.4055443690392973
physionet_grabmyo,S19,session1,session3,physionet_grabmyo::S19::session1->session3,2031,raw_stats_plus_pretrained,balanced_acc,0.30809152533200473
physionet_grabmyo,S19,session1,session3,physionet_grabmyo::S19::session1->session3,2032,frequency_logbandpower,balanced_acc,0.3949374107034381
physionet_grabmyo,S19,session1,session3,physionet_grabmyo::S19::session1->session3,2032,pretrained_encoder,balanced_acc,0.19853338382251512
physionet_grabmyo,S19,session1,session3,physionet_grabmyo::S19::session1->session3,2032,raw_stats,balanced_acc,0.49483796545332487
physionet_grabmyo,S19,session1,session3,physionet_grabmyo::S19::session1->session3,2032,raw_stats_plus_frequency,balanced_acc,0.3906894108228476
physionet_grabmyo,S19,session1,session3,physionet_grabmyo::S19::session1->session3,2032,raw_stats_plus_pretrained,balanced_acc,0.30054054565270655
physionet_grabmyo,S19,session1,session3,physionet_grabmyo::S19::session1->session3,2033,frequency_logbandpower,balanced_acc,0.4115099491959356
physionet_grabmyo,S19,session1,session3,physionet_grabmyo::S19::session1->session3,2033,pretrained_encoder,balanced_acc,0.18572449052172008
physionet_grabmyo,S19,session1,session3,physionet_grabmyo::S19::session1->session3,2033,raw_stats,balanced_acc,0.49172451845254356
physionet_grabmyo,S19,session1,session3,physionet_grabmyo::S19::session1->session3,2033,raw_stats_plus_frequency,balanced_acc,0.3840657372445318
physionet_grabmyo,S19,session1,session3,physionet_grabmyo::S19::session1->session3,2033,raw_stats_plus_pretrained,balanced_acc,0.30215549264494856
physionet_grabmyo,S19,session1,session3,physionet_grabmyo::S19::session1->session3,2034,frequency_logbandpower,balanced_acc,0.4244732883665366
physionet_grabmyo,S19,session1,session3,physionet_grabmyo::S19::session1->session3,2034,pretrained_encoder,balanced_acc,0.19554521801925506
physionet_grabmyo,S19,session1,session3,physionet_grabmyo::S19::session1->session3,2034,raw_stats,balanced_acc,0.5102956690445724
physionet_grabmyo,S19,session1,session3,physionet_grabmyo::S19::session1->session3,2034,raw_stats_plus_frequency,balanced_acc,0.4047850220943483
physionet_grabmyo,S19,session1,session3,physionet_grabmyo::S19::session1->session3,2034,raw_stats_plus_pretrained,balanced_acc,0.30782888206947545
physionet_grabmyo,S19,session1,session3,physionet_grabmyo::S19::session1->session3,2035,frequency_logbandpower,balanced_acc,0.4126460884325082
physionet_grabmyo,S19,session1,session3,physionet_grabmyo::S19::session1->session3,2035,pretrained_encoder,balanced_acc,0.19846478794059152
physionet_grabmyo,S19,session1,session3,physionet_grabmyo::S19::session1->session3,2035,raw_stats,balanced_acc,0.5020559949424542
physionet_grabmyo,S19,session1,session3,physionet_grabmyo::S19::session1->session3,2035,raw_stats_plus_frequency,balanced_acc,0.3826659891584754
physionet_grabmyo,S19,session1,session3,physionet_grabmyo::S19::session1->session3,2035,raw_stats_plus_pretrained,balanced_acc,0.3124077543418429
physionet_grabmyo,S20,session1,session2,physionet_grabmyo::S20::session1->session2,2026,frequency_logbandpower,balanced_acc,0.4905448212414727
physionet_grabmyo,S20,session1,session2,physionet_grabmyo::S20::session1->session2,2026,pretrained_encoder,balanced_acc,0.20661711775050134
physionet_grabmyo,S20,session1,session2,physionet_grabmyo::S20::session1->session2,2026,raw_stats,balanced_acc,0.5378492747452913
physionet_grabmyo,S20,session1,session2,physionet_grabmyo::S20::session1->session2,2026,raw_stats_plus_frequency,balanced_acc,0.41477663461146375
physionet_grabmyo,S20,session1,session2,physionet_grabmyo::S20::session1->session2,2026,raw_stats_plus_pretrained,balanced_acc,0.3093077056200544
physionet_grabmyo,S20,session1,session2,physionet_grabmyo::S20::session1->session2,2027,frequency_logbandpower,balanced_acc,0.48019045593870435
physionet_grabmyo,S20,session1,session2,physionet_grabmyo::S20::session1->session2,2027,pretrained_encoder,balanced_acc,0.21072122207151958
physionet_grabmyo,S20,session1,session2,physionet_grabmyo::S20::session1->session2,2027,raw_stats,balanced_acc,0.53800825535127
physionet_grabmyo,S20,session1,session2,physionet_grabmyo::S20::session1->session2,2027,raw_stats_plus_frequency,balanced_acc,0.42215769605818465
physionet_grabmyo,S20,session1,session2,physionet_grabmyo::S20::session1->session2,2027,raw_stats_plus_pretrained,balanced_acc,0.31890919135100676
physionet_grabmyo,S20,session1,session2,physionet_grabmyo::S20::session1->session2,2028,frequency_logbandpower,balanced_acc,0.4973368557232461
physionet_grabmyo,S20,session1,session2,physionet_grabmyo::S20::session1->session2,2028,pretrained_encoder,balanced_acc,0.20219214365872232
physionet_grabmyo,S20,session1,session2,physionet_grabmyo::S20::session1->session2,2028,raw_stats,balanced_acc,0.5331354797803095
physionet_grabmyo,S20,session1,session2,physionet_grabmyo::S20::session1->session2,2028,raw_stats_plus_frequency,balanced_acc,0.43462772654174275
physionet_grabmyo,S20,session1,session2,physionet_grabmyo::S20::session1->session2,2028,raw_stats_plus_pretrained,balanced_acc,0.3212298868511059
physionet_grabmyo,S20,session1,session2,physionet_grabmyo::S20::session1->session2,2029,frequency_logbandpower,balanced_acc,0.4966736216715458
physionet_grabmyo,S20,session1,session2,physionet_grabmyo::S20::session1->session2,2029,pretrained_encoder,balanced_acc,0.20985185620590566
physionet_grabmyo,S20,session1,session2,physionet_grabmyo::S20::session1->session2,2029,raw_stats,balanced_acc,0.5499643530557256
physionet_grabmyo,S20,session1,session2,physionet_grabmyo::S20::session1->session2,2029,raw_stats_plus_frequency,balanced_acc,0.4261315758543394
physionet_grabmyo,S20,session1,session2,physionet_grabmyo::S20::session1->session2,2029,raw_stats_plus_pretrained,balanced_acc,0.33923029640452146
physionet_grabmyo,S20,session1,session2,physionet_grabmyo::S20::session1->session2,2030,frequency_logbandpower,balanced_acc,0.48747756950075205
physionet_grabmyo,S20,session1,session2,physionet_grabmyo::S20::session1->session2,2030,pretrained_encoder,balanced_acc,0.20951611817751084
physionet_grabmyo,S20,session1,session2,physionet_grabmyo::S20::session1->session2,2030,raw_stats,balanced_acc,0.5540804566999901
physionet_grabmyo,S20,session1,session2,physionet_grabmyo::S20::session1->session2,2030,raw_stats_plus_frequency,balanced_acc,0.4299467402512076
physionet_grabmyo,S20,session1,session2,physionet_grabmyo::S20::session1->session2,2030,raw_stats_plus_pretrained,balanced_acc,0.31057561213143503
physionet_grabmyo,S20,session1,session2,physionet_grabmyo::S20::session1->session2,2031,frequency_logbandpower,balanced_acc,0.4855304524425622
physionet_grabmyo,S20,session1,session2,physionet_grabmyo::S20::session1->session2,2031,pretrained_encoder,balanced_acc,0.21796148142361627
physionet_grabmyo,S20,session1,session2,physionet_grabmyo::S20::session1->session2,2031,raw_stats,balanced_acc,0.5341181419942148
physionet_grabmyo,S20,session1,session2,physionet_grabmyo::S20::session1->session2,2031,raw_stats_plus_frequency,balanced_acc,0.4251874418616868
physionet_grabmyo,S20,session1,session2,physionet_grabmyo::S20::session1->session2,2031,raw_stats_plus_pretrained,balanced_acc,0.33661031082049614
physionet_grabmyo,S20,session1,session2,physionet_grabmyo::S20::session1->session2,2032,frequency_logbandpower,balanced_acc,0.4896783362712578
physionet_grabmyo,S20,session1,session2,physionet_grabmyo::S20::session1->session2,2032,pretrained_encoder,balanced_acc,0.2191111268961991
physionet_grabmyo,S20,session1,session2,physionet_grabmyo::S20::session1->session2,2032,raw_stats,balanced_acc,0.5402630095506835
physionet_grabmyo,S20,session1,session2,physionet_grabmyo::S20::session1->session2,2032,raw_stats_plus_frequency,balanced_acc,0.421374560387352
physionet_grabmyo,S20,session1,session2,physionet_grabmyo::S20::session1->session2,2032,raw_stats_plus_pretrained,balanced_acc,0.3296432033941615
physionet_grabmyo,S20,session1,session2,physionet_grabmyo::S20::session1->session2,2033,frequency_logbandpower,balanced_acc,0.5065639007785872
physionet_grabmyo,S20,session1,session2,physionet_grabmyo::S20::session1->session2,2033,pretrained_encoder,balanced_acc,0.2162289585766624
physionet_grabmyo,S20,session1,session2,physionet_grabmyo::S20::session1->session2,2033,raw_stats,balanced_acc,0.5484833007928581
physionet_grabmyo,S20,session1,session2,physionet_grabmyo::S20::session1->session2,2033,raw_stats_plus_frequency,balanced_acc,0.4053158508602918
physionet_grabmyo,S20,session1,session2,physionet_grabmyo::S20::session1->session2,2033,raw_stats_plus_pretrained,balanced_acc,0.3328621878351231
physionet_grabmyo,S20,session1,session2,physionet_grabmyo::S20::session1->session2,2034,frequency_logbandpower,balanced_acc,0.4952066207337217
physionet_grabmyo,S20,session1,session2,physionet_grabmyo::S20::session1->session2,2034,pretrained_encoder,balanced_acc,0.22494293900487156
physionet_grabmyo,S20,session1,session2,physionet_grabmyo::S20::session1->session2,2034,raw_stats,balanced_acc,0.5388154984079533
physionet_grabmyo,S20,session1,session2,physionet_grabmyo::S20::session1->session2,2034,raw_stats_plus_frequency,balanced_acc,0.43166182023230565
physionet_grabmyo,S20,session1,session2,physionet_grabmyo::S20::session1->session2,2034,raw_stats_plus_pretrained,balanced_acc,0.32282475261499943
physionet_grabmyo,S20,session1,session2,physionet_grabmyo::S20::session1->session2,2035,frequency_logbandpower,balanced_acc,0.47945949214212674
physionet_grabmyo,S20,session1,session2,physionet_grabmyo::S20::session1->session2,2035,pretrained_encoder,balanced_acc,0.20839144454063854
physionet_grabmyo,S20,session1,session2,physionet_grabmyo::S20::session1->session2,2035,raw_stats,balanced_acc,0.5513311265319008
physionet_grabmyo,S20,session1,session2,physionet_grabmyo::S20::session1->session2,2035,raw_stats_plus_frequency,balanced_acc,0.4276276364942413
physionet_grabmyo,S20,session1,session2,physionet_grabmyo::S20::session1->session2,2035,raw_stats_plus_pretrained,balanced_acc,0.32019826454304257
physionet_grabmyo,S20,session1,session3,physionet_grabmyo::S20::session1->session3,2026,frequency_logbandpower,balanced_acc,0.37873649975903767
physionet_grabmyo,S20,session1,session3,physionet_grabmyo::S20::session1->session3,2026,pretrained_encoder,balanced_acc,0.22534755382128735
physionet_grabmyo,S20,session1,session3,physionet_grabmyo::S20::session1->session3,2026,raw_stats,balanced_acc,0.4186472586671703
physionet_grabmyo,S20,session1,session3,physionet_grabmyo::S20::session1->session3,2026,raw_stats_plus_frequency,balanced_acc,0.31185088035083613
physionet_grabmyo,S20,session1,session3,physionet_grabmyo::S20::session1->session3,2026,raw_stats_plus_pretrained,balanced_acc,0.25770365223879954
physionet_grabmyo,S20,session1,session3,physionet_grabmyo::S20::session1->session3,2027,frequency_logbandpower,balanced_acc,0.3884898854447532
physionet_grabmyo,S20,session1,session3,physionet_grabmyo::S20::session1->session3,2027,pretrained_encoder,balanced_acc,0.24410251053719367
physionet_grabmyo,S20,session1,session3,physionet_grabmyo::S20::session1->session3,2027,raw_stats,balanced_acc,0.4200233924799618
physionet_grabmyo,S20,session1,session3,physionet_grabmyo::S20::session1->session3,2027,raw_stats_plus_frequency,balanced_acc,0.3214952651034421
physionet_grabmyo,S20,session1,session3,physionet_grabmyo::S20::session1->session3,2027,raw_stats_plus_pretrained,balanced_acc,0.2750073648268422
physionet_grabmyo,S20,session1,session3,physionet_grabmyo::S20::session1->session3,2028,frequency_logbandpower,balanced_acc,0.3865741573536319
physionet_grabmyo,S20,session1,session3,physionet_grabmyo::S20::session1->session3,2028,pretrained_encoder,balanced_acc,0.2393662077255729
physionet_grabmyo,S20,session1,session3,physionet_grabmyo::S20::session1->session3,2028,raw_stats,balanced_acc,0.4504420688212398
physionet_grabmyo,S20,session1,session3,physionet_grabmyo::S20::session1->session3,2028,raw_stats_plus_frequency,balanced_acc,0.3180300885179896
physionet_grabmyo,S20,session1,session3,physionet_grabmyo::S20::session1->session3,2028,raw_stats_plus_pretrained,balanced_acc,0.2615465004479309
physionet_grabmyo,S20,session1,session3,physionet_grabmyo::S20::session1->session3,2029,frequency_logbandpower,balanced_acc,0.3873908126939116
physionet_grabmyo,S20,session1,session3,physionet_grabmyo::S20::session1->session3,2029,pretrained_encoder,balanced_acc,0.22335125236083894
physionet_grabmyo,S20,session1,session3,physionet_grabmyo::S20::session1->session3,2029,raw_stats,balanced_acc,0.4196373255095429
physionet_grabmyo,S20,session1,session3,physionet_grabmyo::S20::session1->session3,2029,raw_stats_plus_frequency,balanced_acc,0.3168323063151783
physionet_grabmyo,S20,session1,session3,physionet_grabmyo::S20::session1->session3,2029,raw_stats_plus_pretrained,balanced_acc,0.25854279192321195
physionet_grabmyo,S20,session1,session3,physionet_grabmyo::S20::session1->session3,2030,frequency_logbandpower,balanced_acc,0.3757035487572297
physionet_grabmyo,S20,session1,session3,physionet_grabmyo::S20::session1->session3,2030,pretrained_encoder,balanced_acc,0.2342201094756164
physionet_grabmyo,S20,session1,session3,physionet_grabmyo::S20::session1->session3,2030,raw_stats,balanced_acc,0.43105492553177094
physionet_grabmyo,S20,session1,session3,physionet_grabmyo::S20::session1->session3,2030,raw_stats_plus_frequency,balanced_acc,0.31162473668651075
physionet_grabmyo,S20,session1,session3,physionet_grabmyo::S20::session1->session3,2030,raw_stats_plus_pretrained,balanced_acc,0.25888254015095036
physionet_grabmyo,S20,session1,session3,physionet_grabmyo::S20::session1->session3,2031,frequency_logbandpower,balanced_acc,0.3740351693316049
physionet_grabmyo,S20,session1,session3,physionet_grabmyo::S20::session1->session3,2031,pretrained_encoder,balanced_acc,0.22667943123919368
physionet_grabmyo,S20,session1,session3,physionet_grabmyo::S20::session1->session3,2031,raw_stats,balanced_acc,0.41512879154679183
physionet_grabmyo,S20,session1,session3,physionet_grabmyo::S20::session1->session3,2031,raw_stats_plus_frequency,balanced_acc,0.3313708247746985
physionet_grabmyo,S20,session1,session3,physionet_grabmyo::S20::session1->session3,2031,raw_stats_plus_pretrained,balanced_acc,0.26352583484992814
physionet_grabmyo,S20,session1,session3,physionet_grabmyo::S20::session1->session3,2032,frequency_logbandpower,balanced_acc,0.38719021385695945
physionet_grabmyo,S20,session1,session3,physionet_grabmyo::S20::session1->session3,2032,pretrained_encoder,balanced_acc,0.22411535964123647
physionet_grabmyo,S20,session1,session3,physionet_grabmyo::S20::session1->session3,2032,raw_stats,balanced_acc,0.41464790395920303
physionet_grabmyo,S20,session1,session3,physionet_grabmyo::S20::session1->session3,2032,raw_stats_plus_frequency,balanced_acc,0.3110633936428004
physionet_grabmyo,S20,session1,session3,physionet_grabmyo::S20::session1->session3,2032,raw_stats_plus_pretrained,balanced_acc,0.30211682791211447
physionet_grabmyo,S20,session1,session3,physionet_grabmyo::S20::session1->session3,2033,frequency_logbandpower,balanced_acc,0.396515157050249
physionet_grabmyo,S20,session1,session3,physionet_grabmyo::S20::session1->session3,2033,pretrained_encoder,balanced_acc,0.21740582508275152
physionet_grabmyo,S20,session1,session3,physionet_grabmyo::S20::session1->session3,2033,raw_stats,balanced_acc,0.4251071363992373
physionet_grabmyo,S20,session1,session3,physionet_grabmyo::S20::session1->session3,2033,raw_stats_plus_frequency,balanced_acc,0.31898309223125265
physionet_grabmyo,S20,session1,session3,physionet_grabmyo::S20::session1->session3,2033,raw_stats_plus_pretrained,balanced_acc,0.2502849837595743
physionet_grabmyo,S20,session1,session3,physionet_grabmyo::S20::session1->session3,2034,frequency_logbandpower,balanced_acc,0.38457039918403996
physionet_grabmyo,S20,session1,session3,physionet_grabmyo::S20::session1->session3,2034,pretrained_encoder,balanced_acc,0.22205966679057695
physionet_grabmyo,S20,session1,session3,physionet_grabmyo::S20::session1->session3,2034,raw_stats,balanced_acc,0.423341490500458
physionet_grabmyo,S20,session1,session3,physionet_grabmyo::S20::session1->session3,2034,raw_stats_plus_frequency,balanced_acc,0.3225282275982557
physionet_grabmyo,S20,session1,session3,physionet_grabmyo::S20::session1->session3,2034,raw_stats_plus_pretrained,balanced_acc,0.2500373480924296
physionet_grabmyo,S20,session1,session3,physionet_grabmyo::S20::session1->session3,2035,frequency_logbandpower,balanced_acc,0.38283588552729064
physionet_grabmyo,S20,session1,session3,physionet_grabmyo::S20::session1->session3,2035,pretrained_encoder,balanced_acc,0.22885363346853596
physionet_grabmyo,S20,session1,session3,physionet_grabmyo::S20::session1->session3,2035,raw_stats,balanced_acc,0.4270543315203267
physionet_grabmyo,S20,session1,session3,physionet_grabmyo::S20::session1->session3,2035,raw_stats_plus_frequency,balanced_acc,0.31245431682989666
physionet_grabmyo,S20,session1,session3,physionet_grabmyo::S20::session1->session3,2035,raw_stats_plus_pretrained,balanced_acc,0.2609586972510568
physionet_grabmyo,S21,session1,session2,physionet_grabmyo::S21::session1->session2,2026,frequency_logbandpower,balanced_acc,0.494224585603291
physionet_grabmyo,S21,session1,session2,physionet_grabmyo::S21::session1->session2,2026,pretrained_encoder,balanced_acc,0.22167680252035227
physionet_grabmyo,S21,session1,session2,physionet_grabmyo::S21::session1->session2,2026,raw_stats,balanced_acc,0.5309319572950159
physionet_grabmyo,S21,session1,session2,physionet_grabmyo::S21::session1->session2,2026,raw_stats_plus_frequency,balanced_acc,0.4589082807187051
physionet_grabmyo,S21,session1,session2,physionet_grabmyo::S21::session1->session2,2026,raw_stats_plus_pretrained,balanced_acc,0.3387795824274642
physionet_grabmyo,S21,session1,session2,physionet_grabmyo::S21::session1->session2,2027,frequency_logbandpower,balanced_acc,0.48568070004206215
physionet_grabmyo,S21,session1,session2,physionet_grabmyo::S21::session1->session2,2027,pretrained_encoder,balanced_acc,0.20978359836563576
physionet_grabmyo,S21,session1,session2,physionet_grabmyo::S21::session1->session2,2027,raw_stats,balanced_acc,0.5246265083301285
physionet_grabmyo,S21,session1,session2,physionet_grabmyo::S21::session1->session2,2027,raw_stats_plus_frequency,balanced_acc,0.46468415834274374
physionet_grabmyo,S21,session1,session2,physionet_grabmyo::S21::session1->session2,2027,raw_stats_plus_pretrained,balanced_acc,0.34932853273295417
physionet_grabmyo,S21,session1,session2,physionet_grabmyo::S21::session1->session2,2028,frequency_logbandpower,balanced_acc,0.49960105596892573
physionet_grabmyo,S21,session1,session2,physionet_grabmyo::S21::session1->session2,2028,pretrained_encoder,balanced_acc,0.2201568213508193
physionet_grabmyo,S21,session1,session2,physionet_grabmyo::S21::session1->session2,2028,raw_stats,balanced_acc,0.5427428228423737
physionet_grabmyo,S21,session1,session2,physionet_grabmyo::S21::session1->session2,2028,raw_stats_plus_frequency,balanced_acc,0.4617367531480736
physionet_grabmyo,S21,session1,session2,physionet_grabmyo::S21::session1->session2,2028,raw_stats_plus_pretrained,balanced_acc,0.34873713333637807
physionet_grabmyo,S21,session1,session2,physionet_grabmyo::S21::session1->session2,2029,frequency_logbandpower,balanced_acc,0.483161434868245
physionet_grabmyo,S21,session1,session2,physionet_grabmyo::S21::session1->session2,2029,pretrained_encoder,balanced_acc,0.20465362082442962
physionet_grabmyo,S21,session1,session2,physionet_grabmyo::S21::session1->session2,2029,raw_stats,balanced_acc,0.5195511569314476
physionet_grabmyo,S21,session1,session2,physionet_grabmyo::S21::session1->session2,2029,raw_stats_plus_frequency,balanced_acc,0.43477248512213684
physionet_grabmyo,S21,session1,session2,physionet_grabmyo::S21::session1->session2,2029,raw_stats_plus_pretrained,balanced_acc,0.3404268745117466
physionet_grabmyo,S21,session1,session2,physionet_grabmyo::S21::session1->session2,2030,frequency_logbandpower,balanced_acc,0.49700247026198935
physionet_grabmyo,S21,session1,session2,physionet_grabmyo::S21::session1->session2,2030,pretrained_encoder,balanced_acc,0.2104289555216802
physionet_grabmyo,S21,session1,session2,physionet_grabmyo::S21::session1->session2,2030,raw_stats,balanced_acc,0.5296047312992627
physionet_grabmyo,S21,session1,session2,physionet_grabmyo::S21::session1->session2,2030,raw_stats_plus_frequency,balanced_acc,0.4485263318112833
physionet_grabmyo,S21,session1,session2,physionet_grabmyo::S21::session1->session2,2030,raw_stats_plus_pretrained,balanced_acc,0.35269908156713126
physionet_grabmyo,S21,session1,session2,physionet_grabmyo::S21::session1->session2,2031,frequency_logbandpower,balanced_acc,0.4889069677811213
physionet_grabmyo,S21,session1,session2,physionet_grabmyo::S21::session1->session2,2031,pretrained_encoder,balanced_acc,0.22487873367383637
physionet_grabmyo,S21,session1,session2,physionet_grabmyo::S21::session1->session2,2031,raw_stats,balanced_acc,0.540392732542197
physionet_grabmyo,S21,session1,session2,physionet_grabmyo::S21::session1->session2,2031,raw_stats_plus_frequency,balanced_acc,0.44454419561635095
physionet_grabmyo,S21,session1,session2,physionet_grabmyo::S21::session1->session2,2031,raw_stats_plus_pretrained,balanced_acc,0.3444187777809021
physionet_grabmyo,S21,session1,session2,physionet_grabmyo::S21::session1->session2,2032,frequency_logbandpower,balanced_acc,0.47827956075445743
physionet_grabmyo,S21,session1,session2,physionet_grabmyo::S21::session1->session2,2032,pretrained_encoder,balanced_acc,0.20816178283962627
physionet_grabmyo,S21,session1,session2,physionet_grabmyo::S21::session1->session2,2032,raw_stats,balanced_acc,0.5335363412392142
physionet_grabmyo,S21,session1,session2,physionet_grabmyo::S21::session1->session2,2032,raw_stats_plus_frequency,balanced_acc,0.43635274729747403
physionet_grabmyo,S21,session1,session2,physionet_grabmyo::S21::session1->session2,2032,raw_stats_plus_pretrained,balanced_acc,0.3346157910192918
physionet_grabmyo,S21,session1,session2,physionet_grabmyo::S21::session1->session2,2033,frequency_logbandpower,balanced_acc,0.4945359810337317
physionet_grabmyo,S21,session1,session2,physionet_grabmyo::S21::session1->session2,2033,pretrained_encoder,balanced_acc,0.22605289985719978
physionet_grabmyo,S21,session1,session2,physionet_grabmyo::S21::session1->session2,2033,raw_stats,balanced_acc,0.5512559298588829
physionet_grabmyo,S21,session1,session2,physionet_grabmyo::S21::session1->session2,2033,raw_stats_plus_frequency,balanced_acc,0.4437708632950252
physionet_grabmyo,S21,session1,session2,physionet_grabmyo::S21::session1->session2,2033,raw_stats_plus_pretrained,balanced_acc,0.3427745511284539
physionet_grabmyo,S21,session1,session2,physionet_grabmyo::S21::session1->session2,2034,frequency_logbandpower,balanced_acc,0.467654167820404
physionet_grabmyo,S21,session1,session2,physionet_grabmyo::S21::session1->session2,2034,pretrained_encoder,balanced_acc,0.221470688064907
physionet_grabmyo,S21,session1,session2,physionet_grabmyo::S21::session1->session2,2034,raw_stats,balanced_acc,0.5330632812369646
physionet_grabmyo,S21,session1,session2,physionet_grabmyo::S21::session1->session2,2034,raw_stats_plus_frequency,balanced_acc,0.44226815133098885
physionet_grabmyo,S21,session1,session2,physionet_grabmyo::S21::session1->session2,2034,raw_stats_plus_pretrained,balanced_acc,0.340172449657002
physionet_grabmyo,S21,session1,session2,physionet_grabmyo::S21::session1->session2,2035,frequency_logbandpower,balanced_acc,0.45934801260857716
physionet_grabmyo,S21,session1,session2,physionet_grabmyo::S21::session1->session2,2035,pretrained_encoder,balanced_acc,0.2148504550868815
physionet_grabmyo,S21,session1,session2,physionet_grabmyo::S21::session1->session2,2035,raw_stats,balanced_acc,0.5243581063165607
physionet_grabmyo,S21,session1,session2,physionet_grabmyo::S21::session1->session2,2035,raw_stats_plus_frequency,balanced_acc,0.4368574913134986
physionet_grabmyo,S21,session1,session2,physionet_grabmyo::S21::session1->session2,2035,raw_stats_plus_pretrained,balanced_acc,0.33317347935146574
physionet_grabmyo,S21,session1,session3,physionet_grabmyo::S21::session1->session3,2026,frequency_logbandpower,balanced_acc,0.46014050568486947
physionet_grabmyo,S21,session1,session3,physionet_grabmyo::S21::session1->session3,2026,pretrained_encoder,balanced_acc,0.21152537019794831
physionet_grabmyo,S21,session1,session3,physionet_grabmyo::S21::session1->session3,2026,raw_stats,balanced_acc,0.49334032596956606
physionet_grabmyo,S21,session1,session3,physionet_grabmyo::S21::session1->session3,2026,raw_stats_plus_frequency,balanced_acc,0.430792128008374
physionet_grabmyo,S21,session1,session3,physionet_grabmyo::S21::session1->session3,2026,raw_stats_plus_pretrained,balanced_acc,0.33047859723432
physionet_grabmyo,S21,session1,session3,physionet_grabmyo::S21::session1->session3,2027,frequency_logbandpower,balanced_acc,0.4589489339180189
physionet_grabmyo,S21,session1,session3,physionet_grabmyo::S21::session1->session3,2027,pretrained_encoder,balanced_acc,0.22114718633360766
physionet_grabmyo,S21,session1,session3,physionet_grabmyo::S21::session1->session3,2027,raw_stats,balanced_acc,0.49668997100644796
physionet_grabmyo,S21,session1,session3,physionet_grabmyo::S21::session1->session3,2027,raw_stats_plus_frequency,balanced_acc,0.41902828314095175
physionet_grabmyo,S21,session1,session3,physionet_grabmyo::S21::session1->session3,2027,raw_stats_plus_pretrained,balanced_acc,0.3489192008828656
physionet_grabmyo,S21,session1,session3,physionet_grabmyo::S21::session1->session3,2028,frequency_logbandpower,balanced_acc,0.46520804705471525
physionet_grabmyo,S21,session1,session3,physionet_grabmyo::S21::session1->session3,2028,pretrained_encoder,balanced_acc,0.22500445874287497
physionet_grabmyo,S21,session1,session3,physionet_grabmyo::S21::session1->session3,2028,raw_stats,balanced_acc,0.5042202200707381
physionet_grabmyo,S21,session1,session3,physionet_grabmyo::S21::session1->session3,2028,raw_stats_plus_frequency,balanced_acc,0.42231708160925263
physionet_grabmyo,S21,session1,session3,physionet_grabmyo::S21::session1->session3,2028,raw_stats_plus_pretrained,balanced_acc,0.34494668656370714
physionet_grabmyo,S21,session1,session3,physionet_grabmyo::S21::session1->session3,2029,frequency_logbandpower,balanced_acc,0.4713058994098758
physionet_grabmyo,S21,session1,session3,physionet_grabmyo::S21::session1->session3,2029,pretrained_encoder,balanced_acc,0.21909763326823478
physionet_grabmyo,S21,session1,session3,physionet_grabmyo::S21::session1->session3,2029,raw_stats,balanced_acc,0.5141245382587005
physionet_grabmyo,S21,session1,session3,physionet_grabmyo::S21::session1->session3,2029,raw_stats_plus_frequency,balanced_acc,0.4386996346830103
physionet_grabmyo,S21,session1,session3,physionet_grabmyo::S21::session1->session3,2029,raw_stats_plus_pretrained,balanced_acc,0.35900174125036743
physionet_grabmyo,S21,session1,session3,physionet_grabmyo::S21::session1->session3,2030,frequency_logbandpower,balanced_acc,0.4517573307008389
physionet_grabmyo,S21,session1,session3,physionet_grabmyo::S21::session1->session3,2030,pretrained_encoder,balanced_acc,0.22699666365847113
physionet_grabmyo,S21,session1,session3,physionet_grabmyo::S21::session1->session3,2030,raw_stats,balanced_acc,0.48650660372443477
physionet_grabmyo,S21,session1,session3,physionet_grabmyo::S21::session1->session3,2030,raw_stats_plus_frequency,balanced_acc,0.4080902556479069
physionet_grabmyo,S21,session1,session3,physionet_grabmyo::S21::session1->session3,2030,raw_stats_plus_pretrained,balanced_acc,0.34162782265243846
physionet_grabmyo,S21,session1,session3,physionet_grabmyo::S21::session1->session3,2031,frequency_logbandpower,balanced_acc,0.45214448956995074
physionet_grabmyo,S21,session1,session3,physionet_grabmyo::S21::session1->session3,2031,pretrained_encoder,balanced_acc,0.22644652460567546
physionet_grabmyo,S21,session1,session3,physionet_grabmyo::S21::session1->session3,2031,raw_stats,balanced_acc,0.48291699446709724
physionet_grabmyo,S21,session1,session3,physionet_grabmyo::S21::session1->session3,2031,raw_stats_plus_frequency,balanced_acc,0.4095787045700641
physionet_grabmyo,S21,session1,session3,physionet_grabmyo::S21::session1->session3,2031,raw_stats_plus_pretrained,balanced_acc,0.32951724345474903
physionet_grabmyo,S21,session1,session3,physionet_grabmyo::S21::session1->session3,2032,frequency_logbandpower,balanced_acc,0.45899059391338826
physionet_grabmyo,S21,session1,session3,physionet_grabmyo::S21::session1->session3,2032,pretrained_encoder,balanced_acc,0.22493656460352301
physionet_grabmyo,S21,session1,session3,physionet_grabmyo::S21::session1->session3,2032,raw_stats,balanced_acc,0.5066959724719805
physionet_grabmyo,S21,session1,session3,physionet_grabmyo::S21::session1->session3,2032,raw_stats_plus_frequency,balanced_acc,0.43119490690662576
physionet_grabmyo,S21,session1,session3,physionet_grabmyo::S21::session1->session3,2032,raw_stats_plus_pretrained,balanced_acc,0.3399577369358872
physionet_grabmyo,S21,session1,session3,physionet_grabmyo::S21::session1->session3,2033,frequency_logbandpower,balanced_acc,0.45895541805717044
physionet_grabmyo,S21,session1,session3,physionet_grabmyo::S21::session1->session3,2033,pretrained_encoder,balanced_acc,0.21828944887255392
physionet_grabmyo,S21,session1,session3,physionet_grabmyo::S21::session1->session3,2033,raw_stats,balanced_acc,0.502660012820969
physionet_grabmyo,S21,session1,session3,physionet_grabmyo::S21::session1->session3,2033,raw_stats_plus_frequency,balanced_acc,0.42000489274403
physionet_grabmyo,S21,session1,session3,physionet_grabmyo::S21::session1->session3,2033,raw_stats_plus_pretrained,balanced_acc,0.3428554801749271
physionet_grabmyo,S21,session1,session3,physionet_grabmyo::S21::session1->session3,2034,frequency_logbandpower,balanced_acc,0.4680576528864836
physionet_grabmyo,S21,session1,session3,physionet_grabmyo::S21::session1->session3,2034,pretrained_encoder,balanced_acc,0.2248450553386001
physionet_grabmyo,S21,session1,session3,physionet_grabmyo::S21::session1->session3,2034,raw_stats,balanced_acc,0.4775708976044546
physionet_grabmyo,S21,session1,session3,physionet_grabmyo::S21::session1->session3,2034,raw_stats_plus_frequency,balanced_acc,0.4128983470069474
physionet_grabmyo,S21,session1,session3,physionet_grabmyo::S21::session1->session3,2034,raw_stats_plus_pretrained,balanced_acc,0.3452601435293276
physionet_grabmyo,S21,session1,session3,physionet_grabmyo::S21::session1->session3,2035,frequency_logbandpower,balanced_acc,0.4443277579693797
physionet_grabmyo,S21,session1,session3,physionet_grabmyo::S21::session1->session3,2035,pretrained_encoder,balanced_acc,0.2261411519588863
physionet_grabmyo,S21,session1,session3,physionet_grabmyo::S21::session1->session3,2035,raw_stats,balanced_acc,0.4900348035022009
physionet_grabmyo,S21,session1,session3,physionet_grabmyo::S21::session1->session3,2035,raw_stats_plus_frequency,balanced_acc,0.41485253964874036
physionet_grabmyo,S21,session1,session3,physionet_grabmyo::S21::session1->session3,2035,raw_stats_plus_pretrained,balanced_acc,0.36057849702572825
physionet_grabmyo,S22,session1,session2,physionet_grabmyo::S22::session1->session2,2026,frequency_logbandpower,balanced_acc,0.48779207997716617
physionet_grabmyo,S22,session1,session2,physionet_grabmyo::S22::session1->session2,2026,pretrained_encoder,balanced_acc,0.23392523030359108
physionet_grabmyo,S22,session1,session2,physionet_grabmyo::S22::session1->session2,2026,raw_stats,balanced_acc,0.5662017604275736
physionet_grabmyo,S22,session1,session2,physionet_grabmyo::S22::session1->session2,2026,raw_stats_plus_frequency,balanced_acc,0.4263096187684565
physionet_grabmyo,S22,session1,session2,physionet_grabmyo::S22::session1->session2,2026,raw_stats_plus_pretrained,balanced_acc,0.3680991382287477
physionet_grabmyo,S22,session1,session2,physionet_grabmyo::S22::session1->session2,2027,frequency_logbandpower,balanced_acc,0.5162913815005856
physionet_grabmyo,S22,session1,session2,physionet_grabmyo::S22::session1->session2,2027,pretrained_encoder,balanced_acc,0.23564500592275112
physionet_grabmyo,S22,session1,session2,physionet_grabmyo::S22::session1->session2,2027,raw_stats,balanced_acc,0.5766336338341591
physionet_grabmyo,S22,session1,session2,physionet_grabmyo::S22::session1->session2,2027,raw_stats_plus_frequency,balanced_acc,0.44917149303257703
physionet_grabmyo,S22,session1,session2,physionet_grabmyo::S22::session1->session2,2027,raw_stats_plus_pretrained,balanced_acc,0.38770816510718226
physionet_grabmyo,S22,session1,session2,physionet_grabmyo::S22::session1->session2,2028,frequency_logbandpower,balanced_acc,0.5155362115109007
physionet_grabmyo,S22,session1,session2,physionet_grabmyo::S22::session1->session2,2028,pretrained_encoder,balanced_acc,0.22779804591995947
physionet_grabmyo,S22,session1,session2,physionet_grabmyo::S22::session1->session2,2028,raw_stats,balanced_acc,0.5859884064244228
physionet_grabmyo,S22,session1,session2,physionet_grabmyo::S22::session1->session2,2028,raw_stats_plus_frequency,balanced_acc,0.44759423806976867
physionet_grabmyo,S22,session1,session2,physionet_grabmyo::S22::session1->session2,2028,raw_stats_plus_pretrained,balanced_acc,0.37678400060518935
physionet_grabmyo,S22,session1,session2,physionet_grabmyo::S22::session1->session2,2029,frequency_logbandpower,balanced_acc,0.5121872160647996
physionet_grabmyo,S22,session1,session2,physionet_grabmyo::S22::session1->session2,2029,pretrained_encoder,balanced_acc,0.22949130138238316
physionet_grabmyo,S22,session1,session2,physionet_grabmyo::S22::session1->session2,2029,raw_stats,balanced_acc,0.5773490902947424
physionet_grabmyo,S22,session1,session2,physionet_grabmyo::S22::session1->session2,2029,raw_stats_plus_frequency,balanced_acc,0.45872556599366887
physionet_grabmyo,S22,session1,session2,physionet_grabmyo::S22::session1->session2,2029,raw_stats_plus_pretrained,balanced_acc,0.3656281664303973
physionet_grabmyo,S22,session1,session2,physionet_grabmyo::S22::session1->session2,2030,frequency_logbandpower,balanced_acc,0.5178180752124443
physionet_grabmyo,S22,session1,session2,physionet_grabmyo::S22::session1->session2,2030,pretrained_encoder,balanced_acc,0.24095630472791693
physionet_grabmyo,S22,session1,session2,physionet_grabmyo::S22::session1->session2,2030,raw_stats,balanced_acc,0.597704094208729
physionet_grabmyo,S22,session1,session2,physionet_grabmyo::S22::session1->session2,2030,raw_stats_plus_frequency,balanced_acc,0.45465340006742117
physionet_grabmyo,S22,session1,session2,physionet_grabmyo::S22::session1->session2,2030,raw_stats_plus_pretrained,balanced_acc,0.3879436695987453
physionet_grabmyo,S22,session1,session2,physionet_grabmyo::S22::session1->session2,2031,frequency_logbandpower,balanced_acc,0.4956586764606915
physionet_grabmyo,S22,session1,session2,physionet_grabmyo::S22::session1->session2,2031,pretrained_encoder,balanced_acc,0.23166448775833728
physionet_grabmyo,S22,session1,session2,physionet_grabmyo::S22::session1->session2,2031,raw_stats,balanced_acc,0.5758237489679336
physionet_grabmyo,S22,session1,session2,physionet_grabmyo::S22::session1->session2,2031,raw_stats_plus_frequency,balanced_acc,0.444472576707356
physionet_grabmyo,S22,session1,session2,physionet_grabmyo::S22::session1->session2,2031,raw_stats_plus_pretrained,balanced_acc,0.37337176786734066
physionet_grabmyo,S22,session1,session2,physionet_grabmyo::S22::session1->session2,2032,frequency_logbandpower,balanced_acc,0.502554783225364
physionet_grabmyo,S22,session1,session2,physionet_grabmyo::S22::session1->session2,2032,pretrained_encoder,balanced_acc,0.23361474747595626
physionet_grabmyo,S22,session1,session2,physionet_grabmyo::S22::session1->session2,2032,raw_stats,balanced_acc,0.5687323044553174
physionet_grabmyo,S22,session1,session2,physionet_grabmyo::S22::session1->session2,2032,raw_stats_plus_frequency,balanced_acc,0.45772853464853724
physionet_grabmyo,S22,session1,session2,physionet_grabmyo::S22::session1->session2,2032,raw_stats_plus_pretrained,balanced_acc,0.406333186236253
physionet_grabmyo,S22,session1,session2,physionet_grabmyo::S22::session1->session2,2033,frequency_logbandpower,balanced_acc,0.5149429225405309
physionet_grabmyo,S22,session1,session2,physionet_grabmyo::S22::session1->session2,2033,pretrained_encoder,balanced_acc,0.24507906489737494
physionet_grabmyo,S22,session1,session2,physionet_grabmyo::S22::session1->session2,2033,raw_stats,balanced_acc,0.5862593020227502
physionet_grabmyo,S22,session1,session2,physionet_grabmyo::S22::session1->session2,2033,raw_stats_plus_frequency,balanced_acc,0.4472820603273777
physionet_grabmyo,S22,session1,session2,physionet_grabmyo::S22::session1->session2,2033,raw_stats_plus_pretrained,balanced_acc,0.39317449552698924
physionet_grabmyo,S22,session1,session2,physionet_grabmyo::S22::session1->session2,2034,frequency_logbandpower,balanced_acc,0.52348528238917
physionet_grabmyo,S22,session1,session2,physionet_grabmyo::S22::session1->session2,2034,pretrained_encoder,balanced_acc,0.23848217161398935
physionet_grabmyo,S22,session1,session2,physionet_grabmyo::S22::session1->session2,2034,raw_stats,balanced_acc,0.591919004956935
physionet_grabmyo,S22,session1,session2,physionet_grabmyo::S22::session1->session2,2034,raw_stats_plus_frequency,balanced_acc,0.45216306642559495
physionet_grabmyo,S22,session1,session2,physionet_grabmyo::S22::session1->session2,2034,raw_stats_plus_pretrained,balanced_acc,0.3725257282600115
physionet_grabmyo,S22,session1,session2,physionet_grabmyo::S22::session1->session2,2035,frequency_logbandpower,balanced_acc,0.5116390378227914
physionet_grabmyo,S22,session1,session2,physionet_grabmyo::S22::session1->session2,2035,pretrained_encoder,balanced_acc,0.24572890526826952
physionet_grabmyo,S22,session1,session2,physionet_grabmyo::S22::session1->session2,2035,raw_stats,balanced_acc,0.5781798476181552
physionet_grabmyo,S22,session1,session2,physionet_grabmyo::S22::session1->session2,2035,raw_stats_plus_frequency,balanced_acc,0.4214577871522265
physionet_grabmyo,S22,session1,session2,physionet_grabmyo::S22::session1->session2,2035,raw_stats_plus_pretrained,balanced_acc,0.3725409884328123
physionet_grabmyo,S22,session1,session3,physionet_grabmyo::S22::session1->session3,2026,frequency_logbandpower,balanced_acc,0.41668244145883176
physionet_grabmyo,S22,session1,session3,physionet_grabmyo::S22::session1->session3,2026,pretrained_encoder,balanced_acc,0.2364921768544064
physionet_grabmyo,S22,session1,session3,physionet_grabmyo::S22::session1->session3,2026,raw_stats,balanced_acc,0.5371102397884772
physionet_grabmyo,S22,session1,session3,physionet_grabmyo::S22::session1->session3,2026,raw_stats_plus_frequency,balanced_acc,0.38765934269276076
physionet_grabmyo,S22,session1,session3,physionet_grabmyo::S22::session1->session3,2026,raw_stats_plus_pretrained,balanced_acc,0.35281855411480045
physionet_grabmyo,S22,session1,session3,physionet_grabmyo::S22::session1->session3,2027,frequency_logbandpower,balanced_acc,0.41522832801116416
physionet_grabmyo,S22,session1,session3,physionet_grabmyo::S22::session1->session3,2027,pretrained_encoder,balanced_acc,0.23277958049654654
physionet_grabmyo,S22,session1,session3,physionet_grabmyo::S22::session1->session3,2027,raw_stats,balanced_acc,0.5198569037557426
physionet_grabmyo,S22,session1,session3,physionet_grabmyo::S22::session1->session3,2027,raw_stats_plus_frequency,balanced_acc,0.3949448789884909
physionet_grabmyo,S22,session1,session3,physionet_grabmyo::S22::session1->session3,2027,raw_stats_plus_pretrained,balanced_acc,0.3483118994773568
physionet_grabmyo,S22,session1,session3,physionet_grabmyo::S22::session1->session3,2028,frequency_logbandpower,balanced_acc,0.41082239402502196
physionet_grabmyo,S22,session1,session3,physionet_grabmyo::S22::session1->session3,2028,pretrained_encoder,balanced_acc,0.2303036014674414
physionet_grabmyo,S22,session1,session3,physionet_grabmyo::S22::session1->session3,2028,raw_stats,balanced_acc,0.5385745095722271
physionet_grabmyo,S22,session1,session3,physionet_grabmyo::S22::session1->session3,2028,raw_stats_plus_frequency,balanced_acc,0.37160831621488766
physionet_grabmyo,S22,session1,session3,physionet_grabmyo::S22::session1->session3,2028,raw_stats_plus_pretrained,balanced_acc,0.36180189636314813
physionet_grabmyo,S22,session1,session3,physionet_grabmyo::S22::session1->session3,2029,frequency_logbandpower,balanced_acc,0.4148350645699754
physionet_grabmyo,S22,session1,session3,physionet_grabmyo::S22::session1->session3,2029,pretrained_encoder,balanced_acc,0.23698003905085885
physionet_grabmyo,S22,session1,session3,physionet_grabmyo::S22::session1->session3,2029,raw_stats,balanced_acc,0.5267007662270256
physionet_grabmyo,S22,session1,session3,physionet_grabmyo::S22::session1->session3,2029,raw_stats_plus_frequency,balanced_acc,0.3914516495173128
physionet_grabmyo,S22,session1,session3,physionet_grabmyo::S22::session1->session3,2029,raw_stats_plus_pretrained,balanced_acc,0.3775882941368949
physionet_grabmyo,S22,session1,session3,physionet_grabmyo::S22::session1->session3,2030,frequency_logbandpower,balanced_acc,0.4302236811385769
physionet_grabmyo,S22,session1,session3,physionet_grabmyo::S22::session1->session3,2030,pretrained_encoder,balanced_acc,0.22807764074208758
physionet_grabmyo,S22,session1,session3,physionet_grabmyo::S22::session1->session3,2030,raw_stats,balanced_acc,0.5093135779681413
physionet_grabmyo,S22,session1,session3,physionet_grabmyo::S22::session1->session3,2030,raw_stats_plus_frequency,balanced_acc,0.409264933043441
physionet_grabmyo,S22,session1,session3,physionet_grabmyo::S22::session1->session3,2030,raw_stats_plus_pretrained,balanced_acc,0.3647091559600908
physionet_grabmyo,S22,session1,session3,physionet_grabmyo::S22::session1->session3,2031,frequency_logbandpower,balanced_acc,0.40569943221549015
physionet_grabmyo,S22,session1,session3,physionet_grabmyo::S22::session1->session3,2031,pretrained_encoder,balanced_acc,0.22125813306489786
physionet_grabmyo,S22,session1,session3,physionet_grabmyo::S22::session1->session3,2031,raw_stats,balanced_acc,0.5217549885310689
physionet_grabmyo,S22,session1,session3,physionet_grabmyo::S22::session1->session3,2031,raw_stats_plus_frequency,balanced_acc,0.3657747076804562
physionet_grabmyo,S22,session1,session3,physionet_grabmyo::S22::session1->session3,2031,raw_stats_plus_pretrained,balanced_acc,0.377068490131772
physionet_grabmyo,S22,session1,session3,physionet_grabmyo::S22::session1->session3,2032,frequency_logbandpower,balanced_acc,0.4096235583600976
physionet_grabmyo,S22,session1,session3,physionet_grabmyo::S22::session1->session3,2032,pretrained_encoder,balanced_acc,0.21625510935505893
physionet_grabmyo,S22,session1,session3,physionet_grabmyo::S22::session1->session3,2032,raw_stats,balanced_acc,0.5294950647475714
physionet_grabmyo,S22,session1,session3,physionet_grabmyo::S22::session1->session3,2032,raw_stats_plus_frequency,balanced_acc,0.4005341486312642
physionet_grabmyo,S22,session1,session3,physionet_grabmyo::S22::session1->session3,2032,raw_stats_plus_pretrained,balanced_acc,0.36887781534990965
physionet_grabmyo,S22,session1,session3,physionet_grabmyo::S22::session1->session3,2033,frequency_logbandpower,balanced_acc,0.4136544844336623
physionet_grabmyo,S22,session1,session3,physionet_grabmyo::S22::session1->session3,2033,pretrained_encoder,balanced_acc,0.22768384278826112
physionet_grabmyo,S22,session1,session3,physionet_grabmyo::S22::session1->session3,2033,raw_stats,balanced_acc,0.5185124655183239
physionet_grabmyo,S22,session1,session3,physionet_grabmyo::S22::session1->session3,2033,raw_stats_plus_frequency,balanced_acc,0.3950582840416654
physionet_grabmyo,S22,session1,session3,physionet_grabmyo::S22::session1->session3,2033,raw_stats_plus_pretrained,balanced_acc,0.36558444427063125
physionet_grabmyo,S22,session1,session3,physionet_grabmyo::S22::session1->session3,2034,frequency_logbandpower,balanced_acc,0.4088223323518693
physionet_grabmyo,S22,session1,session3,physionet_grabmyo::S22::session1->session3,2034,pretrained_encoder,balanced_acc,0.23841410963904233
physionet_grabmyo,S22,session1,session3,physionet_grabmyo::S22::session1->session3,2034,raw_stats,balanced_acc,0.5306709380829199
physionet_grabmyo,S22,session1,session3,physionet_grabmyo::S22::session1->session3,2034,raw_stats_plus_frequency,balanced_acc,0.3789977651853713
physionet_grabmyo,S22,session1,session3,physionet_grabmyo::S22::session1->session3,2034,raw_stats_plus_pretrained,balanced_acc,0.3763511439384166
physionet_grabmyo,S22,session1,session3,physionet_grabmyo::S22::session1->session3,2035,frequency_logbandpower,balanced_acc,0.41480214687224815
physionet_grabmyo,S22,session1,session3,physionet_grabmyo::S22::session1->session3,2035,pretrained_encoder,balanced_acc,0.23088454794426178
physionet_grabmyo,S22,session1,session3,physionet_grabmyo::S22::session1->session3,2035,raw_stats,balanced_acc,0.5382345706424411
physionet_grabmyo,S22,session1,session3,physionet_grabmyo::S22::session1->session3,2035,raw_stats_plus_frequency,balanced_acc,0.39436852108596127
physionet_grabmyo,S22,session1,session3,physionet_grabmyo::S22::session1->session3,2035,raw_stats_plus_pretrained,balanced_acc,0.370850518601349
physionet_grabmyo,S23,session1,session2,physionet_grabmyo::S23::session1->session2,2026,frequency_logbandpower,balanced_acc,0.6081938296651072
physionet_grabmyo,S23,session1,session2,physionet_grabmyo::S23::session1->session2,2026,pretrained_encoder,balanced_acc,0.33511672756573624
physionet_grabmyo,S23,session1,session2,physionet_grabmyo::S23::session1->session2,2026,raw_stats,balanced_acc,0.6220301313101081
physionet_grabmyo,S23,session1,session2,physionet_grabmyo::S23::session1->session2,2026,raw_stats_plus_frequency,balanced_acc,0.5866744993419203
physionet_grabmyo,S23,session1,session2,physionet_grabmyo::S23::session1->session2,2026,raw_stats_plus_pretrained,balanced_acc,0.4722077736166575
physionet_grabmyo,S23,session1,session2,physionet_grabmyo::S23::session1->session2,2027,frequency_logbandpower,balanced_acc,0.5975341717900032
physionet_grabmyo,S23,session1,session2,physionet_grabmyo::S23::session1->session2,2027,pretrained_encoder,balanced_acc,0.33020709141398336
physionet_grabmyo,S23,session1,session2,physionet_grabmyo::S23::session1->session2,2027,raw_stats,balanced_acc,0.6293872418042961
physionet_grabmyo,S23,session1,session2,physionet_grabmyo::S23::session1->session2,2027,raw_stats_plus_frequency,balanced_acc,0.5717191656551475
physionet_grabmyo,S23,session1,session2,physionet_grabmyo::S23::session1->session2,2027,raw_stats_plus_pretrained,balanced_acc,0.4747720173500063
physionet_grabmyo,S23,session1,session2,physionet_grabmyo::S23::session1->session2,2028,frequency_logbandpower,balanced_acc,0.5986164865121166
physionet_grabmyo,S23,session1,session2,physionet_grabmyo::S23::session1->session2,2028,pretrained_encoder,balanced_acc,0.32121510253272895
physionet_grabmyo,S23,session1,session2,physionet_grabmyo::S23::session1->session2,2028,raw_stats,balanced_acc,0.6389127286810921
physionet_grabmyo,S23,session1,session2,physionet_grabmyo::S23::session1->session2,2028,raw_stats_plus_frequency,balanced_acc,0.5754545375432691
physionet_grabmyo,S23,session1,session2,physionet_grabmyo::S23::session1->session2,2028,raw_stats_plus_pretrained,balanced_acc,0.48349946734674365
physionet_grabmyo,S23,session1,session2,physionet_grabmyo::S23::session1->session2,2029,frequency_logbandpower,balanced_acc,0.5923794792497781
physionet_grabmyo,S23,session1,session2,physionet_grabmyo::S23::session1->session2,2029,pretrained_encoder,balanced_acc,0.3232994584158617
physionet_grabmyo,S23,session1,session2,physionet_grabmyo::S23::session1->session2,2029,raw_stats,balanced_acc,0.6318543779537594
physionet_grabmyo,S23,session1,session2,physionet_grabmyo::S23::session1->session2,2029,raw_stats_plus_frequency,balanced_acc,0.5691757275227205
physionet_grabmyo,S23,session1,session2,physionet_grabmyo::S23::session1->session2,2029,raw_stats_plus_pretrained,balanced_acc,0.46977579475694115
physionet_grabmyo,S23,session1,session2,physionet_grabmyo::S23::session1->session2,2030,frequency_logbandpower,balanced_acc,0.5949456483866621
physionet_grabmyo,S23,session1,session2,physionet_grabmyo::S23::session1->session2,2030,pretrained_encoder,balanced_acc,0.33441933142626135
physionet_grabmyo,S23,session1,session2,physionet_grabmyo::S23::session1->session2,2030,raw_stats,balanced_acc,0.6249272366924663
physionet_grabmyo,S23,session1,session2,physionet_grabmyo::S23::session1->session2,2030,raw_stats_plus_frequency,balanced_acc,0.5610682713378684
physionet_grabmyo,S23,session1,session2,physionet_grabmyo::S23::session1->session2,2030,raw_stats_plus_pretrained,balanced_acc,0.4824707929567268
physionet_grabmyo,S23,session1,session2,physionet_grabmyo::S23::session1->session2,2031,frequency_logbandpower,balanced_acc,0.5959935626984382
physionet_grabmyo,S23,session1,session2,physionet_grabmyo::S23::session1->session2,2031,pretrained_encoder,balanced_acc,0.35226048841765156
physionet_grabmyo,S23,session1,session2,physionet_grabmyo::S23::session1->session2,2031,raw_stats,balanced_acc,0.639701040860699
physionet_grabmyo,S23,session1,session2,physionet_grabmyo::S23::session1->session2,2031,raw_stats_plus_frequency,balanced_acc,0.5769745400742594
physionet_grabmyo,S23,session1,session2,physionet_grabmyo::S23::session1->session2,2031,raw_stats_plus_pretrained,balanced_acc,0.4969429778427475
physionet_grabmyo,S23,session1,session2,physionet_grabmyo::S23::session1->session2,2032,frequency_logbandpower,balanced_acc,0.5898528331856088
physionet_grabmyo,S23,session1,session2,physionet_grabmyo::S23::session1->session2,2032,pretrained_encoder,balanced_acc,0.33215901926217595
physionet_grabmyo,S23,session1,session2,physionet_grabmyo::S23::session1->session2,2032,raw_stats,balanced_acc,0.6322510034107454
physionet_grabmyo,S23,session1,session2,physionet_grabmyo::S23::session1->session2,2032,raw_stats_plus_frequency,balanced_acc,0.5672739294784923
physionet_grabmyo,S23,session1,session2,physionet_grabmyo::S23::session1->session2,2032,raw_stats_plus_pretrained,balanced_acc,0.4791087497804276
physionet_grabmyo,S23,session1,session2,physionet_grabmyo::S23::session1->session2,2033,frequency_logbandpower,balanced_acc,0.6023800403704451
physionet_grabmyo,S23,session1,session2,physionet_grabmyo::S23::session1->session2,2033,pretrained_encoder,balanced_acc,0.32876855039454894
physionet_grabmyo,S23,session1,session2,physionet_grabmyo::S23::session1->session2,2033,raw_stats,balanced_acc,0.6358813336515475
physionet_grabmyo,S23,session1,session2,physionet_grabmyo::S23::session1->session2,2033,raw_stats_plus_frequency,balanced_acc,0.5586272511503131
physionet_grabmyo,S23,session1,session2,physionet_grabmyo::S23::session1->session2,2033,raw_stats_plus_pretrained,balanced_acc,0.4693620747677789
physionet_grabmyo,S23,session1,session2,physionet_grabmyo::S23::session1->session2,2034,frequency_logbandpower,balanced_acc,0.5833940542276511
physionet_grabmyo,S23,session1,session2,physionet_grabmyo::S23::session1->session2,2034,pretrained_encoder,balanced_acc,0.32789255197621137
physionet_grabmyo,S23,session1,session2,physionet_grabmyo::S23::session1->session2,2034,raw_stats,balanced_acc,0.6149904577805262
physionet_grabmyo,S23,session1,session2,physionet_grabmyo::S23::session1->session2,2034,raw_stats_plus_frequency,balanced_acc,0.5561164027262705
physionet_grabmyo,S23,session1,session2,physionet_grabmyo::S23::session1->session2,2034,raw_stats_plus_pretrained,balanced_acc,0.4710068747333532
physionet_grabmyo,S23,session1,session2,physionet_grabmyo::S23::session1->session2,2035,frequency_logbandpower,balanced_acc,0.5749723476845365
physionet_grabmyo,S23,session1,session2,physionet_grabmyo::S23::session1->session2,2035,pretrained_encoder,balanced_acc,0.3289883334252417
physionet_grabmyo,S23,session1,session2,physionet_grabmyo::S23::session1->session2,2035,raw_stats,balanced_acc,0.6249320482775762
physionet_grabmyo,S23,session1,session2,physionet_grabmyo::S23::session1->session2,2035,raw_stats_plus_frequency,balanced_acc,0.5324907464150495
physionet_grabmyo,S23,session1,session2,physionet_grabmyo::S23::session1->session2,2035,raw_stats_plus_pretrained,balanced_acc,0.4690186720099965
physionet_grabmyo,S23,session1,session3,physionet_grabmyo::S23::session1->session3,2026,frequency_logbandpower,balanced_acc,0.608159560308807
physionet_grabmyo,S23,session1,session3,physionet_grabmyo::S23::session1->session3,2026,pretrained_encoder,balanced_acc,0.2752758098119617
physionet_grabmyo,S23,session1,session3,physionet_grabmyo::S23::session1->session3,2026,raw_stats,balanced_acc,0.6396791400507316
physionet_grabmyo,S23,session1,session3,physionet_grabmyo::S23::session1->session3,2026,raw_stats_plus_frequency,balanced_acc,0.5623206245805464
physionet_grabmyo,S23,session1,session3,physionet_grabmyo::S23::session1->session3,2026,raw_stats_plus_pretrained,balanced_acc,0.42377595778531185
physionet_grabmyo,S23,session1,session3,physionet_grabmyo::S23::session1->session3,2027,frequency_logbandpower,balanced_acc,0.6154112482531171
physionet_grabmyo,S23,session1,session3,physionet_grabmyo::S23::session1->session3,2027,pretrained_encoder,balanced_acc,0.2698482422612201
physionet_grabmyo,S23,session1,session3,physionet_grabmyo::S23::session1->session3,2027,raw_stats,balanced_acc,0.632916436975813
physionet_grabmyo,S23,session1,session3,physionet_grabmyo::S23::session1->session3,2027,raw_stats_plus_frequency,balanced_acc,0.5609139577718439
physionet_grabmyo,S23,session1,session3,physionet_grabmyo::S23::session1->session3,2027,raw_stats_plus_pretrained,balanced_acc,0.3979039000390534
physionet_grabmyo,S23,session1,session3,physionet_grabmyo::S23::session1->session3,2028,frequency_logbandpower,balanced_acc,0.6087005299629074
physionet_grabmyo,S23,session1,session3,physionet_grabmyo::S23::session1->session3,2028,pretrained_encoder,balanced_acc,0.289572872357412
physionet_grabmyo,S23,session1,session3,physionet_grabmyo::S23::session1->session3,2028,raw_stats,balanced_acc,0.6435008381836367
physionet_grabmyo,S23,session1,session3,physionet_grabmyo::S23::session1->session3,2028,raw_stats_plus_frequency,balanced_acc,0.5823854816020015
physionet_grabmyo,S23,session1,session3,physionet_grabmyo::S23::session1->session3,2028,raw_stats_plus_pretrained,balanced_acc,0.44721134333128537
physionet_grabmyo,S23,session1,session3,physionet_grabmyo::S23::session1->session3,2029,frequency_logbandpower,balanced_acc,0.596360867822959
physionet_grabmyo,S23,session1,session3,physionet_grabmyo::S23::session1->session3,2029,pretrained_encoder,balanced_acc,0.29724828026364675
physionet_grabmyo,S23,session1,session3,physionet_grabmyo::S23::session1->session3,2029,raw_stats,balanced_acc,0.6279223998113587
physionet_grabmyo,S23,session1,session3,physionet_grabmyo::S23::session1->session3,2029,raw_stats_plus_frequency,balanced_acc,0.5483182422823991
physionet_grabmyo,S23,session1,session3,physionet_grabmyo::S23::session1->session3,2029,raw_stats_plus_pretrained,balanced_acc,0.43097181924843325
physionet_grabmyo,S23,session1,session3,physionet_grabmyo::S23::session1->session3,2030,frequency_logbandpower,balanced_acc,0.6001004222562237
physionet_grabmyo,S23,session1,session3,physionet_grabmyo::S23::session1->session3,2030,pretrained_encoder,balanced_acc,0.29315308689854974
physionet_grabmyo,S23,session1,session3,physionet_grabmyo::S23::session1->session3,2030,raw_stats,balanced_acc,0.6497088498147838
physionet_grabmyo,S23,session1,session3,physionet_grabmyo::S23::session1->session3,2030,raw_stats_plus_frequency,balanced_acc,0.559879423784519
physionet_grabmyo,S23,session1,session3,physionet_grabmyo::S23::session1->session3,2030,raw_stats_plus_pretrained,balanced_acc,0.45638926181069417
physionet_grabmyo,S23,session1,session3,physionet_grabmyo::S23::session1->session3,2031,frequency_logbandpower,balanced_acc,0.5919221860221388
physionet_grabmyo,S23,session1,session3,physionet_grabmyo::S23::session1->session3,2031,pretrained_encoder,balanced_acc,0.2808068105035658
physionet_grabmyo,S23,session1,session3,physionet_grabmyo::S23::session1->session3,2031,raw_stats,balanced_acc,0.6322775992682331
physionet_grabmyo,S23,session1,session3,physionet_grabmyo::S23::session1->session3,2031,raw_stats_plus_frequency,balanced_acc,0.5660676994219421
physionet_grabmyo,S23,session1,session3,physionet_grabmyo::S23::session1->session3,2031,raw_stats_plus_pretrained,balanced_acc,0.42302752466000054
physionet_grabmyo,S23,session1,session3,physionet_grabmyo::S23::session1->session3,2032,frequency_logbandpower,balanced_acc,0.5976623643361353
physionet_grabmyo,S23,session1,session3,physionet_grabmyo::S23::session1->session3,2032,pretrained_encoder,balanced_acc,0.28871917929779384
physionet_grabmyo,S23,session1,session3,physionet_grabmyo::S23::session1->session3,2032,raw_stats,balanced_acc,0.6354632373153297
physionet_grabmyo,S23,session1,session3,physionet_grabmyo::S23::session1->session3,2032,raw_stats_plus_frequency,balanced_acc,0.5650972979914402
physionet_grabmyo,S23,session1,session3,physionet_grabmyo::S23::session1->session3,2032,raw_stats_plus_pretrained,balanced_acc,0.4467205513078051
physionet_grabmyo,S23,session1,session3,physionet_grabmyo::S23::session1->session3,2033,frequency_logbandpower,balanced_acc,0.610846195575864
physionet_grabmyo,S23,session1,session3,physionet_grabmyo::S23::session1->session3,2033,pretrained_encoder,balanced_acc,0.28452446658821945
physionet_grabmyo,S23,session1,session3,physionet_grabmyo::S23::session1->session3,2033,raw_stats,balanced_acc,0.6506323794414428
physionet_grabmyo,S23,session1,session3,physionet_grabmyo::S23::session1->session3,2033,raw_stats_plus_frequency,balanced_acc,0.5713099118697064
physionet_grabmyo,S23,session1,session3,physionet_grabmyo::S23::session1->session3,2033,raw_stats_plus_pretrained,balanced_acc,0.44081896348922855
physionet_grabmyo,S23,session1,session3,physionet_grabmyo::S23::session1->session3,2034,frequency_logbandpower,balanced_acc,0.6175608543103891
physionet_grabmyo,S23,session1,session3,physionet_grabmyo::S23::session1->session3,2034,pretrained_encoder,balanced_acc,0.27709951387435033
physionet_grabmyo,S23,session1,session3,physionet_grabmyo::S23::session1->session3,2034,raw_stats,balanced_acc,0.6305642346086009
physionet_grabmyo,S23,session1,session3,physionet_grabmyo::S23::session1->session3,2034,raw_stats_plus_frequency,balanced_acc,0.5715150612394506
physionet_grabmyo,S23,session1,session3,physionet_grabmyo::S23::session1->session3,2034,raw_stats_plus_pretrained,balanced_acc,0.43180100166337154
physionet_grabmyo,S23,session1,session3,physionet_grabmyo::S23::session1->session3,2035,frequency_logbandpower,balanced_acc,0.5973033975231049
physionet_grabmyo,S23,session1,session3,physionet_grabmyo::S23::session1->session3,2035,pretrained_encoder,balanced_acc,0.2831269087087325
physionet_grabmyo,S23,session1,session3,physionet_grabmyo::S23::session1->session3,2035,raw_stats,balanced_acc,0.6326829932245494
physionet_grabmyo,S23,session1,session3,physionet_grabmyo::S23::session1->session3,2035,raw_stats_plus_frequency,balanced_acc,0.5592612200378191
physionet_grabmyo,S23,session1,session3,physionet_grabmyo::S23::session1->session3,2035,raw_stats_plus_pretrained,balanced_acc,0.43884250908849715
physionet_grabmyo,S24,session1,session2,physionet_grabmyo::S24::session1->session2,2026,frequency_logbandpower,balanced_acc,0.43792968864795334
physionet_grabmyo,S24,session1,session2,physionet_grabmyo::S24::session1->session2,2026,pretrained_encoder,balanced_acc,0.20293729556285672
physionet_grabmyo,S24,session1,session2,physionet_grabmyo::S24::session1->session2,2026,raw_stats,balanced_acc,0.5055422220880954
physionet_grabmyo,S24,session1,session2,physionet_grabmyo::S24::session1->session2,2026,raw_stats_plus_frequency,balanced_acc,0.39547825852231194
physionet_grabmyo,S24,session1,session2,physionet_grabmyo::S24::session1->session2,2026,raw_stats_plus_pretrained,balanced_acc,0.34737117966055425
physionet_grabmyo,S24,session1,session2,physionet_grabmyo::S24::session1->session2,2027,frequency_logbandpower,balanced_acc,0.46919734868979823
physionet_grabmyo,S24,session1,session2,physionet_grabmyo::S24::session1->session2,2027,pretrained_encoder,balanced_acc,0.20301514256881945
physionet_grabmyo,S24,session1,session2,physionet_grabmyo::S24::session1->session2,2027,raw_stats,balanced_acc,0.5097018728439004
physionet_grabmyo,S24,session1,session2,physionet_grabmyo::S24::session1->session2,2027,raw_stats_plus_frequency,balanced_acc,0.4181814901886502
physionet_grabmyo,S24,session1,session2,physionet_grabmyo::S24::session1->session2,2027,raw_stats_plus_pretrained,balanced_acc,0.3206254236535053
physionet_grabmyo,S24,session1,session2,physionet_grabmyo::S24::session1->session2,2028,frequency_logbandpower,balanced_acc,0.45089196355613187
physionet_grabmyo,S24,session1,session2,physionet_grabmyo::S24::session1->session2,2028,pretrained_encoder,balanced_acc,0.20937713882757797
physionet_grabmyo,S24,session1,session2,physionet_grabmyo::S24::session1->session2,2028,raw_stats,balanced_acc,0.4909676520005454
physionet_grabmyo,S24,session1,session2,physionet_grabmyo::S24::session1->session2,2028,raw_stats_plus_frequency,balanced_acc,0.3913433995933285
physionet_grabmyo,S24,session1,session2,physionet_grabmyo::S24::session1->session2,2028,raw_stats_plus_pretrained,balanced_acc,0.33347831714086035
physionet_grabmyo,S24,session1,session2,physionet_grabmyo::S24::session1->session2,2029,frequency_logbandpower,balanced_acc,0.438876272000968
physionet_grabmyo,S24,session1,session2,physionet_grabmyo::S24::session1->session2,2029,pretrained_encoder,balanced_acc,0.21109399444004345
physionet_grabmyo,S24,session1,session2,physionet_grabmyo::S24::session1->session2,2029,raw_stats,balanced_acc,0.506696989915174
physionet_grabmyo,S24,session1,session2,physionet_grabmyo::S24::session1->session2,2029,raw_stats_plus_frequency,balanced_acc,0.3882469538810837
physionet_grabmyo,S24,session1,session2,physionet_grabmyo::S24::session1->session2,2029,raw_stats_plus_pretrained,balanced_acc,0.3309998613980606
physionet_grabmyo,S24,session1,session2,physionet_grabmyo::S24::session1->session2,2030,frequency_logbandpower,balanced_acc,0.448717552806364
physionet_grabmyo,S24,session1,session2,physionet_grabmyo::S24::session1->session2,2030,pretrained_encoder,balanced_acc,0.2049881762592757
physionet_grabmyo,S24,session1,session2,physionet_grabmyo::S24::session1->session2,2030,raw_stats,balanced_acc,0.5263403865081737
physionet_grabmyo,S24,session1,session2,physionet_grabmyo::S24::session1->session2,2030,raw_stats_plus_frequency,balanced_acc,0.3942282020965514
physionet_grabmyo,S24,session1,session2,physionet_grabmyo::S24::session1->session2,2030,raw_stats_plus_pretrained,balanced_acc,0.340967426688551
physionet_grabmyo,S24,session1,session2,physionet_grabmyo::S24::session1->session2,2031,frequency_logbandpower,balanced_acc,0.4381033874857066
physionet_grabmyo,S24,session1,session2,physionet_grabmyo::S24::session1->session2,2031,pretrained_encoder,balanced_acc,0.21325756854111058
physionet_grabmyo,S24,session1,session2,physionet_grabmyo::S24::session1->session2,2031,raw_stats,balanced_acc,0.5153974198485461
physionet_grabmyo,S24,session1,session2,physionet_grabmyo::S24::session1->session2,2031,raw_stats_plus_frequency,balanced_acc,0.3792606005000554
physionet_grabmyo,S24,session1,session2,physionet_grabmyo::S24::session1->session2,2031,raw_stats_plus_pretrained,balanced_acc,0.3342013736017151
physionet_grabmyo,S24,session1,session2,physionet_grabmyo::S24::session1->session2,2032,frequency_logbandpower,balanced_acc,0.44536937263982435
physionet_grabmyo,S24,session1,session2,physionet_grabmyo::S24::session1->session2,2032,pretrained_encoder,balanced_acc,0.2195747562483353
physionet_grabmyo,S24,session1,session2,physionet_grabmyo::S24::session1->session2,2032,raw_stats,balanced_acc,0.48890028263860785
physionet_grabmyo,S24,session1,session2,physionet_grabmyo::S24::session1->session2,2032,raw_stats_plus_frequency,balanced_acc,0.37884034517802084
physionet_grabmyo,S24,session1,session2,physionet_grabmyo::S24::session1->session2,2032,raw_stats_plus_pretrained,balanced_acc,0.3572963946379374
physionet_grabmyo,S24,session1,session2,physionet_grabmyo::S24::session1->session2,2033,frequency_logbandpower,balanced_acc,0.4521977872442043
physionet_grabmyo,S24,session1,session2,physionet_grabmyo::S24::session1->session2,2033,pretrained_encoder,balanced_acc,0.22308566505108718
physionet_grabmyo,S24,session1,session2,physionet_grabmyo::S24::session1->session2,2033,raw_stats,balanced_acc,0.4990650234120107
physionet_grabmyo,S24,session1,session2,physionet_grabmyo::S24::session1->session2,2033,raw_stats_plus_frequency,balanced_acc,0.40188034188006166
physionet_grabmyo,S24,session1,session2,physionet_grabmyo::S24::session1->session2,2033,raw_stats_plus_pretrained,balanced_acc,0.3432504913786913
physionet_grabmyo,S24,session1,session2,physionet_grabmyo::S24::session1->session2,2034,frequency_logbandpower,balanced_acc,0.48447755743218857
physionet_grabmyo,S24,session1,session2,physionet_grabmyo::S24::session1->session2,2034,pretrained_encoder,balanced_acc,0.20451392262738258
physionet_grabmyo,S24,session1,session2,physionet_grabmyo::S24::session1->session2,2034,raw_stats,balanced_acc,0.530608408878908
physionet_grabmyo,S24,session1,session2,physionet_grabmyo::S24::session1->session2,2034,raw_stats_plus_frequency,balanced_acc,0.40651270988181615
physionet_grabmyo,S24,session1,session2,physionet_grabmyo::S24::session1->session2,2034,raw_stats_plus_pretrained,balanced_acc,0.33729476984087225
physionet_grabmyo,S24,session1,session2,physionet_grabmyo::S24::session1->session2,2035,frequency_logbandpower,balanced_acc,0.46470732380729796
physionet_grabmyo,S24,session1,session2,physionet_grabmyo::S24::session1->session2,2035,pretrained_encoder,balanced_acc,0.217612637629119
physionet_grabmyo,S24,session1,session2,physionet_grabmyo::S24::session1->session2,2035,raw_stats,balanced_acc,0.5163993044845987
physionet_grabmyo,S24,session1,session2,physionet_grabmyo::S24::session1->session2,2035,raw_stats_plus_frequency,balanced_acc,0.39925807991370443
physionet_grabmyo,S24,session1,session2,physionet_grabmyo::S24::session1->session2,2035,raw_stats_plus_pretrained,balanced_acc,0.3242537154906028
physionet_grabmyo,S24,session1,session3,physionet_grabmyo::S24::session1->session3,2026,frequency_logbandpower,balanced_acc,0.47417571830017224
physionet_grabmyo,S24,session1,session3,physionet_grabmyo::S24::session1->session3,2026,pretrained_encoder,balanced_acc,0.22610668716301618
physionet_grabmyo,S24,session1,session3,physionet_grabmyo::S24::session1->session3,2026,raw_stats,balanced_acc,0.529991816439635
physionet_grabmyo,S24,session1,session3,physionet_grabmyo::S24::session1->session3,2026,raw_stats_plus_frequency,balanced_acc,0.4205803623751663
physionet_grabmyo,S24,session1,session3,physionet_grabmyo::S24::session1->session3,2026,raw_stats_plus_pretrained,balanced_acc,0.3570387386968438
physionet_grabmyo,S24,session1,session3,physionet_grabmyo::S24::session1->session3,2027,frequency_logbandpower,balanced_acc,0.47598377106809714
physionet_grabmyo,S24,session1,session3,physionet_grabmyo::S24::session1->session3,2027,pretrained_encoder,balanced_acc,0.21752591935463206
physionet_grabmyo,S24,session1,session3,physionet_grabmyo::S24::session1->session3,2027,raw_stats,balanced_acc,0.5209936658929517
physionet_grabmyo,S24,session1,session3,physionet_grabmyo::S24::session1->session3,2027,raw_stats_plus_frequency,balanced_acc,0.41995213423816796
physionet_grabmyo,S24,session1,session3,physionet_grabmyo::S24::session1->session3,2027,raw_stats_plus_pretrained,balanced_acc,0.3439528221077636
physionet_grabmyo,S24,session1,session3,physionet_grabmyo::S24::session1->session3,2028,frequency_logbandpower,balanced_acc,0.4857532584720756
physionet_grabmyo,S24,session1,session3,physionet_grabmyo::S24::session1->session3,2028,pretrained_encoder,balanced_acc,0.2361822163608143
physionet_grabmyo,S24,session1,session3,physionet_grabmyo::S24::session1->session3,2028,raw_stats,balanced_acc,0.5169335768454634
physionet_grabmyo,S24,session1,session3,physionet_grabmyo::S24::session1->session3,2028,raw_stats_plus_frequency,balanced_acc,0.43964531552919894
physionet_grabmyo,S24,session1,session3,physionet_grabmyo::S24::session1->session3,2028,raw_stats_plus_pretrained,balanced_acc,0.3618362186196428
physionet_grabmyo,S24,session1,session3,physionet_grabmyo::S24::session1->session3,2029,frequency_logbandpower,balanced_acc,0.48834565867934854
physionet_grabmyo,S24,session1,session3,physionet_grabmyo::S24::session1->session3,2029,pretrained_encoder,balanced_acc,0.22065643707166574
physionet_grabmyo,S24,session1,session3,physionet_grabmyo::S24::session1->session3,2029,raw_stats,balanced_acc,0.5282375652289869
physionet_grabmyo,S24,session1,session3,physionet_grabmyo::S24::session1->session3,2029,raw_stats_plus_frequency,balanced_acc,0.4416812947494738
physionet_grabmyo,S24,session1,session3,physionet_grabmyo::S24::session1->session3,2029,raw_stats_plus_pretrained,balanced_acc,0.36736889715799165
physionet_grabmyo,S24,session1,session3,physionet_grabmyo::S24::session1->session3,2030,frequency_logbandpower,balanced_acc,0.49028547583758314
physionet_grabmyo,S24,session1,session3,physionet_grabmyo::S24::session1->session3,2030,pretrained_encoder,balanced_acc,0.22649662709848067
physionet_grabmyo,S24,session1,session3,physionet_grabmyo::S24::session1->session3,2030,raw_stats,balanced_acc,0.5311667802421108
physionet_grabmyo,S24,session1,session3,physionet_grabmyo::S24::session1->session3,2030,raw_stats_plus_frequency,balanced_acc,0.447523996060356
physionet_grabmyo,S24,session1,session3,physionet_grabmyo::S24::session1->session3,2030,raw_stats_plus_pretrained,balanced_acc,0.37520133517069
physionet_grabmyo,S24,session1,session3,physionet_grabmyo::S24::session1->session3,2031,frequency_logbandpower,balanced_acc,0.4892191472164784
physionet_grabmyo,S24,session1,session3,physionet_grabmyo::S24::session1->session3,2031,pretrained_encoder,balanced_acc,0.21975284570130624
physionet_grabmyo,S24,session1,session3,physionet_grabmyo::S24::session1->session3,2031,raw_stats,balanced_acc,0.5261413638935812
physionet_grabmyo,S24,session1,session3,physionet_grabmyo::S24::session1->session3,2031,raw_stats_plus_frequency,balanced_acc,0.443178165908402
physionet_grabmyo,S24,session1,session3,physionet_grabmyo::S24::session1->session3,2031,raw_stats_plus_pretrained,balanced_acc,0.3642419757633384
physionet_grabmyo,S24,session1,session3,physionet_grabmyo::S24::session1->session3,2032,frequency_logbandpower,balanced_acc,0.5141253706918266
physionet_grabmyo,S24,session1,session3,physionet_grabmyo::S24::session1->session3,2032,pretrained_encoder,balanced_acc,0.2281729685333524
physionet_grabmyo,S24,session1,session3,physionet_grabmyo::S24::session1->session3,2032,raw_stats,balanced_acc,0.5276546565570116
physionet_grabmyo,S24,session1,session3,physionet_grabmyo::S24::session1->session3,2032,raw_stats_plus_frequency,balanced_acc,0.45914093105135995
physionet_grabmyo,S24,session1,session3,physionet_grabmyo::S24::session1->session3,2032,raw_stats_plus_pretrained,balanced_acc,0.38418894701603123
physionet_grabmyo,S24,session1,session3,physionet_grabmyo::S24::session1->session3,2033,frequency_logbandpower,balanced_acc,0.4918207974683174
physionet_grabmyo,S24,session1,session3,physionet_grabmyo::S24::session1->session3,2033,pretrained_encoder,balanced_acc,0.23303986700171855
physionet_grabmyo,S24,session1,session3,physionet_grabmyo::S24::session1->session3,2033,raw_stats,balanced_acc,0.5255410038000582
physionet_grabmyo,S24,session1,session3,physionet_grabmyo::S24::session1->session3,2033,raw_stats_plus_frequency,balanced_acc,0.44262838965684403
physionet_grabmyo,S24,session1,session3,physionet_grabmyo::S24::session1->session3,2033,raw_stats_plus_pretrained,balanced_acc,0.37055351595192587
physionet_grabmyo,S24,session1,session3,physionet_grabmyo::S24::session1->session3,2034,frequency_logbandpower,balanced_acc,0.4759970729487927
physionet_grabmyo,S24,session1,session3,physionet_grabmyo::S24::session1->session3,2034,pretrained_encoder,balanced_acc,0.2229443387494159
physionet_grabmyo,S24,session1,session3,physionet_grabmyo::S24::session1->session3,2034,raw_stats,balanced_acc,0.5321258560676067
physionet_grabmyo,S24,session1,session3,physionet_grabmyo::S24::session1->session3,2034,raw_stats_plus_frequency,balanced_acc,0.4087875215161917
physionet_grabmyo,S24,session1,session3,physionet_grabmyo::S24::session1->session3,2034,raw_stats_plus_pretrained,balanced_acc,0.3624292731670217
physionet_grabmyo,S24,session1,session3,physionet_grabmyo::S24::session1->session3,2035,frequency_logbandpower,balanced_acc,0.4615697495240107
physionet_grabmyo,S24,session1,session3,physionet_grabmyo::S24::session1->session3,2035,pretrained_encoder,balanced_acc,0.21764216448553983
physionet_grabmyo,S24,session1,session3,physionet_grabmyo::S24::session1->session3,2035,raw_stats,balanced_acc,0.5174863594207942
physionet_grabmyo,S24,session1,session3,physionet_grabmyo::S24::session1->session3,2035,raw_stats_plus_frequency,balanced_acc,0.41314671424863936
physionet_grabmyo,S24,session1,session3,physionet_grabmyo::S24::session1->session3,2035,raw_stats_plus_pretrained,balanced_acc,0.3564639401215736
physionet_grabmyo,S25,session1,session2,physionet_grabmyo::S25::session1->session2,2026,frequency_logbandpower,balanced_acc,0.40150390937704716
physionet_grabmyo,S25,session1,session2,physionet_grabmyo::S25::session1->session2,2026,pretrained_encoder,balanced_acc,0.17865212508591477
physionet_grabmyo,S25,session1,session2,physionet_grabmyo::S25::session1->session2,2026,raw_stats,balanced_acc,0.45730466695066346
physionet_grabmyo,S25,session1,session2,physionet_grabmyo::S25::session1->session2,2026,raw_stats_plus_frequency,balanced_acc,0.3730075207683433
physionet_grabmyo,S25,session1,session2,physionet_grabmyo::S25::session1->session2,2026,raw_stats_plus_pretrained,balanced_acc,0.29975006611822413
physionet_grabmyo,S25,session1,session2,physionet_grabmyo::S25::session1->session2,2027,frequency_logbandpower,balanced_acc,0.4086594562855901
physionet_grabmyo,S25,session1,session2,physionet_grabmyo::S25::session1->session2,2027,pretrained_encoder,balanced_acc,0.1852020931924735
physionet_grabmyo,S25,session1,session2,physionet_grabmyo::S25::session1->session2,2027,raw_stats,balanced_acc,0.4505498219699418
physionet_grabmyo,S25,session1,session2,physionet_grabmyo::S25::session1->session2,2027,raw_stats_plus_frequency,balanced_acc,0.3743185306738075
physionet_grabmyo,S25,session1,session2,physionet_grabmyo::S25::session1->session2,2027,raw_stats_plus_pretrained,balanced_acc,0.2943297953806533
physionet_grabmyo,S25,session1,session2,physionet_grabmyo::S25::session1->session2,2028,frequency_logbandpower,balanced_acc,0.4224046083770546
physionet_grabmyo,S25,session1,session2,physionet_grabmyo::S25::session1->session2,2028,pretrained_encoder,balanced_acc,0.18034533754428317
physionet_grabmyo,S25,session1,session2,physionet_grabmyo::S25::session1->session2,2028,raw_stats,balanced_acc,0.44597725842977404
physionet_grabmyo,S25,session1,session2,physionet_grabmyo::S25::session1->session2,2028,raw_stats_plus_frequency,balanced_acc,0.36885035060096466
physionet_grabmyo,S25,session1,session2,physionet_grabmyo::S25::session1->session2,2028,raw_stats_plus_pretrained,balanced_acc,0.29949684004686655
physionet_grabmyo,S25,session1,session2,physionet_grabmyo::S25::session1->session2,2029,frequency_logbandpower,balanced_acc,0.40710160300451853
physionet_grabmyo,S25,session1,session2,physionet_grabmyo::S25::session1->session2,2029,pretrained_encoder,balanced_acc,0.20518819288505905
physionet_grabmyo,S25,session1,session2,physionet_grabmyo::S25::session1->session2,2029,raw_stats,balanced_acc,0.45397069828009673
physionet_grabmyo,S25,session1,session2,physionet_grabmyo::S25::session1->session2,2029,raw_stats_plus_frequency,balanced_acc,0.3778601757075855
physionet_grabmyo,S25,session1,session2,physionet_grabmyo::S25::session1->session2,2029,raw_stats_plus_pretrained,balanced_acc,0.3046310443900951
physionet_grabmyo,S25,session1,session2,physionet_grabmyo::S25::session1->session2,2030,frequency_logbandpower,balanced_acc,0.43409587241300407
physionet_grabmyo,S25,session1,session2,physionet_grabmyo::S25::session1->session2,2030,pretrained_encoder,balanced_acc,0.18173611235726794
physionet_grabmyo,S25,session1,session2,physionet_grabmyo::S25::session1->session2,2030,raw_stats,balanced_acc,0.43026229370024627
physionet_grabmyo,S25,session1,session2,physionet_grabmyo::S25::session1->session2,2030,raw_stats_plus_frequency,balanced_acc,0.3589225661105158
physionet_grabmyo,S25,session1,session2,physionet_grabmyo::S25::session1->session2,2030,raw_stats_plus_pretrained,balanced_acc,0.2958853219375053
physionet_grabmyo,S25,session1,session2,physionet_grabmyo::S25::session1->session2,2031,frequency_logbandpower,balanced_acc,0.42310071762426177
physionet_grabmyo,S25,session1,session2,physionet_grabmyo::S25::session1->session2,2031,pretrained_encoder,balanced_acc,0.1906843579420001
physionet_grabmyo,S25,session1,session2,physionet_grabmyo::S25::session1->session2,2031,raw_stats,balanced_acc,0.4517515904199233
physionet_grabmyo,S25,session1,session2,physionet_grabmyo::S25::session1->session2,2031,raw_stats_plus_frequency,balanced_acc,0.3621294645599737
physionet_grabmyo,S25,session1,session2,physionet_grabmyo::S25::session1->session2,2031,raw_stats_plus_pretrained,balanced_acc,0.2999923714039518
physionet_grabmyo,S25,session1,session2,physionet_grabmyo::S25::session1->session2,2032,frequency_logbandpower,balanced_acc,0.425114733941043
physionet_grabmyo,S25,session1,session2,physionet_grabmyo::S25::session1->session2,2032,pretrained_encoder,balanced_acc,0.18390730825941926
physionet_grabmyo,S25,session1,session2,physionet_grabmyo::S25::session1->session2,2032,raw_stats,balanced_acc,0.4484605438889059
physionet_grabmyo,S25,session1,session2,physionet_grabmyo::S25::session1->session2,2032,raw_stats_plus_frequency,balanced_acc,0.393360571725215
physionet_grabmyo,S25,session1,session2,physionet_grabmyo::S25::session1->session2,2032,raw_stats_plus_pretrained,balanced_acc,0.30745162018335886
physionet_grabmyo,S25,session1,session2,physionet_grabmyo::S25::session1->session2,2033,frequency_logbandpower,balanced_acc,0.44409534521342386
physionet_grabmyo,S25,session1,session2,physionet_grabmyo::S25::session1->session2,2033,pretrained_encoder,balanced_acc,0.17791234358664568
physionet_grabmyo,S25,session1,session2,physionet_grabmyo::S25::session1->session2,2033,raw_stats,balanced_acc,0.46141940856584457
physionet_grabmyo,S25,session1,session2,physionet_grabmyo::S25::session1->session2,2033,raw_stats_plus_frequency,balanced_acc,0.39548453503796677
physionet_grabmyo,S25,session1,session2,physionet_grabmyo::S25::session1->session2,2033,raw_stats_plus_pretrained,balanced_acc,0.303069761483147
physionet_grabmyo,S25,session1,session2,physionet_grabmyo::S25::session1->session2,2034,frequency_logbandpower,balanced_acc,0.4258205117320404
physionet_grabmyo,S25,session1,session2,physionet_grabmyo::S25::session1->session2,2034,pretrained_encoder,balanced_acc,0.19649014418326416
physionet_grabmyo,S25,session1,session2,physionet_grabmyo::S25::session1->session2,2034,raw_stats,balanced_acc,0.4602306141844134
physionet_grabmyo,S25,session1,session2,physionet_grabmyo::S25::session1->session2,2034,raw_stats_plus_frequency,balanced_acc,0.3852107397367181
physionet_grabmyo,S25,session1,session2,physionet_grabmyo::S25::session1->session2,2034,raw_stats_plus_pretrained,balanced_acc,0.3057391234566304
physionet_grabmyo,S25,session1,session2,physionet_grabmyo::S25::session1->session2,2035,frequency_logbandpower,balanced_acc,0.413318841200079
physionet_grabmyo,S25,session1,session2,physionet_grabmyo::S25::session1->session2,2035,pretrained_encoder,balanced_acc,0.1631376665473132
physionet_grabmyo,S25,session1,session2,physionet_grabmyo::S25::session1->session2,2035,raw_stats,balanced_acc,0.43374810841720224
physionet_grabmyo,S25,session1,session2,physionet_grabmyo::S25::session1->session2,2035,raw_stats_plus_frequency,balanced_acc,0.376288417863057
physionet_grabmyo,S25,session1,session2,physionet_grabmyo::S25::session1->session2,2035,raw_stats_plus_pretrained,balanced_acc,0.28927233569070476
physionet_grabmyo,S25,session1,session3,physionet_grabmyo::S25::session1->session3,2026,frequency_logbandpower,balanced_acc,0.5035518733188002
physionet_grabmyo,S25,session1,session3,physionet_grabmyo::S25::session1->session3,2026,pretrained_encoder,balanced_acc,0.1946847014887628
physionet_grabmyo,S25,session1,session3,physionet_grabmyo::S25::session1->session3,2026,raw_stats,balanced_acc,0.5126071024783658
physionet_grabmyo,S25,session1,session3,physionet_grabmyo::S25::session1->session3,2026,raw_stats_plus_frequency,balanced_acc,0.44927502524535073
physionet_grabmyo,S25,session1,session3,physionet_grabmyo::S25::session1->session3,2026,raw_stats_plus_pretrained,balanced_acc,0.3271774610893488
physionet_grabmyo,S25,session1,session3,physionet_grabmyo::S25::session1->session3,2027,frequency_logbandpower,balanced_acc,0.5281085315679636
physionet_grabmyo,S25,session1,session3,physionet_grabmyo::S25::session1->session3,2027,pretrained_encoder,balanced_acc,0.18834647137340357
physionet_grabmyo,S25,session1,session3,physionet_grabmyo::S25::session1->session3,2027,raw_stats,balanced_acc,0.5113469468670205
physionet_grabmyo,S25,session1,session3,physionet_grabmyo::S25::session1->session3,2027,raw_stats_plus_frequency,balanced_acc,0.45961561273017915
physionet_grabmyo,S25,session1,session3,physionet_grabmyo::S25::session1->session3,2027,raw_stats_plus_pretrained,balanced_acc,0.32649971802072736
physionet_grabmyo,S25,session1,session3,physionet_grabmyo::S25::session1->session3,2028,frequency_logbandpower,balanced_acc,0.5128312761538779
physionet_grabmyo,S25,session1,session3,physionet_grabmyo::S25::session1->session3,2028,pretrained_encoder,balanced_acc,0.19611451659587356
physionet_grabmyo,S25,session1,session3,physionet_grabmyo::S25::session1->session3,2028,raw_stats,balanced_acc,0.5212425611009192
physionet_grabmyo,S25,session1,session3,physionet_grabmyo::S25::session1->session3,2028,raw_stats_plus_frequency,balanced_acc,0.46543508769541114
physionet_grabmyo,S25,session1,session3,physionet_grabmyo::S25::session1->session3,2028,raw_stats_plus_pretrained,balanced_acc,0.3183845109141097
physionet_grabmyo,S25,session1,session3,physionet_grabmyo::S25::session1->session3,2029,frequency_logbandpower,balanced_acc,0.5161808158738307
physionet_grabmyo,S25,session1,session3,physionet_grabmyo::S25::session1->session3,2029,pretrained_encoder,balanced_acc,0.18903270655258841
physionet_grabmyo,S25,session1,session3,physionet_grabmyo::S25::session1->session3,2029,raw_stats,balanced_acc,0.503860418857106
physionet_grabmyo,S25,session1,session3,physionet_grabmyo::S25::session1->session3,2029,raw_stats_plus_frequency,balanced_acc,0.45789073116408957
physionet_grabmyo,S25,session1,session3,physionet_grabmyo::S25::session1->session3,2029,raw_stats_plus_pretrained,balanced_acc,0.3213222528449885
physionet_grabmyo,S25,session1,session3,physionet_grabmyo::S25::session1->session3,2030,frequency_logbandpower,balanced_acc,0.508825829218821
physionet_grabmyo,S25,session1,session3,physionet_grabmyo::S25::session1->session3,2030,pretrained_encoder,balanced_acc,0.17662651910578278
physionet_grabmyo,S25,session1,session3,physionet_grabmyo::S25::session1->session3,2030,raw_stats,balanced_acc,0.5085877733600059
physionet_grabmyo,S25,session1,session3,physionet_grabmyo::S25::session1->session3,2030,raw_stats_plus_frequency,balanced_acc,0.4576429188523332
physionet_grabmyo,S25,session1,session3,physionet_grabmyo::S25::session1->session3,2030,raw_stats_plus_pretrained,balanced_acc,0.33574252132297006
physionet_grabmyo,S25,session1,session3,physionet_grabmyo::S25::session1->session3,2031,frequency_logbandpower,balanced_acc,0.49705664211592276
physionet_grabmyo,S25,session1,session3,physionet_grabmyo::S25::session1->session3,2031,pretrained_encoder,balanced_acc,0.19272802233747638
physionet_grabmyo,S25,session1,session3,physionet_grabmyo::S25::session1->session3,2031,raw_stats,balanced_acc,0.5035032232593889
physionet_grabmyo,S25,session1,session3,physionet_grabmyo::S25::session1->session3,2031,raw_stats_plus_frequency,balanced_acc,0.4406178132507357
physionet_grabmyo,S25,session1,session3,physionet_grabmyo::S25::session1->session3,2031,raw_stats_plus_pretrained,balanced_acc,0.3344607579901497
physionet_grabmyo,S25,session1,session3,physionet_grabmyo::S25::session1->session3,2032,frequency_logbandpower,balanced_acc,0.515484498738812
physionet_grabmyo,S25,session1,session3,physionet_grabmyo::S25::session1->session3,2032,pretrained_encoder,balanced_acc,0.1884718527051852
physionet_grabmyo,S25,session1,session3,physionet_grabmyo::S25::session1->session3,2032,raw_stats,balanced_acc,0.49765639948206153
physionet_grabmyo,S25,session1,session3,physionet_grabmyo::S25::session1->session3,2032,raw_stats_plus_frequency,balanced_acc,0.45571327558834757
physionet_grabmyo,S25,session1,session3,physionet_grabmyo::S25::session1->session3,2032,raw_stats_plus_pretrained,balanced_acc,0.32013885752248805
physionet_grabmyo,S25,session1,session3,physionet_grabmyo::S25::session1->session3,2033,frequency_logbandpower,balanced_acc,0.5111960411546609
physionet_grabmyo,S25,session1,session3,physionet_grabmyo::S25::session1->session3,2033,pretrained_encoder,balanced_acc,0.20222431278231018
physionet_grabmyo,S25,session1,session3,physionet_grabmyo::S25::session1->session3,2033,raw_stats,balanced_acc,0.4956497873073011
physionet_grabmyo,S25,session1,session3,physionet_grabmyo::S25::session1->session3,2033,raw_stats_plus_frequency,balanced_acc,0.4509576007319679
physionet_grabmyo,S25,session1,session3,physionet_grabmyo::S25::session1->session3,2033,raw_stats_plus_pretrained,balanced_acc,0.30917441022433684
physionet_grabmyo,S25,session1,session3,physionet_grabmyo::S25::session1->session3,2034,frequency_logbandpower,balanced_acc,0.5171750266968049
physionet_grabmyo,S25,session1,session3,physionet_grabmyo::S25::session1->session3,2034,pretrained_encoder,balanced_acc,0.19485233888575382
physionet_grabmyo,S25,session1,session3,physionet_grabmyo::S25::session1->session3,2034,raw_stats,balanced_acc,0.5000077344223697
physionet_grabmyo,S25,session1,session3,physionet_grabmyo::S25::session1->session3,2034,raw_stats_plus_frequency,balanced_acc,0.48510168011693455
physionet_grabmyo,S25,session1,session3,physionet_grabmyo::S25::session1->session3,2034,raw_stats_plus_pretrained,balanced_acc,0.31172835036825486
physionet_grabmyo,S25,session1,session3,physionet_grabmyo::S25::session1->session3,2035,frequency_logbandpower,balanced_acc,0.5264301117760232
physionet_grabmyo,S25,session1,session3,physionet_grabmyo::S25::session1->session3,2035,pretrained_encoder,balanced_acc,0.1872038841367149
physionet_grabmyo,S25,session1,session3,physionet_grabmyo::S25::session1->session3,2035,raw_stats,balanced_acc,0.49855903988444145
physionet_grabmyo,S25,session1,session3,physionet_grabmyo::S25::session1->session3,2035,raw_stats_plus_frequency,balanced_acc,0.46735429912823473
physionet_grabmyo,S25,session1,session3,physionet_grabmyo::S25::session1->session3,2035,raw_stats_plus_pretrained,balanced_acc,0.30785326886845116
physionet_grabmyo,S26,session1,session2,physionet_grabmyo::S26::session1->session2,2026,frequency_logbandpower,balanced_acc,0.3778091330228347
physionet_grabmyo,S26,session1,session2,physionet_grabmyo::S26::session1->session2,2026,pretrained_encoder,balanced_acc,0.19424106764410864
physionet_grabmyo,S26,session1,session2,physionet_grabmyo::S26::session1->session2,2026,raw_stats,balanced_acc,0.457979638045854
physionet_grabmyo,S26,session1,session2,physionet_grabmyo::S26::session1->session2,2026,raw_stats_plus_frequency,balanced_acc,0.31298486304084705
physionet_grabmyo,S26,session1,session2,physionet_grabmyo::S26::session1->session2,2026,raw_stats_plus_pretrained,balanced_acc,0.2647927353822525
physionet_grabmyo,S26,session1,session2,physionet_grabmyo::S26::session1->session2,2027,frequency_logbandpower,balanced_acc,0.37713936067920195
physionet_grabmyo,S26,session1,session2,physionet_grabmyo::S26::session1->session2,2027,pretrained_encoder,balanced_acc,0.1803915609648595
physionet_grabmyo,S26,session1,session2,physionet_grabmyo::S26::session1->session2,2027,raw_stats,balanced_acc,0.4354461216726368
physionet_grabmyo,S26,session1,session2,physionet_grabmyo::S26::session1->session2,2027,raw_stats_plus_frequency,balanced_acc,0.3153543368535771
physionet_grabmyo,S26,session1,session2,physionet_grabmyo::S26::session1->session2,2027,raw_stats_plus_pretrained,balanced_acc,0.25900559955078384
physionet_grabmyo,S26,session1,session2,physionet_grabmyo::S26::session1->session2,2028,frequency_logbandpower,balanced_acc,0.37336970894438604
physionet_grabmyo,S26,session1,session2,physionet_grabmyo::S26::session1->session2,2028,pretrained_encoder,balanced_acc,0.1896372178879344
physionet_grabmyo,S26,session1,session2,physionet_grabmyo::S26::session1->session2,2028,raw_stats,balanced_acc,0.4419543077204018
physionet_grabmyo,S26,session1,session2,physionet_grabmyo::S26::session1->session2,2028,raw_stats_plus_frequency,balanced_acc,0.3230319044116273
physionet_grabmyo,S26,session1,session2,physionet_grabmyo::S26::session1->session2,2028,raw_stats_plus_pretrained,balanced_acc,0.2664833325187496
physionet_grabmyo,S26,session1,session2,physionet_grabmyo::S26::session1->session2,2029,frequency_logbandpower,balanced_acc,0.35951099347313886
physionet_grabmyo,S26,session1,session2,physionet_grabmyo::S26::session1->session2,2029,pretrained_encoder,balanced_acc,0.18235435324654636
physionet_grabmyo,S26,session1,session2,physionet_grabmyo::S26::session1->session2,2029,raw_stats,balanced_acc,0.42920960341197684
physionet_grabmyo,S26,session1,session2,physionet_grabmyo::S26::session1->session2,2029,raw_stats_plus_frequency,balanced_acc,0.3115695054959394
physionet_grabmyo,S26,session1,session2,physionet_grabmyo::S26::session1->session2,2029,raw_stats_plus_pretrained,balanced_acc,0.2797361873661029
physionet_grabmyo,S26,session1,session2,physionet_grabmyo::S26::session1->session2,2030,frequency_logbandpower,balanced_acc,0.36268574660594655
physionet_grabmyo,S26,session1,session2,physionet_grabmyo::S26::session1->session2,2030,pretrained_encoder,balanced_acc,0.18775402658636628
physionet_grabmyo,S26,session1,session2,physionet_grabmyo::S26::session1->session2,2030,raw_stats,balanced_acc,0.44210975975649885
physionet_grabmyo,S26,session1,session2,physionet_grabmyo::S26::session1->session2,2030,raw_stats_plus_frequency,balanced_acc,0.30937071316740056
physionet_grabmyo,S26,session1,session2,physionet_grabmyo::S26::session1->session2,2030,raw_stats_plus_pretrained,balanced_acc,0.271933343382366
physionet_grabmyo,S26,session1,session2,physionet_grabmyo::S26::session1->session2,2031,frequency_logbandpower,balanced_acc,0.36463458799470777
physionet_grabmyo,S26,session1,session2,physionet_grabmyo::S26::session1->session2,2031,pretrained_encoder,balanced_acc,0.18732736263799898
physionet_grabmyo,S26,session1,session2,physionet_grabmyo::S26::session1->session2,2031,raw_stats,balanced_acc,0.4407006232591642
physionet_grabmyo,S26,session1,session2,physionet_grabmyo::S26::session1->session2,2031,raw_stats_plus_frequency,balanced_acc,0.3209621419174813
physionet_grabmyo,S26,session1,session2,physionet_grabmyo::S26::session1->session2,2031,raw_stats_plus_pretrained,balanced_acc,0.2565556882076044
physionet_grabmyo,S26,session1,session2,physionet_grabmyo::S26::session1->session2,2032,frequency_logbandpower,balanced_acc,0.36502932377192704
physionet_grabmyo,S26,session1,session2,physionet_grabmyo::S26::session1->session2,2032,pretrained_encoder,balanced_acc,0.19437417497696313
physionet_grabmyo,S26,session1,session2,physionet_grabmyo::S26::session1->session2,2032,raw_stats,balanced_acc,0.448351791498151
physionet_grabmyo,S26,session1,session2,physionet_grabmyo::S26::session1->session2,2032,raw_stats_plus_frequency,balanced_acc,0.31445773157643997
physionet_grabmyo,S26,session1,session2,physionet_grabmyo::S26::session1->session2,2032,raw_stats_plus_pretrained,balanced_acc,0.2683878456812561
physionet_grabmyo,S26,session1,session2,physionet_grabmyo::S26::session1->session2,2033,frequency_logbandpower,balanced_acc,0.37766355750407693
physionet_grabmyo,S26,session1,session2,physionet_grabmyo::S26::session1->session2,2033,pretrained_encoder,balanced_acc,0.1847148561092073
physionet_grabmyo,S26,session1,session2,physionet_grabmyo::S26::session1->session2,2033,raw_stats,balanced_acc,0.44715860840144905
physionet_grabmyo,S26,session1,session2,physionet_grabmyo::S26::session1->session2,2033,raw_stats_plus_frequency,balanced_acc,0.309207242133437
physionet_grabmyo,S26,session1,session2,physionet_grabmyo::S26::session1->session2,2033,raw_stats_plus_pretrained,balanced_acc,0.27637967118017315
physionet_grabmyo,S26,session1,session2,physionet_grabmyo::S26::session1->session2,2034,frequency_logbandpower,balanced_acc,0.36802657390794996
physionet_grabmyo,S26,session1,session2,physionet_grabmyo::S26::session1->session2,2034,pretrained_encoder,balanced_acc,0.1870831849741636
physionet_grabmyo,S26,session1,session2,physionet_grabmyo::S26::session1->session2,2034,raw_stats,balanced_acc,0.44663239819876394
physionet_grabmyo,S26,session1,session2,physionet_grabmyo::S26::session1->session2,2034,raw_stats_plus_frequency,balanced_acc,0.32449145357522374
physionet_grabmyo,S26,session1,session2,physionet_grabmyo::S26::session1->session2,2034,raw_stats_plus_pretrained,balanced_acc,0.2723119904017788
physionet_grabmyo,S26,session1,session2,physionet_grabmyo::S26::session1->session2,2035,frequency_logbandpower,balanced_acc,0.38526435786543045
physionet_grabmyo,S26,session1,session2,physionet_grabmyo::S26::session1->session2,2035,pretrained_encoder,balanced_acc,0.17802751505914163
physionet_grabmyo,S26,session1,session2,physionet_grabmyo::S26::session1->session2,2035,raw_stats,balanced_acc,0.4335558791768161
physionet_grabmyo,S26,session1,session2,physionet_grabmyo::S26::session1->session2,2035,raw_stats_plus_frequency,balanced_acc,0.3120712124343989
physionet_grabmyo,S26,session1,session2,physionet_grabmyo::S26::session1->session2,2035,raw_stats_plus_pretrained,balanced_acc,0.2716529284242305
physionet_grabmyo,S26,session1,session3,physionet_grabmyo::S26::session1->session3,2026,frequency_logbandpower,balanced_acc,0.4687254047289652
physionet_grabmyo,S26,session1,session3,physionet_grabmyo::S26::session1->session3,2026,pretrained_encoder,balanced_acc,0.2008768914111962
physionet_grabmyo,S26,session1,session3,physionet_grabmyo::S26::session1->session3,2026,raw_stats,balanced_acc,0.49336787970922374
physionet_grabmyo,S26,session1,session3,physionet_grabmyo::S26::session1->session3,2026,raw_stats_plus_frequency,balanced_acc,0.3885895422215837
physionet_grabmyo,S26,session1,session3,physionet_grabmyo::S26::session1->session3,2026,raw_stats_plus_pretrained,balanced_acc,0.3297749248867577
physionet_grabmyo,S26,session1,session3,physionet_grabmyo::S26::session1->session3,2027,frequency_logbandpower,balanced_acc,0.4815539565868938
physionet_grabmyo,S26,session1,session3,physionet_grabmyo::S26::session1->session3,2027,pretrained_encoder,balanced_acc,0.19281796552009192
physionet_grabmyo,S26,session1,session3,physionet_grabmyo::S26::session1->session3,2027,raw_stats,balanced_acc,0.4828428706493629
physionet_grabmyo,S26,session1,session3,physionet_grabmyo::S26::session1->session3,2027,raw_stats_plus_frequency,balanced_acc,0.3842622607864984
physionet_grabmyo,S26,session1,session3,physionet_grabmyo::S26::session1->session3,2027,raw_stats_plus_pretrained,balanced_acc,0.3398555691124266
physionet_grabmyo,S26,session1,session3,physionet_grabmyo::S26::session1->session3,2028,frequency_logbandpower,balanced_acc,0.4728104289328457
physionet_grabmyo,S26,session1,session3,physionet_grabmyo::S26::session1->session3,2028,pretrained_encoder,balanced_acc,0.20532109221549835
physionet_grabmyo,S26,session1,session3,physionet_grabmyo::S26::session1->session3,2028,raw_stats,balanced_acc,0.4982185681475364
physionet_grabmyo,S26,session1,session3,physionet_grabmyo::S26::session1->session3,2028,raw_stats_plus_frequency,balanced_acc,0.3889026166734878
physionet_grabmyo,S26,session1,session3,physionet_grabmyo::S26::session1->session3,2028,raw_stats_plus_pretrained,balanced_acc,0.33969085560637247
physionet_grabmyo,S26,session1,session3,physionet_grabmyo::S26::session1->session3,2029,frequency_logbandpower,balanced_acc,0.46414770272375117
physionet_grabmyo,S26,session1,session3,physionet_grabmyo::S26::session1->session3,2029,pretrained_encoder,balanced_acc,0.18819398207718044
physionet_grabmyo,S26,session1,session3,physionet_grabmyo::S26::session1->session3,2029,raw_stats,balanced_acc,0.508042816440084
physionet_grabmyo,S26,session1,session3,physionet_grabmyo::S26::session1->session3,2029,raw_stats_plus_frequency,balanced_acc,0.3736763444418621
physionet_grabmyo,S26,session1,session3,physionet_grabmyo::S26::session1->session3,2029,raw_stats_plus_pretrained,balanced_acc,0.32834674711979334
physionet_grabmyo,S26,session1,session3,physionet_grabmyo::S26::session1->session3,2030,frequency_logbandpower,balanced_acc,0.46155407756075995
physionet_grabmyo,S26,session1,session3,physionet_grabmyo::S26::session1->session3,2030,pretrained_encoder,balanced_acc,0.1880334009832385
physionet_grabmyo,S26,session1,session3,physionet_grabmyo::S26::session1->session3,2030,raw_stats,balanced_acc,0.48221942383030275
physionet_grabmyo,S26,session1,session3,physionet_grabmyo::S26::session1->session3,2030,raw_stats_plus_frequency,balanced_acc,0.38368532540377287
physionet_grabmyo,S26,session1,session3,physionet_grabmyo::S26::session1->session3,2030,raw_stats_plus_pretrained,balanced_acc,0.3190587079252377
physionet_grabmyo,S26,session1,session3,physionet_grabmyo::S26::session1->session3,2031,frequency_logbandpower,balanced_acc,0.470622011232486
physionet_grabmyo,S26,session1,session3,physionet_grabmyo::S26::session1->session3,2031,pretrained_encoder,balanced_acc,0.2104741561426706
physionet_grabmyo,S26,session1,session3,physionet_grabmyo::S26::session1->session3,2031,raw_stats,balanced_acc,0.5060278882596124
physionet_grabmyo,S26,session1,session3,physionet_grabmyo::S26::session1->session3,2031,raw_stats_plus_frequency,balanced_acc,0.3853337318004361
physionet_grabmyo,S26,session1,session3,physionet_grabmyo::S26::session1->session3,2031,raw_stats_plus_pretrained,balanced_acc,0.3147577376500884
physionet_grabmyo,S26,session1,session3,physionet_grabmyo::S26::session1->session3,2032,frequency_logbandpower,balanced_acc,0.4616404517740814
physionet_grabmyo,S26,session1,session3,physionet_grabmyo::S26::session1->session3,2032,pretrained_encoder,balanced_acc,0.19762174835772503
physionet_grabmyo,S26,session1,session3,physionet_grabmyo::S26::session1->session3,2032,raw_stats,balanced_acc,0.49200306548630307
physionet_grabmyo,S26,session1,session3,physionet_grabmyo::S26::session1->session3,2032,raw_stats_plus_frequency,balanced_acc,0.37113349353405656
physionet_grabmyo,S26,session1,session3,physionet_grabmyo::S26::session1->session3,2032,raw_stats_plus_pretrained,balanced_acc,0.31623169400014756
physionet_grabmyo,S26,session1,session3,physionet_grabmyo::S26::session1->session3,2033,frequency_logbandpower,balanced_acc,0.45877859789495873
physionet_grabmyo,S26,session1,session3,physionet_grabmyo::S26::session1->session3,2033,pretrained_encoder,balanced_acc,0.20155812104620172
physionet_grabmyo,S26,session1,session3,physionet_grabmyo::S26::session1->session3,2033,raw_stats,balanced_acc,0.5016223943634068
physionet_grabmyo,S26,session1,session3,physionet_grabmyo::S26::session1->session3,2033,raw_stats_plus_frequency,balanced_acc,0.3954377654258436
physionet_grabmyo,S26,session1,session3,physionet_grabmyo::S26::session1->session3,2033,raw_stats_plus_pretrained,balanced_acc,0.33434026260579747
physionet_grabmyo,S26,session1,session3,physionet_grabmyo::S26::session1->session3,2034,frequency_logbandpower,balanced_acc,0.47609847792399446
physionet_grabmyo,S26,session1,session3,physionet_grabmyo::S26::session1->session3,2034,pretrained_encoder,balanced_acc,0.21107488142671496
physionet_grabmyo,S26,session1,session3,physionet_grabmyo::S26::session1->session3,2034,raw_stats,balanced_acc,0.4897083069110682
physionet_grabmyo,S26,session1,session3,physionet_grabmyo::S26::session1->session3,2034,raw_stats_plus_frequency,balanced_acc,0.38148044764798883
physionet_grabmyo,S26,session1,session3,physionet_grabmyo::S26::session1->session3,2034,raw_stats_plus_pretrained,balanced_acc,0.31795435973689495
physionet_grabmyo,S26,session1,session3,physionet_grabmyo::S26::session1->session3,2035,frequency_logbandpower,balanced_acc,0.48124574712336177
physionet_grabmyo,S26,session1,session3,physionet_grabmyo::S26::session1->session3,2035,pretrained_encoder,balanced_acc,0.18615843886909864
physionet_grabmyo,S26,session1,session3,physionet_grabmyo::S26::session1->session3,2035,raw_stats,balanced_acc,0.49218618936520153
physionet_grabmyo,S26,session1,session3,physionet_grabmyo::S26::session1->session3,2035,raw_stats_plus_frequency,balanced_acc,0.3760239131326501
physionet_grabmyo,S26,session1,session3,physionet_grabmyo::S26::session1->session3,2035,raw_stats_plus_pretrained,balanced_acc,0.3293519375361384
physionet_grabmyo,S27,session1,session2,physionet_grabmyo::S27::session1->session2,2026,frequency_logbandpower,balanced_acc,0.4701350401538558
physionet_grabmyo,S27,session1,session2,physionet_grabmyo::S27::session1->session2,2026,pretrained_encoder,balanced_acc,0.22265118838082315
physionet_grabmyo,S27,session1,session2,physionet_grabmyo::S27::session1->session2,2026,raw_stats,balanced_acc,0.5568288411622435
physionet_grabmyo,S27,session1,session2,physionet_grabmyo::S27::session1->session2,2026,raw_stats_plus_frequency,balanced_acc,0.41122705573908097
physionet_grabmyo,S27,session1,session2,physionet_grabmyo::S27::session1->session2,2026,raw_stats_plus_pretrained,balanced_acc,0.36110328497315186
physionet_grabmyo,S27,session1,session2,physionet_grabmyo::S27::session1->session2,2027,frequency_logbandpower,balanced_acc,0.46800238917703363
physionet_grabmyo,S27,session1,session2,physionet_grabmyo::S27::session1->session2,2027,pretrained_encoder,balanced_acc,0.22240518069433854
physionet_grabmyo,S27,session1,session2,physionet_grabmyo::S27::session1->session2,2027,raw_stats,balanced_acc,0.5512513587290792
physionet_grabmyo,S27,session1,session2,physionet_grabmyo::S27::session1->session2,2027,raw_stats_plus_frequency,balanced_acc,0.42287060653754344
physionet_grabmyo,S27,session1,session2,physionet_grabmyo::S27::session1->session2,2027,raw_stats_plus_pretrained,balanced_acc,0.35204699841396475
physionet_grabmyo,S27,session1,session2,physionet_grabmyo::S27::session1->session2,2028,frequency_logbandpower,balanced_acc,0.46879917141576016
physionet_grabmyo,S27,session1,session2,physionet_grabmyo::S27::session1->session2,2028,pretrained_encoder,balanced_acc,0.20789770513871725
physionet_grabmyo,S27,session1,session2,physionet_grabmyo::S27::session1->session2,2028,raw_stats,balanced_acc,0.538698735807299
physionet_grabmyo,S27,session1,session2,physionet_grabmyo::S27::session1->session2,2028,raw_stats_plus_frequency,balanced_acc,0.406543478359084
physionet_grabmyo,S27,session1,session2,physionet_grabmyo::S27::session1->session2,2028,raw_stats_plus_pretrained,balanced_acc,0.3480142721255703
physionet_grabmyo,S27,session1,session2,physionet_grabmyo::S27::session1->session2,2029,frequency_logbandpower,balanced_acc,0.4799139001990545
physionet_grabmyo,S27,session1,session2,physionet_grabmyo::S27::session1->session2,2029,pretrained_encoder,balanced_acc,0.2110398044622157
physionet_grabmyo,S27,session1,session2,physionet_grabmyo::S27::session1->session2,2029,raw_stats,balanced_acc,0.5398348795780611
physionet_grabmyo,S27,session1,session2,physionet_grabmyo::S27::session1->session2,2029,raw_stats_plus_frequency,balanced_acc,0.41545813518592006
physionet_grabmyo,S27,session1,session2,physionet_grabmyo::S27::session1->session2,2029,raw_stats_plus_pretrained,balanced_acc,0.34617635209843023
physionet_grabmyo,S27,session1,session2,physionet_grabmyo::S27::session1->session2,2030,frequency_logbandpower,balanced_acc,0.46486052340891043
physionet_grabmyo,S27,session1,session2,physionet_grabmyo::S27::session1->session2,2030,pretrained_encoder,balanced_acc,0.22181485071624762
physionet_grabmyo,S27,session1,session2,physionet_grabmyo::S27::session1->session2,2030,raw_stats,balanced_acc,0.5562598839006918
physionet_grabmyo,S27,session1,session2,physionet_grabmyo::S27::session1->session2,2030,raw_stats_plus_frequency,balanced_acc,0.39967262479724325
physionet_grabmyo,S27,session1,session2,physionet_grabmyo::S27::session1->session2,2030,raw_stats_plus_pretrained,balanced_acc,0.34778971312273055
physionet_grabmyo,S27,session1,session2,physionet_grabmyo::S27::session1->session2,2031,frequency_logbandpower,balanced_acc,0.47596082181514143
physionet_grabmyo,S27,session1,session2,physionet_grabmyo::S27::session1->session2,2031,pretrained_encoder,balanced_acc,0.2188246670755352
physionet_grabmyo,S27,session1,session2,physionet_grabmyo::S27::session1->session2,2031,raw_stats,balanced_acc,0.541865409412845
physionet_grabmyo,S27,session1,session2,physionet_grabmyo::S27::session1->session2,2031,raw_stats_plus_frequency,balanced_acc,0.4078986682762043
physionet_grabmyo,S27,session1,session2,physionet_grabmyo::S27::session1->session2,2031,raw_stats_plus_pretrained,balanced_acc,0.3693752593403019
physionet_grabmyo,S27,session1,session2,physionet_grabmyo::S27::session1->session2,2032,frequency_logbandpower,balanced_acc,0.45551449645524017
physionet_grabmyo,S27,session1,session2,physionet_grabmyo::S27::session1->session2,2032,pretrained_encoder,balanced_acc,0.22126588777116052
physionet_grabmyo,S27,session1,session2,physionet_grabmyo::S27::session1->session2,2032,raw_stats,balanced_acc,0.5314694602024087
physionet_grabmyo,S27,session1,session2,physionet_grabmyo::S27::session1->session2,2032,raw_stats_plus_frequency,balanced_acc,0.40403694049972316
physionet_grabmyo,S27,session1,session2,physionet_grabmyo::S27::session1->session2,2032,raw_stats_plus_pretrained,balanced_acc,0.3468830780774072
physionet_grabmyo,S27,session1,session2,physionet_grabmyo::S27::session1->session2,2033,frequency_logbandpower,balanced_acc,0.48058254263153594
physionet_grabmyo,S27,session1,session2,physionet_grabmyo::S27::session1->session2,2033,pretrained_encoder,balanced_acc,0.21614169776441117
physionet_grabmyo,S27,session1,session2,physionet_grabmyo::S27::session1->session2,2033,raw_stats,balanced_acc,0.5321818676976021
physionet_grabmyo,S27,session1,session2,physionet_grabmyo::S27::session1->session2,2033,raw_stats_plus_frequency,balanced_acc,0.41384778288285223
physionet_grabmyo,S27,session1,session2,physionet_grabmyo::S27::session1->session2,2033,raw_stats_plus_pretrained,balanced_acc,0.372925679742298
physionet_grabmyo,S27,session1,session2,physionet_grabmyo::S27::session1->session2,2034,frequency_logbandpower,balanced_acc,0.4600264254753287
physionet_grabmyo,S27,session1,session2,physionet_grabmyo::S27::session1->session2,2034,pretrained_encoder,balanced_acc,0.22305577179940592
physionet_grabmyo,S27,session1,session2,physionet_grabmyo::S27::session1->session2,2034,raw_stats,balanced_acc,0.5499667855550083
physionet_grabmyo,S27,session1,session2,physionet_grabmyo::S27::session1->session2,2034,raw_stats_plus_frequency,balanced_acc,0.4028442237122873
physionet_grabmyo,S27,session1,session2,physionet_grabmyo::S27::session1->session2,2034,raw_stats_plus_pretrained,balanced_acc,0.3432781493934646
physionet_grabmyo,S27,session1,session2,physionet_grabmyo::S27::session1->session2,2035,frequency_logbandpower,balanced_acc,0.4599160703069524
physionet_grabmyo,S27,session1,session2,physionet_grabmyo::S27::session1->session2,2035,pretrained_encoder,balanced_acc,0.2083262871682133
physionet_grabmyo,S27,session1,session2,physionet_grabmyo::S27::session1->session2,2035,raw_stats,balanced_acc,0.5427534870681165
physionet_grabmyo,S27,session1,session2,physionet_grabmyo::S27::session1->session2,2035,raw_stats_plus_frequency,balanced_acc,0.41845807563045506
physionet_grabmyo,S27,session1,session2,physionet_grabmyo::S27::session1->session2,2035,raw_stats_plus_pretrained,balanced_acc,0.3583450668718096
physionet_grabmyo,S27,session1,session3,physionet_grabmyo::S27::session1->session3,2026,frequency_logbandpower,balanced_acc,0.39239670674908833
physionet_grabmyo,S27,session1,session3,physionet_grabmyo::S27::session1->session3,2026,pretrained_encoder,balanced_acc,0.19807069374186642
physionet_grabmyo,S27,session1,session3,physionet_grabmyo::S27::session1->session3,2026,raw_stats,balanced_acc,0.4537660125138503
physionet_grabmyo,S27,session1,session3,physionet_grabmyo::S27::session1->session3,2026,raw_stats_plus_frequency,balanced_acc,0.36239334538582946
physionet_grabmyo,S27,session1,session3,physionet_grabmyo::S27::session1->session3,2026,raw_stats_plus_pretrained,balanced_acc,0.2905192181962772
physionet_grabmyo,S27,session1,session3,physionet_grabmyo::S27::session1->session3,2027,frequency_logbandpower,balanced_acc,0.3819318683975672
physionet_grabmyo,S27,session1,session3,physionet_grabmyo::S27::session1->session3,2027,pretrained_encoder,balanced_acc,0.18124978267436437
physionet_grabmyo,S27,session1,session3,physionet_grabmyo::S27::session1->session3,2027,raw_stats,balanced_acc,0.44917792567335824
physionet_grabmyo,S27,session1,session3,physionet_grabmyo::S27::session1->session3,2027,raw_stats_plus_frequency,balanced_acc,0.3481019520777336
physionet_grabmyo,S27,session1,session3,physionet_grabmyo::S27::session1->session3,2027,raw_stats_plus_pretrained,balanced_acc,0.2811247783157804
physionet_grabmyo,S27,session1,session3,physionet_grabmyo::S27::session1->session3,2028,frequency_logbandpower,balanced_acc,0.4003638422212651
physionet_grabmyo,S27,session1,session3,physionet_grabmyo::S27::session1->session3,2028,pretrained_encoder,balanced_acc,0.20403843512380276
physionet_grabmyo,S27,session1,session3,physionet_grabmyo::S27::session1->session3,2028,raw_stats,balanced_acc,0.47119617515805956
physionet_grabmyo,S27,session1,session3,physionet_grabmyo::S27::session1->session3,2028,raw_stats_plus_frequency,balanced_acc,0.3581033543348805
physionet_grabmyo,S27,session1,session3,physionet_grabmyo::S27::session1->session3,2028,raw_stats_plus_pretrained,balanced_acc,0.30344982345752575
physionet_grabmyo,S27,session1,session3,physionet_grabmyo::S27::session1->session3,2029,frequency_logbandpower,balanced_acc,0.3960572555029988
physionet_grabmyo,S27,session1,session3,physionet_grabmyo::S27::session1->session3,2029,pretrained_encoder,balanced_acc,0.19252131655101754
physionet_grabmyo,S27,session1,session3,physionet_grabmyo::S27::session1->session3,2029,raw_stats,balanced_acc,0.45935473202774324
physionet_grabmyo,S27,session1,session3,physionet_grabmyo::S27::session1->session3,2029,raw_stats_plus_frequency,balanced_acc,0.3807190650613198
physionet_grabmyo,S27,session1,session3,physionet_grabmyo::S27::session1->session3,2029,raw_stats_plus_pretrained,balanced_acc,0.31071896892161305
physionet_grabmyo,S27,session1,session3,physionet_grabmyo::S27::session1->session3,2030,frequency_logbandpower,balanced_acc,0.38923075346355707
physionet_grabmyo,S27,session1,session3,physionet_grabmyo::S27::session1->session3,2030,pretrained_encoder,balanced_acc,0.21374006965543554
physionet_grabmyo,S27,session1,session3,physionet_grabmyo::S27::session1->session3,2030,raw_stats,balanced_acc,0.45710757396670676
physionet_grabmyo,S27,session1,session3,physionet_grabmyo::S27::session1->session3,2030,raw_stats_plus_frequency,balanced_acc,0.36946974360504614
physionet_grabmyo,S27,session1,session3,physionet_grabmyo::S27::session1->session3,2030,raw_stats_plus_pretrained,balanced_acc,0.31310349422611145
physionet_grabmyo,S27,session1,session3,physionet_grabmyo::S27::session1->session3,2031,frequency_logbandpower,balanced_acc,0.36370388353057914
physionet_grabmyo,S27,session1,session3,physionet_grabmyo::S27::session1->session3,2031,pretrained_encoder,balanced_acc,0.19906628054512862
physionet_grabmyo,S27,session1,session3,physionet_grabmyo::S27::session1->session3,2031,raw_stats,balanced_acc,0.4602883599472522
physionet_grabmyo,S27,session1,session3,physionet_grabmyo::S27::session1->session3,2031,raw_stats_plus_frequency,balanced_acc,0.3683830334735729
physionet_grabmyo,S27,session1,session3,physionet_grabmyo::S27::session1->session3,2031,raw_stats_plus_pretrained,balanced_acc,0.29767703918919164
physionet_grabmyo,S27,session1,session3,physionet_grabmyo::S27::session1->session3,2032,frequency_logbandpower,balanced_acc,0.38615394719964385
physionet_grabmyo,S27,session1,session3,physionet_grabmyo::S27::session1->session3,2032,pretrained_encoder,balanced_acc,0.20571110373681684
physionet_grabmyo,S27,session1,session3,physionet_grabmyo::S27::session1->session3,2032,raw_stats,balanced_acc,0.4532663684711577
physionet_grabmyo,S27,session1,session3,physionet_grabmyo::S27::session1->session3,2032,raw_stats_plus_frequency,balanced_acc,0.3736403720366533
physionet_grabmyo,S27,session1,session3,physionet_grabmyo::S27::session1->session3,2032,raw_stats_plus_pretrained,balanced_acc,0.3046025994359086
physionet_grabmyo,S27,session1,session3,physionet_grabmyo::S27::session1->session3,2033,frequency_logbandpower,balanced_acc,0.3759364989795712
physionet_grabmyo,S27,session1,session3,physionet_grabmyo::S27::session1->session3,2033,pretrained_encoder,balanced_acc,0.1772377383575906
physionet_grabmyo,S27,session1,session3,physionet_grabmyo::S27::session1->session3,2033,raw_stats,balanced_acc,0.44787770550334144
physionet_grabmyo,S27,session1,session3,physionet_grabmyo::S27::session1->session3,2033,raw_stats_plus_frequency,balanced_acc,0.36751593279548384
physionet_grabmyo,S27,session1,session3,physionet_grabmyo::S27::session1->session3,2033,raw_stats_plus_pretrained,balanced_acc,0.2995872556339584
physionet_grabmyo,S27,session1,session3,physionet_grabmyo::S27::session1->session3,2034,frequency_logbandpower,balanced_acc,0.37657759043321465
physionet_grabmyo,S27,session1,session3,physionet_grabmyo::S27::session1->session3,2034,pretrained_encoder,balanced_acc,0.202778685790053
physionet_grabmyo,S27,session1,session3,physionet_grabmyo::S27::session1->session3,2034,raw_stats,balanced_acc,0.4417646988643542
physionet_grabmyo,S27,session1,session3,physionet_grabmyo::S27::session1->session3,2034,raw_stats_plus_frequency,balanced_acc,0.3519617286048656
physionet_grabmyo,S27,session1,session3,physionet_grabmyo::S27::session1->session3,2034,raw_stats_plus_pretrained,balanced_acc,0.30440527005483997
physionet_grabmyo,S27,session1,session3,physionet_grabmyo::S27::session1->session3,2035,frequency_logbandpower,balanced_acc,0.38589190920089755
physionet_grabmyo,S27,session1,session3,physionet_grabmyo::S27::session1->session3,2035,pretrained_encoder,balanced_acc,0.19544840002308947
physionet_grabmyo,S27,session1,session3,physionet_grabmyo::S27::session1->session3,2035,raw_stats,balanced_acc,0.4628622281781624
physionet_grabmyo,S27,session1,session3,physionet_grabmyo::S27::session1->session3,2035,raw_stats_plus_frequency,balanced_acc,0.36310570535480297
physionet_grabmyo,S27,session1,session3,physionet_grabmyo::S27::session1->session3,2035,raw_stats_plus_pretrained,balanced_acc,0.29988460081496493
physionet_grabmyo,S28,session1,session2,physionet_grabmyo::S28::session1->session2,2026,frequency_logbandpower,balanced_acc,0.5735443868032508
physionet_grabmyo,S28,session1,session2,physionet_grabmyo::S28::session1->session2,2026,pretrained_encoder,balanced_acc,0.31822064381485093
physionet_grabmyo,S28,session1,session2,physionet_grabmyo::S28::session1->session2,2026,raw_stats,balanced_acc,0.6256474752641171
physionet_grabmyo,S28,session1,session2,physionet_grabmyo::S28::session1->session2,2026,raw_stats_plus_frequency,balanced_acc,0.48884739370716673
physionet_grabmyo,S28,session1,session2,physionet_grabmyo::S28::session1->session2,2026,raw_stats_plus_pretrained,balanced_acc,0.469815897154419
physionet_grabmyo,S28,session1,session2,physionet_grabmyo::S28::session1->session2,2027,frequency_logbandpower,balanced_acc,0.5740837311540187
physionet_grabmyo,S28,session1,session2,physionet_grabmyo::S28::session1->session2,2027,pretrained_encoder,balanced_acc,0.3236927434158054
physionet_grabmyo,S28,session1,session2,physionet_grabmyo::S28::session1->session2,2027,raw_stats,balanced_acc,0.6097989564251062
physionet_grabmyo,S28,session1,session2,physionet_grabmyo::S28::session1->session2,2027,raw_stats_plus_frequency,balanced_acc,0.5149387254196065
physionet_grabmyo,S28,session1,session2,physionet_grabmyo::S28::session1->session2,2027,raw_stats_plus_pretrained,balanced_acc,0.4568975862109755
physionet_grabmyo,S28,session1,session2,physionet_grabmyo::S28::session1->session2,2028,frequency_logbandpower,balanced_acc,0.5772714529752019
physionet_grabmyo,S28,session1,session2,physionet_grabmyo::S28::session1->session2,2028,pretrained_encoder,balanced_acc,0.3318932027105332
physionet_grabmyo,S28,session1,session2,physionet_grabmyo::S28::session1->session2,2028,raw_stats,balanced_acc,0.6127068103729417
physionet_grabmyo,S28,session1,session2,physionet_grabmyo::S28::session1->session2,2028,raw_stats_plus_frequency,balanced_acc,0.5113107091395401
physionet_grabmyo,S28,session1,session2,physionet_grabmyo::S28::session1->session2,2028,raw_stats_plus_pretrained,balanced_acc,0.4645018407287152
physionet_grabmyo,S28,session1,session2,physionet_grabmyo::S28::session1->session2,2029,frequency_logbandpower,balanced_acc,0.5625098083309056
physionet_grabmyo,S28,session1,session2,physionet_grabmyo::S28::session1->session2,2029,pretrained_encoder,balanced_acc,0.32298425156050636
physionet_grabmyo,S28,session1,session2,physionet_grabmyo::S28::session1->session2,2029,raw_stats,balanced_acc,0.6437127151159113
physionet_grabmyo,S28,session1,session2,physionet_grabmyo::S28::session1->session2,2029,raw_stats_plus_frequency,balanced_acc,0.47877891958141694
physionet_grabmyo,S28,session1,session2,physionet_grabmyo::S28::session1->session2,2029,raw_stats_plus_pretrained,balanced_acc,0.44109468747370983
physionet_grabmyo,S28,session1,session2,physionet_grabmyo::S28::session1->session2,2030,frequency_logbandpower,balanced_acc,0.582414119105905
physionet_grabmyo,S28,session1,session2,physionet_grabmyo::S28::session1->session2,2030,pretrained_encoder,balanced_acc,0.32226254940088916
physionet_grabmyo,S28,session1,session2,physionet_grabmyo::S28::session1->session2,2030,raw_stats,balanced_acc,0.5973730399650394
physionet_grabmyo,S28,session1,session2,physionet_grabmyo::S28::session1->session2,2030,raw_stats_plus_frequency,balanced_acc,0.5101730819869317
physionet_grabmyo,S28,session1,session2,physionet_grabmyo::S28::session1->session2,2030,raw_stats_plus_pretrained,balanced_acc,0.4530882031538854
physionet_grabmyo,S28,session1,session2,physionet_grabmyo::S28::session1->session2,2031,frequency_logbandpower,balanced_acc,0.5765817110300115
physionet_grabmyo,S28,session1,session2,physionet_grabmyo::S28::session1->session2,2031,pretrained_encoder,balanced_acc,0.3273645176215329
physionet_grabmyo,S28,session1,session2,physionet_grabmyo::S28::session1->session2,2031,raw_stats,balanced_acc,0.6294033602408589
physionet_grabmyo,S28,session1,session2,physionet_grabmyo::S28::session1->session2,2031,raw_stats_plus_frequency,balanced_acc,0.5356205789772573
physionet_grabmyo,S28,session1,session2,physionet_grabmyo::S28::session1->session2,2031,raw_stats_plus_pretrained,balanced_acc,0.4570076788840309
physionet_grabmyo,S28,session1,session2,physionet_grabmyo::S28::session1->session2,2032,frequency_logbandpower,balanced_acc,0.5743132226101619
physionet_grabmyo,S28,session1,session2,physionet_grabmyo::S28::session1->session2,2032,pretrained_encoder,balanced_acc,0.2998720147816851
physionet_grabmyo,S28,session1,session2,physionet_grabmyo::S28::session1->session2,2032,raw_stats,balanced_acc,0.5990356054009399
physionet_grabmyo,S28,session1,session2,physionet_grabmyo::S28::session1->session2,2032,raw_stats_plus_frequency,balanced_acc,0.512900429156566
physionet_grabmyo,S28,session1,session2,physionet_grabmyo::S28::session1->session2,2032,raw_stats_plus_pretrained,balanced_acc,0.4346292089830315
physionet_grabmyo,S28,session1,session2,physionet_grabmyo::S28::session1->session2,2033,frequency_logbandpower,balanced_acc,0.5714700526254659
physionet_grabmyo,S28,session1,session2,physionet_grabmyo::S28::session1->session2,2033,pretrained_encoder,balanced_acc,0.3242853243772819
physionet_grabmyo,S28,session1,session2,physionet_grabmyo::S28::session1->session2,2033,raw_stats,balanced_acc,0.6361250885967996
physionet_grabmyo,S28,session1,session2,physionet_grabmyo::S28::session1->session2,2033,raw_stats_plus_frequency,balanced_acc,0.506384266652663
physionet_grabmyo,S28,session1,session2,physionet_grabmyo::S28::session1->session2,2033,raw_stats_plus_pretrained,balanced_acc,0.46112969047894387
physionet_grabmyo,S28,session1,session2,physionet_grabmyo::S28::session1->session2,2034,frequency_logbandpower,balanced_acc,0.5463472147619102
physionet_grabmyo,S28,session1,session2,physionet_grabmyo::S28::session1->session2,2034,pretrained_encoder,balanced_acc,0.3243585014436593
physionet_grabmyo,S28,session1,session2,physionet_grabmyo::S28::session1->session2,2034,raw_stats,balanced_acc,0.6381635249054183
physionet_grabmyo,S28,session1,session2,physionet_grabmyo::S28::session1->session2,2034,raw_stats_plus_frequency,balanced_acc,0.49785757426838473
physionet_grabmyo,S28,session1,session2,physionet_grabmyo::S28::session1->session2,2034,raw_stats_plus_pretrained,balanced_acc,0.48712206826653254
physionet_grabmyo,S28,session1,session2,physionet_grabmyo::S28::session1->session2,2035,frequency_logbandpower,balanced_acc,0.5711527649643072
physionet_grabmyo,S28,session1,session2,physionet_grabmyo::S28::session1->session2,2035,pretrained_encoder,balanced_acc,0.32371369902807606
physionet_grabmyo,S28,session1,session2,physionet_grabmyo::S28::session1->session2,2035,raw_stats,balanced_acc,0.6208309400694064
physionet_grabmyo,S28,session1,session2,physionet_grabmyo::S28::session1->session2,2035,raw_stats_plus_frequency,balanced_acc,0.5088977097677546
physionet_grabmyo,S28,session1,session2,physionet_grabmyo::S28::session1->session2,2035,raw_stats_plus_pretrained,balanced_acc,0.4669438068045119
physionet_grabmyo,S28,session1,session3,physionet_grabmyo::S28::session1->session3,2026,frequency_logbandpower,balanced_acc,0.5629952736032984
physionet_grabmyo,S28,session1,session3,physionet_grabmyo::S28::session1->session3,2026,pretrained_encoder,balanced_acc,0.2974108894485976
physionet_grabmyo,S28,session1,session3,physionet_grabmyo::S28::session1->session3,2026,raw_stats,balanced_acc,0.656456531284514
physionet_grabmyo,S28,session1,session3,physionet_grabmyo::S28::session1->session3,2026,raw_stats_plus_frequency,balanced_acc,0.5195484273863724
physionet_grabmyo,S28,session1,session3,physionet_grabmyo::S28::session1->session3,2026,raw_stats_plus_pretrained,balanced_acc,0.4398768626868546
physionet_grabmyo,S28,session1,session3,physionet_grabmyo::S28::session1->session3,2027,frequency_logbandpower,balanced_acc,0.5883675578940171
physionet_grabmyo,S28,session1,session3,physionet_grabmyo::S28::session1->session3,2027,pretrained_encoder,balanced_acc,0.2569376705535058
physionet_grabmyo,S28,session1,session3,physionet_grabmyo::S28::session1->session3,2027,raw_stats,balanced_acc,0.6507745877258905
physionet_grabmyo,S28,session1,session3,physionet_grabmyo::S28::session1->session3,2027,raw_stats_plus_frequency,balanced_acc,0.5317676046046494
physionet_grabmyo,S28,session1,session3,physionet_grabmyo::S28::session1->session3,2027,raw_stats_plus_pretrained,balanced_acc,0.4295069781201684
physionet_grabmyo,S28,session1,session3,physionet_grabmyo::S28::session1->session3,2028,frequency_logbandpower,balanced_acc,0.5637949966589346
physionet_grabmyo,S28,session1,session3,physionet_grabmyo::S28::session1->session3,2028,pretrained_encoder,balanced_acc,0.27758935028624815
physionet_grabmyo,S28,session1,session3,physionet_grabmyo::S28::session1->session3,2028,raw_stats,balanced_acc,0.6508338241757354
physionet_grabmyo,S28,session1,session3,physionet_grabmyo::S28::session1->session3,2028,raw_stats_plus_frequency,balanced_acc,0.5322984696681644
physionet_grabmyo,S28,session1,session3,physionet_grabmyo::S28::session1->session3,2028,raw_stats_plus_pretrained,balanced_acc,0.44911554534797143
physionet_grabmyo,S28,session1,session3,physionet_grabmyo::S28::session1->session3,2029,frequency_logbandpower,balanced_acc,0.5752758034754403
physionet_grabmyo,S28,session1,session3,physionet_grabmyo::S28::session1->session3,2029,pretrained_encoder,balanced_acc,0.288482525411871
physionet_grabmyo,S28,session1,session3,physionet_grabmyo::S28::session1->session3,2029,raw_stats,balanced_acc,0.6478633931525166
physionet_grabmyo,S28,session1,session3,physionet_grabmyo::S28::session1->session3,2029,raw_stats_plus_frequency,balanced_acc,0.5206180699439201
physionet_grabmyo,S28,session1,session3,physionet_grabmyo::S28::session1->session3,2029,raw_stats_plus_pretrained,balanced_acc,0.4464535954476983
physionet_grabmyo,S28,session1,session3,physionet_grabmyo::S28::session1->session3,2030,frequency_logbandpower,balanced_acc,0.5760893774661148
physionet_grabmyo,S28,session1,session3,physionet_grabmyo::S28::session1->session3,2030,pretrained_encoder,balanced_acc,0.29472974932365015
physionet_grabmyo,S28,session1,session3,physionet_grabmyo::S28::session1->session3,2030,raw_stats,balanced_acc,0.6416911164738157
physionet_grabmyo,S28,session1,session3,physionet_grabmyo::S28::session1->session3,2030,raw_stats_plus_frequency,balanced_acc,0.513744120129725
physionet_grabmyo,S28,session1,session3,physionet_grabmyo::S28::session1->session3,2030,raw_stats_plus_pretrained,balanced_acc,0.42682412750804216
physionet_grabmyo,S28,session1,session3,physionet_grabmyo::S28::session1->session3,2031,frequency_logbandpower,balanced_acc,0.5713200669806789
physionet_grabmyo,S28,session1,session3,physionet_grabmyo::S28::session1->session3,2031,pretrained_encoder,balanced_acc,0.2857900996727548
physionet_grabmyo,S28,session1,session3,physionet_grabmyo::S28::session1->session3,2031,raw_stats,balanced_acc,0.6396032848565871
physionet_grabmyo,S28,session1,session3,physionet_grabmyo::S28::session1->session3,2031,raw_stats_plus_frequency,balanced_acc,0.5251247093364603
physionet_grabmyo,S28,session1,session3,physionet_grabmyo::S28::session1->session3,2031,raw_stats_plus_pretrained,balanced_acc,0.4253077161140237
physionet_grabmyo,S28,session1,session3,physionet_grabmyo::S28::session1->session3,2032,frequency_logbandpower,balanced_acc,0.5710650025103344
physionet_grabmyo,S28,session1,session3,physionet_grabmyo::S28::session1->session3,2032,pretrained_encoder,balanced_acc,0.28514540781290676
physionet_grabmyo,S28,session1,session3,physionet_grabmyo::S28::session1->session3,2032,raw_stats,balanced_acc,0.64952317384298
physionet_grabmyo,S28,session1,session3,physionet_grabmyo::S28::session1->session3,2032,raw_stats_plus_frequency,balanced_acc,0.5410715395635726
physionet_grabmyo,S28,session1,session3,physionet_grabmyo::S28::session1->session3,2032,raw_stats_plus_pretrained,balanced_acc,0.4249841961971745
physionet_grabmyo,S28,session1,session3,physionet_grabmyo::S28::session1->session3,2033,frequency_logbandpower,balanced_acc,0.5813355573615278
physionet_grabmyo,S28,session1,session3,physionet_grabmyo::S28::session1->session3,2033,pretrained_encoder,balanced_acc,0.2854533392072453
physionet_grabmyo,S28,session1,session3,physionet_grabmyo::S28::session1->session3,2033,raw_stats,balanced_acc,0.6511893845308813
physionet_grabmyo,S28,session1,session3,physionet_grabmyo::S28::session1->session3,2033,raw_stats_plus_frequency,balanced_acc,0.5441487408178425
physionet_grabmyo,S28,session1,session3,physionet_grabmyo::S28::session1->session3,2033,raw_stats_plus_pretrained,balanced_acc,0.4404207472305742
physionet_grabmyo,S28,session1,session3,physionet_grabmyo::S28::session1->session3,2034,frequency_logbandpower,balanced_acc,0.5659843527814834
physionet_grabmyo,S28,session1,session3,physionet_grabmyo::S28::session1->session3,2034,pretrained_encoder,balanced_acc,0.2666800329530429
physionet_grabmyo,S28,session1,session3,physionet_grabmyo::S28::session1->session3,2034,raw_stats,balanced_acc,0.6509471077926723
physionet_grabmyo,S28,session1,session3,physionet_grabmyo::S28::session1->session3,2034,raw_stats_plus_frequency,balanced_acc,0.5223992704508026
physionet_grabmyo,S28,session1,session3,physionet_grabmyo::S28::session1->session3,2034,raw_stats_plus_pretrained,balanced_acc,0.45110712459866875
physionet_grabmyo,S28,session1,session3,physionet_grabmyo::S28::session1->session3,2035,frequency_logbandpower,balanced_acc,0.5663689822900883
physionet_grabmyo,S28,session1,session3,physionet_grabmyo::S28::session1->session3,2035,pretrained_encoder,balanced_acc,0.2715991907784226
physionet_grabmyo,S28,session1,session3,physionet_grabmyo::S28::session1->session3,2035,raw_stats,balanced_acc,0.6547447638281166
physionet_grabmyo,S28,session1,session3,physionet_grabmyo::S28::session1->session3,2035,raw_stats_plus_frequency,balanced_acc,0.5322828726880932
physionet_grabmyo,S28,session1,session3,physionet_grabmyo::S28::session1->session3,2035,raw_stats_plus_pretrained,balanced_acc,0.4189081511448309
physionet_grabmyo,S29,session1,session2,physionet_grabmyo::S29::session1->session2,2026,frequency_logbandpower,balanced_acc,0.4206603444621034
physionet_grabmyo,S29,session1,session2,physionet_grabmyo::S29::session1->session2,2026,pretrained_encoder,balanced_acc,0.1764059224913189
physionet_grabmyo,S29,session1,session2,physionet_grabmyo::S29::session1->session2,2026,raw_stats,balanced_acc,0.48660743062681444
physionet_grabmyo,S29,session1,session2,physionet_grabmyo::S29::session1->session2,2026,raw_stats_plus_frequency,balanced_acc,0.3475074026517039
physionet_grabmyo,S29,session1,session2,physionet_grabmyo::S29::session1->session2,2026,raw_stats_plus_pretrained,balanced_acc,0.3184837164262291
physionet_grabmyo,S29,session1,session2,physionet_grabmyo::S29::session1->session2,2027,frequency_logbandpower,balanced_acc,0.43096119838762603
physionet_grabmyo,S29,session1,session2,physionet_grabmyo::S29::session1->session2,2027,pretrained_encoder,balanced_acc,0.1726150379883898
physionet_grabmyo,S29,session1,session2,physionet_grabmyo::S29::session1->session2,2027,raw_stats,balanced_acc,0.4728592577109272
physionet_grabmyo,S29,session1,session2,physionet_grabmyo::S29::session1->session2,2027,raw_stats_plus_frequency,balanced_acc,0.33850017194859394
physionet_grabmyo,S29,session1,session2,physionet_grabmyo::S29::session1->session2,2027,raw_stats_plus_pretrained,balanced_acc,0.3031159555632451
physionet_grabmyo,S29,session1,session2,physionet_grabmyo::S29::session1->session2,2028,frequency_logbandpower,balanced_acc,0.43479638143387594
physionet_grabmyo,S29,session1,session2,physionet_grabmyo::S29::session1->session2,2028,pretrained_encoder,balanced_acc,0.1719733438790714
physionet_grabmyo,S29,session1,session2,physionet_grabmyo::S29::session1->session2,2028,raw_stats,balanced_acc,0.49357522668876513
physionet_grabmyo,S29,session1,session2,physionet_grabmyo::S29::session1->session2,2028,raw_stats_plus_frequency,balanced_acc,0.3667270009116358
physionet_grabmyo,S29,session1,session2,physionet_grabmyo::S29::session1->session2,2028,raw_stats_plus_pretrained,balanced_acc,0.30587062011794847
physionet_grabmyo,S29,session1,session2,physionet_grabmyo::S29::session1->session2,2029,frequency_logbandpower,balanced_acc,0.4233383278666111
physionet_grabmyo,S29,session1,session2,physionet_grabmyo::S29::session1->session2,2029,pretrained_encoder,balanced_acc,0.1800815526423007
physionet_grabmyo,S29,session1,session2,physionet_grabmyo::S29::session1->session2,2029,raw_stats,balanced_acc,0.46735059810943896
physionet_grabmyo,S29,session1,session2,physionet_grabmyo::S29::session1->session2,2029,raw_stats_plus_frequency,balanced_acc,0.3373903191273926
physionet_grabmyo,S29,session1,session2,physionet_grabmyo::S29::session1->session2,2029,raw_stats_plus_pretrained,balanced_acc,0.3026550786638327
physionet_grabmyo,S29,session1,session2,physionet_grabmyo::S29::session1->session2,2030,frequency_logbandpower,balanced_acc,0.420024807297775
physionet_grabmyo,S29,session1,session2,physionet_grabmyo::S29::session1->session2,2030,pretrained_encoder,balanced_acc,0.17628685595747465
physionet_grabmyo,S29,session1,session2,physionet_grabmyo::S29::session1->session2,2030,raw_stats,balanced_acc,0.4876455060863898
physionet_grabmyo,S29,session1,session2,physionet_grabmyo::S29::session1->session2,2030,raw_stats_plus_frequency,balanced_acc,0.35774646999965565
physionet_grabmyo,S29,session1,session2,physionet_grabmyo::S29::session1->session2,2030,raw_stats_plus_pretrained,balanced_acc,0.3116529895758741
physionet_grabmyo,S29,session1,session2,physionet_grabmyo::S29::session1->session2,2031,frequency_logbandpower,balanced_acc,0.4099452774211854
physionet_grabmyo,S29,session1,session2,physionet_grabmyo::S29::session1->session2,2031,pretrained_encoder,balanced_acc,0.18078453124588348
physionet_grabmyo,S29,session1,session2,physionet_grabmyo::S29::session1->session2,2031,raw_stats,balanced_acc,0.47071197647406227
physionet_grabmyo,S29,session1,session2,physionet_grabmyo::S29::session1->session2,2031,raw_stats_plus_frequency,balanced_acc,0.3266901252300217
physionet_grabmyo,S29,session1,session2,physionet_grabmyo::S29::session1->session2,2031,raw_stats_plus_pretrained,balanced_acc,0.3028411557686317
physionet_grabmyo,S29,session1,session2,physionet_grabmyo::S29::session1->session2,2032,frequency_logbandpower,balanced_acc,0.4155182056150523
physionet_grabmyo,S29,session1,session2,physionet_grabmyo::S29::session1->session2,2032,pretrained_encoder,balanced_acc,0.17200413827974845
physionet_grabmyo,S29,session1,session2,physionet_grabmyo::S29::session1->session2,2032,raw_stats,balanced_acc,0.4789186418766963
physionet_grabmyo,S29,session1,session2,physionet_grabmyo::S29::session1->session2,2032,raw_stats_plus_frequency,balanced_acc,0.34154489582310604
physionet_grabmyo,S29,session1,session2,physionet_grabmyo::S29::session1->session2,2032,raw_stats_plus_pretrained,balanced_acc,0.29727735885082657
physionet_grabmyo,S29,session1,session2,physionet_grabmyo::S29::session1->session2,2033,frequency_logbandpower,balanced_acc,0.4123950030367204
physionet_grabmyo,S29,session1,session2,physionet_grabmyo::S29::session1->session2,2033,pretrained_encoder,balanced_acc,0.1663766816935527
physionet_grabmyo,S29,session1,session2,physionet_grabmyo::S29::session1->session2,2033,raw_stats,balanced_acc,0.4817651639546942
physionet_grabmyo,S29,session1,session2,physionet_grabmyo::S29::session1->session2,2033,raw_stats_plus_frequency,balanced_acc,0.3437842981543024
physionet_grabmyo,S29,session1,session2,physionet_grabmyo::S29::session1->session2,2033,raw_stats_plus_pretrained,balanced_acc,0.3058986606994007
physionet_grabmyo,S29,session1,session2,physionet_grabmyo::S29::session1->session2,2034,frequency_logbandpower,balanced_acc,0.421807671742423
physionet_grabmyo,S29,session1,session2,physionet_grabmyo::S29::session1->session2,2034,pretrained_encoder,balanced_acc,0.16423311310776176
physionet_grabmyo,S29,session1,session2,physionet_grabmyo::S29::session1->session2,2034,raw_stats,balanced_acc,0.46852949494082297
physionet_grabmyo,S29,session1,session2,physionet_grabmyo::S29::session1->session2,2034,raw_stats_plus_frequency,balanced_acc,0.3499026795380895
physionet_grabmyo,S29,session1,session2,physionet_grabmyo::S29::session1->session2,2034,raw_stats_plus_pretrained,balanced_acc,0.3033269638901369
physionet_grabmyo,S29,session1,session2,physionet_grabmyo::S29::session1->session2,2035,frequency_logbandpower,balanced_acc,0.4159733431791176
physionet_grabmyo,S29,session1,session2,physionet_grabmyo::S29::session1->session2,2035,pretrained_encoder,balanced_acc,0.18628322325752317
physionet_grabmyo,S29,session1,session2,physionet_grabmyo::S29::session1->session2,2035,raw_stats,balanced_acc,0.4821534615634879
physionet_grabmyo,S29,session1,session2,physionet_grabmyo::S29::session1->session2,2035,raw_stats_plus_frequency,balanced_acc,0.3495278652011024
physionet_grabmyo,S29,session1,session2,physionet_grabmyo::S29::session1->session2,2035,raw_stats_plus_pretrained,balanced_acc,0.32020977836471115
physionet_grabmyo,S29,session1,session3,physionet_grabmyo::S29::session1->session3,2026,frequency_logbandpower,balanced_acc,0.4481964796902817
physionet_grabmyo,S29,session1,session3,physionet_grabmyo::S29::session1->session3,2026,pretrained_encoder,balanced_acc,0.1650930814307654
physionet_grabmyo,S29,session1,session3,physionet_grabmyo::S29::session1->session3,2026,raw_stats,balanced_acc,0.49569601252104567
physionet_grabmyo,S29,session1,session3,physionet_grabmyo::S29::session1->session3,2026,raw_stats_plus_frequency,balanced_acc,0.37749941855608893
physionet_grabmyo,S29,session1,session3,physionet_grabmyo::S29::session1->session3,2026,raw_stats_plus_pretrained,balanced_acc,0.3026523125839541
physionet_grabmyo,S29,session1,session3,physionet_grabmyo::S29::session1->session3,2027,frequency_logbandpower,balanced_acc,0.4477260375951415
physionet_grabmyo,S29,session1,session3,physionet_grabmyo::S29::session1->session3,2027,pretrained_encoder,balanced_acc,0.16381411177219324
physionet_grabmyo,S29,session1,session3,physionet_grabmyo::S29::session1->session3,2027,raw_stats,balanced_acc,0.5204859535310665
physionet_grabmyo,S29,session1,session3,physionet_grabmyo::S29::session1->session3,2027,raw_stats_plus_frequency,balanced_acc,0.3936508456149666
physionet_grabmyo,S29,session1,session3,physionet_grabmyo::S29::session1->session3,2027,raw_stats_plus_pretrained,balanced_acc,0.3018281763478187
physionet_grabmyo,S29,session1,session3,physionet_grabmyo::S29::session1->session3,2028,frequency_logbandpower,balanced_acc,0.44083927748486706
physionet_grabmyo,S29,session1,session3,physionet_grabmyo::S29::session1->session3,2028,pretrained_encoder,balanced_acc,0.16160415919640347
physionet_grabmyo,S29,session1,session3,physionet_grabmyo::S29::session1->session3,2028,raw_stats,balanced_acc,0.52200407667144
physionet_grabmyo,S29,session1,session3,physionet_grabmyo::S29::session1->session3,2028,raw_stats_plus_frequency,balanced_acc,0.3992951027889167
physionet_grabmyo,S29,session1,session3,physionet_grabmyo::S29::session1->session3,2028,raw_stats_plus_pretrained,balanced_acc,0.31678703480161463
physionet_grabmyo,S29,session1,session3,physionet_grabmyo::S29::session1->session3,2029,frequency_logbandpower,balanced_acc,0.4340337755814447
physionet_grabmyo,S29,session1,session3,physionet_grabmyo::S29::session1->session3,2029,pretrained_encoder,balanced_acc,0.18287304182112962
physionet_grabmyo,S29,session1,session3,physionet_grabmyo::S29::session1->session3,2029,raw_stats,balanced_acc,0.48897634479007135
physionet_grabmyo,S29,session1,session3,physionet_grabmyo::S29::session1->session3,2029,raw_stats_plus_frequency,balanced_acc,0.3856060353661868
physionet_grabmyo,S29,session1,session3,physionet_grabmyo::S29::session1->session3,2029,raw_stats_plus_pretrained,balanced_acc,0.3070870383442559
physionet_grabmyo,S29,session1,session3,physionet_grabmyo::S29::session1->session3,2030,frequency_logbandpower,balanced_acc,0.45696344417038187
physionet_grabmyo,S29,session1,session3,physionet_grabmyo::S29::session1->session3,2030,pretrained_encoder,balanced_acc,0.1593653273469283
physionet_grabmyo,S29,session1,session3,physionet_grabmyo::S29::session1->session3,2030,raw_stats,balanced_acc,0.5100323202536804
physionet_grabmyo,S29,session1,session3,physionet_grabmyo::S29::session1->session3,2030,raw_stats_plus_frequency,balanced_acc,0.3930541319821023
physionet_grabmyo,S29,session1,session3,physionet_grabmyo::S29::session1->session3,2030,raw_stats_plus_pretrained,balanced_acc,0.31165015402586527
physionet_grabmyo,S29,session1,session3,physionet_grabmyo::S29::session1->session3,2031,frequency_logbandpower,balanced_acc,0.44594934409439996
physionet_grabmyo,S29,session1,session3,physionet_grabmyo::S29::session1->session3,2031,pretrained_encoder,balanced_acc,0.16793006969375554
physionet_grabmyo,S29,session1,session3,physionet_grabmyo::S29::session1->session3,2031,raw_stats,balanced_acc,0.5168566278076734
physionet_grabmyo,S29,session1,session3,physionet_grabmyo::S29::session1->session3,2031,raw_stats_plus_frequency,balanced_acc,0.38611652384952805
physionet_grabmyo,S29,session1,session3,physionet_grabmyo::S29::session1->session3,2031,raw_stats_plus_pretrained,balanced_acc,0.3159569283787772
physionet_grabmyo,S29,session1,session3,physionet_grabmyo::S29::session1->session3,2032,frequency_logbandpower,balanced_acc,0.4392608251951529
physionet_grabmyo,S29,session1,session3,physionet_grabmyo::S29::session1->session3,2032,pretrained_encoder,balanced_acc,0.18218748222917153
physionet_grabmyo,S29,session1,session3,physionet_grabmyo::S29::session1->session3,2032,raw_stats,balanced_acc,0.5329646472237085
physionet_grabmyo,S29,session1,session3,physionet_grabmyo::S29::session1->session3,2032,raw_stats_plus_frequency,balanced_acc,0.4064268527631701
physionet_grabmyo,S29,session1,session3,physionet_grabmyo::S29::session1->session3,2032,raw_stats_plus_pretrained,balanced_acc,0.31833293510769595
physionet_grabmyo,S29,session1,session3,physionet_grabmyo::S29::session1->session3,2033,frequency_logbandpower,balanced_acc,0.42727607974502335
physionet_grabmyo,S29,session1,session3,physionet_grabmyo::S29::session1->session3,2033,pretrained_encoder,balanced_acc,0.18107414260393717
physionet_grabmyo,S29,session1,session3,physionet_grabmyo::S29::session1->session3,2033,raw_stats,balanced_acc,0.5269336968777645
physionet_grabmyo,S29,session1,session3,physionet_grabmyo::S29::session1->session3,2033,raw_stats_plus_frequency,balanced_acc,0.3930822023336869
physionet_grabmyo,S29,session1,session3,physionet_grabmyo::S29::session1->session3,2033,raw_stats_plus_pretrained,balanced_acc,0.30122203663705927
physionet_grabmyo,S29,session1,session3,physionet_grabmyo::S29::session1->session3,2034,frequency_logbandpower,balanced_acc,0.4516426953991176
physionet_grabmyo,S29,session1,session3,physionet_grabmyo::S29::session1->session3,2034,pretrained_encoder,balanced_acc,0.18304362354889722
physionet_grabmyo,S29,session1,session3,physionet_grabmyo::S29::session1->session3,2034,raw_stats,balanced_acc,0.5095814802387458
physionet_grabmyo,S29,session1,session3,physionet_grabmyo::S29::session1->session3,2034,raw_stats_plus_frequency,balanced_acc,0.39320289894615595
physionet_grabmyo,S29,session1,session3,physionet_grabmyo::S29::session1->session3,2034,raw_stats_plus_pretrained,balanced_acc,0.32226897616041256
physionet_grabmyo,S29,session1,session3,physionet_grabmyo::S29::session1->session3,2035,frequency_logbandpower,balanced_acc,0.4708235157166899
physionet_grabmyo,S29,session1,session3,physionet_grabmyo::S29::session1->session3,2035,pretrained_encoder,balanced_acc,0.18157203264952695
physionet_grabmyo,S29,session1,session3,physionet_grabmyo::S29::session1->session3,2035,raw_stats,balanced_acc,0.5230040560787218
physionet_grabmyo,S29,session1,session3,physionet_grabmyo::S29::session1->session3,2035,raw_stats_plus_frequency,balanced_acc,0.41389996213358277
physionet_grabmyo,S29,session1,session3,physionet_grabmyo::S29::session1->session3,2035,raw_stats_plus_pretrained,balanced_acc,0.3190820160901145
physionet_grabmyo,S30,session1,session2,physionet_grabmyo::S30::session1->session2,2026,frequency_logbandpower,balanced_acc,0.5372570634145206
physionet_grabmyo,S30,session1,session2,physionet_grabmyo::S30::session1->session2,2026,pretrained_encoder,balanced_acc,0.2773371868229995
physionet_grabmyo,S30,session1,session2,physionet_grabmyo::S30::session1->session2,2026,raw_stats,balanced_acc,0.5975148916763671
physionet_grabmyo,S30,session1,session2,physionet_grabmyo::S30::session1->session2,2026,raw_stats_plus_frequency,balanced_acc,0.47832321112710774
physionet_grabmyo,S30,session1,session2,physionet_grabmyo::S30::session1->session2,2026,raw_stats_plus_pretrained,balanced_acc,0.44523720832493185
physionet_grabmyo,S30,session1,session2,physionet_grabmyo::S30::session1->session2,2027,frequency_logbandpower,balanced_acc,0.5397539756103371
physionet_grabmyo,S30,session1,session2,physionet_grabmyo::S30::session1->session2,2027,pretrained_encoder,balanced_acc,0.27990496953408023
physionet_grabmyo,S30,session1,session2,physionet_grabmyo::S30::session1->session2,2027,raw_stats,balanced_acc,0.5899352572067976
physionet_grabmyo,S30,session1,session2,physionet_grabmyo::S30::session1->session2,2027,raw_stats_plus_frequency,balanced_acc,0.48945167898711045
physionet_grabmyo,S30,session1,session2,physionet_grabmyo::S30::session1->session2,2027,raw_stats_plus_pretrained,balanced_acc,0.44085760738228263
physionet_grabmyo,S30,session1,session2,physionet_grabmyo::S30::session1->session2,2028,frequency_logbandpower,balanced_acc,0.544778762666654
physionet_grabmyo,S30,session1,session2,physionet_grabmyo::S30::session1->session2,2028,pretrained_encoder,balanced_acc,0.2584068270017731
physionet_grabmyo,S30,session1,session2,physionet_grabmyo::S30::session1->session2,2028,raw_stats,balanced_acc,0.5824689025672941
physionet_grabmyo,S30,session1,session2,physionet_grabmyo::S30::session1->session2,2028,raw_stats_plus_frequency,balanced_acc,0.48256648039918115
physionet_grabmyo,S30,session1,session2,physionet_grabmyo::S30::session1->session2,2028,raw_stats_plus_pretrained,balanced_acc,0.4198567498772188
physionet_grabmyo,S30,session1,session2,physionet_grabmyo::S30::session1->session2,2029,frequency_logbandpower,balanced_acc,0.5492684309363182
physionet_grabmyo,S30,session1,session2,physionet_grabmyo::S30::session1->session2,2029,pretrained_encoder,balanced_acc,0.27331228390174966
physionet_grabmyo,S30,session1,session2,physionet_grabmyo::S30::session1->session2,2029,raw_stats,balanced_acc,0.5821208930135748
physionet_grabmyo,S30,session1,session2,physionet_grabmyo::S30::session1->session2,2029,raw_stats_plus_frequency,balanced_acc,0.48815573293099485
physionet_grabmyo,S30,session1,session2,physionet_grabmyo::S30::session1->session2,2029,raw_stats_plus_pretrained,balanced_acc,0.4419041598508787
physionet_grabmyo,S30,session1,session2,physionet_grabmyo::S30::session1->session2,2030,frequency_logbandpower,balanced_acc,0.5476364892369812
physionet_grabmyo,S30,session1,session2,physionet_grabmyo::S30::session1->session2,2030,pretrained_encoder,balanced_acc,0.2633050578627635
physionet_grabmyo,S30,session1,session2,physionet_grabmyo::S30::session1->session2,2030,raw_stats,balanced_acc,0.5893986606644469
physionet_grabmyo,S30,session1,session2,physionet_grabmyo::S30::session1->session2,2030,raw_stats_plus_frequency,balanced_acc,0.48184407826872727
physionet_grabmyo,S30,session1,session2,physionet_grabmyo::S30::session1->session2,2030,raw_stats_plus_pretrained,balanced_acc,0.4435125560996547
physionet_grabmyo,S30,session1,session2,physionet_grabmyo::S30::session1->session2,2031,frequency_logbandpower,balanced_acc,0.53192225178031
physionet_grabmyo,S30,session1,session2,physionet_grabmyo::S30::session1->session2,2031,pretrained_encoder,balanced_acc,0.25748844595616927
physionet_grabmyo,S30,session1,session2,physionet_grabmyo::S30::session1->session2,2031,raw_stats,balanced_acc,0.5853896615773488
physionet_grabmyo,S30,session1,session2,physionet_grabmyo::S30::session1->session2,2031,raw_stats_plus_frequency,balanced_acc,0.48392923362423357
physionet_grabmyo,S30,session1,session2,physionet_grabmyo::S30::session1->session2,2031,raw_stats_plus_pretrained,balanced_acc,0.448486512442436
physionet_grabmyo,S30,session1,session2,physionet_grabmyo::S30::session1->session2,2032,frequency_logbandpower,balanced_acc,0.5525732239809676
physionet_grabmyo,S30,session1,session2,physionet_grabmyo::S30::session1->session2,2032,pretrained_encoder,balanced_acc,0.2603954704214043
physionet_grabmyo,S30,session1,session2,physionet_grabmyo::S30::session1->session2,2032,raw_stats,balanced_acc,0.5826713298110339
physionet_grabmyo,S30,session1,session2,physionet_grabmyo::S30::session1->session2,2032,raw_stats_plus_frequency,balanced_acc,0.4890528176516173
physionet_grabmyo,S30,session1,session2,physionet_grabmyo::S30::session1->session2,2032,raw_stats_plus_pretrained,balanced_acc,0.44471824998161025
physionet_grabmyo,S30,session1,session2,physionet_grabmyo::S30::session1->session2,2033,frequency_logbandpower,balanced_acc,0.5513651025005235
physionet_grabmyo,S30,session1,session2,physionet_grabmyo::S30::session1->session2,2033,pretrained_encoder,balanced_acc,0.2772209002036783
physionet_grabmyo,S30,session1,session2,physionet_grabmyo::S30::session1->session2,2033,raw_stats,balanced_acc,0.589713497097934
physionet_grabmyo,S30,session1,session2,physionet_grabmyo::S30::session1->session2,2033,raw_stats_plus_frequency,balanced_acc,0.49137482341153477
physionet_grabmyo,S30,session1,session2,physionet_grabmyo::S30::session1->session2,2033,raw_stats_plus_pretrained,balanced_acc,0.42389780727581744
physionet_grabmyo,S30,session1,session2,physionet_grabmyo::S30::session1->session2,2034,frequency_logbandpower,balanced_acc,0.5448985954673025
physionet_grabmyo,S30,session1,session2,physionet_grabmyo::S30::session1->session2,2034,pretrained_encoder,balanced_acc,0.2705980839192561
physionet_grabmyo,S30,session1,session2,physionet_grabmyo::S30::session1->session2,2034,raw_stats,balanced_acc,0.579272728345461
physionet_grabmyo,S30,session1,session2,physionet_grabmyo::S30::session1->session2,2034,raw_stats_plus_frequency,balanced_acc,0.48598424529474443
physionet_grabmyo,S30,session1,session2,physionet_grabmyo::S30::session1->session2,2034,raw_stats_plus_pretrained,balanced_acc,0.4481055781876283
physionet_grabmyo,S30,session1,session2,physionet_grabmyo::S30::session1->session2,2035,frequency_logbandpower,balanced_acc,0.5432945345159396
physionet_grabmyo,S30,session1,session2,physionet_grabmyo::S30::session1->session2,2035,pretrained_encoder,balanced_acc,0.2504937500648398
physionet_grabmyo,S30,session1,session2,physionet_grabmyo::S30::session1->session2,2035,raw_stats,balanced_acc,0.592364444258099
physionet_grabmyo,S30,session1,session2,physionet_grabmyo::S30::session1->session2,2035,raw_stats_plus_frequency,balanced_acc,0.4834885706166833
physionet_grabmyo,S30,session1,session2,physionet_grabmyo::S30::session1->session2,2035,raw_stats_plus_pretrained,balanced_acc,0.43146828630615475
physionet_grabmyo,S30,session1,session3,physionet_grabmyo::S30::session1->session3,2026,frequency_logbandpower,balanced_acc,0.5387264303035462
physionet_grabmyo,S30,session1,session3,physionet_grabmyo::S30::session1->session3,2026,pretrained_encoder,balanced_acc,0.27092084013381984
physionet_grabmyo,S30,session1,session3,physionet_grabmyo::S30::session1->session3,2026,raw_stats,balanced_acc,0.6407038009387
physionet_grabmyo,S30,session1,session3,physionet_grabmyo::S30::session1->session3,2026,raw_stats_plus_frequency,balanced_acc,0.5258238468192241
physionet_grabmyo,S30,session1,session3,physionet_grabmyo::S30::session1->session3,2026,raw_stats_plus_pretrained,balanced_acc,0.42913310056810805
physionet_grabmyo,S30,session1,session3,physionet_grabmyo::S30::session1->session3,2027,frequency_logbandpower,balanced_acc,0.5230842855878737
physionet_grabmyo,S30,session1,session3,physionet_grabmyo::S30::session1->session3,2027,pretrained_encoder,balanced_acc,0.2758826229607566
physionet_grabmyo,S30,session1,session3,physionet_grabmyo::S30::session1->session3,2027,raw_stats,balanced_acc,0.6401027808197741
physionet_grabmyo,S30,session1,session3,physionet_grabmyo::S30::session1->session3,2027,raw_stats_plus_frequency,balanced_acc,0.5086719632684594
physionet_grabmyo,S30,session1,session3,physionet_grabmyo::S30::session1->session3,2027,raw_stats_plus_pretrained,balanced_acc,0.434294020011226
physionet_grabmyo,S30,session1,session3,physionet_grabmyo::S30::session1->session3,2028,frequency_logbandpower,balanced_acc,0.536858394794581
physionet_grabmyo,S30,session1,session3,physionet_grabmyo::S30::session1->session3,2028,pretrained_encoder,balanced_acc,0.2742781421757371
physionet_grabmyo,S30,session1,session3,physionet_grabmyo::S30::session1->session3,2028,raw_stats,balanced_acc,0.6337695104347816
physionet_grabmyo,S30,session1,session3,physionet_grabmyo::S30::session1->session3,2028,raw_stats_plus_frequency,balanced_acc,0.5124804984367162
physionet_grabmyo,S30,session1,session3,physionet_grabmyo::S30::session1->session3,2028,raw_stats_plus_pretrained,balanced_acc,0.42632512035747383
physionet_grabmyo,S30,session1,session3,physionet_grabmyo::S30::session1->session3,2029,frequency_logbandpower,balanced_acc,0.5456488422433691
physionet_grabmyo,S30,session1,session3,physionet_grabmyo::S30::session1->session3,2029,pretrained_encoder,balanced_acc,0.254110461306004
physionet_grabmyo,S30,session1,session3,physionet_grabmyo::S30::session1->session3,2029,raw_stats,balanced_acc,0.6288097138341643
physionet_grabmyo,S30,session1,session3,physionet_grabmyo::S30::session1->session3,2029,raw_stats_plus_frequency,balanced_acc,0.5258932434588852
physionet_grabmyo,S30,session1,session3,physionet_grabmyo::S30::session1->session3,2029,raw_stats_plus_pretrained,balanced_acc,0.4143046830476057
physionet_grabmyo,S30,session1,session3,physionet_grabmyo::S30::session1->session3,2030,frequency_logbandpower,balanced_acc,0.5396479422508151
physionet_grabmyo,S30,session1,session3,physionet_grabmyo::S30::session1->session3,2030,pretrained_encoder,balanced_acc,0.271777829996052
physionet_grabmyo,S30,session1,session3,physionet_grabmyo::S30::session1->session3,2030,raw_stats,balanced_acc,0.6265881814422993
physionet_grabmyo,S30,session1,session3,physionet_grabmyo::S30::session1->session3,2030,raw_stats_plus_frequency,balanced_acc,0.5144151549165665
physionet_grabmyo,S30,session1,session3,physionet_grabmyo::S30::session1->session3,2030,raw_stats_plus_pretrained,balanced_acc,0.4038681104671874
physionet_grabmyo,S30,session1,session3,physionet_grabmyo::S30::session1->session3,2031,frequency_logbandpower,balanced_acc,0.5229085083167831
physionet_grabmyo,S30,session1,session3,physionet_grabmyo::S30::session1->session3,2031,pretrained_encoder,balanced_acc,0.27327890979903224
physionet_grabmyo,S30,session1,session3,physionet_grabmyo::S30::session1->session3,2031,raw_stats,balanced_acc,0.6379001963088012
physionet_grabmyo,S30,session1,session3,physionet_grabmyo::S30::session1->session3,2031,raw_stats_plus_frequency,balanced_acc,0.5082923241191385
physionet_grabmyo,S30,session1,session3,physionet_grabmyo::S30::session1->session3,2031,raw_stats_plus_pretrained,balanced_acc,0.40025512817686015
physionet_grabmyo,S30,session1,session3,physionet_grabmyo::S30::session1->session3,2032,frequency_logbandpower,balanced_acc,0.5332918410877397
physionet_grabmyo,S30,session1,session3,physionet_grabmyo::S30::session1->session3,2032,pretrained_encoder,balanced_acc,0.26582550827690005
physionet_grabmyo,S30,session1,session3,physionet_grabmyo::S30::session1->session3,2032,raw_stats,balanced_acc,0.6432135217581489
physionet_grabmyo,S30,session1,session3,physionet_grabmyo::S30::session1->session3,2032,raw_stats_plus_frequency,balanced_acc,0.49127426228430987
physionet_grabmyo,S30,session1,session3,physionet_grabmyo::S30::session1->session3,2032,raw_stats_plus_pretrained,balanced_acc,0.42399929509126594
physionet_grabmyo,S30,session1,session3,physionet_grabmyo::S30::session1->session3,2033,frequency_logbandpower,balanced_acc,0.5374941777218576
physionet_grabmyo,S30,session1,session3,physionet_grabmyo::S30::session1->session3,2033,pretrained_encoder,balanced_acc,0.27047422917641933
physionet_grabmyo,S30,session1,session3,physionet_grabmyo::S30::session1->session3,2033,raw_stats,balanced_acc,0.6272240191185643
physionet_grabmyo,S30,session1,session3,physionet_grabmyo::S30::session1->session3,2033,raw_stats_plus_frequency,balanced_acc,0.526134437091245
physionet_grabmyo,S30,session1,session3,physionet_grabmyo::S30::session1->session3,2033,raw_stats_plus_pretrained,balanced_acc,0.41143201092908943
physionet_grabmyo,S30,session1,session3,physionet_grabmyo::S30::session1->session3,2034,frequency_logbandpower,balanced_acc,0.5420953071918589
physionet_grabmyo,S30,session1,session3,physionet_grabmyo::S30::session1->session3,2034,pretrained_encoder,balanced_acc,0.2567519413761002
physionet_grabmyo,S30,session1,session3,physionet_grabmyo::S30::session1->session3,2034,raw_stats,balanced_acc,0.6329918606274312
physionet_grabmyo,S30,session1,session3,physionet_grabmyo::S30::session1->session3,2034,raw_stats_plus_frequency,balanced_acc,0.5119920631687697
physionet_grabmyo,S30,session1,session3,physionet_grabmyo::S30::session1->session3,2034,raw_stats_plus_pretrained,balanced_acc,0.42027362569161814
physionet_grabmyo,S30,session1,session3,physionet_grabmyo::S30::session1->session3,2035,frequency_logbandpower,balanced_acc,0.5312559589913617
physionet_grabmyo,S30,session1,session3,physionet_grabmyo::S30::session1->session3,2035,pretrained_encoder,balanced_acc,0.2580137026788741
physionet_grabmyo,S30,session1,session3,physionet_grabmyo::S30::session1->session3,2035,raw_stats,balanced_acc,0.6332558391439584
physionet_grabmyo,S30,session1,session3,physionet_grabmyo::S30::session1->session3,2035,raw_stats_plus_frequency,balanced_acc,0.5125223996597449
physionet_grabmyo,S30,session1,session3,physionet_grabmyo::S30::session1->session3,2035,raw_stats_plus_pretrained,balanced_acc,0.42373791055103605
physionet_grabmyo,S31,session1,session2,physionet_grabmyo::S31::session1->session2,2026,frequency_logbandpower,balanced_acc,0.49816869651903395
physionet_grabmyo,S31,session1,session2,physionet_grabmyo::S31::session1->session2,2026,pretrained_encoder,balanced_acc,0.18938688623689887
physionet_grabmyo,S31,session1,session2,physionet_grabmyo::S31::session1->session2,2026,raw_stats,balanced_acc,0.5069044917492483
physionet_grabmyo,S31,session1,session2,physionet_grabmyo::S31::session1->session2,2026,raw_stats_plus_frequency,balanced_acc,0.42473359365360047
physionet_grabmyo,S31,session1,session2,physionet_grabmyo::S31::session1->session2,2026,raw_stats_plus_pretrained,balanced_acc,0.2944837500204112
physionet_grabmyo,S31,session1,session2,physionet_grabmyo::S31::session1->session2,2027,frequency_logbandpower,balanced_acc,0.4930772019388454
physionet_grabmyo,S31,session1,session2,physionet_grabmyo::S31::session1->session2,2027,pretrained_encoder,balanced_acc,0.20198923129226068
physionet_grabmyo,S31,session1,session2,physionet_grabmyo::S31::session1->session2,2027,raw_stats,balanced_acc,0.5061663809207089
physionet_grabmyo,S31,session1,session2,physionet_grabmyo::S31::session1->session2,2027,raw_stats_plus_frequency,balanced_acc,0.44827108597399257
physionet_grabmyo,S31,session1,session2,physionet_grabmyo::S31::session1->session2,2027,raw_stats_plus_pretrained,balanced_acc,0.32094088220650635
physionet_grabmyo,S31,session1,session2,physionet_grabmyo::S31::session1->session2,2028,frequency_logbandpower,balanced_acc,0.5007497480374771
physionet_grabmyo,S31,session1,session2,physionet_grabmyo::S31::session1->session2,2028,pretrained_encoder,balanced_acc,0.19456737058316545
physionet_grabmyo,S31,session1,session2,physionet_grabmyo::S31::session1->session2,2028,raw_stats,balanced_acc,0.48931972199356283
physionet_grabmyo,S31,session1,session2,physionet_grabmyo::S31::session1->session2,2028,raw_stats_plus_frequency,balanced_acc,0.43217050701027854
physionet_grabmyo,S31,session1,session2,physionet_grabmyo::S31::session1->session2,2028,raw_stats_plus_pretrained,balanced_acc,0.3094788583914755
physionet_grabmyo,S31,session1,session2,physionet_grabmyo::S31::session1->session2,2029,frequency_logbandpower,balanced_acc,0.5107067214481521
physionet_grabmyo,S31,session1,session2,physionet_grabmyo::S31::session1->session2,2029,pretrained_encoder,balanced_acc,0.19861064569318818
physionet_grabmyo,S31,session1,session2,physionet_grabmyo::S31::session1->session2,2029,raw_stats,balanced_acc,0.5003143374169517
physionet_grabmyo,S31,session1,session2,physionet_grabmyo::S31::session1->session2,2029,raw_stats_plus_frequency,balanced_acc,0.44114947423386136
physionet_grabmyo,S31,session1,session2,physionet_grabmyo::S31::session1->session2,2029,raw_stats_plus_pretrained,balanced_acc,0.31571541054312136
physionet_grabmyo,S31,session1,session2,physionet_grabmyo::S31::session1->session2,2030,frequency_logbandpower,balanced_acc,0.5081314796470119
physionet_grabmyo,S31,session1,session2,physionet_grabmyo::S31::session1->session2,2030,pretrained_encoder,balanced_acc,0.19023500535091561
physionet_grabmyo,S31,session1,session2,physionet_grabmyo::S31::session1->session2,2030,raw_stats,balanced_acc,0.48615467935556583
physionet_grabmyo,S31,session1,session2,physionet_grabmyo::S31::session1->session2,2030,raw_stats_plus_frequency,balanced_acc,0.42821282050479487
physionet_grabmyo,S31,session1,session2,physionet_grabmyo::S31::session1->session2,2030,raw_stats_plus_pretrained,balanced_acc,0.30961105248933846
physionet_grabmyo,S31,session1,session2,physionet_grabmyo::S31::session1->session2,2031,frequency_logbandpower,balanced_acc,0.5124000190978286
physionet_grabmyo,S31,session1,session2,physionet_grabmyo::S31::session1->session2,2031,pretrained_encoder,balanced_acc,0.20438352501744056
physionet_grabmyo,S31,session1,session2,physionet_grabmyo::S31::session1->session2,2031,raw_stats,balanced_acc,0.5102538942378674
physionet_grabmyo,S31,session1,session2,physionet_grabmyo::S31::session1->session2,2031,raw_stats_plus_frequency,balanced_acc,0.4414936441158893
physionet_grabmyo,S31,session1,session2,physionet_grabmyo::S31::session1->session2,2031,raw_stats_plus_pretrained,balanced_acc,0.31315920513816525
physionet_grabmyo,S31,session1,session2,physionet_grabmyo::S31::session1->session2,2032,frequency_logbandpower,balanced_acc,0.5094844669730689
physionet_grabmyo,S31,session1,session2,physionet_grabmyo::S31::session1->session2,2032,pretrained_encoder,balanced_acc,0.19992896322043055
physionet_grabmyo,S31,session1,session2,physionet_grabmyo::S31::session1->session2,2032,raw_stats,balanced_acc,0.5011479962214551
physionet_grabmyo,S31,session1,session2,physionet_grabmyo::S31::session1->session2,2032,raw_stats_plus_frequency,balanced_acc,0.4714852434776273
physionet_grabmyo,S31,session1,session2,physionet_grabmyo::S31::session1->session2,2032,raw_stats_plus_pretrained,balanced_acc,0.3235527282147935
physionet_grabmyo,S31,session1,session2,physionet_grabmyo::S31::session1->session2,2033,frequency_logbandpower,balanced_acc,0.496362112592952
physionet_grabmyo,S31,session1,session2,physionet_grabmyo::S31::session1->session2,2033,pretrained_encoder,balanced_acc,0.20500578083886722
physionet_grabmyo,S31,session1,session2,physionet_grabmyo::S31::session1->session2,2033,raw_stats,balanced_acc,0.4966835201626103
physionet_grabmyo,S31,session1,session2,physionet_grabmyo::S31::session1->session2,2033,raw_stats_plus_frequency,balanced_acc,0.41546315512953813
physionet_grabmyo,S31,session1,session2,physionet_grabmyo::S31::session1->session2,2033,raw_stats_plus_pretrained,balanced_acc,0.29838816917911376
physionet_grabmyo,S31,session1,session2,physionet_grabmyo::S31::session1->session2,2034,frequency_logbandpower,balanced_acc,0.5058517495353976
physionet_grabmyo,S31,session1,session2,physionet_grabmyo::S31::session1->session2,2034,pretrained_encoder,balanced_acc,0.18393165114119886
physionet_grabmyo,S31,session1,session2,physionet_grabmyo::S31::session1->session2,2034,raw_stats,balanced_acc,0.5048732424345218
physionet_grabmyo,S31,session1,session2,physionet_grabmyo::S31::session1->session2,2034,raw_stats_plus_frequency,balanced_acc,0.4442971397411611
physionet_grabmyo,S31,session1,session2,physionet_grabmyo::S31::session1->session2,2034,raw_stats_plus_pretrained,balanced_acc,0.3190135754201041
physionet_grabmyo,S31,session1,session2,physionet_grabmyo::S31::session1->session2,2035,frequency_logbandpower,balanced_acc,0.5259881688279491
physionet_grabmyo,S31,session1,session2,physionet_grabmyo::S31::session1->session2,2035,pretrained_encoder,balanced_acc,0.19771468812027052
physionet_grabmyo,S31,session1,session2,physionet_grabmyo::S31::session1->session2,2035,raw_stats,balanced_acc,0.5121868445346488
physionet_grabmyo,S31,session1,session2,physionet_grabmyo::S31::session1->session2,2035,raw_stats_plus_frequency,balanced_acc,0.44274564372325326
physionet_grabmyo,S31,session1,session2,physionet_grabmyo::S31::session1->session2,2035,raw_stats_plus_pretrained,balanced_acc,0.3335866355907371
physionet_grabmyo,S31,session1,session3,physionet_grabmyo::S31::session1->session3,2026,frequency_logbandpower,balanced_acc,0.4793036190559766
physionet_grabmyo,S31,session1,session3,physionet_grabmyo::S31::session1->session3,2026,pretrained_encoder,balanced_acc,0.17642032586354753
physionet_grabmyo,S31,session1,session3,physionet_grabmyo::S31::session1->session3,2026,raw_stats,balanced_acc,0.46966820895933253
physionet_grabmyo,S31,session1,session3,physionet_grabmyo::S31::session1->session3,2026,raw_stats_plus_frequency,balanced_acc,0.42082068995633487
physionet_grabmyo,S31,session1,session3,physionet_grabmyo::S31::session1->session3,2026,raw_stats_plus_pretrained,balanced_acc,0.27916987137097077
physionet_grabmyo,S31,session1,session3,physionet_grabmyo::S31::session1->session3,2027,frequency_logbandpower,balanced_acc,0.49429227418616295
physionet_grabmyo,S31,session1,session3,physionet_grabmyo::S31::session1->session3,2027,pretrained_encoder,balanced_acc,0.16722533957453456
physionet_grabmyo,S31,session1,session3,physionet_grabmyo::S31::session1->session3,2027,raw_stats,balanced_acc,0.48117236204239033
physionet_grabmyo,S31,session1,session3,physionet_grabmyo::S31::session1->session3,2027,raw_stats_plus_frequency,balanced_acc,0.4071291666235926
physionet_grabmyo,S31,session1,session3,physionet_grabmyo::S31::session1->session3,2027,raw_stats_plus_pretrained,balanced_acc,0.28030409900206826
physionet_grabmyo,S31,session1,session3,physionet_grabmyo::S31::session1->session3,2028,frequency_logbandpower,balanced_acc,0.4958529684068748
physionet_grabmyo,S31,session1,session3,physionet_grabmyo::S31::session1->session3,2028,pretrained_encoder,balanced_acc,0.20081522212393027
physionet_grabmyo,S31,session1,session3,physionet_grabmyo::S31::session1->session3,2028,raw_stats,balanced_acc,0.4614226438580756
physionet_grabmyo,S31,session1,session3,physionet_grabmyo::S31::session1->session3,2028,raw_stats_plus_frequency,balanced_acc,0.42287042498278804
physionet_grabmyo,S31,session1,session3,physionet_grabmyo::S31::session1->session3,2028,raw_stats_plus_pretrained,balanced_acc,0.2996781558872445
physionet_grabmyo,S31,session1,session3,physionet_grabmyo::S31::session1->session3,2029,frequency_logbandpower,balanced_acc,0.49457102465829483
physionet_grabmyo,S31,session1,session3,physionet_grabmyo::S31::session1->session3,2029,pretrained_encoder,balanced_acc,0.19139096501217503
physionet_grabmyo,S31,session1,session3,physionet_grabmyo::S31::session1->session3,2029,raw_stats,balanced_acc,0.4848783998614697
physionet_grabmyo,S31,session1,session3,physionet_grabmyo::S31::session1->session3,2029,raw_stats_plus_frequency,balanced_acc,0.41538596748630896
physionet_grabmyo,S31,session1,session3,physionet_grabmyo::S31::session1->session3,2029,raw_stats_plus_pretrained,balanced_acc,0.27335390494128614
physionet_grabmyo,S31,session1,session3,physionet_grabmyo::S31::session1->session3,2030,frequency_logbandpower,balanced_acc,0.4992265468221883
physionet_grabmyo,S31,session1,session3,physionet_grabmyo::S31::session1->session3,2030,pretrained_encoder,balanced_acc,0.17776762177561625
physionet_grabmyo,S31,session1,session3,physionet_grabmyo::S31::session1->session3,2030,raw_stats,balanced_acc,0.4811032828092393
physionet_grabmyo,S31,session1,session3,physionet_grabmyo::S31::session1->session3,2030,raw_stats_plus_frequency,balanced_acc,0.411790123448771
physionet_grabmyo,S31,session1,session3,physionet_grabmyo::S31::session1->session3,2030,raw_stats_plus_pretrained,balanced_acc,0.2662925820183349
physionet_grabmyo,S31,session1,session3,physionet_grabmyo::S31::session1->session3,2031,frequency_logbandpower,balanced_acc,0.4885798930591195
physionet_grabmyo,S31,session1,session3,physionet_grabmyo::S31::session1->session3,2031,pretrained_encoder,balanced_acc,0.1798696765792307
physionet_grabmyo,S31,session1,session3,physionet_grabmyo::S31::session1->session3,2031,raw_stats,balanced_acc,0.44298525949768086
physionet_grabmyo,S31,session1,session3,physionet_grabmyo::S31::session1->session3,2031,raw_stats_plus_frequency,balanced_acc,0.4171372288043377
physionet_grabmyo,S31,session1,session3,physionet_grabmyo::S31::session1->session3,2031,raw_stats_plus_pretrained,balanced_acc,0.29428617044056427
physionet_grabmyo,S31,session1,session3,physionet_grabmyo::S31::session1->session3,2032,frequency_logbandpower,balanced_acc,0.48354473157644784
physionet_grabmyo,S31,session1,session3,physionet_grabmyo::S31::session1->session3,2032,pretrained_encoder,balanced_acc,0.19326479210751016
physionet_grabmyo,S31,session1,session3,physionet_grabmyo::S31::session1->session3,2032,raw_stats,balanced_acc,0.49036962442648685
physionet_grabmyo,S31,session1,session3,physionet_grabmyo::S31::session1->session3,2032,raw_stats_plus_frequency,balanced_acc,0.4318222592403649
physionet_grabmyo,S31,session1,session3,physionet_grabmyo::S31::session1->session3,2032,raw_stats_plus_pretrained,balanced_acc,0.2826839269422365
physionet_grabmyo,S31,session1,session3,physionet_grabmyo::S31::session1->session3,2033,frequency_logbandpower,balanced_acc,0.49868714527606317
physionet_grabmyo,S31,session1,session3,physionet_grabmyo::S31::session1->session3,2033,pretrained_encoder,balanced_acc,0.17312983032056117
physionet_grabmyo,S31,session1,session3,physionet_grabmyo::S31::session1->session3,2033,raw_stats,balanced_acc,0.4667018373870666
physionet_grabmyo,S31,session1,session3,physionet_grabmyo::S31::session1->session3,2033,raw_stats_plus_frequency,balanced_acc,0.4160024233891277
physionet_grabmyo,S31,session1,session3,physionet_grabmyo::S31::session1->session3,2033,raw_stats_plus_pretrained,balanced_acc,0.2768904393729874
physionet_grabmyo,S31,session1,session3,physionet_grabmyo::S31::session1->session3,2034,frequency_logbandpower,balanced_acc,0.4751152895927996
physionet_grabmyo,S31,session1,session3,physionet_grabmyo::S31::session1->session3,2034,pretrained_encoder,balanced_acc,0.1797036656958526
physionet_grabmyo,S31,session1,session3,physionet_grabmyo::S31::session1->session3,2034,raw_stats,balanced_acc,0.45974698498501465
physionet_grabmyo,S31,session1,session3,physionet_grabmyo::S31::session1->session3,2034,raw_stats_plus_frequency,balanced_acc,0.4029806225574794
physionet_grabmyo,S31,session1,session3,physionet_grabmyo::S31::session1->session3,2034,raw_stats_plus_pretrained,balanced_acc,0.26326711230715355
physionet_grabmyo,S31,session1,session3,physionet_grabmyo::S31::session1->session3,2035,frequency_logbandpower,balanced_acc,0.48987834129662183
physionet_grabmyo,S31,session1,session3,physionet_grabmyo::S31::session1->session3,2035,pretrained_encoder,balanced_acc,0.18264140697217907
physionet_grabmyo,S31,session1,session3,physionet_grabmyo::S31::session1->session3,2035,raw_stats,balanced_acc,0.4765431406726121
physionet_grabmyo,S31,session1,session3,physionet_grabmyo::S31::session1->session3,2035,raw_stats_plus_frequency,balanced_acc,0.4068467763714637
physionet_grabmyo,S31,session1,session3,physionet_grabmyo::S31::session1->session3,2035,raw_stats_plus_pretrained,balanced_acc,0.30233179567299273
physionet_grabmyo,S32,session1,session2,physionet_grabmyo::S32::session1->session2,2026,frequency_logbandpower,balanced_acc,0.49952554416140654
physionet_grabmyo,S32,session1,session2,physionet_grabmyo::S32::session1->session2,2026,pretrained_encoder,balanced_acc,0.2594747956414926
physionet_grabmyo,S32,session1,session2,physionet_grabmyo::S32::session1->session2,2026,raw_stats,balanced_acc,0.5262035259418462
physionet_grabmyo,S32,session1,session2,physionet_grabmyo::S32::session1->session2,2026,raw_stats_plus_frequency,balanced_acc,0.46794522375889164
physionet_grabmyo,S32,session1,session2,physionet_grabmyo::S32::session1->session2,2026,raw_stats_plus_pretrained,balanced_acc,0.37013420479164866
physionet_grabmyo,S32,session1,session2,physionet_grabmyo::S32::session1->session2,2027,frequency_logbandpower,balanced_acc,0.5196855538073767
physionet_grabmyo,S32,session1,session2,physionet_grabmyo::S32::session1->session2,2027,pretrained_encoder,balanced_acc,0.2578481516943742
physionet_grabmyo,S32,session1,session2,physionet_grabmyo::S32::session1->session2,2027,raw_stats,balanced_acc,0.4971811857789493
physionet_grabmyo,S32,session1,session2,physionet_grabmyo::S32::session1->session2,2027,raw_stats_plus_frequency,balanced_acc,0.4638397496656288
physionet_grabmyo,S32,session1,session2,physionet_grabmyo::S32::session1->session2,2027,raw_stats_plus_pretrained,balanced_acc,0.3918637035322214
physionet_grabmyo,S32,session1,session2,physionet_grabmyo::S32::session1->session2,2028,frequency_logbandpower,balanced_acc,0.5139093185281649
physionet_grabmyo,S32,session1,session2,physionet_grabmyo::S32::session1->session2,2028,pretrained_encoder,balanced_acc,0.2614576957934995
physionet_grabmyo,S32,session1,session2,physionet_grabmyo::S32::session1->session2,2028,raw_stats,balanced_acc,0.5010779331948152
physionet_grabmyo,S32,session1,session2,physionet_grabmyo::S32::session1->session2,2028,raw_stats_plus_frequency,balanced_acc,0.46626518979563253
physionet_grabmyo,S32,session1,session2,physionet_grabmyo::S32::session1->session2,2028,raw_stats_plus_pretrained,balanced_acc,0.3660105043864918
physionet_grabmyo,S32,session1,session2,physionet_grabmyo::S32::session1->session2,2029,frequency_logbandpower,balanced_acc,0.5097043612429022
physionet_grabmyo,S32,session1,session2,physionet_grabmyo::S32::session1->session2,2029,pretrained_encoder,balanced_acc,0.25419510528589584
physionet_grabmyo,S32,session1,session2,physionet_grabmyo::S32::session1->session2,2029,raw_stats,balanced_acc,0.5194542150442213
physionet_grabmyo,S32,session1,session2,physionet_grabmyo::S32::session1->session2,2029,raw_stats_plus_frequency,balanced_acc,0.4534645048768688
physionet_grabmyo,S32,session1,session2,physionet_grabmyo::S32::session1->session2,2029,raw_stats_plus_pretrained,balanced_acc,0.36845018797760026
physionet_grabmyo,S32,session1,session2,physionet_grabmyo::S32::session1->session2,2030,frequency_logbandpower,balanced_acc,0.5074695685595935
physionet_grabmyo,S32,session1,session2,physionet_grabmyo::S32::session1->session2,2030,pretrained_encoder,balanced_acc,0.25796031357472626
physionet_grabmyo,S32,session1,session2,physionet_grabmyo::S32::session1->session2,2030,raw_stats,balanced_acc,0.5082947999933409
physionet_grabmyo,S32,session1,session2,physionet_grabmyo::S32::session1->session2,2030,raw_stats_plus_frequency,balanced_acc,0.4529516768207129
physionet_grabmyo,S32,session1,session2,physionet_grabmyo::S32::session1->session2,2030,raw_stats_plus_pretrained,balanced_acc,0.35580099178280394
physionet_grabmyo,S32,session1,session2,physionet_grabmyo::S32::session1->session2,2031,frequency_logbandpower,balanced_acc,0.5017526830960021
physionet_grabmyo,S32,session1,session2,physionet_grabmyo::S32::session1->session2,2031,pretrained_encoder,balanced_acc,0.268376229327809
physionet_grabmyo,S32,session1,session2,physionet_grabmyo::S32::session1->session2,2031,raw_stats,balanced_acc,0.5068076461620165
physionet_grabmyo,S32,session1,session2,physionet_grabmyo::S32::session1->session2,2031,raw_stats_plus_frequency,balanced_acc,0.46443072817992054
physionet_grabmyo,S32,session1,session2,physionet_grabmyo::S32::session1->session2,2031,raw_stats_plus_pretrained,balanced_acc,0.3907873904309743
physionet_grabmyo,S32,session1,session2,physionet_grabmyo::S32::session1->session2,2032,frequency_logbandpower,balanced_acc,0.5078493423941649
physionet_grabmyo,S32,session1,session2,physionet_grabmyo::S32::session1->session2,2032,pretrained_encoder,balanced_acc,0.26061171629596924
physionet_grabmyo,S32,session1,session2,physionet_grabmyo::S32::session1->session2,2032,raw_stats,balanced_acc,0.5055232239371783
physionet_grabmyo,S32,session1,session2,physionet_grabmyo::S32::session1->session2,2032,raw_stats_plus_frequency,balanced_acc,0.4500130584118063
physionet_grabmyo,S32,session1,session2,physionet_grabmyo::S32::session1->session2,2032,raw_stats_plus_pretrained,balanced_acc,0.37769534097994534
physionet_grabmyo,S32,session1,session2,physionet_grabmyo::S32::session1->session2,2033,frequency_logbandpower,balanced_acc,0.522881076624419
physionet_grabmyo,S32,session1,session2,physionet_grabmyo::S32::session1->session2,2033,pretrained_encoder,balanced_acc,0.2629704628448586
physionet_grabmyo,S32,session1,session2,physionet_grabmyo::S32::session1->session2,2033,raw_stats,balanced_acc,0.5052899666017112
physionet_grabmyo,S32,session1,session2,physionet_grabmyo::S32::session1->session2,2033,raw_stats_plus_frequency,balanced_acc,0.4744873164198354
physionet_grabmyo,S32,session1,session2,physionet_grabmyo::S32::session1->session2,2033,raw_stats_plus_pretrained,balanced_acc,0.3458503306690148
physionet_grabmyo,S32,session1,session2,physionet_grabmyo::S32::session1->session2,2034,frequency_logbandpower,balanced_acc,0.5212758960711522
physionet_grabmyo,S32,session1,session2,physionet_grabmyo::S32::session1->session2,2034,pretrained_encoder,balanced_acc,0.27164917979888975
physionet_grabmyo,S32,session1,session2,physionet_grabmyo::S32::session1->session2,2034,raw_stats,balanced_acc,0.5044474400925317
physionet_grabmyo,S32,session1,session2,physionet_grabmyo::S32::session1->session2,2034,raw_stats_plus_frequency,balanced_acc,0.46512808747060913
physionet_grabmyo,S32,session1,session2,physionet_grabmyo::S32::session1->session2,2034,raw_stats_plus_pretrained,balanced_acc,0.36083122991149313
physionet_grabmyo,S32,session1,session2,physionet_grabmyo::S32::session1->session2,2035,frequency_logbandpower,balanced_acc,0.5134139857870009
physionet_grabmyo,S32,session1,session2,physionet_grabmyo::S32::session1->session2,2035,pretrained_encoder,balanced_acc,0.27017468613845597
physionet_grabmyo,S32,session1,session2,physionet_grabmyo::S32::session1->session2,2035,raw_stats,balanced_acc,0.5059192517048479
physionet_grabmyo,S32,session1,session2,physionet_grabmyo::S32::session1->session2,2035,raw_stats_plus_frequency,balanced_acc,0.451801876590338
physionet_grabmyo,S32,session1,session2,physionet_grabmyo::S32::session1->session2,2035,raw_stats_plus_pretrained,balanced_acc,0.3627107103856959
physionet_grabmyo,S32,session1,session3,physionet_grabmyo::S32::session1->session3,2026,frequency_logbandpower,balanced_acc,0.43455598653982336
physionet_grabmyo,S32,session1,session3,physionet_grabmyo::S32::session1->session3,2026,pretrained_encoder,balanced_acc,0.2675801244419543
physionet_grabmyo,S32,session1,session3,physionet_grabmyo::S32::session1->session3,2026,raw_stats,balanced_acc,0.42480728166884996
physionet_grabmyo,S32,session1,session3,physionet_grabmyo::S32::session1->session3,2026,raw_stats_plus_frequency,balanced_acc,0.3853384993959087
physionet_grabmyo,S32,session1,session3,physionet_grabmyo::S32::session1->session3,2026,raw_stats_plus_pretrained,balanced_acc,0.3408004415984496
physionet_grabmyo,S32,session1,session3,physionet_grabmyo::S32::session1->session3,2027,frequency_logbandpower,balanced_acc,0.40601814328685554
physionet_grabmyo,S32,session1,session3,physionet_grabmyo::S32::session1->session3,2027,pretrained_encoder,balanced_acc,0.2496433091851464
physionet_grabmyo,S32,session1,session3,physionet_grabmyo::S32::session1->session3,2027,raw_stats,balanced_acc,0.4003393002816509
physionet_grabmyo,S32,session1,session3,physionet_grabmyo::S32::session1->session3,2027,raw_stats_plus_frequency,balanced_acc,0.346460948412389
physionet_grabmyo,S32,session1,session3,physionet_grabmyo::S32::session1->session3,2027,raw_stats_plus_pretrained,balanced_acc,0.33086283998540145
physionet_grabmyo,S32,session1,session3,physionet_grabmyo::S32::session1->session3,2028,frequency_logbandpower,balanced_acc,0.41620277803488553
physionet_grabmyo,S32,session1,session3,physionet_grabmyo::S32::session1->session3,2028,pretrained_encoder,balanced_acc,0.26447795107798616
physionet_grabmyo,S32,session1,session3,physionet_grabmyo::S32::session1->session3,2028,raw_stats,balanced_acc,0.4213250672419659
physionet_grabmyo,S32,session1,session3,physionet_grabmyo::S32::session1->session3,2028,raw_stats_plus_frequency,balanced_acc,0.36884685190817235
physionet_grabmyo,S32,session1,session3,physionet_grabmyo::S32::session1->session3,2028,raw_stats_plus_pretrained,balanced_acc,0.32414613139278475
physionet_grabmyo,S32,session1,session3,physionet_grabmyo::S32::session1->session3,2029,frequency_logbandpower,balanced_acc,0.40133563543054507
physionet_grabmyo,S32,session1,session3,physionet_grabmyo::S32::session1->session3,2029,pretrained_encoder,balanced_acc,0.2641796151682363
physionet_grabmyo,S32,session1,session3,physionet_grabmyo::S32::session1->session3,2029,raw_stats,balanced_acc,0.4168195354270551
physionet_grabmyo,S32,session1,session3,physionet_grabmyo::S32::session1->session3,2029,raw_stats_plus_frequency,balanced_acc,0.3901664612864187
physionet_grabmyo,S32,session1,session3,physionet_grabmyo::S32::session1->session3,2029,raw_stats_plus_pretrained,balanced_acc,0.3360395094463179
physionet_grabmyo,S32,session1,session3,physionet_grabmyo::S32::session1->session3,2030,frequency_logbandpower,balanced_acc,0.4034683559187576
physionet_grabmyo,S32,session1,session3,physionet_grabmyo::S32::session1->session3,2030,pretrained_encoder,balanced_acc,0.26082944119671075
physionet_grabmyo,S32,session1,session3,physionet_grabmyo::S32::session1->session3,2030,raw_stats,balanced_acc,0.41942923156145245
physionet_grabmyo,S32,session1,session3,physionet_grabmyo::S32::session1->session3,2030,raw_stats_plus_frequency,balanced_acc,0.370613549999343
physionet_grabmyo,S32,session1,session3,physionet_grabmyo::S32::session1->session3,2030,raw_stats_plus_pretrained,balanced_acc,0.3259851421795574
physionet_grabmyo,S32,session1,session3,physionet_grabmyo::S32::session1->session3,2031,frequency_logbandpower,balanced_acc,0.4236150761701605
physionet_grabmyo,S32,session1,session3,physionet_grabmyo::S32::session1->session3,2031,pretrained_encoder,balanced_acc,0.2634845377145114
physionet_grabmyo,S32,session1,session3,physionet_grabmyo::S32::session1->session3,2031,raw_stats,balanced_acc,0.41057379765960883
physionet_grabmyo,S32,session1,session3,physionet_grabmyo::S32::session1->session3,2031,raw_stats_plus_frequency,balanced_acc,0.3823374420039269
physionet_grabmyo,S32,session1,session3,physionet_grabmyo::S32::session1->session3,2031,raw_stats_plus_pretrained,balanced_acc,0.32985366754284523
physionet_grabmyo,S32,session1,session3,physionet_grabmyo::S32::session1->session3,2032,frequency_logbandpower,balanced_acc,0.4290763712722362
physionet_grabmyo,S32,session1,session3,physionet_grabmyo::S32::session1->session3,2032,pretrained_encoder,balanced_acc,0.25994838799292663
physionet_grabmyo,S32,session1,session3,physionet_grabmyo::S32::session1->session3,2032,raw_stats,balanced_acc,0.4149035100518414
physionet_grabmyo,S32,session1,session3,physionet_grabmyo::S32::session1->session3,2032,raw_stats_plus_frequency,balanced_acc,0.36504384673692397
physionet_grabmyo,S32,session1,session3,physionet_grabmyo::S32::session1->session3,2032,raw_stats_plus_pretrained,balanced_acc,0.3265696459963294
physionet_grabmyo,S32,session1,session3,physionet_grabmyo::S32::session1->session3,2033,frequency_logbandpower,balanced_acc,0.4160922938540484
physionet_grabmyo,S32,session1,session3,physionet_grabmyo::S32::session1->session3,2033,pretrained_encoder,balanced_acc,0.2561810707213338
physionet_grabmyo,S32,session1,session3,physionet_grabmyo::S32::session1->session3,2033,raw_stats,balanced_acc,0.41649905913459356
physionet_grabmyo,S32,session1,session3,physionet_grabmyo::S32::session1->session3,2033,raw_stats_plus_frequency,balanced_acc,0.36335352201385607
physionet_grabmyo,S32,session1,session3,physionet_grabmyo::S32::session1->session3,2033,raw_stats_plus_pretrained,balanced_acc,0.3370159007869472
physionet_grabmyo,S32,session1,session3,physionet_grabmyo::S32::session1->session3,2034,frequency_logbandpower,balanced_acc,0.42427918850928803
physionet_grabmyo,S32,session1,session3,physionet_grabmyo::S32::session1->session3,2034,pretrained_encoder,balanced_acc,0.24105217324391529
physionet_grabmyo,S32,session1,session3,physionet_grabmyo::S32::session1->session3,2034,raw_stats,balanced_acc,0.4139949628923298
physionet_grabmyo,S32,session1,session3,physionet_grabmyo::S32::session1->session3,2034,raw_stats_plus_frequency,balanced_acc,0.37223092960259374
physionet_grabmyo,S32,session1,session3,physionet_grabmyo::S32::session1->session3,2034,raw_stats_plus_pretrained,balanced_acc,0.32683042226673614
physionet_grabmyo,S32,session1,session3,physionet_grabmyo::S32::session1->session3,2035,frequency_logbandpower,balanced_acc,0.42177509443552963
physionet_grabmyo,S32,session1,session3,physionet_grabmyo::S32::session1->session3,2035,pretrained_encoder,balanced_acc,0.2686241867933952
physionet_grabmyo,S32,session1,session3,physionet_grabmyo::S32::session1->session3,2035,raw_stats,balanced_acc,0.41994375522172284
physionet_grabmyo,S32,session1,session3,physionet_grabmyo::S32::session1->session3,2035,raw_stats_plus_frequency,balanced_acc,0.387574336678053
physionet_grabmyo,S32,session1,session3,physionet_grabmyo::S32::session1->session3,2035,raw_stats_plus_pretrained,balanced_acc,0.3490140615532531
physionet_grabmyo,S33,session1,session2,physionet_grabmyo::S33::session1->session2,2026,frequency_logbandpower,balanced_acc,0.5543055154775341
physionet_grabmyo,S33,session1,session2,physionet_grabmyo::S33::session1->session2,2026,pretrained_encoder,balanced_acc,0.22304803688156108
physionet_grabmyo,S33,session1,session2,physionet_grabmyo::S33::session1->session2,2026,raw_stats,balanced_acc,0.571828736375411
physionet_grabmyo,S33,session1,session2,physionet_grabmyo::S33::session1->session2,2026,raw_stats_plus_frequency,balanced_acc,0.47591902702041705
physionet_grabmyo,S33,session1,session2,physionet_grabmyo::S33::session1->session2,2026,raw_stats_plus_pretrained,balanced_acc,0.3781484987212337
physionet_grabmyo,S33,session1,session2,physionet_grabmyo::S33::session1->session2,2027,frequency_logbandpower,balanced_acc,0.5372273481016425
physionet_grabmyo,S33,session1,session2,physionet_grabmyo::S33::session1->session2,2027,pretrained_encoder,balanced_acc,0.23309376620558644
physionet_grabmyo,S33,session1,session2,physionet_grabmyo::S33::session1->session2,2027,raw_stats,balanced_acc,0.5563320067544306
physionet_grabmyo,S33,session1,session2,physionet_grabmyo::S33::session1->session2,2027,raw_stats_plus_frequency,balanced_acc,0.4529109405904133
physionet_grabmyo,S33,session1,session2,physionet_grabmyo::S33::session1->session2,2027,raw_stats_plus_pretrained,balanced_acc,0.3826505119531344
physionet_grabmyo,S33,session1,session2,physionet_grabmyo::S33::session1->session2,2028,frequency_logbandpower,balanced_acc,0.5208971298572734
physionet_grabmyo,S33,session1,session2,physionet_grabmyo::S33::session1->session2,2028,pretrained_encoder,balanced_acc,0.21723200422399438
physionet_grabmyo,S33,session1,session2,physionet_grabmyo::S33::session1->session2,2028,raw_stats,balanced_acc,0.5527080358087748
physionet_grabmyo,S33,session1,session2,physionet_grabmyo::S33::session1->session2,2028,raw_stats_plus_frequency,balanced_acc,0.45737221950118
physionet_grabmyo,S33,session1,session2,physionet_grabmyo::S33::session1->session2,2028,raw_stats_plus_pretrained,balanced_acc,0.3758876080400669
physionet_grabmyo,S33,session1,session2,physionet_grabmyo::S33::session1->session2,2029,frequency_logbandpower,balanced_acc,0.5257141274974562
physionet_grabmyo,S33,session1,session2,physionet_grabmyo::S33::session1->session2,2029,pretrained_encoder,balanced_acc,0.23005531384862524
physionet_grabmyo,S33,session1,session2,physionet_grabmyo::S33::session1->session2,2029,raw_stats,balanced_acc,0.578644613196413
physionet_grabmyo,S33,session1,session2,physionet_grabmyo::S33::session1->session2,2029,raw_stats_plus_frequency,balanced_acc,0.45313415682039504
physionet_grabmyo,S33,session1,session2,physionet_grabmyo::S33::session1->session2,2029,raw_stats_plus_pretrained,balanced_acc,0.3840707226589304
physionet_grabmyo,S33,session1,session2,physionet_grabmyo::S33::session1->session2,2030,frequency_logbandpower,balanced_acc,0.5194940261651382
physionet_grabmyo,S33,session1,session2,physionet_grabmyo::S33::session1->session2,2030,pretrained_encoder,balanced_acc,0.21920758942455013
physionet_grabmyo,S33,session1,session2,physionet_grabmyo::S33::session1->session2,2030,raw_stats,balanced_acc,0.5667322423148418
physionet_grabmyo,S33,session1,session2,physionet_grabmyo::S33::session1->session2,2030,raw_stats_plus_frequency,balanced_acc,0.4564235280306055
physionet_grabmyo,S33,session1,session2,physionet_grabmyo::S33::session1->session2,2030,raw_stats_plus_pretrained,balanced_acc,0.39116356592726637
physionet_grabmyo,S33,session1,session2,physionet_grabmyo::S33::session1->session2,2031,frequency_logbandpower,balanced_acc,0.5131242674022757
physionet_grabmyo,S33,session1,session2,physionet_grabmyo::S33::session1->session2,2031,pretrained_encoder,balanced_acc,0.21185662696884439
physionet_grabmyo,S33,session1,session2,physionet_grabmyo::S33::session1->session2,2031,raw_stats,balanced_acc,0.5722087631112894
physionet_grabmyo,S33,session1,session2,physionet_grabmyo::S33::session1->session2,2031,raw_stats_plus_frequency,balanced_acc,0.4676493684910374
physionet_grabmyo,S33,session1,session2,physionet_grabmyo::S33::session1->session2,2031,raw_stats_plus_pretrained,balanced_acc,0.3753113727998336
physionet_grabmyo,S33,session1,session2,physionet_grabmyo::S33::session1->session2,2032,frequency_logbandpower,balanced_acc,0.5295893522424798
physionet_grabmyo,S33,session1,session2,physionet_grabmyo::S33::session1->session2,2032,pretrained_encoder,balanced_acc,0.23043282985971858
physionet_grabmyo,S33,session1,session2,physionet_grabmyo::S33::session1->session2,2032,raw_stats,balanced_acc,0.559939705254523
physionet_grabmyo,S33,session1,session2,physionet_grabmyo::S33::session1->session2,2032,raw_stats_plus_frequency,balanced_acc,0.46023613486834825
physionet_grabmyo,S33,session1,session2,physionet_grabmyo::S33::session1->session2,2032,raw_stats_plus_pretrained,balanced_acc,0.40375079329263774
physionet_grabmyo,S33,session1,session2,physionet_grabmyo::S33::session1->session2,2033,frequency_logbandpower,balanced_acc,0.5328431456977316
physionet_grabmyo,S33,session1,session2,physionet_grabmyo::S33::session1->session2,2033,pretrained_encoder,balanced_acc,0.2085252805453294
physionet_grabmyo,S33,session1,session2,physionet_grabmyo::S33::session1->session2,2033,raw_stats,balanced_acc,0.5724146892042984
physionet_grabmyo,S33,session1,session2,physionet_grabmyo::S33::session1->session2,2033,raw_stats_plus_frequency,balanced_acc,0.4464010439472332
physionet_grabmyo,S33,session1,session2,physionet_grabmyo::S33::session1->session2,2033,raw_stats_plus_pretrained,balanced_acc,0.40799093989169366
physionet_grabmyo,S33,session1,session2,physionet_grabmyo::S33::session1->session2,2034,frequency_logbandpower,balanced_acc,0.5336727298692118
physionet_grabmyo,S33,session1,session2,physionet_grabmyo::S33::session1->session2,2034,pretrained_encoder,balanced_acc,0.2124464062088842
physionet_grabmyo,S33,session1,session2,physionet_grabmyo::S33::session1->session2,2034,raw_stats,balanced_acc,0.5595746251306952
physionet_grabmyo,S33,session1,session2,physionet_grabmyo::S33::session1->session2,2034,raw_stats_plus_frequency,balanced_acc,0.4542397774873698
physionet_grabmyo,S33,session1,session2,physionet_grabmyo::S33::session1->session2,2034,raw_stats_plus_pretrained,balanced_acc,0.36620164590863363
physionet_grabmyo,S33,session1,session2,physionet_grabmyo::S33::session1->session2,2035,frequency_logbandpower,balanced_acc,0.528817900149508
physionet_grabmyo,S33,session1,session2,physionet_grabmyo::S33::session1->session2,2035,pretrained_encoder,balanced_acc,0.21767340444152994
physionet_grabmyo,S33,session1,session2,physionet_grabmyo::S33::session1->session2,2035,raw_stats,balanced_acc,0.573525891347204
physionet_grabmyo,S33,session1,session2,physionet_grabmyo::S33::session1->session2,2035,raw_stats_plus_frequency,balanced_acc,0.44526626290350496
physionet_grabmyo,S33,session1,session2,physionet_grabmyo::S33::session1->session2,2035,raw_stats_plus_pretrained,balanced_acc,0.3972170548016637
physionet_grabmyo,S33,session1,session3,physionet_grabmyo::S33::session1->session3,2026,frequency_logbandpower,balanced_acc,0.5149760058175465
physionet_grabmyo,S33,session1,session3,physionet_grabmyo::S33::session1->session3,2026,pretrained_encoder,balanced_acc,0.23994184271797891
physionet_grabmyo,S33,session1,session3,physionet_grabmyo::S33::session1->session3,2026,raw_stats,balanced_acc,0.5874583162905049
physionet_grabmyo,S33,session1,session3,physionet_grabmyo::S33::session1->session3,2026,raw_stats_plus_frequency,balanced_acc,0.4849225923869783
physionet_grabmyo,S33,session1,session3,physionet_grabmyo::S33::session1->session3,2026,raw_stats_plus_pretrained,balanced_acc,0.37388427511040523
physionet_grabmyo,S33,session1,session3,physionet_grabmyo::S33::session1->session3,2027,frequency_logbandpower,balanced_acc,0.5060614376807738
physionet_grabmyo,S33,session1,session3,physionet_grabmyo::S33::session1->session3,2027,pretrained_encoder,balanced_acc,0.2198943739577931
physionet_grabmyo,S33,session1,session3,physionet_grabmyo::S33::session1->session3,2027,raw_stats,balanced_acc,0.5811315170757121
physionet_grabmyo,S33,session1,session3,physionet_grabmyo::S33::session1->session3,2027,raw_stats_plus_frequency,balanced_acc,0.46499087524732263
physionet_grabmyo,S33,session1,session3,physionet_grabmyo::S33::session1->session3,2027,raw_stats_plus_pretrained,balanced_acc,0.383155826917153
physionet_grabmyo,S33,session1,session3,physionet_grabmyo::S33::session1->session3,2028,frequency_logbandpower,balanced_acc,0.5086567110921216
physionet_grabmyo,S33,session1,session3,physionet_grabmyo::S33::session1->session3,2028,pretrained_encoder,balanced_acc,0.24620860883219897
physionet_grabmyo,S33,session1,session3,physionet_grabmyo::S33::session1->session3,2028,raw_stats,balanced_acc,0.5919448928417287
physionet_grabmyo,S33,session1,session3,physionet_grabmyo::S33::session1->session3,2028,raw_stats_plus_frequency,balanced_acc,0.45145189707011907
physionet_grabmyo,S33,session1,session3,physionet_grabmyo::S33::session1->session3,2028,raw_stats_plus_pretrained,balanced_acc,0.38522109135112026
physionet_grabmyo,S33,session1,session3,physionet_grabmyo::S33::session1->session3,2029,frequency_logbandpower,balanced_acc,0.5162714331583178
physionet_grabmyo,S33,session1,session3,physionet_grabmyo::S33::session1->session3,2029,pretrained_encoder,balanced_acc,0.24842113923574388
physionet_grabmyo,S33,session1,session3,physionet_grabmyo::S33::session1->session3,2029,raw_stats,balanced_acc,0.5781358934955172
physionet_grabmyo,S33,session1,session3,physionet_grabmyo::S33::session1->session3,2029,raw_stats_plus_frequency,balanced_acc,0.4757705159837796
physionet_grabmyo,S33,session1,session3,physionet_grabmyo::S33::session1->session3,2029,raw_stats_plus_pretrained,balanced_acc,0.373646178621953
physionet_grabmyo,S33,session1,session3,physionet_grabmyo::S33::session1->session3,2030,frequency_logbandpower,balanced_acc,0.5079911861383813
physionet_grabmyo,S33,session1,session3,physionet_grabmyo::S33::session1->session3,2030,pretrained_encoder,balanced_acc,0.24275040984940505
physionet_grabmyo,S33,session1,session3,physionet_grabmyo::S33::session1->session3,2030,raw_stats,balanced_acc,0.5808645268893013
physionet_grabmyo,S33,session1,session3,physionet_grabmyo::S33::session1->session3,2030,raw_stats_plus_frequency,balanced_acc,0.45361901218816836
physionet_grabmyo,S33,session1,session3,physionet_grabmyo::S33::session1->session3,2030,raw_stats_plus_pretrained,balanced_acc,0.37548910646182015
physionet_grabmyo,S33,session1,session3,physionet_grabmyo::S33::session1->session3,2031,frequency_logbandpower,balanced_acc,0.5072240813948907
physionet_grabmyo,S33,session1,session3,physionet_grabmyo::S33::session1->session3,2031,pretrained_encoder,balanced_acc,0.2419063033673915
physionet_grabmyo,S33,session1,session3,physionet_grabmyo::S33::session1->session3,2031,raw_stats,balanced_acc,0.5845049148054221
physionet_grabmyo,S33,session1,session3,physionet_grabmyo::S33::session1->session3,2031,raw_stats_plus_frequency,balanced_acc,0.4520304412731769
physionet_grabmyo,S33,session1,session3,physionet_grabmyo::S33::session1->session3,2031,raw_stats_plus_pretrained,balanced_acc,0.3798016732833498
physionet_grabmyo,S33,session1,session3,physionet_grabmyo::S33::session1->session3,2032,frequency_logbandpower,balanced_acc,0.5162536906074793
physionet_grabmyo,S33,session1,session3,physionet_grabmyo::S33::session1->session3,2032,pretrained_encoder,balanced_acc,0.2307313947324491
physionet_grabmyo,S33,session1,session3,physionet_grabmyo::S33::session1->session3,2032,raw_stats,balanced_acc,0.5874581709199267
physionet_grabmyo,S33,session1,session3,physionet_grabmyo::S33::session1->session3,2032,raw_stats_plus_frequency,balanced_acc,0.4404789978852125
physionet_grabmyo,S33,session1,session3,physionet_grabmyo::S33::session1->session3,2032,raw_stats_plus_pretrained,balanced_acc,0.3643358536140674
physionet_grabmyo,S33,session1,session3,physionet_grabmyo::S33::session1->session3,2033,frequency_logbandpower,balanced_acc,0.5093559683120605
physionet_grabmyo,S33,session1,session3,physionet_grabmyo::S33::session1->session3,2033,pretrained_encoder,balanced_acc,0.23961110677366979
physionet_grabmyo,S33,session1,session3,physionet_grabmyo::S33::session1->session3,2033,raw_stats,balanced_acc,0.579561435566285
physionet_grabmyo,S33,session1,session3,physionet_grabmyo::S33::session1->session3,2033,raw_stats_plus_frequency,balanced_acc,0.4639276078432275
physionet_grabmyo,S33,session1,session3,physionet_grabmyo::S33::session1->session3,2033,raw_stats_plus_pretrained,balanced_acc,0.3725627620789074
physionet_grabmyo,S33,session1,session3,physionet_grabmyo::S33::session1->session3,2034,frequency_logbandpower,balanced_acc,0.5108307859000846
physionet_grabmyo,S33,session1,session3,physionet_grabmyo::S33::session1->session3,2034,pretrained_encoder,balanced_acc,0.2517765217540125
physionet_grabmyo,S33,session1,session3,physionet_grabmyo::S33::session1->session3,2034,raw_stats,balanced_acc,0.5751236126627198
physionet_grabmyo,S33,session1,session3,physionet_grabmyo::S33::session1->session3,2034,raw_stats_plus_frequency,balanced_acc,0.4605044945827565
physionet_grabmyo,S33,session1,session3,physionet_grabmyo::S33::session1->session3,2034,raw_stats_plus_pretrained,balanced_acc,0.38217167094831067
physionet_grabmyo,S33,session1,session3,physionet_grabmyo::S33::session1->session3,2035,frequency_logbandpower,balanced_acc,0.5153481222463324
physionet_grabmyo,S33,session1,session3,physionet_grabmyo::S33::session1->session3,2035,pretrained_encoder,balanced_acc,0.2454347599250885
physionet_grabmyo,S33,session1,session3,physionet_grabmyo::S33::session1->session3,2035,raw_stats,balanced_acc,0.5628662146798723
physionet_grabmyo,S33,session1,session3,physionet_grabmyo::S33::session1->session3,2035,raw_stats_plus_frequency,balanced_acc,0.46329123019025786
physionet_grabmyo,S33,session1,session3,physionet_grabmyo::S33::session1->session3,2035,raw_stats_plus_pretrained,balanced_acc,0.37849170039081914
physionet_grabmyo,S34,session1,session2,physionet_grabmyo::S34::session1->session2,2026,frequency_logbandpower,balanced_acc,0.6708001970822215
physionet_grabmyo,S34,session1,session2,physionet_grabmyo::S34::session1->session2,2026,pretrained_encoder,balanced_acc,0.296691225141291
physionet_grabmyo,S34,session1,session2,physionet_grabmyo::S34::session1->session2,2026,raw_stats,balanced_acc,0.6861918211820971
physionet_grabmyo,S34,session1,session2,physionet_grabmyo::S34::session1->session2,2026,raw_stats_plus_frequency,balanced_acc,0.6236463283969396
physionet_grabmyo,S34,session1,session2,physionet_grabmyo::S34::session1->session2,2026,raw_stats_plus_pretrained,balanced_acc,0.4741552777416293
physionet_grabmyo,S34,session1,session2,physionet_grabmyo::S34::session1->session2,2027,frequency_logbandpower,balanced_acc,0.6626289264765877
physionet_grabmyo,S34,session1,session2,physionet_grabmyo::S34::session1->session2,2027,pretrained_encoder,balanced_acc,0.2860960294260342
physionet_grabmyo,S34,session1,session2,physionet_grabmyo::S34::session1->session2,2027,raw_stats,balanced_acc,0.6931789905916595
physionet_grabmyo,S34,session1,session2,physionet_grabmyo::S34::session1->session2,2027,raw_stats_plus_frequency,balanced_acc,0.6229542152227707
physionet_grabmyo,S34,session1,session2,physionet_grabmyo::S34::session1->session2,2027,raw_stats_plus_pretrained,balanced_acc,0.44936850798132805
physionet_grabmyo,S34,session1,session2,physionet_grabmyo::S34::session1->session2,2028,frequency_logbandpower,balanced_acc,0.6731937871542901
physionet_grabmyo,S34,session1,session2,physionet_grabmyo::S34::session1->session2,2028,pretrained_encoder,balanced_acc,0.2810633812312699
physionet_grabmyo,S34,session1,session2,physionet_grabmyo::S34::session1->session2,2028,raw_stats,balanced_acc,0.6788662654839678
physionet_grabmyo,S34,session1,session2,physionet_grabmyo::S34::session1->session2,2028,raw_stats_plus_frequency,balanced_acc,0.6255005481706046
physionet_grabmyo,S34,session1,session2,physionet_grabmyo::S34::session1->session2,2028,raw_stats_plus_pretrained,balanced_acc,0.4714928310247963
physionet_grabmyo,S34,session1,session2,physionet_grabmyo::S34::session1->session2,2029,frequency_logbandpower,balanced_acc,0.6689747715209202
physionet_grabmyo,S34,session1,session2,physionet_grabmyo::S34::session1->session2,2029,pretrained_encoder,balanced_acc,0.28813882144466646
physionet_grabmyo,S34,session1,session2,physionet_grabmyo::S34::session1->session2,2029,raw_stats,balanced_acc,0.6681559058528003
physionet_grabmyo,S34,session1,session2,physionet_grabmyo::S34::session1->session2,2029,raw_stats_plus_frequency,balanced_acc,0.6071783038232709
physionet_grabmyo,S34,session1,session2,physionet_grabmyo::S34::session1->session2,2029,raw_stats_plus_pretrained,balanced_acc,0.4606539551627788
physionet_grabmyo,S34,session1,session2,physionet_grabmyo::S34::session1->session2,2030,frequency_logbandpower,balanced_acc,0.6777184099792576
physionet_grabmyo,S34,session1,session2,physionet_grabmyo::S34::session1->session2,2030,pretrained_encoder,balanced_acc,0.2960435325276247
physionet_grabmyo,S34,session1,session2,physionet_grabmyo::S34::session1->session2,2030,raw_stats,balanced_acc,0.6811449721318038
physionet_grabmyo,S34,session1,session2,physionet_grabmyo::S34::session1->session2,2030,raw_stats_plus_frequency,balanced_acc,0.6303616877844581
physionet_grabmyo,S34,session1,session2,physionet_grabmyo::S34::session1->session2,2030,raw_stats_plus_pretrained,balanced_acc,0.4715539635532628
physionet_grabmyo,S34,session1,session2,physionet_grabmyo::S34::session1->session2,2031,frequency_logbandpower,balanced_acc,0.6632027039197922
physionet_grabmyo,S34,session1,session2,physionet_grabmyo::S34::session1->session2,2031,pretrained_encoder,balanced_acc,0.28433384652649835
physionet_grabmyo,S34,session1,session2,physionet_grabmyo::S34::session1->session2,2031,raw_stats,balanced_acc,0.6834351185879106
physionet_grabmyo,S34,session1,session2,physionet_grabmyo::S34::session1->session2,2031,raw_stats_plus_frequency,balanced_acc,0.6052902062179238
physionet_grabmyo,S34,session1,session2,physionet_grabmyo::S34::session1->session2,2031,raw_stats_plus_pretrained,balanced_acc,0.4738510095192144
physionet_grabmyo,S34,session1,session2,physionet_grabmyo::S34::session1->session2,2032,frequency_logbandpower,balanced_acc,0.6708805337717079
physionet_grabmyo,S34,session1,session2,physionet_grabmyo::S34::session1->session2,2032,pretrained_encoder,balanced_acc,0.29986767101308165
physionet_grabmyo,S34,session1,session2,physionet_grabmyo::S34::session1->session2,2032,raw_stats,balanced_acc,0.6854262088076213
physionet_grabmyo,S34,session1,session2,physionet_grabmyo::S34::session1->session2,2032,raw_stats_plus_frequency,balanced_acc,0.6355904509429509
physionet_grabmyo,S34,session1,session2,physionet_grabmyo::S34::session1->session2,2032,raw_stats_plus_pretrained,balanced_acc,0.46446166889493407
physionet_grabmyo,S34,session1,session2,physionet_grabmyo::S34::session1->session2,2033,frequency_logbandpower,balanced_acc,0.6769640942099958
physionet_grabmyo,S34,session1,session2,physionet_grabmyo::S34::session1->session2,2033,pretrained_encoder,balanced_acc,0.2781117079409567
physionet_grabmyo,S34,session1,session2,physionet_grabmyo::S34::session1->session2,2033,raw_stats,balanced_acc,0.6799105398409712
physionet_grabmyo,S34,session1,session2,physionet_grabmyo::S34::session1->session2,2033,raw_stats_plus_frequency,balanced_acc,0.647186641693114
physionet_grabmyo,S34,session1,session2,physionet_grabmyo::S34::session1->session2,2033,raw_stats_plus_pretrained,balanced_acc,0.4626669360481684
physionet_grabmyo,S34,session1,session2,physionet_grabmyo::S34::session1->session2,2034,frequency_logbandpower,balanced_acc,0.6683137110291948
physionet_grabmyo,S34,session1,session2,physionet_grabmyo::S34::session1->session2,2034,pretrained_encoder,balanced_acc,0.2877375312799649
physionet_grabmyo,S34,session1,session2,physionet_grabmyo::S34::session1->session2,2034,raw_stats,balanced_acc,0.6807217446766548
physionet_grabmyo,S34,session1,session2,physionet_grabmyo::S34::session1->session2,2034,raw_stats_plus_frequency,balanced_acc,0.6156430263029042
physionet_grabmyo,S34,session1,session2,physionet_grabmyo::S34::session1->session2,2034,raw_stats_plus_pretrained,balanced_acc,0.45889962042737864
physionet_grabmyo,S34,session1,session2,physionet_grabmyo::S34::session1->session2,2035,frequency_logbandpower,balanced_acc,0.6682380507395362
physionet_grabmyo,S34,session1,session2,physionet_grabmyo::S34::session1->session2,2035,pretrained_encoder,balanced_acc,0.28884131550761344
physionet_grabmyo,S34,session1,session2,physionet_grabmyo::S34::session1->session2,2035,raw_stats,balanced_acc,0.6769499094186536
physionet_grabmyo,S34,session1,session2,physionet_grabmyo::S34::session1->session2,2035,raw_stats_plus_frequency,balanced_acc,0.6323279678335729
physionet_grabmyo,S34,session1,session2,physionet_grabmyo::S34::session1->session2,2035,raw_stats_plus_pretrained,balanced_acc,0.4649662380522061
physionet_grabmyo,S34,session1,session3,physionet_grabmyo::S34::session1->session3,2026,frequency_logbandpower,balanced_acc,0.6164839442516316
physionet_grabmyo,S34,session1,session3,physionet_grabmyo::S34::session1->session3,2026,pretrained_encoder,balanced_acc,0.302972371108444
physionet_grabmyo,S34,session1,session3,physionet_grabmyo::S34::session1->session3,2026,raw_stats,balanced_acc,0.7210857443392871
physionet_grabmyo,S34,session1,session3,physionet_grabmyo::S34::session1->session3,2026,raw_stats_plus_frequency,balanced_acc,0.5951986468968329
physionet_grabmyo,S34,session1,session3,physionet_grabmyo::S34::session1->session3,2026,raw_stats_plus_pretrained,balanced_acc,0.5019340704338846
physionet_grabmyo,S34,session1,session3,physionet_grabmyo::S34::session1->session3,2027,frequency_logbandpower,balanced_acc,0.6275961228907947
physionet_grabmyo,S34,session1,session3,physionet_grabmyo::S34::session1->session3,2027,pretrained_encoder,balanced_acc,0.3137272947116479
physionet_grabmyo,S34,session1,session3,physionet_grabmyo::S34::session1->session3,2027,raw_stats,balanced_acc,0.7245416861697388
physionet_grabmyo,S34,session1,session3,physionet_grabmyo::S34::session1->session3,2027,raw_stats_plus_frequency,balanced_acc,0.596572550370991
physionet_grabmyo,S34,session1,session3,physionet_grabmyo::S34::session1->session3,2027,raw_stats_plus_pretrained,balanced_acc,0.5134821622612049
physionet_grabmyo,S34,session1,session3,physionet_grabmyo::S34::session1->session3,2028,frequency_logbandpower,balanced_acc,0.6130181047989772
physionet_grabmyo,S34,session1,session3,physionet_grabmyo::S34::session1->session3,2028,pretrained_encoder,balanced_acc,0.2968368165439313
physionet_grabmyo,S34,session1,session3,physionet_grabmyo::S34::session1->session3,2028,raw_stats,balanced_acc,0.720279920174593
physionet_grabmyo,S34,session1,session3,physionet_grabmyo::S34::session1->session3,2028,raw_stats_plus_frequency,balanced_acc,0.609640768965134
physionet_grabmyo,S34,session1,session3,physionet_grabmyo::S34::session1->session3,2028,raw_stats_plus_pretrained,balanced_acc,0.5030403683411216
physionet_grabmyo,S34,session1,session3,physionet_grabmyo::S34::session1->session3,2029,frequency_logbandpower,balanced_acc,0.6078181381194504
physionet_grabmyo,S34,session1,session3,physionet_grabmyo::S34::session1->session3,2029,pretrained_encoder,balanced_acc,0.3187552168859736
physionet_grabmyo,S34,session1,session3,physionet_grabmyo::S34::session1->session3,2029,raw_stats,balanced_acc,0.7304816114400137
physionet_grabmyo,S34,session1,session3,physionet_grabmyo::S34::session1->session3,2029,raw_stats_plus_frequency,balanced_acc,0.5956274827190212
physionet_grabmyo,S34,session1,session3,physionet_grabmyo::S34::session1->session3,2029,raw_stats_plus_pretrained,balanced_acc,0.5099618388081346
physionet_grabmyo,S34,session1,session3,physionet_grabmyo::S34::session1->session3,2030,frequency_logbandpower,balanced_acc,0.6093219150296755
physionet_grabmyo,S34,session1,session3,physionet_grabmyo::S34::session1->session3,2030,pretrained_encoder,balanced_acc,0.32551705283357973
physionet_grabmyo,S34,session1,session3,physionet_grabmyo::S34::session1->session3,2030,raw_stats,balanced_acc,0.7289776523974797
physionet_grabmyo,S34,session1,session3,physionet_grabmyo::S34::session1->session3,2030,raw_stats_plus_frequency,balanced_acc,0.5961394339355744
physionet_grabmyo,S34,session1,session3,physionet_grabmyo::S34::session1->session3,2030,raw_stats_plus_pretrained,balanced_acc,0.5052984776299464
physionet_grabmyo,S34,session1,session3,physionet_grabmyo::S34::session1->session3,2031,frequency_logbandpower,balanced_acc,0.6290161607333877
physionet_grabmyo,S34,session1,session3,physionet_grabmyo::S34::session1->session3,2031,pretrained_encoder,balanced_acc,0.30805507144397576
physionet_grabmyo,S34,session1,session3,physionet_grabmyo::S34::session1->session3,2031,raw_stats,balanced_acc,0.7249845014607873
physionet_grabmyo,S34,session1,session3,physionet_grabmyo::S34::session1->session3,2031,raw_stats_plus_frequency,balanced_acc,0.5941200484445797
physionet_grabmyo,S34,session1,session3,physionet_grabmyo::S34::session1->session3,2031,raw_stats_plus_pretrained,balanced_acc,0.495030756295711
physionet_grabmyo,S34,session1,session3,physionet_grabmyo::S34::session1->session3,2032,frequency_logbandpower,balanced_acc,0.6270658626897088
physionet_grabmyo,S34,session1,session3,physionet_grabmyo::S34::session1->session3,2032,pretrained_encoder,balanced_acc,0.30233701551313513
physionet_grabmyo,S34,session1,session3,physionet_grabmyo::S34::session1->session3,2032,raw_stats,balanced_acc,0.7203652701418128
physionet_grabmyo,S34,session1,session3,physionet_grabmyo::S34::session1->session3,2032,raw_stats_plus_frequency,balanced_acc,0.5930535585939017
physionet_grabmyo,S34,session1,session3,physionet_grabmyo::S34::session1->session3,2032,raw_stats_plus_pretrained,balanced_acc,0.5014454411069053
physionet_grabmyo,S34,session1,session3,physionet_grabmyo::S34::session1->session3,2033,frequency_logbandpower,balanced_acc,0.6129040217766681
physionet_grabmyo,S34,session1,session3,physionet_grabmyo::S34::session1->session3,2033,pretrained_encoder,balanced_acc,0.31542774372718047
physionet_grabmyo,S34,session1,session3,physionet_grabmyo::S34::session1->session3,2033,raw_stats,balanced_acc,0.7192332204219576
physionet_grabmyo,S34,session1,session3,physionet_grabmyo::S34::session1->session3,2033,raw_stats_plus_frequency,balanced_acc,0.6044955187730575
physionet_grabmyo,S34,session1,session3,physionet_grabmyo::S34::session1->session3,2033,raw_stats_plus_pretrained,balanced_acc,0.5038823528690256
physionet_grabmyo,S34,session1,session3,physionet_grabmyo::S34::session1->session3,2034,frequency_logbandpower,balanced_acc,0.6187315206429141
physionet_grabmyo,S34,session1,session3,physionet_grabmyo::S34::session1->session3,2034,pretrained_encoder,balanced_acc,0.3047209612063669
physionet_grabmyo,S34,session1,session3,physionet_grabmyo::S34::session1->session3,2034,raw_stats,balanced_acc,0.7168012761460707
physionet_grabmyo,S34,session1,session3,physionet_grabmyo::S34::session1->session3,2034,raw_stats_plus_frequency,balanced_acc,0.591469731340728
physionet_grabmyo,S34,session1,session3,physionet_grabmyo::S34::session1->session3,2034,raw_stats_plus_pretrained,balanced_acc,0.5034471794344474
physionet_grabmyo,S34,session1,session3,physionet_grabmyo::S34::session1->session3,2035,frequency_logbandpower,balanced_acc,0.5993768861644344
physionet_grabmyo,S34,session1,session3,physionet_grabmyo::S34::session1->session3,2035,pretrained_encoder,balanced_acc,0.296442608434976
physionet_grabmyo,S34,session1,session3,physionet_grabmyo::S34::session1->session3,2035,raw_stats,balanced_acc,0.7182608858065027
physionet_grabmyo,S34,session1,session3,physionet_grabmyo::S34::session1->session3,2035,raw_stats_plus_frequency,balanced_acc,0.5849781486083024
physionet_grabmyo,S34,session1,session3,physionet_grabmyo::S34::session1->session3,2035,raw_stats_plus_pretrained,balanced_acc,0.4844244591195271
physionet_grabmyo,S35,session1,session2,physionet_grabmyo::S35::session1->session2,2026,frequency_logbandpower,balanced_acc,0.5497182873813065
physionet_grabmyo,S35,session1,session2,physionet_grabmyo::S35::session1->session2,2026,pretrained_encoder,balanced_acc,0.27533631698469657
physionet_grabmyo,S35,session1,session2,physionet_grabmyo::S35::session1->session2,2026,raw_stats,balanced_acc,0.5789534244056814
physionet_grabmyo,S35,session1,session2,physionet_grabmyo::S35::session1->session2,2026,raw_stats_plus_frequency,balanced_acc,0.528679058567225
physionet_grabmyo,S35,session1,session2,physionet_grabmyo::S35::session1->session2,2026,raw_stats_plus_pretrained,balanced_acc,0.41992364175518715
physionet_grabmyo,S35,session1,session2,physionet_grabmyo::S35::session1->session2,2027,frequency_logbandpower,balanced_acc,0.5728264028036327
physionet_grabmyo,S35,session1,session2,physionet_grabmyo::S35::session1->session2,2027,pretrained_encoder,balanced_acc,0.2804711498525065
physionet_grabmyo,S35,session1,session2,physionet_grabmyo::S35::session1->session2,2027,raw_stats,balanced_acc,0.5706260686949367
physionet_grabmyo,S35,session1,session2,physionet_grabmyo::S35::session1->session2,2027,raw_stats_plus_frequency,balanced_acc,0.5248079134427411
physionet_grabmyo,S35,session1,session2,physionet_grabmyo::S35::session1->session2,2027,raw_stats_plus_pretrained,balanced_acc,0.419240099275086
physionet_grabmyo,S35,session1,session2,physionet_grabmyo::S35::session1->session2,2028,frequency_logbandpower,balanced_acc,0.5649540357957014
physionet_grabmyo,S35,session1,session2,physionet_grabmyo::S35::session1->session2,2028,pretrained_encoder,balanced_acc,0.27008825533216213
physionet_grabmyo,S35,session1,session2,physionet_grabmyo::S35::session1->session2,2028,raw_stats,balanced_acc,0.5982060106884739
physionet_grabmyo,S35,session1,session2,physionet_grabmyo::S35::session1->session2,2028,raw_stats_plus_frequency,balanced_acc,0.533781329320596
physionet_grabmyo,S35,session1,session2,physionet_grabmyo::S35::session1->session2,2028,raw_stats_plus_pretrained,balanced_acc,0.4201409341713687
physionet_grabmyo,S35,session1,session2,physionet_grabmyo::S35::session1->session2,2029,frequency_logbandpower,balanced_acc,0.5601451914373224
physionet_grabmyo,S35,session1,session2,physionet_grabmyo::S35::session1->session2,2029,pretrained_encoder,balanced_acc,0.275443196417216
physionet_grabmyo,S35,session1,session2,physionet_grabmyo::S35::session1->session2,2029,raw_stats,balanced_acc,0.5890394989221928
physionet_grabmyo,S35,session1,session2,physionet_grabmyo::S35::session1->session2,2029,raw_stats_plus_frequency,balanced_acc,0.5371612882134793
physionet_grabmyo,S35,session1,session2,physionet_grabmyo::S35::session1->session2,2029,raw_stats_plus_pretrained,balanced_acc,0.4220342683236952
physionet_grabmyo,S35,session1,session2,physionet_grabmyo::S35::session1->session2,2030,frequency_logbandpower,balanced_acc,0.5691420564461336
physionet_grabmyo,S35,session1,session2,physionet_grabmyo::S35::session1->session2,2030,pretrained_encoder,balanced_acc,0.26719478911759914
physionet_grabmyo,S35,session1,session2,physionet_grabmyo::S35::session1->session2,2030,raw_stats,balanced_acc,0.57163319780726
physionet_grabmyo,S35,session1,session2,physionet_grabmyo::S35::session1->session2,2030,raw_stats_plus_frequency,balanced_acc,0.5297819580244871
physionet_grabmyo,S35,session1,session2,physionet_grabmyo::S35::session1->session2,2030,raw_stats_plus_pretrained,balanced_acc,0.40924434173864654
physionet_grabmyo,S35,session1,session2,physionet_grabmyo::S35::session1->session2,2031,frequency_logbandpower,balanced_acc,0.5831628384625571
physionet_grabmyo,S35,session1,session2,physionet_grabmyo::S35::session1->session2,2031,pretrained_encoder,balanced_acc,0.2822772869559268
physionet_grabmyo,S35,session1,session2,physionet_grabmyo::S35::session1->session2,2031,raw_stats,balanced_acc,0.5708253671493746
physionet_grabmyo,S35,session1,session2,physionet_grabmyo::S35::session1->session2,2031,raw_stats_plus_frequency,balanced_acc,0.5209185226331943
physionet_grabmyo,S35,session1,session2,physionet_grabmyo::S35::session1->session2,2031,raw_stats_plus_pretrained,balanced_acc,0.41527662243656616
physionet_grabmyo,S35,session1,session2,physionet_grabmyo::S35::session1->session2,2032,frequency_logbandpower,balanced_acc,0.5582128270463317
physionet_grabmyo,S35,session1,session2,physionet_grabmyo::S35::session1->session2,2032,pretrained_encoder,balanced_acc,0.2708894125278085
physionet_grabmyo,S35,session1,session2,physionet_grabmyo::S35::session1->session2,2032,raw_stats,balanced_acc,0.5805289169421028
physionet_grabmyo,S35,session1,session2,physionet_grabmyo::S35::session1->session2,2032,raw_stats_plus_frequency,balanced_acc,0.5263108550854546
physionet_grabmyo,S35,session1,session2,physionet_grabmyo::S35::session1->session2,2032,raw_stats_plus_pretrained,balanced_acc,0.4213977252024518
physionet_grabmyo,S35,session1,session2,physionet_grabmyo::S35::session1->session2,2033,frequency_logbandpower,balanced_acc,0.5610214086690992
physionet_grabmyo,S35,session1,session2,physionet_grabmyo::S35::session1->session2,2033,pretrained_encoder,balanced_acc,0.27476923799624
physionet_grabmyo,S35,session1,session2,physionet_grabmyo::S35::session1->session2,2033,raw_stats,balanced_acc,0.5649883995061041
physionet_grabmyo,S35,session1,session2,physionet_grabmyo::S35::session1->session2,2033,raw_stats_plus_frequency,balanced_acc,0.5379883987870689
physionet_grabmyo,S35,session1,session2,physionet_grabmyo::S35::session1->session2,2033,raw_stats_plus_pretrained,balanced_acc,0.4248243676584788
physionet_grabmyo,S35,session1,session2,physionet_grabmyo::S35::session1->session2,2034,frequency_logbandpower,balanced_acc,0.5646875883540164
physionet_grabmyo,S35,session1,session2,physionet_grabmyo::S35::session1->session2,2034,pretrained_encoder,balanced_acc,0.2616348701995089
physionet_grabmyo,S35,session1,session2,physionet_grabmyo::S35::session1->session2,2034,raw_stats,balanced_acc,0.5843491680210382
physionet_grabmyo,S35,session1,session2,physionet_grabmyo::S35::session1->session2,2034,raw_stats_plus_frequency,balanced_acc,0.5121073245780695
physionet_grabmyo,S35,session1,session2,physionet_grabmyo::S35::session1->session2,2034,raw_stats_plus_pretrained,balanced_acc,0.4398198763207437
physionet_grabmyo,S35,session1,session2,physionet_grabmyo::S35::session1->session2,2035,frequency_logbandpower,balanced_acc,0.5582614731212237
physionet_grabmyo,S35,session1,session2,physionet_grabmyo::S35::session1->session2,2035,pretrained_encoder,balanced_acc,0.2852417529365911
physionet_grabmyo,S35,session1,session2,physionet_grabmyo::S35::session1->session2,2035,raw_stats,balanced_acc,0.5865827104028729
physionet_grabmyo,S35,session1,session2,physionet_grabmyo::S35::session1->session2,2035,raw_stats_plus_frequency,balanced_acc,0.51871950189904
physionet_grabmyo,S35,session1,session2,physionet_grabmyo::S35::session1->session2,2035,raw_stats_plus_pretrained,balanced_acc,0.4040468380255799
physionet_grabmyo,S35,session1,session3,physionet_grabmyo::S35::session1->session3,2026,frequency_logbandpower,balanced_acc,0.5638964271441155
physionet_grabmyo,S35,session1,session3,physionet_grabmyo::S35::session1->session3,2026,pretrained_encoder,balanced_acc,0.2555110377706023
physionet_grabmyo,S35,session1,session3,physionet_grabmyo::S35::session1->session3,2026,raw_stats,balanced_acc,0.555792167252431
physionet_grabmyo,S35,session1,session3,physionet_grabmyo::S35::session1->session3,2026,raw_stats_plus_frequency,balanced_acc,0.48796323750516396
physionet_grabmyo,S35,session1,session3,physionet_grabmyo::S35::session1->session3,2026,raw_stats_plus_pretrained,balanced_acc,0.41033906367228257
physionet_grabmyo,S35,session1,session3,physionet_grabmyo::S35::session1->session3,2027,frequency_logbandpower,balanced_acc,0.5815144502589797
physionet_grabmyo,S35,session1,session3,physionet_grabmyo::S35::session1->session3,2027,pretrained_encoder,balanced_acc,0.24971402365646891
physionet_grabmyo,S35,session1,session3,physionet_grabmyo::S35::session1->session3,2027,raw_stats,balanced_acc,0.5565129956556694
physionet_grabmyo,S35,session1,session3,physionet_grabmyo::S35::session1->session3,2027,raw_stats_plus_frequency,balanced_acc,0.5128832721233024
physionet_grabmyo,S35,session1,session3,physionet_grabmyo::S35::session1->session3,2027,raw_stats_plus_pretrained,balanced_acc,0.4212315553235754
physionet_grabmyo,S35,session1,session3,physionet_grabmyo::S35::session1->session3,2028,frequency_logbandpower,balanced_acc,0.5561510906370045
physionet_grabmyo,S35,session1,session3,physionet_grabmyo::S35::session1->session3,2028,pretrained_encoder,balanced_acc,0.2693807948013662
physionet_grabmyo,S35,session1,session3,physionet_grabmyo::S35::session1->session3,2028,raw_stats,balanced_acc,0.543514520695957
physionet_grabmyo,S35,session1,session3,physionet_grabmyo::S35::session1->session3,2028,raw_stats_plus_frequency,balanced_acc,0.5016046091026567
physionet_grabmyo,S35,session1,session3,physionet_grabmyo::S35::session1->session3,2028,raw_stats_plus_pretrained,balanced_acc,0.4241723629414911
physionet_grabmyo,S35,session1,session3,physionet_grabmyo::S35::session1->session3,2029,frequency_logbandpower,balanced_acc,0.5685538046596917
physionet_grabmyo,S35,session1,session3,physionet_grabmyo::S35::session1->session3,2029,pretrained_encoder,balanced_acc,0.2691490319790516
physionet_grabmyo,S35,session1,session3,physionet_grabmyo::S35::session1->session3,2029,raw_stats,balanced_acc,0.5428473454301349
physionet_grabmyo,S35,session1,session3,physionet_grabmyo::S35::session1->session3,2029,raw_stats_plus_frequency,balanced_acc,0.502189526203976
physionet_grabmyo,S35,session1,session3,physionet_grabmyo::S35::session1->session3,2029,raw_stats_plus_pretrained,balanced_acc,0.4291685164270288
physionet_grabmyo,S35,session1,session3,physionet_grabmyo::S35::session1->session3,2030,frequency_logbandpower,balanced_acc,0.5822407660542134
physionet_grabmyo,S35,session1,session3,physionet_grabmyo::S35::session1->session3,2030,pretrained_encoder,balanced_acc,0.2742582995103918
physionet_grabmyo,S35,session1,session3,physionet_grabmyo::S35::session1->session3,2030,raw_stats,balanced_acc,0.5682133459020705
physionet_grabmyo,S35,session1,session3,physionet_grabmyo::S35::session1->session3,2030,raw_stats_plus_frequency,balanced_acc,0.5054976717500309
physionet_grabmyo,S35,session1,session3,physionet_grabmyo::S35::session1->session3,2030,raw_stats_plus_pretrained,balanced_acc,0.4338131861176288
physionet_grabmyo,S35,session1,session3,physionet_grabmyo::S35::session1->session3,2031,frequency_logbandpower,balanced_acc,0.5708099561494906
physionet_grabmyo,S35,session1,session3,physionet_grabmyo::S35::session1->session3,2031,pretrained_encoder,balanced_acc,0.2565640748256628
physionet_grabmyo,S35,session1,session3,physionet_grabmyo::S35::session1->session3,2031,raw_stats,balanced_acc,0.5512436217873566
physionet_grabmyo,S35,session1,session3,physionet_grabmyo::S35::session1->session3,2031,raw_stats_plus_frequency,balanced_acc,0.49822554465787644
physionet_grabmyo,S35,session1,session3,physionet_grabmyo::S35::session1->session3,2031,raw_stats_plus_pretrained,balanced_acc,0.4185140597203753
physionet_grabmyo,S35,session1,session3,physionet_grabmyo::S35::session1->session3,2032,frequency_logbandpower,balanced_acc,0.5750569478245686
physionet_grabmyo,S35,session1,session3,physionet_grabmyo::S35::session1->session3,2032,pretrained_encoder,balanced_acc,0.2701887785934406
physionet_grabmyo,S35,session1,session3,physionet_grabmyo::S35::session1->session3,2032,raw_stats,balanced_acc,0.5568163755023593
physionet_grabmyo,S35,session1,session3,physionet_grabmyo::S35::session1->session3,2032,raw_stats_plus_frequency,balanced_acc,0.5124598301959906
physionet_grabmyo,S35,session1,session3,physionet_grabmyo::S35::session1->session3,2032,raw_stats_plus_pretrained,balanced_acc,0.4320046431874602
physionet_grabmyo,S35,session1,session3,physionet_grabmyo::S35::session1->session3,2033,frequency_logbandpower,balanced_acc,0.5594390537299269
physionet_grabmyo,S35,session1,session3,physionet_grabmyo::S35::session1->session3,2033,pretrained_encoder,balanced_acc,0.25979251138817394
physionet_grabmyo,S35,session1,session3,physionet_grabmyo::S35::session1->session3,2033,raw_stats,balanced_acc,0.5584967660680222
physionet_grabmyo,S35,session1,session3,physionet_grabmyo::S35::session1->session3,2033,raw_stats_plus_frequency,balanced_acc,0.49284633736965006
physionet_grabmyo,S35,session1,session3,physionet_grabmyo::S35::session1->session3,2033,raw_stats_plus_pretrained,balanced_acc,0.41683894409614275
physionet_grabmyo,S35,session1,session3,physionet_grabmyo::S35::session1->session3,2034,frequency_logbandpower,balanced_acc,0.5895410336586445
physionet_grabmyo,S35,session1,session3,physionet_grabmyo::S35::session1->session3,2034,pretrained_encoder,balanced_acc,0.26732981685517304
physionet_grabmyo,S35,session1,session3,physionet_grabmyo::S35::session1->session3,2034,raw_stats,balanced_acc,0.5505121237785635
physionet_grabmyo,S35,session1,session3,physionet_grabmyo::S35::session1->session3,2034,raw_stats_plus_frequency,balanced_acc,0.5017138127535341
physionet_grabmyo,S35,session1,session3,physionet_grabmyo::S35::session1->session3,2034,raw_stats_plus_pretrained,balanced_acc,0.4196518925770158
physionet_grabmyo,S35,session1,session3,physionet_grabmyo::S35::session1->session3,2035,frequency_logbandpower,balanced_acc,0.5710904629411109
physionet_grabmyo,S35,session1,session3,physionet_grabmyo::S35::session1->session3,2035,pretrained_encoder,balanced_acc,0.27419944525280454
physionet_grabmyo,S35,session1,session3,physionet_grabmyo::S35::session1->session3,2035,raw_stats,balanced_acc,0.5538955382027783
physionet_grabmyo,S35,session1,session3,physionet_grabmyo::S35::session1->session3,2035,raw_stats_plus_frequency,balanced_acc,0.5235986186752731
physionet_grabmyo,S35,session1,session3,physionet_grabmyo::S35::session1->session3,2035,raw_stats_plus_pretrained,balanced_acc,0.4090977560783748
physionet_grabmyo,S36,session1,session2,physionet_grabmyo::S36::session1->session2,2026,frequency_logbandpower,balanced_acc,0.5808048343440887
physionet_grabmyo,S36,session1,session2,physionet_grabmyo::S36::session1->session2,2026,pretrained_encoder,balanced_acc,0.3444896993575482
physionet_grabmyo,S36,session1,session2,physionet_grabmyo::S36::session1->session2,2026,raw_stats,balanced_acc,0.610347340646322
physionet_grabmyo,S36,session1,session2,physionet_grabmyo::S36::session1->session2,2026,raw_stats_plus_frequency,balanced_acc,0.5608676761738945
physionet_grabmyo,S36,session1,session2,physionet_grabmyo::S36::session1->session2,2026,raw_stats_plus_pretrained,balanced_acc,0.4417452741934135
physionet_grabmyo,S36,session1,session2,physionet_grabmyo::S36::session1->session2,2027,frequency_logbandpower,balanced_acc,0.5915729186309739
physionet_grabmyo,S36,session1,session2,physionet_grabmyo::S36::session1->session2,2027,pretrained_encoder,balanced_acc,0.3667613578632717
physionet_grabmyo,S36,session1,session2,physionet_grabmyo::S36::session1->session2,2027,raw_stats,balanced_acc,0.6113009589681023
physionet_grabmyo,S36,session1,session2,physionet_grabmyo::S36::session1->session2,2027,raw_stats_plus_frequency,balanced_acc,0.5447038324885091
physionet_grabmyo,S36,session1,session2,physionet_grabmyo::S36::session1->session2,2027,raw_stats_plus_pretrained,balanced_acc,0.46625624446076336
physionet_grabmyo,S36,session1,session2,physionet_grabmyo::S36::session1->session2,2028,frequency_logbandpower,balanced_acc,0.575850771520787
physionet_grabmyo,S36,session1,session2,physionet_grabmyo::S36::session1->session2,2028,pretrained_encoder,balanced_acc,0.3404398753323289
physionet_grabmyo,S36,session1,session2,physionet_grabmyo::S36::session1->session2,2028,raw_stats,balanced_acc,0.5924624998851227
physionet_grabmyo,S36,session1,session2,physionet_grabmyo::S36::session1->session2,2028,raw_stats_plus_frequency,balanced_acc,0.5326150869116462
physionet_grabmyo,S36,session1,session2,physionet_grabmyo::S36::session1->session2,2028,raw_stats_plus_pretrained,balanced_acc,0.4592451995895666
physionet_grabmyo,S36,session1,session2,physionet_grabmyo::S36::session1->session2,2029,frequency_logbandpower,balanced_acc,0.5702188899555322
physionet_grabmyo,S36,session1,session2,physionet_grabmyo::S36::session1->session2,2029,pretrained_encoder,balanced_acc,0.3495744749524364
physionet_grabmyo,S36,session1,session2,physionet_grabmyo::S36::session1->session2,2029,raw_stats,balanced_acc,0.5973853864695834
physionet_grabmyo,S36,session1,session2,physionet_grabmyo::S36::session1->session2,2029,raw_stats_plus_frequency,balanced_acc,0.5355986795407877
physionet_grabmyo,S36,session1,session2,physionet_grabmyo::S36::session1->session2,2029,raw_stats_plus_pretrained,balanced_acc,0.4686715227765395
physionet_grabmyo,S36,session1,session2,physionet_grabmyo::S36::session1->session2,2030,frequency_logbandpower,balanced_acc,0.5940386202276868
physionet_grabmyo,S36,session1,session2,physionet_grabmyo::S36::session1->session2,2030,pretrained_encoder,balanced_acc,0.34531556394307533
physionet_grabmyo,S36,session1,session2,physionet_grabmyo::S36::session1->session2,2030,raw_stats,balanced_acc,0.5978639766876201
physionet_grabmyo,S36,session1,session2,physionet_grabmyo::S36::session1->session2,2030,raw_stats_plus_frequency,balanced_acc,0.5619445353827924
physionet_grabmyo,S36,session1,session2,physionet_grabmyo::S36::session1->session2,2030,raw_stats_plus_pretrained,balanced_acc,0.46557869455242495
physionet_grabmyo,S36,session1,session2,physionet_grabmyo::S36::session1->session2,2031,frequency_logbandpower,balanced_acc,0.5659141496901283
physionet_grabmyo,S36,session1,session2,physionet_grabmyo::S36::session1->session2,2031,pretrained_encoder,balanced_acc,0.32042124431059343
physionet_grabmyo,S36,session1,session2,physionet_grabmyo::S36::session1->session2,2031,raw_stats,balanced_acc,0.6028638470192066
physionet_grabmyo,S36,session1,session2,physionet_grabmyo::S36::session1->session2,2031,raw_stats_plus_frequency,balanced_acc,0.5443180213082293
physionet_grabmyo,S36,session1,session2,physionet_grabmyo::S36::session1->session2,2031,raw_stats_plus_pretrained,balanced_acc,0.43967246096991885
physionet_grabmyo,S36,session1,session2,physionet_grabmyo::S36::session1->session2,2032,frequency_logbandpower,balanced_acc,0.5777827186803906
physionet_grabmyo,S36,session1,session2,physionet_grabmyo::S36::session1->session2,2032,pretrained_encoder,balanced_acc,0.35265490687290985
physionet_grabmyo,S36,session1,session2,physionet_grabmyo::S36::session1->session2,2032,raw_stats,balanced_acc,0.6119753537550139
physionet_grabmyo,S36,session1,session2,physionet_grabmyo::S36::session1->session2,2032,raw_stats_plus_frequency,balanced_acc,0.5384440382128509
physionet_grabmyo,S36,session1,session2,physionet_grabmyo::S36::session1->session2,2032,raw_stats_plus_pretrained,balanced_acc,0.4675694730080346
physionet_grabmyo,S36,session1,session2,physionet_grabmyo::S36::session1->session2,2033,frequency_logbandpower,balanced_acc,0.577050828503143
physionet_grabmyo,S36,session1,session2,physionet_grabmyo::S36::session1->session2,2033,pretrained_encoder,balanced_acc,0.3548313652762517
physionet_grabmyo,S36,session1,session2,physionet_grabmyo::S36::session1->session2,2033,raw_stats,balanced_acc,0.606596897415108
physionet_grabmyo,S36,session1,session2,physionet_grabmyo::S36::session1->session2,2033,raw_stats_plus_frequency,balanced_acc,0.5466824823213656
physionet_grabmyo,S36,session1,session2,physionet_grabmyo::S36::session1->session2,2033,raw_stats_plus_pretrained,balanced_acc,0.4725709099744317
physionet_grabmyo,S36,session1,session2,physionet_grabmyo::S36::session1->session2,2034,frequency_logbandpower,balanced_acc,0.5986530313968574
physionet_grabmyo,S36,session1,session2,physionet_grabmyo::S36::session1->session2,2034,pretrained_encoder,balanced_acc,0.350054510515766
physionet_grabmyo,S36,session1,session2,physionet_grabmyo::S36::session1->session2,2034,raw_stats,balanced_acc,0.5988405061890705
physionet_grabmyo,S36,session1,session2,physionet_grabmyo::S36::session1->session2,2034,raw_stats_plus_frequency,balanced_acc,0.5661079100904486
physionet_grabmyo,S36,session1,session2,physionet_grabmyo::S36::session1->session2,2034,raw_stats_plus_pretrained,balanced_acc,0.4668093683635069
physionet_grabmyo,S36,session1,session2,physionet_grabmyo::S36::session1->session2,2035,frequency_logbandpower,balanced_acc,0.5901923577155439
physionet_grabmyo,S36,session1,session2,physionet_grabmyo::S36::session1->session2,2035,pretrained_encoder,balanced_acc,0.3339843066975072
physionet_grabmyo,S36,session1,session2,physionet_grabmyo::S36::session1->session2,2035,raw_stats,balanced_acc,0.5990264140786392
physionet_grabmyo,S36,session1,session2,physionet_grabmyo::S36::session1->session2,2035,raw_stats_plus_frequency,balanced_acc,0.5482677317973296
physionet_grabmyo,S36,session1,session2,physionet_grabmyo::S36::session1->session2,2035,raw_stats_plus_pretrained,balanced_acc,0.44389679256865
physionet_grabmyo,S36,session1,session3,physionet_grabmyo::S36::session1->session3,2026,frequency_logbandpower,balanced_acc,0.47089870798352534
physionet_grabmyo,S36,session1,session3,physionet_grabmyo::S36::session1->session3,2026,pretrained_encoder,balanced_acc,0.30521553436854004
physionet_grabmyo,S36,session1,session3,physionet_grabmyo::S36::session1->session3,2026,raw_stats,balanced_acc,0.5394397614791866
physionet_grabmyo,S36,session1,session3,physionet_grabmyo::S36::session1->session3,2026,raw_stats_plus_frequency,balanced_acc,0.4557332362211619
physionet_grabmyo,S36,session1,session3,physionet_grabmyo::S36::session1->session3,2026,raw_stats_plus_pretrained,balanced_acc,0.43746864090824544
physionet_grabmyo,S36,session1,session3,physionet_grabmyo::S36::session1->session3,2027,frequency_logbandpower,balanced_acc,0.46337332267823217
physionet_grabmyo,S36,session1,session3,physionet_grabmyo::S36::session1->session3,2027,pretrained_encoder,balanced_acc,0.29386929979195686
physionet_grabmyo,S36,session1,session3,physionet_grabmyo::S36::session1->session3,2027,raw_stats,balanced_acc,0.5344412458108971
physionet_grabmyo,S36,session1,session3,physionet_grabmyo::S36::session1->session3,2027,raw_stats_plus_frequency,balanced_acc,0.4411350495124971
physionet_grabmyo,S36,session1,session3,physionet_grabmyo::S36::session1->session3,2027,raw_stats_plus_pretrained,balanced_acc,0.40920408951972576
physionet_grabmyo,S36,session1,session3,physionet_grabmyo::S36::session1->session3,2028,frequency_logbandpower,balanced_acc,0.4822041009088899
physionet_grabmyo,S36,session1,session3,physionet_grabmyo::S36::session1->session3,2028,pretrained_encoder,balanced_acc,0.302979072556403
physionet_grabmyo,S36,session1,session3,physionet_grabmyo::S36::session1->session3,2028,raw_stats,balanced_acc,0.5377345329096117
physionet_grabmyo,S36,session1,session3,physionet_grabmyo::S36::session1->session3,2028,raw_stats_plus_frequency,balanced_acc,0.45010689980106905
physionet_grabmyo,S36,session1,session3,physionet_grabmyo::S36::session1->session3,2028,raw_stats_plus_pretrained,balanced_acc,0.41237091295188605
physionet_grabmyo,S36,session1,session3,physionet_grabmyo::S36::session1->session3,2029,frequency_logbandpower,balanced_acc,0.490387900465078
physionet_grabmyo,S36,session1,session3,physionet_grabmyo::S36::session1->session3,2029,pretrained_encoder,balanced_acc,0.30670041042717305
physionet_grabmyo,S36,session1,session3,physionet_grabmyo::S36::session1->session3,2029,raw_stats,balanced_acc,0.5495885759119643
physionet_grabmyo,S36,session1,session3,physionet_grabmyo::S36::session1->session3,2029,raw_stats_plus_frequency,balanced_acc,0.44747090308561394
physionet_grabmyo,S36,session1,session3,physionet_grabmyo::S36::session1->session3,2029,raw_stats_plus_pretrained,balanced_acc,0.42934463752878876
physionet_grabmyo,S36,session1,session3,physionet_grabmyo::S36::session1->session3,2030,frequency_logbandpower,balanced_acc,0.4904847741817702
physionet_grabmyo,S36,session1,session3,physionet_grabmyo::S36::session1->session3,2030,pretrained_encoder,balanced_acc,0.3053536024642477
physionet_grabmyo,S36,session1,session3,physionet_grabmyo::S36::session1->session3,2030,raw_stats,balanced_acc,0.521610761591325
physionet_grabmyo,S36,session1,session3,physionet_grabmyo::S36::session1->session3,2030,raw_stats_plus_frequency,balanced_acc,0.4554416457408321
physionet_grabmyo,S36,session1,session3,physionet_grabmyo::S36::session1->session3,2030,raw_stats_plus_pretrained,balanced_acc,0.40880189520768334
physionet_grabmyo,S36,session1,session3,physionet_grabmyo::S36::session1->session3,2031,frequency_logbandpower,balanced_acc,0.48595819953883707
physionet_grabmyo,S36,session1,session3,physionet_grabmyo::S36::session1->session3,2031,pretrained_encoder,balanced_acc,0.2999162070467092
physionet_grabmyo,S36,session1,session3,physionet_grabmyo::S36::session1->session3,2031,raw_stats,balanced_acc,0.5413489390564756
physionet_grabmyo,S36,session1,session3,physionet_grabmyo::S36::session1->session3,2031,raw_stats_plus_frequency,balanced_acc,0.4686251391522622
physionet_grabmyo,S36,session1,session3,physionet_grabmyo::S36::session1->session3,2031,raw_stats_plus_pretrained,balanced_acc,0.4343078663578239
physionet_grabmyo,S36,session1,session3,physionet_grabmyo::S36::session1->session3,2032,frequency_logbandpower,balanced_acc,0.4913637387643903
physionet_grabmyo,S36,session1,session3,physionet_grabmyo::S36::session1->session3,2032,pretrained_encoder,balanced_acc,0.32477208158041304
physionet_grabmyo,S36,session1,session3,physionet_grabmyo::S36::session1->session3,2032,raw_stats,balanced_acc,0.5339038390263989
physionet_grabmyo,S36,session1,session3,physionet_grabmyo::S36::session1->session3,2032,raw_stats_plus_frequency,balanced_acc,0.4694461300332405
physionet_grabmyo,S36,session1,session3,physionet_grabmyo::S36::session1->session3,2032,raw_stats_plus_pretrained,balanced_acc,0.41826536615271653
physionet_grabmyo,S36,session1,session3,physionet_grabmyo::S36::session1->session3,2033,frequency_logbandpower,balanced_acc,0.5044320706883604
physionet_grabmyo,S36,session1,session3,physionet_grabmyo::S36::session1->session3,2033,pretrained_encoder,balanced_acc,0.29741270225227245
physionet_grabmyo,S36,session1,session3,physionet_grabmyo::S36::session1->session3,2033,raw_stats,balanced_acc,0.5354600809074526
physionet_grabmyo,S36,session1,session3,physionet_grabmyo::S36::session1->session3,2033,raw_stats_plus_frequency,balanced_acc,0.4552788868077738
physionet_grabmyo,S36,session1,session3,physionet_grabmyo::S36::session1->session3,2033,raw_stats_plus_pretrained,balanced_acc,0.41520469112754144
physionet_grabmyo,S36,session1,session3,physionet_grabmyo::S36::session1->session3,2034,frequency_logbandpower,balanced_acc,0.4922110214523158
physionet_grabmyo,S36,session1,session3,physionet_grabmyo::S36::session1->session3,2034,pretrained_encoder,balanced_acc,0.3003715394470409
physionet_grabmyo,S36,session1,session3,physionet_grabmyo::S36::session1->session3,2034,raw_stats,balanced_acc,0.5439471645974256
physionet_grabmyo,S36,session1,session3,physionet_grabmyo::S36::session1->session3,2034,raw_stats_plus_frequency,balanced_acc,0.4615545650338479
physionet_grabmyo,S36,session1,session3,physionet_grabmyo::S36::session1->session3,2034,raw_stats_plus_pretrained,balanced_acc,0.41249664303870504
physionet_grabmyo,S36,session1,session3,physionet_grabmyo::S36::session1->session3,2035,frequency_logbandpower,balanced_acc,0.47205426608682294
physionet_grabmyo,S36,session1,session3,physionet_grabmyo::S36::session1->session3,2035,pretrained_encoder,balanced_acc,0.2920329863501389
physionet_grabmyo,S36,session1,session3,physionet_grabmyo::S36::session1->session3,2035,raw_stats,balanced_acc,0.5403189517036507
physionet_grabmyo,S36,session1,session3,physionet_grabmyo::S36::session1->session3,2035,raw_stats_plus_frequency,balanced_acc,0.4415684352554397
physionet_grabmyo,S36,session1,session3,physionet_grabmyo::S36::session1->session3,2035,raw_stats_plus_pretrained,balanced_acc,0.4145501620111418
physionet_grabmyo,S37,session1,session2,physionet_grabmyo::S37::session1->session2,2026,frequency_logbandpower,balanced_acc,0.5343288987641489
physionet_grabmyo,S37,session1,session2,physionet_grabmyo::S37::session1->session2,2026,pretrained_encoder,balanced_acc,0.21336352454417062
physionet_grabmyo,S37,session1,session2,physionet_grabmyo::S37::session1->session2,2026,raw_stats,balanced_acc,0.5589678760887448
physionet_grabmyo,S37,session1,session2,physionet_grabmyo::S37::session1->session2,2026,raw_stats_plus_frequency,balanced_acc,0.486216967075689
physionet_grabmyo,S37,session1,session2,physionet_grabmyo::S37::session1->session2,2026,raw_stats_plus_pretrained,balanced_acc,0.37809376660067034
physionet_grabmyo,S37,session1,session2,physionet_grabmyo::S37::session1->session2,2027,frequency_logbandpower,balanced_acc,0.5354610329016181
physionet_grabmyo,S37,session1,session2,physionet_grabmyo::S37::session1->session2,2027,pretrained_encoder,balanced_acc,0.1902468909932479
physionet_grabmyo,S37,session1,session2,physionet_grabmyo::S37::session1->session2,2027,raw_stats,balanced_acc,0.5622782302053826
physionet_grabmyo,S37,session1,session2,physionet_grabmyo::S37::session1->session2,2027,raw_stats_plus_frequency,balanced_acc,0.4976690592349597
physionet_grabmyo,S37,session1,session2,physionet_grabmyo::S37::session1->session2,2027,raw_stats_plus_pretrained,balanced_acc,0.36837673152990275
physionet_grabmyo,S37,session1,session2,physionet_grabmyo::S37::session1->session2,2028,frequency_logbandpower,balanced_acc,0.5193599692256238
physionet_grabmyo,S37,session1,session2,physionet_grabmyo::S37::session1->session2,2028,pretrained_encoder,balanced_acc,0.20790262794891376
physionet_grabmyo,S37,session1,session2,physionet_grabmyo::S37::session1->session2,2028,raw_stats,balanced_acc,0.5469034055054309
physionet_grabmyo,S37,session1,session2,physionet_grabmyo::S37::session1->session2,2028,raw_stats_plus_frequency,balanced_acc,0.47447070432879435
physionet_grabmyo,S37,session1,session2,physionet_grabmyo::S37::session1->session2,2028,raw_stats_plus_pretrained,balanced_acc,0.38648078492257504
physionet_grabmyo,S37,session1,session2,physionet_grabmyo::S37::session1->session2,2029,frequency_logbandpower,balanced_acc,0.5260594070344587
physionet_grabmyo,S37,session1,session2,physionet_grabmyo::S37::session1->session2,2029,pretrained_encoder,balanced_acc,0.1854224348411582
physionet_grabmyo,S37,session1,session2,physionet_grabmyo::S37::session1->session2,2029,raw_stats,balanced_acc,0.5469996700819979
physionet_grabmyo,S37,session1,session2,physionet_grabmyo::S37::session1->session2,2029,raw_stats_plus_frequency,balanced_acc,0.4790703685991541
physionet_grabmyo,S37,session1,session2,physionet_grabmyo::S37::session1->session2,2029,raw_stats_plus_pretrained,balanced_acc,0.3631751819688281
physionet_grabmyo,S37,session1,session2,physionet_grabmyo::S37::session1->session2,2030,frequency_logbandpower,balanced_acc,0.5304533077783814
physionet_grabmyo,S37,session1,session2,physionet_grabmyo::S37::session1->session2,2030,pretrained_encoder,balanced_acc,0.19388163415140883
physionet_grabmyo,S37,session1,session2,physionet_grabmyo::S37::session1->session2,2030,raw_stats,balanced_acc,0.55605921473004
physionet_grabmyo,S37,session1,session2,physionet_grabmyo::S37::session1->session2,2030,raw_stats_plus_frequency,balanced_acc,0.48982816562517956
physionet_grabmyo,S37,session1,session2,physionet_grabmyo::S37::session1->session2,2030,raw_stats_plus_pretrained,balanced_acc,0.3851709703307907
physionet_grabmyo,S37,session1,session2,physionet_grabmyo::S37::session1->session2,2031,frequency_logbandpower,balanced_acc,0.5125673524189369
physionet_grabmyo,S37,session1,session2,physionet_grabmyo::S37::session1->session2,2031,pretrained_encoder,balanced_acc,0.20373170847388075
physionet_grabmyo,S37,session1,session2,physionet_grabmyo::S37::session1->session2,2031,raw_stats,balanced_acc,0.5756405299373143
physionet_grabmyo,S37,session1,session2,physionet_grabmyo::S37::session1->session2,2031,raw_stats_plus_frequency,balanced_acc,0.4774825285307947
physionet_grabmyo,S37,session1,session2,physionet_grabmyo::S37::session1->session2,2031,raw_stats_plus_pretrained,balanced_acc,0.3805723505031282
physionet_grabmyo,S37,session1,session2,physionet_grabmyo::S37::session1->session2,2032,frequency_logbandpower,balanced_acc,0.5363322870608933
physionet_grabmyo,S37,session1,session2,physionet_grabmyo::S37::session1->session2,2032,pretrained_encoder,balanced_acc,0.21410287975635506
physionet_grabmyo,S37,session1,session2,physionet_grabmyo::S37::session1->session2,2032,raw_stats,balanced_acc,0.5677805040144627
physionet_grabmyo,S37,session1,session2,physionet_grabmyo::S37::session1->session2,2032,raw_stats_plus_frequency,balanced_acc,0.4874989542241003
physionet_grabmyo,S37,session1,session2,physionet_grabmyo::S37::session1->session2,2032,raw_stats_plus_pretrained,balanced_acc,0.39471704750753317
physionet_grabmyo,S37,session1,session2,physionet_grabmyo::S37::session1->session2,2033,frequency_logbandpower,balanced_acc,0.5274172612800064
physionet_grabmyo,S37,session1,session2,physionet_grabmyo::S37::session1->session2,2033,pretrained_encoder,balanced_acc,0.20336002028213185
physionet_grabmyo,S37,session1,session2,physionet_grabmyo::S37::session1->session2,2033,raw_stats,balanced_acc,0.5601995851208879
physionet_grabmyo,S37,session1,session2,physionet_grabmyo::S37::session1->session2,2033,raw_stats_plus_frequency,balanced_acc,0.4861003945245338
physionet_grabmyo,S37,session1,session2,physionet_grabmyo::S37::session1->session2,2033,raw_stats_plus_pretrained,balanced_acc,0.37391941226585224
physionet_grabmyo,S37,session1,session2,physionet_grabmyo::S37::session1->session2,2034,frequency_logbandpower,balanced_acc,0.5286269729433558
physionet_grabmyo,S37,session1,session2,physionet_grabmyo::S37::session1->session2,2034,pretrained_encoder,balanced_acc,0.19321473022285243
physionet_grabmyo,S37,session1,session2,physionet_grabmyo::S37::session1->session2,2034,raw_stats,balanced_acc,0.5616815467764521
physionet_grabmyo,S37,session1,session2,physionet_grabmyo::S37::session1->session2,2034,raw_stats_plus_frequency,balanced_acc,0.49216182736015746
physionet_grabmyo,S37,session1,session2,physionet_grabmyo::S37::session1->session2,2034,raw_stats_plus_pretrained,balanced_acc,0.3612764839445779
physionet_grabmyo,S37,session1,session2,physionet_grabmyo::S37::session1->session2,2035,frequency_logbandpower,balanced_acc,0.5182240389237094
physionet_grabmyo,S37,session1,session2,physionet_grabmyo::S37::session1->session2,2035,pretrained_encoder,balanced_acc,0.1873954214364929
physionet_grabmyo,S37,session1,session2,physionet_grabmyo::S37::session1->session2,2035,raw_stats,balanced_acc,0.560865020739246
physionet_grabmyo,S37,session1,session2,physionet_grabmyo::S37::session1->session2,2035,raw_stats_plus_frequency,balanced_acc,0.4901550637867473
physionet_grabmyo,S37,session1,session2,physionet_grabmyo::S37::session1->session2,2035,raw_stats_plus_pretrained,balanced_acc,0.36091399577080296
physionet_grabmyo,S37,session1,session3,physionet_grabmyo::S37::session1->session3,2026,frequency_logbandpower,balanced_acc,0.44585111479671574
physionet_grabmyo,S37,session1,session3,physionet_grabmyo::S37::session1->session3,2026,pretrained_encoder,balanced_acc,0.2080184801753501
physionet_grabmyo,S37,session1,session3,physionet_grabmyo::S37::session1->session3,2026,raw_stats,balanced_acc,0.4751599600292993
physionet_grabmyo,S37,session1,session3,physionet_grabmyo::S37::session1->session3,2026,raw_stats_plus_frequency,balanced_acc,0.4022437647820833
physionet_grabmyo,S37,session1,session3,physionet_grabmyo::S37::session1->session3,2026,raw_stats_plus_pretrained,balanced_acc,0.332938046646118
physionet_grabmyo,S37,session1,session3,physionet_grabmyo::S37::session1->session3,2027,frequency_logbandpower,balanced_acc,0.46621587783935464
physionet_grabmyo,S37,session1,session3,physionet_grabmyo::S37::session1->session3,2027,pretrained_encoder,balanced_acc,0.19399344146724806
physionet_grabmyo,S37,session1,session3,physionet_grabmyo::S37::session1->session3,2027,raw_stats,balanced_acc,0.48886810855248014
physionet_grabmyo,S37,session1,session3,physionet_grabmyo::S37::session1->session3,2027,raw_stats_plus_frequency,balanced_acc,0.4194140001360605
physionet_grabmyo,S37,session1,session3,physionet_grabmyo::S37::session1->session3,2027,raw_stats_plus_pretrained,balanced_acc,0.35031315997965295
physionet_grabmyo,S37,session1,session3,physionet_grabmyo::S37::session1->session3,2028,frequency_logbandpower,balanced_acc,0.43901803451878296
physionet_grabmyo,S37,session1,session3,physionet_grabmyo::S37::session1->session3,2028,pretrained_encoder,balanced_acc,0.2009410254178498
physionet_grabmyo,S37,session1,session3,physionet_grabmyo::S37::session1->session3,2028,raw_stats,balanced_acc,0.4790974248976474
physionet_grabmyo,S37,session1,session3,physionet_grabmyo::S37::session1->session3,2028,raw_stats_plus_frequency,balanced_acc,0.40414154539541813
physionet_grabmyo,S37,session1,session3,physionet_grabmyo::S37::session1->session3,2028,raw_stats_plus_pretrained,balanced_acc,0.3260917397070908
physionet_grabmyo,S37,session1,session3,physionet_grabmyo::S37::session1->session3,2029,frequency_logbandpower,balanced_acc,0.42611927205020267
physionet_grabmyo,S37,session1,session3,physionet_grabmyo::S37::session1->session3,2029,pretrained_encoder,balanced_acc,0.22082844788355682
physionet_grabmyo,S37,session1,session3,physionet_grabmyo::S37::session1->session3,2029,raw_stats,balanced_acc,0.4784466955393779
physionet_grabmyo,S37,session1,session3,physionet_grabmyo::S37::session1->session3,2029,raw_stats_plus_frequency,balanced_acc,0.38995604648681087
physionet_grabmyo,S37,session1,session3,physionet_grabmyo::S37::session1->session3,2029,raw_stats_plus_pretrained,balanced_acc,0.3265919613500138
physionet_grabmyo,S37,session1,session3,physionet_grabmyo::S37::session1->session3,2030,frequency_logbandpower,balanced_acc,0.43733639205071756
physionet_grabmyo,S37,session1,session3,physionet_grabmyo::S37::session1->session3,2030,pretrained_encoder,balanced_acc,0.21245650229418406
physionet_grabmyo,S37,session1,session3,physionet_grabmyo::S37::session1->session3,2030,raw_stats,balanced_acc,0.47139931012905
physionet_grabmyo,S37,session1,session3,physionet_grabmyo::S37::session1->session3,2030,raw_stats_plus_frequency,balanced_acc,0.4055619175290137
physionet_grabmyo,S37,session1,session3,physionet_grabmyo::S37::session1->session3,2030,raw_stats_plus_pretrained,balanced_acc,0.31552358700991845
physionet_grabmyo,S37,session1,session3,physionet_grabmyo::S37::session1->session3,2031,frequency_logbandpower,balanced_acc,0.4521578800290687
physionet_grabmyo,S37,session1,session3,physionet_grabmyo::S37::session1->session3,2031,pretrained_encoder,balanced_acc,0.21213163070613975
physionet_grabmyo,S37,session1,session3,physionet_grabmyo::S37::session1->session3,2031,raw_stats,balanced_acc,0.495182766572362
physionet_grabmyo,S37,session1,session3,physionet_grabmyo::S37::session1->session3,2031,raw_stats_plus_frequency,balanced_acc,0.4332356497152952
physionet_grabmyo,S37,session1,session3,physionet_grabmyo::S37::session1->session3,2031,raw_stats_plus_pretrained,balanced_acc,0.33297044606465026
physionet_grabmyo,S37,session1,session3,physionet_grabmyo::S37::session1->session3,2032,frequency_logbandpower,balanced_acc,0.44553228590281324
physionet_grabmyo,S37,session1,session3,physionet_grabmyo::S37::session1->session3,2032,pretrained_encoder,balanced_acc,0.2039725690952901
physionet_grabmyo,S37,session1,session3,physionet_grabmyo::S37::session1->session3,2032,raw_stats,balanced_acc,0.4876906990863445
physionet_grabmyo,S37,session1,session3,physionet_grabmyo::S37::session1->session3,2032,raw_stats_plus_frequency,balanced_acc,0.41378382584886375
physionet_grabmyo,S37,session1,session3,physionet_grabmyo::S37::session1->session3,2032,raw_stats_plus_pretrained,balanced_acc,0.3287644133366237
physionet_grabmyo,S37,session1,session3,physionet_grabmyo::S37::session1->session3,2033,frequency_logbandpower,balanced_acc,0.45048990063361466
physionet_grabmyo,S37,session1,session3,physionet_grabmyo::S37::session1->session3,2033,pretrained_encoder,balanced_acc,0.1794762439611618
physionet_grabmyo,S37,session1,session3,physionet_grabmyo::S37::session1->session3,2033,raw_stats,balanced_acc,0.48810727976081225
physionet_grabmyo,S37,session1,session3,physionet_grabmyo::S37::session1->session3,2033,raw_stats_plus_frequency,balanced_acc,0.41648723938475574
physionet_grabmyo,S37,session1,session3,physionet_grabmyo::S37::session1->session3,2033,raw_stats_plus_pretrained,balanced_acc,0.3297307158795634
physionet_grabmyo,S37,session1,session3,physionet_grabmyo::S37::session1->session3,2034,frequency_logbandpower,balanced_acc,0.43812519518146315
physionet_grabmyo,S37,session1,session3,physionet_grabmyo::S37::session1->session3,2034,pretrained_encoder,balanced_acc,0.20936380474497404
physionet_grabmyo,S37,session1,session3,physionet_grabmyo::S37::session1->session3,2034,raw_stats,balanced_acc,0.48799222325399577
physionet_grabmyo,S37,session1,session3,physionet_grabmyo::S37::session1->session3,2034,raw_stats_plus_frequency,balanced_acc,0.40958865361886787
physionet_grabmyo,S37,session1,session3,physionet_grabmyo::S37::session1->session3,2034,raw_stats_plus_pretrained,balanced_acc,0.3247731600617848
physionet_grabmyo,S37,session1,session3,physionet_grabmyo::S37::session1->session3,2035,frequency_logbandpower,balanced_acc,0.4347709930802808
physionet_grabmyo,S37,session1,session3,physionet_grabmyo::S37::session1->session3,2035,pretrained_encoder,balanced_acc,0.20405381249256926
physionet_grabmyo,S37,session1,session3,physionet_grabmyo::S37::session1->session3,2035,raw_stats,balanced_acc,0.4710253422982231
physionet_grabmyo,S37,session1,session3,physionet_grabmyo::S37::session1->session3,2035,raw_stats_plus_frequency,balanced_acc,0.42349532971965237
physionet_grabmyo,S37,session1,session3,physionet_grabmyo::S37::session1->session3,2035,raw_stats_plus_pretrained,balanced_acc,0.30582404903596067
physionet_grabmyo,S38,session1,session2,physionet_grabmyo::S38::session1->session2,2026,frequency_logbandpower,balanced_acc,0.5505098936361438
physionet_grabmyo,S38,session1,session2,physionet_grabmyo::S38::session1->session2,2026,pretrained_encoder,balanced_acc,0.23363844106179255
physionet_grabmyo,S38,session1,session2,physionet_grabmyo::S38::session1->session2,2026,raw_stats,balanced_acc,0.5813796710236663
physionet_grabmyo,S38,session1,session2,physionet_grabmyo::S38::session1->session2,2026,raw_stats_plus_frequency,balanced_acc,0.4992095525933237
physionet_grabmyo,S38,session1,session2,physionet_grabmyo::S38::session1->session2,2026,raw_stats_plus_pretrained,balanced_acc,0.3813162963359468
physionet_grabmyo,S38,session1,session2,physionet_grabmyo::S38::session1->session2,2027,frequency_logbandpower,balanced_acc,0.5372720129918727
physionet_grabmyo,S38,session1,session2,physionet_grabmyo::S38::session1->session2,2027,pretrained_encoder,balanced_acc,0.2483318672732707
physionet_grabmyo,S38,session1,session2,physionet_grabmyo::S38::session1->session2,2027,raw_stats,balanced_acc,0.5921917364952981
physionet_grabmyo,S38,session1,session2,physionet_grabmyo::S38::session1->session2,2027,raw_stats_plus_frequency,balanced_acc,0.48112943680298903
physionet_grabmyo,S38,session1,session2,physionet_grabmyo::S38::session1->session2,2027,raw_stats_plus_pretrained,balanced_acc,0.37760719312354807
physionet_grabmyo,S38,session1,session2,physionet_grabmyo::S38::session1->session2,2028,frequency_logbandpower,balanced_acc,0.5503051852821973
physionet_grabmyo,S38,session1,session2,physionet_grabmyo::S38::session1->session2,2028,pretrained_encoder,balanced_acc,0.23757641065111476
physionet_grabmyo,S38,session1,session2,physionet_grabmyo::S38::session1->session2,2028,raw_stats,balanced_acc,0.5945705673425499
physionet_grabmyo,S38,session1,session2,physionet_grabmyo::S38::session1->session2,2028,raw_stats_plus_frequency,balanced_acc,0.5022561292856147
physionet_grabmyo,S38,session1,session2,physionet_grabmyo::S38::session1->session2,2028,raw_stats_plus_pretrained,balanced_acc,0.39071936369370075
physionet_grabmyo,S38,session1,session2,physionet_grabmyo::S38::session1->session2,2029,frequency_logbandpower,balanced_acc,0.5472156748434472
physionet_grabmyo,S38,session1,session2,physionet_grabmyo::S38::session1->session2,2029,pretrained_encoder,balanced_acc,0.24670077810271154
physionet_grabmyo,S38,session1,session2,physionet_grabmyo::S38::session1->session2,2029,raw_stats,balanced_acc,0.5727829469674096
physionet_grabmyo,S38,session1,session2,physionet_grabmyo::S38::session1->session2,2029,raw_stats_plus_frequency,balanced_acc,0.4939425388496663
physionet_grabmyo,S38,session1,session2,physionet_grabmyo::S38::session1->session2,2029,raw_stats_plus_pretrained,balanced_acc,0.41834601569050517
physionet_grabmyo,S38,session1,session2,physionet_grabmyo::S38::session1->session2,2030,frequency_logbandpower,balanced_acc,0.5440799352488642
physionet_grabmyo,S38,session1,session2,physionet_grabmyo::S38::session1->session2,2030,pretrained_encoder,balanced_acc,0.25692441919710757
physionet_grabmyo,S38,session1,session2,physionet_grabmyo::S38::session1->session2,2030,raw_stats,balanced_acc,0.5677218925192395
physionet_grabmyo,S38,session1,session2,physionet_grabmyo::S38::session1->session2,2030,raw_stats_plus_frequency,balanced_acc,0.4958615286764233
physionet_grabmyo,S38,session1,session2,physionet_grabmyo::S38::session1->session2,2030,raw_stats_plus_pretrained,balanced_acc,0.3834108187744667
physionet_grabmyo,S38,session1,session2,physionet_grabmyo::S38::session1->session2,2031,frequency_logbandpower,balanced_acc,0.5448324440346575
physionet_grabmyo,S38,session1,session2,physionet_grabmyo::S38::session1->session2,2031,pretrained_encoder,balanced_acc,0.2563254321371797
physionet_grabmyo,S38,session1,session2,physionet_grabmyo::S38::session1->session2,2031,raw_stats,balanced_acc,0.5769048351039716
physionet_grabmyo,S38,session1,session2,physionet_grabmyo::S38::session1->session2,2031,raw_stats_plus_frequency,balanced_acc,0.5001885343479681
physionet_grabmyo,S38,session1,session2,physionet_grabmyo::S38::session1->session2,2031,raw_stats_plus_pretrained,balanced_acc,0.39635981719242175
physionet_grabmyo,S38,session1,session2,physionet_grabmyo::S38::session1->session2,2032,frequency_logbandpower,balanced_acc,0.5551774414349545
physionet_grabmyo,S38,session1,session2,physionet_grabmyo::S38::session1->session2,2032,pretrained_encoder,balanced_acc,0.2548617304792296
physionet_grabmyo,S38,session1,session2,physionet_grabmyo::S38::session1->session2,2032,raw_stats,balanced_acc,0.5768779871443316
physionet_grabmyo,S38,session1,session2,physionet_grabmyo::S38::session1->session2,2032,raw_stats_plus_frequency,balanced_acc,0.5133945564482225
physionet_grabmyo,S38,session1,session2,physionet_grabmyo::S38::session1->session2,2032,raw_stats_plus_pretrained,balanced_acc,0.40101964336962354
physionet_grabmyo,S38,session1,session2,physionet_grabmyo::S38::session1->session2,2033,frequency_logbandpower,balanced_acc,0.5589157586929875
physionet_grabmyo,S38,session1,session2,physionet_grabmyo::S38::session1->session2,2033,pretrained_encoder,balanced_acc,0.2547566788676
physionet_grabmyo,S38,session1,session2,physionet_grabmyo::S38::session1->session2,2033,raw_stats,balanced_acc,0.5881647254102336
physionet_grabmyo,S38,session1,session2,physionet_grabmyo::S38::session1->session2,2033,raw_stats_plus_frequency,balanced_acc,0.4990505098724167
physionet_grabmyo,S38,session1,session2,physionet_grabmyo::S38::session1->session2,2033,raw_stats_plus_pretrained,balanced_acc,0.389554419495301
physionet_grabmyo,S38,session1,session2,physionet_grabmyo::S38::session1->session2,2034,frequency_logbandpower,balanced_acc,0.5687408566789748
physionet_grabmyo,S38,session1,session2,physionet_grabmyo::S38::session1->session2,2034,pretrained_encoder,balanced_acc,0.25693463609868294
physionet_grabmyo,S38,session1,session2,physionet_grabmyo::S38::session1->session2,2034,raw_stats,balanced_acc,0.5865928503695252
physionet_grabmyo,S38,session1,session2,physionet_grabmyo::S38::session1->session2,2034,raw_stats_plus_frequency,balanced_acc,0.5095217583321239
physionet_grabmyo,S38,session1,session2,physionet_grabmyo::S38::session1->session2,2034,raw_stats_plus_pretrained,balanced_acc,0.3960250382333422
physionet_grabmyo,S38,session1,session2,physionet_grabmyo::S38::session1->session2,2035,frequency_logbandpower,balanced_acc,0.5508172688813248
physionet_grabmyo,S38,session1,session2,physionet_grabmyo::S38::session1->session2,2035,pretrained_encoder,balanced_acc,0.24021352318396402
physionet_grabmyo,S38,session1,session2,physionet_grabmyo::S38::session1->session2,2035,raw_stats,balanced_acc,0.570090026963135
physionet_grabmyo,S38,session1,session2,physionet_grabmyo::S38::session1->session2,2035,raw_stats_plus_frequency,balanced_acc,0.4855362843639198
physionet_grabmyo,S38,session1,session2,physionet_grabmyo::S38::session1->session2,2035,raw_stats_plus_pretrained,balanced_acc,0.3965781882011088
physionet_grabmyo,S38,session1,session3,physionet_grabmyo::S38::session1->session3,2026,frequency_logbandpower,balanced_acc,0.4609476709314829
physionet_grabmyo,S38,session1,session3,physionet_grabmyo::S38::session1->session3,2026,pretrained_encoder,balanced_acc,0.20402920843574043
physionet_grabmyo,S38,session1,session3,physionet_grabmyo::S38::session1->session3,2026,raw_stats,balanced_acc,0.4957902358542134
physionet_grabmyo,S38,session1,session3,physionet_grabmyo::S38::session1->session3,2026,raw_stats_plus_frequency,balanced_acc,0.4119210250717992
physionet_grabmyo,S38,session1,session3,physionet_grabmyo::S38::session1->session3,2026,raw_stats_plus_pretrained,balanced_acc,0.3063565247961357
physionet_grabmyo,S38,session1,session3,physionet_grabmyo::S38::session1->session3,2027,frequency_logbandpower,balanced_acc,0.46810471471429754
physionet_grabmyo,S38,session1,session3,physionet_grabmyo::S38::session1->session3,2027,pretrained_encoder,balanced_acc,0.22106395211597793
physionet_grabmyo,S38,session1,session3,physionet_grabmyo::S38::session1->session3,2027,raw_stats,balanced_acc,0.5273420625694257
physionet_grabmyo,S38,session1,session3,physionet_grabmyo::S38::session1->session3,2027,raw_stats_plus_frequency,balanced_acc,0.4238356299074576
physionet_grabmyo,S38,session1,session3,physionet_grabmyo::S38::session1->session3,2027,raw_stats_plus_pretrained,balanced_acc,0.3276262002557391
physionet_grabmyo,S38,session1,session3,physionet_grabmyo::S38::session1->session3,2028,frequency_logbandpower,balanced_acc,0.47736798917513923
physionet_grabmyo,S38,session1,session3,physionet_grabmyo::S38::session1->session3,2028,pretrained_encoder,balanced_acc,0.20649992929486183
physionet_grabmyo,S38,session1,session3,physionet_grabmyo::S38::session1->session3,2028,raw_stats,balanced_acc,0.5273533146805349
physionet_grabmyo,S38,session1,session3,physionet_grabmyo::S38::session1->session3,2028,raw_stats_plus_frequency,balanced_acc,0.4177691481634204
physionet_grabmyo,S38,session1,session3,physionet_grabmyo::S38::session1->session3,2028,raw_stats_plus_pretrained,balanced_acc,0.32265776744616
physionet_grabmyo,S38,session1,session3,physionet_grabmyo::S38::session1->session3,2029,frequency_logbandpower,balanced_acc,0.4648909478505502
physionet_grabmyo,S38,session1,session3,physionet_grabmyo::S38::session1->session3,2029,pretrained_encoder,balanced_acc,0.20441645184392304
physionet_grabmyo,S38,session1,session3,physionet_grabmyo::S38::session1->session3,2029,raw_stats,balanced_acc,0.5044568862520351
physionet_grabmyo,S38,session1,session3,physionet_grabmyo::S38::session1->session3,2029,raw_stats_plus_frequency,balanced_acc,0.41937051659828667
physionet_grabmyo,S38,session1,session3,physionet_grabmyo::S38::session1->session3,2029,raw_stats_plus_pretrained,balanced_acc,0.3206117451309622
physionet_grabmyo,S38,session1,session3,physionet_grabmyo::S38::session1->session3,2030,frequency_logbandpower,balanced_acc,0.4630664080882604
physionet_grabmyo,S38,session1,session3,physionet_grabmyo::S38::session1->session3,2030,pretrained_encoder,balanced_acc,0.20257510634886253
physionet_grabmyo,S38,session1,session3,physionet_grabmyo::S38::session1->session3,2030,raw_stats,balanced_acc,0.5144130931247229
physionet_grabmyo,S38,session1,session3,physionet_grabmyo::S38::session1->session3,2030,raw_stats_plus_frequency,balanced_acc,0.43202912651293107
physionet_grabmyo,S38,session1,session3,physionet_grabmyo::S38::session1->session3,2030,raw_stats_plus_pretrained,balanced_acc,0.3003430903142818
physionet_grabmyo,S38,session1,session3,physionet_grabmyo::S38::session1->session3,2031,frequency_logbandpower,balanced_acc,0.46541781418791905
physionet_grabmyo,S38,session1,session3,physionet_grabmyo::S38::session1->session3,2031,pretrained_encoder,balanced_acc,0.1920160982535575
physionet_grabmyo,S38,session1,session3,physionet_grabmyo::S38::session1->session3,2031,raw_stats,balanced_acc,0.5124441314247487
physionet_grabmyo,S38,session1,session3,physionet_grabmyo::S38::session1->session3,2031,raw_stats_plus_frequency,balanced_acc,0.43099953510330263
physionet_grabmyo,S38,session1,session3,physionet_grabmyo::S38::session1->session3,2031,raw_stats_plus_pretrained,balanced_acc,0.324900510603637
physionet_grabmyo,S38,session1,session3,physionet_grabmyo::S38::session1->session3,2032,frequency_logbandpower,balanced_acc,0.4516180361119622
physionet_grabmyo,S38,session1,session3,physionet_grabmyo::S38::session1->session3,2032,pretrained_encoder,balanced_acc,0.20083181353067248
physionet_grabmyo,S38,session1,session3,physionet_grabmyo::S38::session1->session3,2032,raw_stats,balanced_acc,0.505997119058285
physionet_grabmyo,S38,session1,session3,physionet_grabmyo::S38::session1->session3,2032,raw_stats_plus_frequency,balanced_acc,0.4047014606248843
physionet_grabmyo,S38,session1,session3,physionet_grabmyo::S38::session1->session3,2032,raw_stats_plus_pretrained,balanced_acc,0.3018783976966939
physionet_grabmyo,S38,session1,session3,physionet_grabmyo::S38::session1->session3,2033,frequency_logbandpower,balanced_acc,0.4550775049496303
physionet_grabmyo,S38,session1,session3,physionet_grabmyo::S38::session1->session3,2033,pretrained_encoder,balanced_acc,0.21083849664464394
physionet_grabmyo,S38,session1,session3,physionet_grabmyo::S38::session1->session3,2033,raw_stats,balanced_acc,0.5299680769271891
physionet_grabmyo,S38,session1,session3,physionet_grabmyo::S38::session1->session3,2033,raw_stats_plus_frequency,balanced_acc,0.39552009592622484
physionet_grabmyo,S38,session1,session3,physionet_grabmyo::S38::session1->session3,2033,raw_stats_plus_pretrained,balanced_acc,0.32776763134916437
physionet_grabmyo,S38,session1,session3,physionet_grabmyo::S38::session1->session3,2034,frequency_logbandpower,balanced_acc,0.4830883632060466
physionet_grabmyo,S38,session1,session3,physionet_grabmyo::S38::session1->session3,2034,pretrained_encoder,balanced_acc,0.20516524775453807
physionet_grabmyo,S38,session1,session3,physionet_grabmyo::S38::session1->session3,2034,raw_stats,balanced_acc,0.5058327002793254
physionet_grabmyo,S38,session1,session3,physionet_grabmyo::S38::session1->session3,2034,raw_stats_plus_frequency,balanced_acc,0.4000902089795715
physionet_grabmyo,S38,session1,session3,physionet_grabmyo::S38::session1->session3,2034,raw_stats_plus_pretrained,balanced_acc,0.3174797241119653
physionet_grabmyo,S38,session1,session3,physionet_grabmyo::S38::session1->session3,2035,frequency_logbandpower,balanced_acc,0.4656878419947821
physionet_grabmyo,S38,session1,session3,physionet_grabmyo::S38::session1->session3,2035,pretrained_encoder,balanced_acc,0.19665396671964833
physionet_grabmyo,S38,session1,session3,physionet_grabmyo::S38::session1->session3,2035,raw_stats,balanced_acc,0.5096850927377866
physionet_grabmyo,S38,session1,session3,physionet_grabmyo::S38::session1->session3,2035,raw_stats_plus_frequency,balanced_acc,0.40912764386997785
physionet_grabmyo,S38,session1,session3,physionet_grabmyo::S38::session1->session3,2035,raw_stats_plus_pretrained,balanced_acc,0.3284488838656329
physionet_grabmyo,S39,session1,session2,physionet_grabmyo::S39::session1->session2,2026,frequency_logbandpower,balanced_acc,0.5674144986211485
physionet_grabmyo,S39,session1,session2,physionet_grabmyo::S39::session1->session2,2026,pretrained_encoder,balanced_acc,0.26922575973118157
physionet_grabmyo,S39,session1,session2,physionet_grabmyo::S39::session1->session2,2026,raw_stats,balanced_acc,0.580430820914825
physionet_grabmyo,S39,session1,session2,physionet_grabmyo::S39::session1->session2,2026,raw_stats_plus_frequency,balanced_acc,0.4754696310724004
physionet_grabmyo,S39,session1,session2,physionet_grabmyo::S39::session1->session2,2026,raw_stats_plus_pretrained,balanced_acc,0.4046788456634319
physionet_grabmyo,S39,session1,session2,physionet_grabmyo::S39::session1->session2,2027,frequency_logbandpower,balanced_acc,0.5745512006902617
physionet_grabmyo,S39,session1,session2,physionet_grabmyo::S39::session1->session2,2027,pretrained_encoder,balanced_acc,0.25009753807686913
physionet_grabmyo,S39,session1,session2,physionet_grabmyo::S39::session1->session2,2027,raw_stats,balanced_acc,0.571074411647814
physionet_grabmyo,S39,session1,session2,physionet_grabmyo::S39::session1->session2,2027,raw_stats_plus_frequency,balanced_acc,0.4644615515594257
physionet_grabmyo,S39,session1,session2,physionet_grabmyo::S39::session1->session2,2027,raw_stats_plus_pretrained,balanced_acc,0.3952268912533575
physionet_grabmyo,S39,session1,session2,physionet_grabmyo::S39::session1->session2,2028,frequency_logbandpower,balanced_acc,0.5782680976365876
physionet_grabmyo,S39,session1,session2,physionet_grabmyo::S39::session1->session2,2028,pretrained_encoder,balanced_acc,0.2624353315145198
physionet_grabmyo,S39,session1,session2,physionet_grabmyo::S39::session1->session2,2028,raw_stats,balanced_acc,0.582394678836803
physionet_grabmyo,S39,session1,session2,physionet_grabmyo::S39::session1->session2,2028,raw_stats_plus_frequency,balanced_acc,0.4755519985416666
physionet_grabmyo,S39,session1,session2,physionet_grabmyo::S39::session1->session2,2028,raw_stats_plus_pretrained,balanced_acc,0.4090923430356486
physionet_grabmyo,S39,session1,session2,physionet_grabmyo::S39::session1->session2,2029,frequency_logbandpower,balanced_acc,0.5799405397012398
physionet_grabmyo,S39,session1,session2,physionet_grabmyo::S39::session1->session2,2029,pretrained_encoder,balanced_acc,0.2730041147291839
physionet_grabmyo,S39,session1,session2,physionet_grabmyo::S39::session1->session2,2029,raw_stats,balanced_acc,0.5864046954198162
physionet_grabmyo,S39,session1,session2,physionet_grabmyo::S39::session1->session2,2029,raw_stats_plus_frequency,balanced_acc,0.4790515858707426
physionet_grabmyo,S39,session1,session2,physionet_grabmyo::S39::session1->session2,2029,raw_stats_plus_pretrained,balanced_acc,0.39866248699400647
physionet_grabmyo,S39,session1,session2,physionet_grabmyo::S39::session1->session2,2030,frequency_logbandpower,balanced_acc,0.5737196759182522
physionet_grabmyo,S39,session1,session2,physionet_grabmyo::S39::session1->session2,2030,pretrained_encoder,balanced_acc,0.240634125507553
physionet_grabmyo,S39,session1,session2,physionet_grabmyo::S39::session1->session2,2030,raw_stats,balanced_acc,0.5809509786366209
physionet_grabmyo,S39,session1,session2,physionet_grabmyo::S39::session1->session2,2030,raw_stats_plus_frequency,balanced_acc,0.48177247910093884
physionet_grabmyo,S39,session1,session2,physionet_grabmyo::S39::session1->session2,2030,raw_stats_plus_pretrained,balanced_acc,0.3827135005668923
physionet_grabmyo,S39,session1,session2,physionet_grabmyo::S39::session1->session2,2031,frequency_logbandpower,balanced_acc,0.5826011906680729
physionet_grabmyo,S39,session1,session2,physionet_grabmyo::S39::session1->session2,2031,pretrained_encoder,balanced_acc,0.26658765412505314
physionet_grabmyo,S39,session1,session2,physionet_grabmyo::S39::session1->session2,2031,raw_stats,balanced_acc,0.579348543021348
physionet_grabmyo,S39,session1,session2,physionet_grabmyo::S39::session1->session2,2031,raw_stats_plus_frequency,balanced_acc,0.48712224464218024
physionet_grabmyo,S39,session1,session2,physionet_grabmyo::S39::session1->session2,2031,raw_stats_plus_pretrained,balanced_acc,0.39557426004995505
physionet_grabmyo,S39,session1,session2,physionet_grabmyo::S39::session1->session2,2032,frequency_logbandpower,balanced_acc,0.568828077278817
physionet_grabmyo,S39,session1,session2,physionet_grabmyo::S39::session1->session2,2032,pretrained_encoder,balanced_acc,0.2668898770632998
physionet_grabmyo,S39,session1,session2,physionet_grabmyo::S39::session1->session2,2032,raw_stats,balanced_acc,0.5807144281985582
physionet_grabmyo,S39,session1,session2,physionet_grabmyo::S39::session1->session2,2032,raw_stats_plus_frequency,balanced_acc,0.4689842008082876
physionet_grabmyo,S39,session1,session2,physionet_grabmyo::S39::session1->session2,2032,raw_stats_plus_pretrained,balanced_acc,0.40011079458212095
physionet_grabmyo,S39,session1,session2,physionet_grabmyo::S39::session1->session2,2033,frequency_logbandpower,balanced_acc,0.579041118989057
physionet_grabmyo,S39,session1,session2,physionet_grabmyo::S39::session1->session2,2033,pretrained_encoder,balanced_acc,0.2540884238047544
physionet_grabmyo,S39,session1,session2,physionet_grabmyo::S39::session1->session2,2033,raw_stats,balanced_acc,0.5721245564786149
physionet_grabmyo,S39,session1,session2,physionet_grabmyo::S39::session1->session2,2033,raw_stats_plus_frequency,balanced_acc,0.4801213247717097
physionet_grabmyo,S39,session1,session2,physionet_grabmyo::S39::session1->session2,2033,raw_stats_plus_pretrained,balanced_acc,0.3873986885613458
physionet_grabmyo,S39,session1,session2,physionet_grabmyo::S39::session1->session2,2034,frequency_logbandpower,balanced_acc,0.5841036645012588
physionet_grabmyo,S39,session1,session2,physionet_grabmyo::S39::session1->session2,2034,pretrained_encoder,balanced_acc,0.2516380346923122
physionet_grabmyo,S39,session1,session2,physionet_grabmyo::S39::session1->session2,2034,raw_stats,balanced_acc,0.5811951908037073
physionet_grabmyo,S39,session1,session2,physionet_grabmyo::S39::session1->session2,2034,raw_stats_plus_frequency,balanced_acc,0.48574321344572935
physionet_grabmyo,S39,session1,session2,physionet_grabmyo::S39::session1->session2,2034,raw_stats_plus_pretrained,balanced_acc,0.3858244905053876
physionet_grabmyo,S39,session1,session2,physionet_grabmyo::S39::session1->session2,2035,frequency_logbandpower,balanced_acc,0.5700892318989713
physionet_grabmyo,S39,session1,session2,physionet_grabmyo::S39::session1->session2,2035,pretrained_encoder,balanced_acc,0.2727558663219243
physionet_grabmyo,S39,session1,session2,physionet_grabmyo::S39::session1->session2,2035,raw_stats,balanced_acc,0.5723936853066829
physionet_grabmyo,S39,session1,session2,physionet_grabmyo::S39::session1->session2,2035,raw_stats_plus_frequency,balanced_acc,0.47812874044794335
physionet_grabmyo,S39,session1,session2,physionet_grabmyo::S39::session1->session2,2035,raw_stats_plus_pretrained,balanced_acc,0.3838557861209425
physionet_grabmyo,S39,session1,session3,physionet_grabmyo::S39::session1->session3,2026,frequency_logbandpower,balanced_acc,0.5990157537490035
physionet_grabmyo,S39,session1,session3,physionet_grabmyo::S39::session1->session3,2026,pretrained_encoder,balanced_acc,0.20594779824991685
physionet_grabmyo,S39,session1,session3,physionet_grabmyo::S39::session1->session3,2026,raw_stats,balanced_acc,0.6698451095102042
physionet_grabmyo,S39,session1,session3,physionet_grabmyo::S39::session1->session3,2026,raw_stats_plus_frequency,balanced_acc,0.5473226766519007
physionet_grabmyo,S39,session1,session3,physionet_grabmyo::S39::session1->session3,2026,raw_stats_plus_pretrained,balanced_acc,0.3902135698999482
physionet_grabmyo,S39,session1,session3,physionet_grabmyo::S39::session1->session3,2027,frequency_logbandpower,balanced_acc,0.6071750278796931
physionet_grabmyo,S39,session1,session3,physionet_grabmyo::S39::session1->session3,2027,pretrained_encoder,balanced_acc,0.21459298534996182
physionet_grabmyo,S39,session1,session3,physionet_grabmyo::S39::session1->session3,2027,raw_stats,balanced_acc,0.6765456421943099
physionet_grabmyo,S39,session1,session3,physionet_grabmyo::S39::session1->session3,2027,raw_stats_plus_frequency,balanced_acc,0.5484834778395772
physionet_grabmyo,S39,session1,session3,physionet_grabmyo::S39::session1->session3,2027,raw_stats_plus_pretrained,balanced_acc,0.3751045482478265
physionet_grabmyo,S39,session1,session3,physionet_grabmyo::S39::session1->session3,2028,frequency_logbandpower,balanced_acc,0.6108110274608295
physionet_grabmyo,S39,session1,session3,physionet_grabmyo::S39::session1->session3,2028,pretrained_encoder,balanced_acc,0.20854180036777747
physionet_grabmyo,S39,session1,session3,physionet_grabmyo::S39::session1->session3,2028,raw_stats,balanced_acc,0.6801334600148914
physionet_grabmyo,S39,session1,session3,physionet_grabmyo::S39::session1->session3,2028,raw_stats_plus_frequency,balanced_acc,0.5525035408302563
physionet_grabmyo,S39,session1,session3,physionet_grabmyo::S39::session1->session3,2028,raw_stats_plus_pretrained,balanced_acc,0.36537039767596685
physionet_grabmyo,S39,session1,session3,physionet_grabmyo::S39::session1->session3,2029,frequency_logbandpower,balanced_acc,0.6123178881316921
physionet_grabmyo,S39,session1,session3,physionet_grabmyo::S39::session1->session3,2029,pretrained_encoder,balanced_acc,0.20002434336845418
physionet_grabmyo,S39,session1,session3,physionet_grabmyo::S39::session1->session3,2029,raw_stats,balanced_acc,0.6767624784229002
physionet_grabmyo,S39,session1,session3,physionet_grabmyo::S39::session1->session3,2029,raw_stats_plus_frequency,balanced_acc,0.5657215850480665
physionet_grabmyo,S39,session1,session3,physionet_grabmyo::S39::session1->session3,2029,raw_stats_plus_pretrained,balanced_acc,0.39016873002095864
physionet_grabmyo,S39,session1,session3,physionet_grabmyo::S39::session1->session3,2030,frequency_logbandpower,balanced_acc,0.6139425867948938
physionet_grabmyo,S39,session1,session3,physionet_grabmyo::S39::session1->session3,2030,pretrained_encoder,balanced_acc,0.2115315810781705
physionet_grabmyo,S39,session1,session3,physionet_grabmyo::S39::session1->session3,2030,raw_stats,balanced_acc,0.6578511679344227
physionet_grabmyo,S39,session1,session3,physionet_grabmyo::S39::session1->session3,2030,raw_stats_plus_frequency,balanced_acc,0.5411302750413916
physionet_grabmyo,S39,session1,session3,physionet_grabmyo::S39::session1->session3,2030,raw_stats_plus_pretrained,balanced_acc,0.3968781586625246
physionet_grabmyo,S39,session1,session3,physionet_grabmyo::S39::session1->session3,2031,frequency_logbandpower,balanced_acc,0.6081370668512821
physionet_grabmyo,S39,session1,session3,physionet_grabmyo::S39::session1->session3,2031,pretrained_encoder,balanced_acc,0.2013899444448296
physionet_grabmyo,S39,session1,session3,physionet_grabmyo::S39::session1->session3,2031,raw_stats,balanced_acc,0.6741965197903121
physionet_grabmyo,S39,session1,session3,physionet_grabmyo::S39::session1->session3,2031,raw_stats_plus_frequency,balanced_acc,0.5545432621505644
physionet_grabmyo,S39,session1,session3,physionet_grabmyo::S39::session1->session3,2031,raw_stats_plus_pretrained,balanced_acc,0.39568696634186834
physionet_grabmyo,S39,session1,session3,physionet_grabmyo::S39::session1->session3,2032,frequency_logbandpower,balanced_acc,0.5932872510687005
physionet_grabmyo,S39,session1,session3,physionet_grabmyo::S39::session1->session3,2032,pretrained_encoder,balanced_acc,0.22265229410116058
physionet_grabmyo,S39,session1,session3,physionet_grabmyo::S39::session1->session3,2032,raw_stats,balanced_acc,0.6747534171935498
physionet_grabmyo,S39,session1,session3,physionet_grabmyo::S39::session1->session3,2032,raw_stats_plus_frequency,balanced_acc,0.5449627347249463
physionet_grabmyo,S39,session1,session3,physionet_grabmyo::S39::session1->session3,2032,raw_stats_plus_pretrained,balanced_acc,0.3918324246352387
physionet_grabmyo,S39,session1,session3,physionet_grabmyo::S39::session1->session3,2033,frequency_logbandpower,balanced_acc,0.6053286254214063
physionet_grabmyo,S39,session1,session3,physionet_grabmyo::S39::session1->session3,2033,pretrained_encoder,balanced_acc,0.19584104416245682
physionet_grabmyo,S39,session1,session3,physionet_grabmyo::S39::session1->session3,2033,raw_stats,balanced_acc,0.6815073405666019
physionet_grabmyo,S39,session1,session3,physionet_grabmyo::S39::session1->session3,2033,raw_stats_plus_frequency,balanced_acc,0.552282886708932
physionet_grabmyo,S39,session1,session3,physionet_grabmyo::S39::session1->session3,2033,raw_stats_plus_pretrained,balanced_acc,0.39537350996699117
physionet_grabmyo,S39,session1,session3,physionet_grabmyo::S39::session1->session3,2034,frequency_logbandpower,balanced_acc,0.6275116275603349
physionet_grabmyo,S39,session1,session3,physionet_grabmyo::S39::session1->session3,2034,pretrained_encoder,balanced_acc,0.20558808127458697
physionet_grabmyo,S39,session1,session3,physionet_grabmyo::S39::session1->session3,2034,raw_stats,balanced_acc,0.6733447652404073
physionet_grabmyo,S39,session1,session3,physionet_grabmyo::S39::session1->session3,2034,raw_stats_plus_frequency,balanced_acc,0.569916484012066
physionet_grabmyo,S39,session1,session3,physionet_grabmyo::S39::session1->session3,2034,raw_stats_plus_pretrained,balanced_acc,0.4011490910534751
physionet_grabmyo,S39,session1,session3,physionet_grabmyo::S39::session1->session3,2035,frequency_logbandpower,balanced_acc,0.6062748374169427
physionet_grabmyo,S39,session1,session3,physionet_grabmyo::S39::session1->session3,2035,pretrained_encoder,balanced_acc,0.21037459204264142
physionet_grabmyo,S39,session1,session3,physionet_grabmyo::S39::session1->session3,2035,raw_stats,balanced_acc,0.6673272597882848
physionet_grabmyo,S39,session1,session3,physionet_grabmyo::S39::session1->session3,2035,raw_stats_plus_frequency,balanced_acc,0.5575744624245393
physionet_grabmyo,S39,session1,session3,physionet_grabmyo::S39::session1->session3,2035,raw_stats_plus_pretrained,balanced_acc,0.38729362529572514
physionet_grabmyo,S40,session1,session2,physionet_grabmyo::S40::session1->session2,2026,frequency_logbandpower,balanced_acc,0.5079340310994324
physionet_grabmyo,S40,session1,session2,physionet_grabmyo::S40::session1->session2,2026,pretrained_encoder,balanced_acc,0.2514347296774652
physionet_grabmyo,S40,session1,session2,physionet_grabmyo::S40::session1->session2,2026,raw_stats,balanced_acc,0.5369245384304143
physionet_grabmyo,S40,session1,session2,physionet_grabmyo::S40::session1->session2,2026,raw_stats_plus_frequency,balanced_acc,0.45363891965907505
physionet_grabmyo,S40,session1,session2,physionet_grabmyo::S40::session1->session2,2026,raw_stats_plus_pretrained,balanced_acc,0.33680194043990375
physionet_grabmyo,S40,session1,session2,physionet_grabmyo::S40::session1->session2,2027,frequency_logbandpower,balanced_acc,0.5280944155497497
physionet_grabmyo,S40,session1,session2,physionet_grabmyo::S40::session1->session2,2027,pretrained_encoder,balanced_acc,0.23259822683155063
physionet_grabmyo,S40,session1,session2,physionet_grabmyo::S40::session1->session2,2027,raw_stats,balanced_acc,0.5203429943002561
physionet_grabmyo,S40,session1,session2,physionet_grabmyo::S40::session1->session2,2027,raw_stats_plus_frequency,balanced_acc,0.4618925713277733
physionet_grabmyo,S40,session1,session2,physionet_grabmyo::S40::session1->session2,2027,raw_stats_plus_pretrained,balanced_acc,0.3365586397595617
physionet_grabmyo,S40,session1,session2,physionet_grabmyo::S40::session1->session2,2028,frequency_logbandpower,balanced_acc,0.5234874841697623
physionet_grabmyo,S40,session1,session2,physionet_grabmyo::S40::session1->session2,2028,pretrained_encoder,balanced_acc,0.24335963127634536
physionet_grabmyo,S40,session1,session2,physionet_grabmyo::S40::session1->session2,2028,raw_stats,balanced_acc,0.5435146131609686
physionet_grabmyo,S40,session1,session2,physionet_grabmyo::S40::session1->session2,2028,raw_stats_plus_frequency,balanced_acc,0.45645294117793206
physionet_grabmyo,S40,session1,session2,physionet_grabmyo::S40::session1->session2,2028,raw_stats_plus_pretrained,balanced_acc,0.36190314469449475
physionet_grabmyo,S40,session1,session2,physionet_grabmyo::S40::session1->session2,2029,frequency_logbandpower,balanced_acc,0.4966343315385505
physionet_grabmyo,S40,session1,session2,physionet_grabmyo::S40::session1->session2,2029,pretrained_encoder,balanced_acc,0.2512947445730923
physionet_grabmyo,S40,session1,session2,physionet_grabmyo::S40::session1->session2,2029,raw_stats,balanced_acc,0.5220923288181173
physionet_grabmyo,S40,session1,session2,physionet_grabmyo::S40::session1->session2,2029,raw_stats_plus_frequency,balanced_acc,0.44666849708864476
physionet_grabmyo,S40,session1,session2,physionet_grabmyo::S40::session1->session2,2029,raw_stats_plus_pretrained,balanced_acc,0.3612750178125948
physionet_grabmyo,S40,session1,session2,physionet_grabmyo::S40::session1->session2,2030,frequency_logbandpower,balanced_acc,0.5144710695267954
physionet_grabmyo,S40,session1,session2,physionet_grabmyo::S40::session1->session2,2030,pretrained_encoder,balanced_acc,0.24554207870887768
physionet_grabmyo,S40,session1,session2,physionet_grabmyo::S40::session1->session2,2030,raw_stats,balanced_acc,0.5341226003412166
physionet_grabmyo,S40,session1,session2,physionet_grabmyo::S40::session1->session2,2030,raw_stats_plus_frequency,balanced_acc,0.44332317057185183
physionet_grabmyo,S40,session1,session2,physionet_grabmyo::S40::session1->session2,2030,raw_stats_plus_pretrained,balanced_acc,0.34902308732259374
physionet_grabmyo,S40,session1,session2,physionet_grabmyo::S40::session1->session2,2031,frequency_logbandpower,balanced_acc,0.5243369393637778
physionet_grabmyo,S40,session1,session2,physionet_grabmyo::S40::session1->session2,2031,pretrained_encoder,balanced_acc,0.2373355301504693
physionet_grabmyo,S40,session1,session2,physionet_grabmyo::S40::session1->session2,2031,raw_stats,balanced_acc,0.5260752551263442
physionet_grabmyo,S40,session1,session2,physionet_grabmyo::S40::session1->session2,2031,raw_stats_plus_frequency,balanced_acc,0.4625811320460036
physionet_grabmyo,S40,session1,session2,physionet_grabmyo::S40::session1->session2,2031,raw_stats_plus_pretrained,balanced_acc,0.34593347713461237
physionet_grabmyo,S40,session1,session2,physionet_grabmyo::S40::session1->session2,2032,frequency_logbandpower,balanced_acc,0.5322324073502348
physionet_grabmyo,S40,session1,session2,physionet_grabmyo::S40::session1->session2,2032,pretrained_encoder,balanced_acc,0.24503267057672612
physionet_grabmyo,S40,session1,session2,physionet_grabmyo::S40::session1->session2,2032,raw_stats,balanced_acc,0.5352332969431227
physionet_grabmyo,S40,session1,session2,physionet_grabmyo::S40::session1->session2,2032,raw_stats_plus_frequency,balanced_acc,0.4608529547036792
physionet_grabmyo,S40,session1,session2,physionet_grabmyo::S40::session1->session2,2032,raw_stats_plus_pretrained,balanced_acc,0.3478205763087318
physionet_grabmyo,S40,session1,session2,physionet_grabmyo::S40::session1->session2,2033,frequency_logbandpower,balanced_acc,0.5180396294383313
physionet_grabmyo,S40,session1,session2,physionet_grabmyo::S40::session1->session2,2033,pretrained_encoder,balanced_acc,0.23255850985927565
physionet_grabmyo,S40,session1,session2,physionet_grabmyo::S40::session1->session2,2033,raw_stats,balanced_acc,0.5201034185401611
physionet_grabmyo,S40,session1,session2,physionet_grabmyo::S40::session1->session2,2033,raw_stats_plus_frequency,balanced_acc,0.470291975074473
physionet_grabmyo,S40,session1,session2,physionet_grabmyo::S40::session1->session2,2033,raw_stats_plus_pretrained,balanced_acc,0.3381612993994558
physionet_grabmyo,S40,session1,session2,physionet_grabmyo::S40::session1->session2,2034,frequency_logbandpower,balanced_acc,0.5075376004139086
physionet_grabmyo,S40,session1,session2,physionet_grabmyo::S40::session1->session2,2034,pretrained_encoder,balanced_acc,0.23238170180930406
physionet_grabmyo,S40,session1,session2,physionet_grabmyo::S40::session1->session2,2034,raw_stats,balanced_acc,0.5097869010663947
physionet_grabmyo,S40,session1,session2,physionet_grabmyo::S40::session1->session2,2034,raw_stats_plus_frequency,balanced_acc,0.4521870651896871
physionet_grabmyo,S40,session1,session2,physionet_grabmyo::S40::session1->session2,2034,raw_stats_plus_pretrained,balanced_acc,0.3277801710000097
physionet_grabmyo,S40,session1,session2,physionet_grabmyo::S40::session1->session2,2035,frequency_logbandpower,balanced_acc,0.5223585189070679
physionet_grabmyo,S40,session1,session2,physionet_grabmyo::S40::session1->session2,2035,pretrained_encoder,balanced_acc,0.2424410726700058
physionet_grabmyo,S40,session1,session2,physionet_grabmyo::S40::session1->session2,2035,raw_stats,balanced_acc,0.5127883009643295
physionet_grabmyo,S40,session1,session2,physionet_grabmyo::S40::session1->session2,2035,raw_stats_plus_frequency,balanced_acc,0.44748928968317714
physionet_grabmyo,S40,session1,session2,physionet_grabmyo::S40::session1->session2,2035,raw_stats_plus_pretrained,balanced_acc,0.3380889168583337
physionet_grabmyo,S40,session1,session3,physionet_grabmyo::S40::session1->session3,2026,frequency_logbandpower,balanced_acc,0.43001794113205666
physionet_grabmyo,S40,session1,session3,physionet_grabmyo::S40::session1->session3,2026,pretrained_encoder,balanced_acc,0.22746016741413552
physionet_grabmyo,S40,session1,session3,physionet_grabmyo::S40::session1->session3,2026,raw_stats,balanced_acc,0.4580218929856645
physionet_grabmyo,S40,session1,session3,physionet_grabmyo::S40::session1->session3,2026,raw_stats_plus_frequency,balanced_acc,0.3923330778229626
physionet_grabmyo,S40,session1,session3,physionet_grabmyo::S40::session1->session3,2026,raw_stats_plus_pretrained,balanced_acc,0.3118334429277045
physionet_grabmyo,S40,session1,session3,physionet_grabmyo::S40::session1->session3,2027,frequency_logbandpower,balanced_acc,0.40869818717364814
physionet_grabmyo,S40,session1,session3,physionet_grabmyo::S40::session1->session3,2027,pretrained_encoder,balanced_acc,0.2227792657500018
physionet_grabmyo,S40,session1,session3,physionet_grabmyo::S40::session1->session3,2027,raw_stats,balanced_acc,0.46442518434535235
physionet_grabmyo,S40,session1,session3,physionet_grabmyo::S40::session1->session3,2027,raw_stats_plus_frequency,balanced_acc,0.38602623394971464
physionet_grabmyo,S40,session1,session3,physionet_grabmyo::S40::session1->session3,2027,raw_stats_plus_pretrained,balanced_acc,0.3223293807183083
physionet_grabmyo,S40,session1,session3,physionet_grabmyo::S40::session1->session3,2028,frequency_logbandpower,balanced_acc,0.41517081312959797
physionet_grabmyo,S40,session1,session3,physionet_grabmyo::S40::session1->session3,2028,pretrained_encoder,balanced_acc,0.2235127953901587
physionet_grabmyo,S40,session1,session3,physionet_grabmyo::S40::session1->session3,2028,raw_stats,balanced_acc,0.4737164108873466
physionet_grabmyo,S40,session1,session3,physionet_grabmyo::S40::session1->session3,2028,raw_stats_plus_frequency,balanced_acc,0.3731328813489392
physionet_grabmyo,S40,session1,session3,physionet_grabmyo::S40::session1->session3,2028,raw_stats_plus_pretrained,balanced_acc,0.3162790196430268
physionet_grabmyo,S40,session1,session3,physionet_grabmyo::S40::session1->session3,2029,frequency_logbandpower,balanced_acc,0.40042632042600185
physionet_grabmyo,S40,session1,session3,physionet_grabmyo::S40::session1->session3,2029,pretrained_encoder,balanced_acc,0.21293221351673444
physionet_grabmyo,S40,session1,session3,physionet_grabmyo::S40::session1->session3,2029,raw_stats,balanced_acc,0.4521287837890364
physionet_grabmyo,S40,session1,session3,physionet_grabmyo::S40::session1->session3,2029,raw_stats_plus_frequency,balanced_acc,0.36846388996421187
physionet_grabmyo,S40,session1,session3,physionet_grabmyo::S40::session1->session3,2029,raw_stats_plus_pretrained,balanced_acc,0.3114034357130592
physionet_grabmyo,S40,session1,session3,physionet_grabmyo::S40::session1->session3,2030,frequency_logbandpower,balanced_acc,0.417372335530922
physionet_grabmyo,S40,session1,session3,physionet_grabmyo::S40::session1->session3,2030,pretrained_encoder,balanced_acc,0.23543937266785045
physionet_grabmyo,S40,session1,session3,physionet_grabmyo::S40::session1->session3,2030,raw_stats,balanced_acc,0.4763510501191704
physionet_grabmyo,S40,session1,session3,physionet_grabmyo::S40::session1->session3,2030,raw_stats_plus_frequency,balanced_acc,0.3604878253464062
physionet_grabmyo,S40,session1,session3,physionet_grabmyo::S40::session1->session3,2030,raw_stats_plus_pretrained,balanced_acc,0.31364040139758237
physionet_grabmyo,S40,session1,session3,physionet_grabmyo::S40::session1->session3,2031,frequency_logbandpower,balanced_acc,0.41314406734125153
physionet_grabmyo,S40,session1,session3,physionet_grabmyo::S40::session1->session3,2031,pretrained_encoder,balanced_acc,0.2321199180843692
physionet_grabmyo,S40,session1,session3,physionet_grabmyo::S40::session1->session3,2031,raw_stats,balanced_acc,0.4547228310027106
physionet_grabmyo,S40,session1,session3,physionet_grabmyo::S40::session1->session3,2031,raw_stats_plus_frequency,balanced_acc,0.3970031748135061
physionet_grabmyo,S40,session1,session3,physionet_grabmyo::S40::session1->session3,2031,raw_stats_plus_pretrained,balanced_acc,0.318530357084741
physionet_grabmyo,S40,session1,session3,physionet_grabmyo::S40::session1->session3,2032,frequency_logbandpower,balanced_acc,0.4112967697782937
physionet_grabmyo,S40,session1,session3,physionet_grabmyo::S40::session1->session3,2032,pretrained_encoder,balanced_acc,0.2318002557068669
physionet_grabmyo,S40,session1,session3,physionet_grabmyo::S40::session1->session3,2032,raw_stats,balanced_acc,0.47511289853333083
physionet_grabmyo,S40,session1,session3,physionet_grabmyo::S40::session1->session3,2032,raw_stats_plus_frequency,balanced_acc,0.368955386630791
physionet_grabmyo,S40,session1,session3,physionet_grabmyo::S40::session1->session3,2032,raw_stats_plus_pretrained,balanced_acc,0.3193892460637317
physionet_grabmyo,S40,session1,session3,physionet_grabmyo::S40::session1->session3,2033,frequency_logbandpower,balanced_acc,0.4103889679186448
physionet_grabmyo,S40,session1,session3,physionet_grabmyo::S40::session1->session3,2033,pretrained_encoder,balanced_acc,0.227416110362117
physionet_grabmyo,S40,session1,session3,physionet_grabmyo::S40::session1->session3,2033,raw_stats,balanced_acc,0.4557132946305382
physionet_grabmyo,S40,session1,session3,physionet_grabmyo::S40::session1->session3,2033,raw_stats_plus_frequency,balanced_acc,0.38637325431637404
physionet_grabmyo,S40,session1,session3,physionet_grabmyo::S40::session1->session3,2033,raw_stats_plus_pretrained,balanced_acc,0.29772236088421294
physionet_grabmyo,S40,session1,session3,physionet_grabmyo::S40::session1->session3,2034,frequency_logbandpower,balanced_acc,0.41758403747121997
physionet_grabmyo,S40,session1,session3,physionet_grabmyo::S40::session1->session3,2034,pretrained_encoder,balanced_acc,0.2173166196052834
physionet_grabmyo,S40,session1,session3,physionet_grabmyo::S40::session1->session3,2034,raw_stats,balanced_acc,0.47015012053686384
physionet_grabmyo,S40,session1,session3,physionet_grabmyo::S40::session1->session3,2034,raw_stats_plus_frequency,balanced_acc,0.3830389253872381
physionet_grabmyo,S40,session1,session3,physionet_grabmyo::S40::session1->session3,2034,raw_stats_plus_pretrained,balanced_acc,0.3010108756684112
physionet_grabmyo,S40,session1,session3,physionet_grabmyo::S40::session1->session3,2035,frequency_logbandpower,balanced_acc,0.41618204161922784
physionet_grabmyo,S40,session1,session3,physionet_grabmyo::S40::session1->session3,2035,pretrained_encoder,balanced_acc,0.21186860439523994
physionet_grabmyo,S40,session1,session3,physionet_grabmyo::S40::session1->session3,2035,raw_stats,balanced_acc,0.4597879442770391
physionet_grabmyo,S40,session1,session3,physionet_grabmyo::S40::session1->session3,2035,raw_stats_plus_frequency,balanced_acc,0.3996608638518971
physionet_grabmyo,S40,session1,session3,physionet_grabmyo::S40::session1->session3,2035,raw_stats_plus_pretrained,balanced_acc,0.30823388700409876
physionet_grabmyo,S41,session1,session2,physionet_grabmyo::S41::session1->session2,2026,frequency_logbandpower,balanced_acc,0.5076809028152273
physionet_grabmyo,S41,session1,session2,physionet_grabmyo::S41::session1->session2,2026,pretrained_encoder,balanced_acc,0.22714392139651024
physionet_grabmyo,S41,session1,session2,physionet_grabmyo::S41::session1->session2,2026,raw_stats,balanced_acc,0.5920332594291583
physionet_grabmyo,S41,session1,session2,physionet_grabmyo::S41::session1->session2,2026,raw_stats_plus_frequency,balanced_acc,0.4555050181970041
physionet_grabmyo,S41,session1,session2,physionet_grabmyo::S41::session1->session2,2026,raw_stats_plus_pretrained,balanced_acc,0.3916840338002482
physionet_grabmyo,S41,session1,session2,physionet_grabmyo::S41::session1->session2,2027,frequency_logbandpower,balanced_acc,0.5208785687871325
physionet_grabmyo,S41,session1,session2,physionet_grabmyo::S41::session1->session2,2027,pretrained_encoder,balanced_acc,0.23031991192781306
physionet_grabmyo,S41,session1,session2,physionet_grabmyo::S41::session1->session2,2027,raw_stats,balanced_acc,0.5985068837334133
physionet_grabmyo,S41,session1,session2,physionet_grabmyo::S41::session1->session2,2027,raw_stats_plus_frequency,balanced_acc,0.46175601729303334
physionet_grabmyo,S41,session1,session2,physionet_grabmyo::S41::session1->session2,2027,raw_stats_plus_pretrained,balanced_acc,0.3759606985947391
physionet_grabmyo,S41,session1,session2,physionet_grabmyo::S41::session1->session2,2028,frequency_logbandpower,balanced_acc,0.5180854726759802
physionet_grabmyo,S41,session1,session2,physionet_grabmyo::S41::session1->session2,2028,pretrained_encoder,balanced_acc,0.21876299948338238
physionet_grabmyo,S41,session1,session2,physionet_grabmyo::S41::session1->session2,2028,raw_stats,balanced_acc,0.5898005450417727
physionet_grabmyo,S41,session1,session2,physionet_grabmyo::S41::session1->session2,2028,raw_stats_plus_frequency,balanced_acc,0.46975171069176214
physionet_grabmyo,S41,session1,session2,physionet_grabmyo::S41::session1->session2,2028,raw_stats_plus_pretrained,balanced_acc,0.3855622842971148
physionet_grabmyo,S41,session1,session2,physionet_grabmyo::S41::session1->session2,2029,frequency_logbandpower,balanced_acc,0.5253108148515881
physionet_grabmyo,S41,session1,session2,physionet_grabmyo::S41::session1->session2,2029,pretrained_encoder,balanced_acc,0.22202108945517895
physionet_grabmyo,S41,session1,session2,physionet_grabmyo::S41::session1->session2,2029,raw_stats,balanced_acc,0.607458702306148
physionet_grabmyo,S41,session1,session2,physionet_grabmyo::S41::session1->session2,2029,raw_stats_plus_frequency,balanced_acc,0.4868783426701408
physionet_grabmyo,S41,session1,session2,physionet_grabmyo::S41::session1->session2,2029,raw_stats_plus_pretrained,balanced_acc,0.39910889127504623
physionet_grabmyo,S41,session1,session2,physionet_grabmyo::S41::session1->session2,2030,frequency_logbandpower,balanced_acc,0.5209901994196666
physionet_grabmyo,S41,session1,session2,physionet_grabmyo::S41::session1->session2,2030,pretrained_encoder,balanced_acc,0.2161476323104929
physionet_grabmyo,S41,session1,session2,physionet_grabmyo::S41::session1->session2,2030,raw_stats,balanced_acc,0.594255467436846
physionet_grabmyo,S41,session1,session2,physionet_grabmyo::S41::session1->session2,2030,raw_stats_plus_frequency,balanced_acc,0.470095951509196
physionet_grabmyo,S41,session1,session2,physionet_grabmyo::S41::session1->session2,2030,raw_stats_plus_pretrained,balanced_acc,0.37650430723106965
physionet_grabmyo,S41,session1,session2,physionet_grabmyo::S41::session1->session2,2031,frequency_logbandpower,balanced_acc,0.5160184139475535
physionet_grabmyo,S41,session1,session2,physionet_grabmyo::S41::session1->session2,2031,pretrained_encoder,balanced_acc,0.21927738979990183
physionet_grabmyo,S41,session1,session2,physionet_grabmyo::S41::session1->session2,2031,raw_stats,balanced_acc,0.6050718497180796
physionet_grabmyo,S41,session1,session2,physionet_grabmyo::S41::session1->session2,2031,raw_stats_plus_frequency,balanced_acc,0.479007900857895
physionet_grabmyo,S41,session1,session2,physionet_grabmyo::S41::session1->session2,2031,raw_stats_plus_pretrained,balanced_acc,0.3906551994458599
physionet_grabmyo,S41,session1,session2,physionet_grabmyo::S41::session1->session2,2032,frequency_logbandpower,balanced_acc,0.5286355175979661
physionet_grabmyo,S41,session1,session2,physionet_grabmyo::S41::session1->session2,2032,pretrained_encoder,balanced_acc,0.21965374418050135
physionet_grabmyo,S41,session1,session2,physionet_grabmyo::S41::session1->session2,2032,raw_stats,balanced_acc,0.5900675098781131
physionet_grabmyo,S41,session1,session2,physionet_grabmyo::S41::session1->session2,2032,raw_stats_plus_frequency,balanced_acc,0.4705360577415741
physionet_grabmyo,S41,session1,session2,physionet_grabmyo::S41::session1->session2,2032,raw_stats_plus_pretrained,balanced_acc,0.3944668822393784
physionet_grabmyo,S41,session1,session2,physionet_grabmyo::S41::session1->session2,2033,frequency_logbandpower,balanced_acc,0.5321968736025727
physionet_grabmyo,S41,session1,session2,physionet_grabmyo::S41::session1->session2,2033,pretrained_encoder,balanced_acc,0.21701095724332545
physionet_grabmyo,S41,session1,session2,physionet_grabmyo::S41::session1->session2,2033,raw_stats,balanced_acc,0.5865272097683923
physionet_grabmyo,S41,session1,session2,physionet_grabmyo::S41::session1->session2,2033,raw_stats_plus_frequency,balanced_acc,0.4767631339078615
physionet_grabmyo,S41,session1,session2,physionet_grabmyo::S41::session1->session2,2033,raw_stats_plus_pretrained,balanced_acc,0.37712663147255765
physionet_grabmyo,S41,session1,session2,physionet_grabmyo::S41::session1->session2,2034,frequency_logbandpower,balanced_acc,0.5222423422079778
physionet_grabmyo,S41,session1,session2,physionet_grabmyo::S41::session1->session2,2034,pretrained_encoder,balanced_acc,0.21466615707783196
physionet_grabmyo,S41,session1,session2,physionet_grabmyo::S41::session1->session2,2034,raw_stats,balanced_acc,0.5956965802881734
physionet_grabmyo,S41,session1,session2,physionet_grabmyo::S41::session1->session2,2034,raw_stats_plus_frequency,balanced_acc,0.473983941075139
physionet_grabmyo,S41,session1,session2,physionet_grabmyo::S41::session1->session2,2034,raw_stats_plus_pretrained,balanced_acc,0.3819841819160021
physionet_grabmyo,S41,session1,session2,physionet_grabmyo::S41::session1->session2,2035,frequency_logbandpower,balanced_acc,0.5235030222529069
physionet_grabmyo,S41,session1,session2,physionet_grabmyo::S41::session1->session2,2035,pretrained_encoder,balanced_acc,0.22585403395049858
physionet_grabmyo,S41,session1,session2,physionet_grabmyo::S41::session1->session2,2035,raw_stats,balanced_acc,0.5941485457387807
physionet_grabmyo,S41,session1,session2,physionet_grabmyo::S41::session1->session2,2035,raw_stats_plus_frequency,balanced_acc,0.46627502554355205
physionet_grabmyo,S41,session1,session2,physionet_grabmyo::S41::session1->session2,2035,raw_stats_plus_pretrained,balanced_acc,0.38450911737559434
physionet_grabmyo,S41,session1,session3,physionet_grabmyo::S41::session1->session3,2026,frequency_logbandpower,balanced_acc,0.4432601427296302
physionet_grabmyo,S41,session1,session3,physionet_grabmyo::S41::session1->session3,2026,pretrained_encoder,balanced_acc,0.22647814675024955
physionet_grabmyo,S41,session1,session3,physionet_grabmyo::S41::session1->session3,2026,raw_stats,balanced_acc,0.5714806021069467
physionet_grabmyo,S41,session1,session3,physionet_grabmyo::S41::session1->session3,2026,raw_stats_plus_frequency,balanced_acc,0.40414797411317405
physionet_grabmyo,S41,session1,session3,physionet_grabmyo::S41::session1->session3,2026,raw_stats_plus_pretrained,balanced_acc,0.3750435462615244
physionet_grabmyo,S41,session1,session3,physionet_grabmyo::S41::session1->session3,2027,frequency_logbandpower,balanced_acc,0.4422308194614382
physionet_grabmyo,S41,session1,session3,physionet_grabmyo::S41::session1->session3,2027,pretrained_encoder,balanced_acc,0.21832647053740234
physionet_grabmyo,S41,session1,session3,physionet_grabmyo::S41::session1->session3,2027,raw_stats,balanced_acc,0.5682813714378329
physionet_grabmyo,S41,session1,session3,physionet_grabmyo::S41::session1->session3,2027,raw_stats_plus_frequency,balanced_acc,0.42146050857761114
physionet_grabmyo,S41,session1,session3,physionet_grabmyo::S41::session1->session3,2027,raw_stats_plus_pretrained,balanced_acc,0.39182793485563644
physionet_grabmyo,S41,session1,session3,physionet_grabmyo::S41::session1->session3,2028,frequency_logbandpower,balanced_acc,0.44087410173003216
physionet_grabmyo,S41,session1,session3,physionet_grabmyo::S41::session1->session3,2028,pretrained_encoder,balanced_acc,0.21806506719083127
physionet_grabmyo,S41,session1,session3,physionet_grabmyo::S41::session1->session3,2028,raw_stats,balanced_acc,0.5645117956221507
physionet_grabmyo,S41,session1,session3,physionet_grabmyo::S41::session1->session3,2028,raw_stats_plus_frequency,balanced_acc,0.40708249243114875
physionet_grabmyo,S41,session1,session3,physionet_grabmyo::S41::session1->session3,2028,raw_stats_plus_pretrained,balanced_acc,0.38221349426169593
physionet_grabmyo,S41,session1,session3,physionet_grabmyo::S41::session1->session3,2029,frequency_logbandpower,balanced_acc,0.45166313278784553
physionet_grabmyo,S41,session1,session3,physionet_grabmyo::S41::session1->session3,2029,pretrained_encoder,balanced_acc,0.21544432622276413
physionet_grabmyo,S41,session1,session3,physionet_grabmyo::S41::session1->session3,2029,raw_stats,balanced_acc,0.5642340500311082
physionet_grabmyo,S41,session1,session3,physionet_grabmyo::S41::session1->session3,2029,raw_stats_plus_frequency,balanced_acc,0.4052231870627765
physionet_grabmyo,S41,session1,session3,physionet_grabmyo::S41::session1->session3,2029,raw_stats_plus_pretrained,balanced_acc,0.3843889980629418
physionet_grabmyo,S41,session1,session3,physionet_grabmyo::S41::session1->session3,2030,frequency_logbandpower,balanced_acc,0.4460368054434505
physionet_grabmyo,S41,session1,session3,physionet_grabmyo::S41::session1->session3,2030,pretrained_encoder,balanced_acc,0.22171448604016503
physionet_grabmyo,S41,session1,session3,physionet_grabmyo::S41::session1->session3,2030,raw_stats,balanced_acc,0.5637360570259502
physionet_grabmyo,S41,session1,session3,physionet_grabmyo::S41::session1->session3,2030,raw_stats_plus_frequency,balanced_acc,0.4149490984317152
physionet_grabmyo,S41,session1,session3,physionet_grabmyo::S41::session1->session3,2030,raw_stats_plus_pretrained,balanced_acc,0.36945192007358035
physionet_grabmyo,S41,session1,session3,physionet_grabmyo::S41::session1->session3,2031,frequency_logbandpower,balanced_acc,0.4239085037702412
physionet_grabmyo,S41,session1,session3,physionet_grabmyo::S41::session1->session3,2031,pretrained_encoder,balanced_acc,0.22087405996839476
physionet_grabmyo,S41,session1,session3,physionet_grabmyo::S41::session1->session3,2031,raw_stats,balanced_acc,0.567416215837456
physionet_grabmyo,S41,session1,session3,physionet_grabmyo::S41::session1->session3,2031,raw_stats_plus_frequency,balanced_acc,0.3961369691189957
physionet_grabmyo,S41,session1,session3,physionet_grabmyo::S41::session1->session3,2031,raw_stats_plus_pretrained,balanced_acc,0.3774401392013815
physionet_grabmyo,S41,session1,session3,physionet_grabmyo::S41::session1->session3,2032,frequency_logbandpower,balanced_acc,0.43580842170818795
physionet_grabmyo,S41,session1,session3,physionet_grabmyo::S41::session1->session3,2032,pretrained_encoder,balanced_acc,0.22801556554720906
physionet_grabmyo,S41,session1,session3,physionet_grabmyo::S41::session1->session3,2032,raw_stats,balanced_acc,0.5741895438925165
physionet_grabmyo,S41,session1,session3,physionet_grabmyo::S41::session1->session3,2032,raw_stats_plus_frequency,balanced_acc,0.40392175894467497
physionet_grabmyo,S41,session1,session3,physionet_grabmyo::S41::session1->session3,2032,raw_stats_plus_pretrained,balanced_acc,0.3675901051374558
physionet_grabmyo,S41,session1,session3,physionet_grabmyo::S41::session1->session3,2033,frequency_logbandpower,balanced_acc,0.44547485542137794
physionet_grabmyo,S41,session1,session3,physionet_grabmyo::S41::session1->session3,2033,pretrained_encoder,balanced_acc,0.22467973713707753
physionet_grabmyo,S41,session1,session3,physionet_grabmyo::S41::session1->session3,2033,raw_stats,balanced_acc,0.5638498274912727
physionet_grabmyo,S41,session1,session3,physionet_grabmyo::S41::session1->session3,2033,raw_stats_plus_frequency,balanced_acc,0.42150961777017043
physionet_grabmyo,S41,session1,session3,physionet_grabmyo::S41::session1->session3,2033,raw_stats_plus_pretrained,balanced_acc,0.39340545319838455
physionet_grabmyo,S41,session1,session3,physionet_grabmyo::S41::session1->session3,2034,frequency_logbandpower,balanced_acc,0.4441543496569668
physionet_grabmyo,S41,session1,session3,physionet_grabmyo::S41::session1->session3,2034,pretrained_encoder,balanced_acc,0.22371794635246273
physionet_grabmyo,S41,session1,session3,physionet_grabmyo::S41::session1->session3,2034,raw_stats,balanced_acc,0.5839779592201874
physionet_grabmyo,S41,session1,session3,physionet_grabmyo::S41::session1->session3,2034,raw_stats_plus_frequency,balanced_acc,0.42391365740379156
physionet_grabmyo,S41,session1,session3,physionet_grabmyo::S41::session1->session3,2034,raw_stats_plus_pretrained,balanced_acc,0.37669830694368955
physionet_grabmyo,S41,session1,session3,physionet_grabmyo::S41::session1->session3,2035,frequency_logbandpower,balanced_acc,0.4255910771505873
physionet_grabmyo,S41,session1,session3,physionet_grabmyo::S41::session1->session3,2035,pretrained_encoder,balanced_acc,0.22510603770918694
physionet_grabmyo,S41,session1,session3,physionet_grabmyo::S41::session1->session3,2035,raw_stats,balanced_acc,0.5611679971856018
physionet_grabmyo,S41,session1,session3,physionet_grabmyo::S41::session1->session3,2035,raw_stats_plus_frequency,balanced_acc,0.41327311993549803
physionet_grabmyo,S41,session1,session3,physionet_grabmyo::S41::session1->session3,2035,raw_stats_plus_pretrained,balanced_acc,0.3808951211861402
physionet_grabmyo,S42,session1,session2,physionet_grabmyo::S42::session1->session2,2026,frequency_logbandpower,balanced_acc,0.5278410623563082
physionet_grabmyo,S42,session1,session2,physionet_grabmyo::S42::session1->session2,2026,pretrained_encoder,balanced_acc,0.22477188089714298
physionet_grabmyo,S42,session1,session2,physionet_grabmyo::S42::session1->session2,2026,raw_stats,balanced_acc,0.5275936613836886
physionet_grabmyo,S42,session1,session2,physionet_grabmyo::S42::session1->session2,2026,raw_stats_plus_frequency,balanced_acc,0.48686810478725867
physionet_grabmyo,S42,session1,session2,physionet_grabmyo::S42::session1->session2,2026,raw_stats_plus_pretrained,balanced_acc,0.3485566692580901
physionet_grabmyo,S42,session1,session2,physionet_grabmyo::S42::session1->session2,2027,frequency_logbandpower,balanced_acc,0.542723209052197
physionet_grabmyo,S42,session1,session2,physionet_grabmyo::S42::session1->session2,2027,pretrained_encoder,balanced_acc,0.22287330201687838
physionet_grabmyo,S42,session1,session2,physionet_grabmyo::S42::session1->session2,2027,raw_stats,balanced_acc,0.5118052240529194
physionet_grabmyo,S42,session1,session2,physionet_grabmyo::S42::session1->session2,2027,raw_stats_plus_frequency,balanced_acc,0.504608212072693
physionet_grabmyo,S42,session1,session2,physionet_grabmyo::S42::session1->session2,2027,raw_stats_plus_pretrained,balanced_acc,0.32433915199596675
physionet_grabmyo,S42,session1,session2,physionet_grabmyo::S42::session1->session2,2028,frequency_logbandpower,balanced_acc,0.5402368329510182
physionet_grabmyo,S42,session1,session2,physionet_grabmyo::S42::session1->session2,2028,pretrained_encoder,balanced_acc,0.22289052269129528
physionet_grabmyo,S42,session1,session2,physionet_grabmyo::S42::session1->session2,2028,raw_stats,balanced_acc,0.5280994834247998
physionet_grabmyo,S42,session1,session2,physionet_grabmyo::S42::session1->session2,2028,raw_stats_plus_frequency,balanced_acc,0.4777455207255356
physionet_grabmyo,S42,session1,session2,physionet_grabmyo::S42::session1->session2,2028,raw_stats_plus_pretrained,balanced_acc,0.32528387134968967
physionet_grabmyo,S42,session1,session2,physionet_grabmyo::S42::session1->session2,2029,frequency_logbandpower,balanced_acc,0.524881517428982
physionet_grabmyo,S42,session1,session2,physionet_grabmyo::S42::session1->session2,2029,pretrained_encoder,balanced_acc,0.24066235907105288
physionet_grabmyo,S42,session1,session2,physionet_grabmyo::S42::session1->session2,2029,raw_stats,balanced_acc,0.5334613112379327
physionet_grabmyo,S42,session1,session2,physionet_grabmyo::S42::session1->session2,2029,raw_stats_plus_frequency,balanced_acc,0.4794223497278347
physionet_grabmyo,S42,session1,session2,physionet_grabmyo::S42::session1->session2,2029,raw_stats_plus_pretrained,balanced_acc,0.353662903291098
physionet_grabmyo,S42,session1,session2,physionet_grabmyo::S42::session1->session2,2030,frequency_logbandpower,balanced_acc,0.5358221875202377
physionet_grabmyo,S42,session1,session2,physionet_grabmyo::S42::session1->session2,2030,pretrained_encoder,balanced_acc,0.22279003330793337
physionet_grabmyo,S42,session1,session2,physionet_grabmyo::S42::session1->session2,2030,raw_stats,balanced_acc,0.5146061983333706
physionet_grabmyo,S42,session1,session2,physionet_grabmyo::S42::session1->session2,2030,raw_stats_plus_frequency,balanced_acc,0.4902954617764874
physionet_grabmyo,S42,session1,session2,physionet_grabmyo::S42::session1->session2,2030,raw_stats_plus_pretrained,balanced_acc,0.3469502880138097
physionet_grabmyo,S42,session1,session2,physionet_grabmyo::S42::session1->session2,2031,frequency_logbandpower,balanced_acc,0.5369394628537775
physionet_grabmyo,S42,session1,session2,physionet_grabmyo::S42::session1->session2,2031,pretrained_encoder,balanced_acc,0.21306021975971012
physionet_grabmyo,S42,session1,session2,physionet_grabmyo::S42::session1->session2,2031,raw_stats,balanced_acc,0.4973499104927633
physionet_grabmyo,S42,session1,session2,physionet_grabmyo::S42::session1->session2,2031,raw_stats_plus_frequency,balanced_acc,0.48452548922415534
physionet_grabmyo,S42,session1,session2,physionet_grabmyo::S42::session1->session2,2031,raw_stats_plus_pretrained,balanced_acc,0.34115571115892274
physionet_grabmyo,S42,session1,session2,physionet_grabmyo::S42::session1->session2,2032,frequency_logbandpower,balanced_acc,0.5526462471873497
physionet_grabmyo,S42,session1,session2,physionet_grabmyo::S42::session1->session2,2032,pretrained_encoder,balanced_acc,0.23015854654932874
physionet_grabmyo,S42,session1,session2,physionet_grabmyo::S42::session1->session2,2032,raw_stats,balanced_acc,0.5094443554961987
physionet_grabmyo,S42,session1,session2,physionet_grabmyo::S42::session1->session2,2032,raw_stats_plus_frequency,balanced_acc,0.489343374317939
physionet_grabmyo,S42,session1,session2,physionet_grabmyo::S42::session1->session2,2032,raw_stats_plus_pretrained,balanced_acc,0.3289108923505733
physionet_grabmyo,S42,session1,session2,physionet_grabmyo::S42::session1->session2,2033,frequency_logbandpower,balanced_acc,0.5345925241784475
physionet_grabmyo,S42,session1,session2,physionet_grabmyo::S42::session1->session2,2033,pretrained_encoder,balanced_acc,0.23207313198479376
physionet_grabmyo,S42,session1,session2,physionet_grabmyo::S42::session1->session2,2033,raw_stats,balanced_acc,0.5419211048226881
physionet_grabmyo,S42,session1,session2,physionet_grabmyo::S42::session1->session2,2033,raw_stats_plus_frequency,balanced_acc,0.4888301048385427
physionet_grabmyo,S42,session1,session2,physionet_grabmyo::S42::session1->session2,2033,raw_stats_plus_pretrained,balanced_acc,0.3609612141418537
physionet_grabmyo,S42,session1,session2,physionet_grabmyo::S42::session1->session2,2034,frequency_logbandpower,balanced_acc,0.5372273084858769
physionet_grabmyo,S42,session1,session2,physionet_grabmyo::S42::session1->session2,2034,pretrained_encoder,balanced_acc,0.21608834216636902
physionet_grabmyo,S42,session1,session2,physionet_grabmyo::S42::session1->session2,2034,raw_stats,balanced_acc,0.5265224783245176
physionet_grabmyo,S42,session1,session2,physionet_grabmyo::S42::session1->session2,2034,raw_stats_plus_frequency,balanced_acc,0.4758910491341353
physionet_grabmyo,S42,session1,session2,physionet_grabmyo::S42::session1->session2,2034,raw_stats_plus_pretrained,balanced_acc,0.345116269693794
physionet_grabmyo,S42,session1,session2,physionet_grabmyo::S42::session1->session2,2035,frequency_logbandpower,balanced_acc,0.5326534732527693
physionet_grabmyo,S42,session1,session2,physionet_grabmyo::S42::session1->session2,2035,pretrained_encoder,balanced_acc,0.22749426953013138
physionet_grabmyo,S42,session1,session2,physionet_grabmyo::S42::session1->session2,2035,raw_stats,balanced_acc,0.5208103611321354
physionet_grabmyo,S42,session1,session2,physionet_grabmyo::S42::session1->session2,2035,raw_stats_plus_frequency,balanced_acc,0.4868368394588134
physionet_grabmyo,S42,session1,session2,physionet_grabmyo::S42::session1->session2,2035,raw_stats_plus_pretrained,balanced_acc,0.3415652501155445
physionet_grabmyo,S42,session1,session3,physionet_grabmyo::S42::session1->session3,2026,frequency_logbandpower,balanced_acc,0.46046151874818797
physionet_grabmyo,S42,session1,session3,physionet_grabmyo::S42::session1->session3,2026,pretrained_encoder,balanced_acc,0.21032582006691514
physionet_grabmyo,S42,session1,session3,physionet_grabmyo::S42::session1->session3,2026,raw_stats,balanced_acc,0.47140269609095453
physionet_grabmyo,S42,session1,session3,physionet_grabmyo::S42::session1->session3,2026,raw_stats_plus_frequency,balanced_acc,0.4160291087254326
physionet_grabmyo,S42,session1,session3,physionet_grabmyo::S42::session1->session3,2026,raw_stats_plus_pretrained,balanced_acc,0.30817734589416
physionet_grabmyo,S42,session1,session3,physionet_grabmyo::S42::session1->session3,2027,frequency_logbandpower,balanced_acc,0.48169632705006904
physionet_grabmyo,S42,session1,session3,physionet_grabmyo::S42::session1->session3,2027,pretrained_encoder,balanced_acc,0.20775734303147048
physionet_grabmyo,S42,session1,session3,physionet_grabmyo::S42::session1->session3,2027,raw_stats,balanced_acc,0.4616284458001308
physionet_grabmyo,S42,session1,session3,physionet_grabmyo::S42::session1->session3,2027,raw_stats_plus_frequency,balanced_acc,0.4213452025820735
physionet_grabmyo,S42,session1,session3,physionet_grabmyo::S42::session1->session3,2027,raw_stats_plus_pretrained,balanced_acc,0.29504142495528385
physionet_grabmyo,S42,session1,session3,physionet_grabmyo::S42::session1->session3,2028,frequency_logbandpower,balanced_acc,0.49268932028911067
physionet_grabmyo,S42,session1,session3,physionet_grabmyo::S42::session1->session3,2028,pretrained_encoder,balanced_acc,0.18907765468540613
physionet_grabmyo,S42,session1,session3,physionet_grabmyo::S42::session1->session3,2028,raw_stats,balanced_acc,0.4732404671025292
physionet_grabmyo,S42,session1,session3,physionet_grabmyo::S42::session1->session3,2028,raw_stats_plus_frequency,balanced_acc,0.4285439007663221
physionet_grabmyo,S42,session1,session3,physionet_grabmyo::S42::session1->session3,2028,raw_stats_plus_pretrained,balanced_acc,0.29386521266579874
physionet_grabmyo,S42,session1,session3,physionet_grabmyo::S42::session1->session3,2029,frequency_logbandpower,balanced_acc,0.4737994087480261
physionet_grabmyo,S42,session1,session3,physionet_grabmyo::S42::session1->session3,2029,pretrained_encoder,balanced_acc,0.20870071535232165
physionet_grabmyo,S42,session1,session3,physionet_grabmyo::S42::session1->session3,2029,raw_stats,balanced_acc,0.4802375305869732
physionet_grabmyo,S42,session1,session3,physionet_grabmyo::S42::session1->session3,2029,raw_stats_plus_frequency,balanced_acc,0.43439818704164296
physionet_grabmyo,S42,session1,session3,physionet_grabmyo::S42::session1->session3,2029,raw_stats_plus_pretrained,balanced_acc,0.2945911409689687
physionet_grabmyo,S42,session1,session3,physionet_grabmyo::S42::session1->session3,2030,frequency_logbandpower,balanced_acc,0.475551074844933
physionet_grabmyo,S42,session1,session3,physionet_grabmyo::S42::session1->session3,2030,pretrained_encoder,balanced_acc,0.19431805680408362
physionet_grabmyo,S42,session1,session3,physionet_grabmyo::S42::session1->session3,2030,raw_stats,balanced_acc,0.47502544125927854
physionet_grabmyo,S42,session1,session3,physionet_grabmyo::S42::session1->session3,2030,raw_stats_plus_frequency,balanced_acc,0.43717954549891813
physionet_grabmyo,S42,session1,session3,physionet_grabmyo::S42::session1->session3,2030,raw_stats_plus_pretrained,balanced_acc,0.30730237766023194
physionet_grabmyo,S42,session1,session3,physionet_grabmyo::S42::session1->session3,2031,frequency_logbandpower,balanced_acc,0.4846639575256853
physionet_grabmyo,S42,session1,session3,physionet_grabmyo::S42::session1->session3,2031,pretrained_encoder,balanced_acc,0.1955315404640425
physionet_grabmyo,S42,session1,session3,physionet_grabmyo::S42::session1->session3,2031,raw_stats,balanced_acc,0.4883220075495575
physionet_grabmyo,S42,session1,session3,physionet_grabmyo::S42::session1->session3,2031,raw_stats_plus_frequency,balanced_acc,0.4308878770996539
physionet_grabmyo,S42,session1,session3,physionet_grabmyo::S42::session1->session3,2031,raw_stats_plus_pretrained,balanced_acc,0.3051112996797899
physionet_grabmyo,S42,session1,session3,physionet_grabmyo::S42::session1->session3,2032,frequency_logbandpower,balanced_acc,0.4735220088210575
physionet_grabmyo,S42,session1,session3,physionet_grabmyo::S42::session1->session3,2032,pretrained_encoder,balanced_acc,0.2048759478919543
physionet_grabmyo,S42,session1,session3,physionet_grabmyo::S42::session1->session3,2032,raw_stats,balanced_acc,0.4652267223266214
physionet_grabmyo,S42,session1,session3,physionet_grabmyo::S42::session1->session3,2032,raw_stats_plus_frequency,balanced_acc,0.39567322151288636
physionet_grabmyo,S42,session1,session3,physionet_grabmyo::S42::session1->session3,2032,raw_stats_plus_pretrained,balanced_acc,0.28340372550355597
physionet_grabmyo,S42,session1,session3,physionet_grabmyo::S42::session1->session3,2033,frequency_logbandpower,balanced_acc,0.4716365638840098
physionet_grabmyo,S42,session1,session3,physionet_grabmyo::S42::session1->session3,2033,pretrained_encoder,balanced_acc,0.18781112814595116
physionet_grabmyo,S42,session1,session3,physionet_grabmyo::S42::session1->session3,2033,raw_stats,balanced_acc,0.4661430100886182
physionet_grabmyo,S42,session1,session3,physionet_grabmyo::S42::session1->session3,2033,raw_stats_plus_frequency,balanced_acc,0.42201987100963717
physionet_grabmyo,S42,session1,session3,physionet_grabmyo::S42::session1->session3,2033,raw_stats_plus_pretrained,balanced_acc,0.2892180180755966
physionet_grabmyo,S42,session1,session3,physionet_grabmyo::S42::session1->session3,2034,frequency_logbandpower,balanced_acc,0.4692046386993751
physionet_grabmyo,S42,session1,session3,physionet_grabmyo::S42::session1->session3,2034,pretrained_encoder,balanced_acc,0.19762929900230758
physionet_grabmyo,S42,session1,session3,physionet_grabmyo::S42::session1->session3,2034,raw_stats,balanced_acc,0.46989549730531066
physionet_grabmyo,S42,session1,session3,physionet_grabmyo::S42::session1->session3,2034,raw_stats_plus_frequency,balanced_acc,0.4162504464518098
physionet_grabmyo,S42,session1,session3,physionet_grabmyo::S42::session1->session3,2034,raw_stats_plus_pretrained,balanced_acc,0.2898345896613642
physionet_grabmyo,S42,session1,session3,physionet_grabmyo::S42::session1->session3,2035,frequency_logbandpower,balanced_acc,0.4737447515747575
physionet_grabmyo,S42,session1,session3,physionet_grabmyo::S42::session1->session3,2035,pretrained_encoder,balanced_acc,0.19233657882212934
physionet_grabmyo,S42,session1,session3,physionet_grabmyo::S42::session1->session3,2035,raw_stats,balanced_acc,0.4721414435736619
physionet_grabmyo,S42,session1,session3,physionet_grabmyo::S42::session1->session3,2035,raw_stats_plus_frequency,balanced_acc,0.4235457417968367
physionet_grabmyo,S42,session1,session3,physionet_grabmyo::S42::session1->session3,2035,raw_stats_plus_pretrained,balanced_acc,0.28716139114465655
physionet_grabmyo,S43,session1,session2,physionet_grabmyo::S43::session1->session2,2026,frequency_logbandpower,balanced_acc,0.5346691031310314
physionet_grabmyo,S43,session1,session2,physionet_grabmyo::S43::session1->session2,2026,pretrained_encoder,balanced_acc,0.2402923558271714
physionet_grabmyo,S43,session1,session2,physionet_grabmyo::S43::session1->session2,2026,raw_stats,balanced_acc,0.5259176347623358
physionet_grabmyo,S43,session1,session2,physionet_grabmyo::S43::session1->session2,2026,raw_stats_plus_frequency,balanced_acc,0.4972033632063545
physionet_grabmyo,S43,session1,session2,physionet_grabmyo::S43::session1->session2,2026,raw_stats_plus_pretrained,balanced_acc,0.3639904838204797
physionet_grabmyo,S43,session1,session2,physionet_grabmyo::S43::session1->session2,2027,frequency_logbandpower,balanced_acc,0.5137238589652374
physionet_grabmyo,S43,session1,session2,physionet_grabmyo::S43::session1->session2,2027,pretrained_encoder,balanced_acc,0.24940634254430635
physionet_grabmyo,S43,session1,session2,physionet_grabmyo::S43::session1->session2,2027,raw_stats,balanced_acc,0.5385839603449037
physionet_grabmyo,S43,session1,session2,physionet_grabmyo::S43::session1->session2,2027,raw_stats_plus_frequency,balanced_acc,0.5085589747645852
physionet_grabmyo,S43,session1,session2,physionet_grabmyo::S43::session1->session2,2027,raw_stats_plus_pretrained,balanced_acc,0.35714628411344773
physionet_grabmyo,S43,session1,session2,physionet_grabmyo::S43::session1->session2,2028,frequency_logbandpower,balanced_acc,0.5266226683147406
physionet_grabmyo,S43,session1,session2,physionet_grabmyo::S43::session1->session2,2028,pretrained_encoder,balanced_acc,0.2616179825056344
physionet_grabmyo,S43,session1,session2,physionet_grabmyo::S43::session1->session2,2028,raw_stats,balanced_acc,0.5108231212874761
physionet_grabmyo,S43,session1,session2,physionet_grabmyo::S43::session1->session2,2028,raw_stats_plus_frequency,balanced_acc,0.4879742655428703
physionet_grabmyo,S43,session1,session2,physionet_grabmyo::S43::session1->session2,2028,raw_stats_plus_pretrained,balanced_acc,0.3725115442295903
physionet_grabmyo,S43,session1,session2,physionet_grabmyo::S43::session1->session2,2029,frequency_logbandpower,balanced_acc,0.521956536303787
physionet_grabmyo,S43,session1,session2,physionet_grabmyo::S43::session1->session2,2029,pretrained_encoder,balanced_acc,0.25711258833068107
physionet_grabmyo,S43,session1,session2,physionet_grabmyo::S43::session1->session2,2029,raw_stats,balanced_acc,0.5136667898127133
physionet_grabmyo,S43,session1,session2,physionet_grabmyo::S43::session1->session2,2029,raw_stats_plus_frequency,balanced_acc,0.47547545643295497
physionet_grabmyo,S43,session1,session2,physionet_grabmyo::S43::session1->session2,2029,raw_stats_plus_pretrained,balanced_acc,0.3794775009412786
physionet_grabmyo,S43,session1,session2,physionet_grabmyo::S43::session1->session2,2030,frequency_logbandpower,balanced_acc,0.5316979359850783
physionet_grabmyo,S43,session1,session2,physionet_grabmyo::S43::session1->session2,2030,pretrained_encoder,balanced_acc,0.2632135408426896
physionet_grabmyo,S43,session1,session2,physionet_grabmyo::S43::session1->session2,2030,raw_stats,balanced_acc,0.5034590043117337
physionet_grabmyo,S43,session1,session2,physionet_grabmyo::S43::session1->session2,2030,raw_stats_plus_frequency,balanced_acc,0.4968802864563657
physionet_grabmyo,S43,session1,session2,physionet_grabmyo::S43::session1->session2,2030,raw_stats_plus_pretrained,balanced_acc,0.36791862512778206
physionet_grabmyo,S43,session1,session2,physionet_grabmyo::S43::session1->session2,2031,frequency_logbandpower,balanced_acc,0.5274610125356044
physionet_grabmyo,S43,session1,session2,physionet_grabmyo::S43::session1->session2,2031,pretrained_encoder,balanced_acc,0.2586239559509402
physionet_grabmyo,S43,session1,session2,physionet_grabmyo::S43::session1->session2,2031,raw_stats,balanced_acc,0.5230695302582878
physionet_grabmyo,S43,session1,session2,physionet_grabmyo::S43::session1->session2,2031,raw_stats_plus_frequency,balanced_acc,0.4994242856254191
physionet_grabmyo,S43,session1,session2,physionet_grabmyo::S43::session1->session2,2031,raw_stats_plus_pretrained,balanced_acc,0.3797854852496766
physionet_grabmyo,S43,session1,session2,physionet_grabmyo::S43::session1->session2,2032,frequency_logbandpower,balanced_acc,0.5274087108204291
physionet_grabmyo,S43,session1,session2,physionet_grabmyo::S43::session1->session2,2032,pretrained_encoder,balanced_acc,0.2721576768610925
physionet_grabmyo,S43,session1,session2,physionet_grabmyo::S43::session1->session2,2032,raw_stats,balanced_acc,0.5084293166754744
physionet_grabmyo,S43,session1,session2,physionet_grabmyo::S43::session1->session2,2032,raw_stats_plus_frequency,balanced_acc,0.4816029852719322
physionet_grabmyo,S43,session1,session2,physionet_grabmyo::S43::session1->session2,2032,raw_stats_plus_pretrained,balanced_acc,0.3641189562217617
physionet_grabmyo,S43,session1,session2,physionet_grabmyo::S43::session1->session2,2033,frequency_logbandpower,balanced_acc,0.5316814361926894
physionet_grabmyo,S43,session1,session2,physionet_grabmyo::S43::session1->session2,2033,pretrained_encoder,balanced_acc,0.262262989536873
physionet_grabmyo,S43,session1,session2,physionet_grabmyo::S43::session1->session2,2033,raw_stats,balanced_acc,0.5106451651615248
physionet_grabmyo,S43,session1,session2,physionet_grabmyo::S43::session1->session2,2033,raw_stats_plus_frequency,balanced_acc,0.5055494087086939
physionet_grabmyo,S43,session1,session2,physionet_grabmyo::S43::session1->session2,2033,raw_stats_plus_pretrained,balanced_acc,0.3632723262191547
physionet_grabmyo,S43,session1,session2,physionet_grabmyo::S43::session1->session2,2034,frequency_logbandpower,balanced_acc,0.5238085621311036
physionet_grabmyo,S43,session1,session2,physionet_grabmyo::S43::session1->session2,2034,pretrained_encoder,balanced_acc,0.2697428797141765
physionet_grabmyo,S43,session1,session2,physionet_grabmyo::S43::session1->session2,2034,raw_stats,balanced_acc,0.5206755219510021
physionet_grabmyo,S43,session1,session2,physionet_grabmyo::S43::session1->session2,2034,raw_stats_plus_frequency,balanced_acc,0.4937132756352807
physionet_grabmyo,S43,session1,session2,physionet_grabmyo::S43::session1->session2,2034,raw_stats_plus_pretrained,balanced_acc,0.3785376826350353
physionet_grabmyo,S43,session1,session2,physionet_grabmyo::S43::session1->session2,2035,frequency_logbandpower,balanced_acc,0.5340431498169709
physionet_grabmyo,S43,session1,session2,physionet_grabmyo::S43::session1->session2,2035,pretrained_encoder,balanced_acc,0.2592932696002759
physionet_grabmyo,S43,session1,session2,physionet_grabmyo::S43::session1->session2,2035,raw_stats,balanced_acc,0.5078369618976927
physionet_grabmyo,S43,session1,session2,physionet_grabmyo::S43::session1->session2,2035,raw_stats_plus_frequency,balanced_acc,0.5009482035297275
physionet_grabmyo,S43,session1,session2,physionet_grabmyo::S43::session1->session2,2035,raw_stats_plus_pretrained,balanced_acc,0.37594867870315585
physionet_grabmyo,S43,session1,session3,physionet_grabmyo::S43::session1->session3,2026,frequency_logbandpower,balanced_acc,0.5172319407238491
physionet_grabmyo,S43,session1,session3,physionet_grabmyo::S43::session1->session3,2026,pretrained_encoder,balanced_acc,0.27328975114308496
physionet_grabmyo,S43,session1,session3,physionet_grabmyo::S43::session1->session3,2026,raw_stats,balanced_acc,0.5608503982424625
physionet_grabmyo,S43,session1,session3,physionet_grabmyo::S43::session1->session3,2026,raw_stats_plus_frequency,balanced_acc,0.4455125145310073
physionet_grabmyo,S43,session1,session3,physionet_grabmyo::S43::session1->session3,2026,raw_stats_plus_pretrained,balanced_acc,0.3867027842329441
physionet_grabmyo,S43,session1,session3,physionet_grabmyo::S43::session1->session3,2027,frequency_logbandpower,balanced_acc,0.4781478563635861
physionet_grabmyo,S43,session1,session3,physionet_grabmyo::S43::session1->session3,2027,pretrained_encoder,balanced_acc,0.26721482302520977
physionet_grabmyo,S43,session1,session3,physionet_grabmyo::S43::session1->session3,2027,raw_stats,balanced_acc,0.5804520340488686
physionet_grabmyo,S43,session1,session3,physionet_grabmyo::S43::session1->session3,2027,raw_stats_plus_frequency,balanced_acc,0.43744644890313833
physionet_grabmyo,S43,session1,session3,physionet_grabmyo::S43::session1->session3,2027,raw_stats_plus_pretrained,balanced_acc,0.3762541667558505
physionet_grabmyo,S43,session1,session3,physionet_grabmyo::S43::session1->session3,2028,frequency_logbandpower,balanced_acc,0.505771569210426
physionet_grabmyo,S43,session1,session3,physionet_grabmyo::S43::session1->session3,2028,pretrained_encoder,balanced_acc,0.271289347263401
physionet_grabmyo,S43,session1,session3,physionet_grabmyo::S43::session1->session3,2028,raw_stats,balanced_acc,0.577553836372434
physionet_grabmyo,S43,session1,session3,physionet_grabmyo::S43::session1->session3,2028,raw_stats_plus_frequency,balanced_acc,0.4702560054365915
physionet_grabmyo,S43,session1,session3,physionet_grabmyo::S43::session1->session3,2028,raw_stats_plus_pretrained,balanced_acc,0.3825074745167957
physionet_grabmyo,S43,session1,session3,physionet_grabmyo::S43::session1->session3,2029,frequency_logbandpower,balanced_acc,0.4943768338548585
physionet_grabmyo,S43,session1,session3,physionet_grabmyo::S43::session1->session3,2029,pretrained_encoder,balanced_acc,0.27677414635055103
physionet_grabmyo,S43,session1,session3,physionet_grabmyo::S43::session1->session3,2029,raw_stats,balanced_acc,0.577800920600082
physionet_grabmyo,S43,session1,session3,physionet_grabmyo::S43::session1->session3,2029,raw_stats_plus_frequency,balanced_acc,0.4431776265595914
physionet_grabmyo,S43,session1,session3,physionet_grabmyo::S43::session1->session3,2029,raw_stats_plus_pretrained,balanced_acc,0.38612698379257704
physionet_grabmyo,S43,session1,session3,physionet_grabmyo::S43::session1->session3,2030,frequency_logbandpower,balanced_acc,0.49122805901754396
physionet_grabmyo,S43,session1,session3,physionet_grabmyo::S43::session1->session3,2030,pretrained_encoder,balanced_acc,0.28825964202964466
physionet_grabmyo,S43,session1,session3,physionet_grabmyo::S43::session1->session3,2030,raw_stats,balanced_acc,0.5606694147639816
physionet_grabmyo,S43,session1,session3,physionet_grabmyo::S43::session1->session3,2030,raw_stats_plus_frequency,balanced_acc,0.4595139498645804
physionet_grabmyo,S43,session1,session3,physionet_grabmyo::S43::session1->session3,2030,raw_stats_plus_pretrained,balanced_acc,0.39063844224113325
physionet_grabmyo,S43,session1,session3,physionet_grabmyo::S43::session1->session3,2031,frequency_logbandpower,balanced_acc,0.5071003380534855
physionet_grabmyo,S43,session1,session3,physionet_grabmyo::S43::session1->session3,2031,pretrained_encoder,balanced_acc,0.2581049984714814
physionet_grabmyo,S43,session1,session3,physionet_grabmyo::S43::session1->session3,2031,raw_stats,balanced_acc,0.5721580622720231
physionet_grabmyo,S43,session1,session3,physionet_grabmyo::S43::session1->session3,2031,raw_stats_plus_frequency,balanced_acc,0.4537185494256687
physionet_grabmyo,S43,session1,session3,physionet_grabmyo::S43::session1->session3,2031,raw_stats_plus_pretrained,balanced_acc,0.38251692212541183
physionet_grabmyo,S43,session1,session3,physionet_grabmyo::S43::session1->session3,2032,frequency_logbandpower,balanced_acc,0.4963642536116753
physionet_grabmyo,S43,session1,session3,physionet_grabmyo::S43::session1->session3,2032,pretrained_encoder,balanced_acc,0.26221075276044437
physionet_grabmyo,S43,session1,session3,physionet_grabmyo::S43::session1->session3,2032,raw_stats,balanced_acc,0.562165068722145
physionet_grabmyo,S43,session1,session3,physionet_grabmyo::S43::session1->session3,2032,raw_stats_plus_frequency,balanced_acc,0.45356045521501237
physionet_grabmyo,S43,session1,session3,physionet_grabmyo::S43::session1->session3,2032,raw_stats_plus_pretrained,balanced_acc,0.38778122747579685
physionet_grabmyo,S43,session1,session3,physionet_grabmyo::S43::session1->session3,2033,frequency_logbandpower,balanced_acc,0.4861438016268694
physionet_grabmyo,S43,session1,session3,physionet_grabmyo::S43::session1->session3,2033,pretrained_encoder,balanced_acc,0.2781644086178799
physionet_grabmyo,S43,session1,session3,physionet_grabmyo::S43::session1->session3,2033,raw_stats,balanced_acc,0.5726611688118821
physionet_grabmyo,S43,session1,session3,physionet_grabmyo::S43::session1->session3,2033,raw_stats_plus_frequency,balanced_acc,0.43454400963777245
physionet_grabmyo,S43,session1,session3,physionet_grabmyo::S43::session1->session3,2033,raw_stats_plus_pretrained,balanced_acc,0.39453753679808246
physionet_grabmyo,S43,session1,session3,physionet_grabmyo::S43::session1->session3,2034,frequency_logbandpower,balanced_acc,0.48361705189857207
physionet_grabmyo,S43,session1,session3,physionet_grabmyo::S43::session1->session3,2034,pretrained_encoder,balanced_acc,0.26779515928047687
physionet_grabmyo,S43,session1,session3,physionet_grabmyo::S43::session1->session3,2034,raw_stats,balanced_acc,0.5698776708133122
physionet_grabmyo,S43,session1,session3,physionet_grabmyo::S43::session1->session3,2034,raw_stats_plus_frequency,balanced_acc,0.4389347780364734
physionet_grabmyo,S43,session1,session3,physionet_grabmyo::S43::session1->session3,2034,raw_stats_plus_pretrained,balanced_acc,0.3808822174821062
physionet_grabmyo,S43,session1,session3,physionet_grabmyo::S43::session1->session3,2035,frequency_logbandpower,balanced_acc,0.49652429470690174
physionet_grabmyo,S43,session1,session3,physionet_grabmyo::S43::session1->session3,2035,pretrained_encoder,balanced_acc,0.2705035108009239
physionet_grabmyo,S43,session1,session3,physionet_grabmyo::S43::session1->session3,2035,raw_stats,balanced_acc,0.568395273032821
physionet_grabmyo,S43,session1,session3,physionet_grabmyo::S43::session1->session3,2035,raw_stats_plus_frequency,balanced_acc,0.4662117528218711
physionet_grabmyo,S43,session1,session3,physionet_grabmyo::S43::session1->session3,2035,raw_stats_plus_pretrained,balanced_acc,0.4013355546958353
physionet_hyser,S01,session1,session2,physionet_hyser::S01::session1->session2,2026,frequency_logbandpower,balanced_acc,0.29426794578508586
physionet_hyser,S01,session1,session2,physionet_hyser::S01::session1->session2,2026,pretrained_encoder,balanced_acc,0.2830696288555808
physionet_hyser,S01,session1,session2,physionet_hyser::S01::session1->session2,2026,raw_stats,balanced_acc,0.28488579604496805
physionet_hyser,S01,session1,session2,physionet_hyser::S01::session1->session2,2026,raw_stats_plus_frequency,balanced_acc,0.3084346775757764
physionet_hyser,S01,session1,session2,physionet_hyser::S01::session1->session2,2026,raw_stats_plus_pretrained,balanced_acc,0.3437252422673484
physionet_hyser,S01,session1,session2,physionet_hyser::S01::session1->session2,2027,frequency_logbandpower,balanced_acc,0.2987893596746264
physionet_hyser,S01,session1,session2,physionet_hyser::S01::session1->session2,2027,pretrained_encoder,balanced_acc,0.2711608822877162
physionet_hyser,S01,session1,session2,physionet_hyser::S01::session1->session2,2027,raw_stats,balanced_acc,0.29618038744628
physionet_hyser,S01,session1,session2,physionet_hyser::S01::session1->session2,2027,raw_stats_plus_frequency,balanced_acc,0.31856598413192017
physionet_hyser,S01,session1,session2,physionet_hyser::S01::session1->session2,2027,raw_stats_plus_pretrained,balanced_acc,0.34176349196080147
physionet_hyser,S01,session1,session2,physionet_hyser::S01::session1->session2,2028,frequency_logbandpower,balanced_acc,0.2982157976909863
physionet_hyser,S01,session1,session2,physionet_hyser::S01::session1->session2,2028,pretrained_encoder,balanced_acc,0.27407164949434976
physionet_hyser,S01,session1,session2,physionet_hyser::S01::session1->session2,2028,raw_stats,balanced_acc,0.28554969288873433
physionet_hyser,S01,session1,session2,physionet_hyser::S01::session1->session2,2028,raw_stats_plus_frequency,balanced_acc,0.3070111748041432
physionet_hyser,S01,session1,session2,physionet_hyser::S01::session1->session2,2028,raw_stats_plus_pretrained,balanced_acc,0.33821711826758394
physionet_hyser,S01,session1,session2,physionet_hyser::S01::session1->session2,2029,frequency_logbandpower,balanced_acc,0.30542491798435584
physionet_hyser,S01,session1,session2,physionet_hyser::S01::session1->session2,2029,pretrained_encoder,balanced_acc,0.28101187747766654
physionet_hyser,S01,session1,session2,physionet_hyser::S01::session1->session2,2029,raw_stats,balanced_acc,0.274609845957984
physionet_hyser,S01,session1,session2,physionet_hyser::S01::session1->session2,2029,raw_stats_plus_frequency,balanced_acc,0.30584886289095103
physionet_hyser,S01,session1,session2,physionet_hyser::S01::session1->session2,2029,raw_stats_plus_pretrained,balanced_acc,0.34232514048568496
physionet_hyser,S01,session1,session2,physionet_hyser::S01::session1->session2,2030,frequency_logbandpower,balanced_acc,0.30205007216545776
physionet_hyser,S01,session1,session2,physionet_hyser::S01::session1->session2,2030,pretrained_encoder,balanced_acc,0.27712739344742254
physionet_hyser,S01,session1,session2,physionet_hyser::S01::session1->session2,2030,raw_stats,balanced_acc,0.2802689421119663
physionet_hyser,S01,session1,session2,physionet_hyser::S01::session1->session2,2030,raw_stats_plus_frequency,balanced_acc,0.31414746260544785
physionet_hyser,S01,session1,session2,physionet_hyser::S01::session1->session2,2030,raw_stats_plus_pretrained,balanced_acc,0.3349034348611935
physionet_hyser,S01,session1,session2,physionet_hyser::S01::session1->session2,2031,frequency_logbandpower,balanced_acc,0.2937881621641632
physionet_hyser,S01,session1,session2,physionet_hyser::S01::session1->session2,2031,pretrained_encoder,balanced_acc,0.27667504419422023
physionet_hyser,S01,session1,session2,physionet_hyser::S01::session1->session2,2031,raw_stats,balanced_acc,0.2862293842288279
physionet_hyser,S01,session1,session2,physionet_hyser::S01::session1->session2,2031,raw_stats_plus_frequency,balanced_acc,0.31585039737818427
physionet_hyser,S01,session1,session2,physionet_hyser::S01::session1->session2,2031,raw_stats_plus_pretrained,balanced_acc,0.3412531161562806
physionet_hyser,S01,session1,session2,physionet_hyser::S01::session1->session2,2032,frequency_logbandpower,balanced_acc,0.2948523561779326
physionet_hyser,S01,session1,session2,physionet_hyser::S01::session1->session2,2032,pretrained_encoder,balanced_acc,0.27308160864680797
physionet_hyser,S01,session1,session2,physionet_hyser::S01::session1->session2,2032,raw_stats,balanced_acc,0.28374152598224056
physionet_hyser,S01,session1,session2,physionet_hyser::S01::session1->session2,2032,raw_stats_plus_frequency,balanced_acc,0.31853342070285867
physionet_hyser,S01,session1,session2,physionet_hyser::S01::session1->session2,2032,raw_stats_plus_pretrained,balanced_acc,0.34314631559683595
physionet_hyser,S01,session1,session2,physionet_hyser::S01::session1->session2,2033,frequency_logbandpower,balanced_acc,0.29111701031982645
physionet_hyser,S01,session1,session2,physionet_hyser::S01::session1->session2,2033,pretrained_encoder,balanced_acc,0.2815816507587096
physionet_hyser,S01,session1,session2,physionet_hyser::S01::session1->session2,2033,raw_stats,balanced_acc,0.2859602463485413
physionet_hyser,S01,session1,session2,physionet_hyser::S01::session1->session2,2033,raw_stats_plus_frequency,balanced_acc,0.3134844048824009
physionet_hyser,S01,session1,session2,physionet_hyser::S01::session1->session2,2033,raw_stats_plus_pretrained,balanced_acc,0.35149257968598446
physionet_hyser,S01,session1,session2,physionet_hyser::S01::session1->session2,2034,frequency_logbandpower,balanced_acc,0.31045894383997663
physionet_hyser,S01,session1,session2,physionet_hyser::S01::session1->session2,2034,pretrained_encoder,balanced_acc,0.2739094547596968
physionet_hyser,S01,session1,session2,physionet_hyser::S01::session1->session2,2034,raw_stats,balanced_acc,0.2861752560129692
physionet_hyser,S01,session1,session2,physionet_hyser::S01::session1->session2,2034,raw_stats_plus_frequency,balanced_acc,0.31786674872957066
physionet_hyser,S01,session1,session2,physionet_hyser::S01::session1->session2,2034,raw_stats_plus_pretrained,balanced_acc,0.3488053766915668
physionet_hyser,S01,session1,session2,physionet_hyser::S01::session1->session2,2035,frequency_logbandpower,balanced_acc,0.29243743364175767
physionet_hyser,S01,session1,session2,physionet_hyser::S01::session1->session2,2035,pretrained_encoder,balanced_acc,0.2692912209111479
physionet_hyser,S01,session1,session2,physionet_hyser::S01::session1->session2,2035,raw_stats,balanced_acc,0.2914039119794151
physionet_hyser,S01,session1,session2,physionet_hyser::S01::session1->session2,2035,raw_stats_plus_frequency,balanced_acc,0.31280502259677845
physionet_hyser,S01,session1,session2,physionet_hyser::S01::session1->session2,2035,raw_stats_plus_pretrained,balanced_acc,0.3330662282804409
physionet_hyser,S02,session1,session2,physionet_hyser::S02::session1->session2,2026,frequency_logbandpower,balanced_acc,0.26369422090165234
physionet_hyser,S02,session1,session2,physionet_hyser::S02::session1->session2,2026,pretrained_encoder,balanced_acc,0.21869279950771067
physionet_hyser,S02,session1,session2,physionet_hyser::S02::session1->session2,2026,raw_stats,balanced_acc,0.24839463790357066
physionet_hyser,S02,session1,session2,physionet_hyser::S02::session1->session2,2026,raw_stats_plus_frequency,balanced_acc,0.2718352351789032
physionet_hyser,S02,session1,session2,physionet_hyser::S02::session1->session2,2026,raw_stats_plus_pretrained,balanced_acc,0.3028431452486048
physionet_hyser,S02,session1,session2,physionet_hyser::S02::session1->session2,2027,frequency_logbandpower,balanced_acc,0.2493915134034401
physionet_hyser,S02,session1,session2,physionet_hyser::S02::session1->session2,2027,pretrained_encoder,balanced_acc,0.21839740405047453
physionet_hyser,S02,session1,session2,physionet_hyser::S02::session1->session2,2027,raw_stats,balanced_acc,0.23984509626826592
physionet_hyser,S02,session1,session2,physionet_hyser::S02::session1->session2,2027,raw_stats_plus_frequency,balanced_acc,0.26484912424598134
physionet_hyser,S02,session1,session2,physionet_hyser::S02::session1->session2,2027,raw_stats_plus_pretrained,balanced_acc,0.29577382211502307
physionet_hyser,S02,session1,session2,physionet_hyser::S02::session1->session2,2028,frequency_logbandpower,balanced_acc,0.2600103787090721
physionet_hyser,S02,session1,session2,physionet_hyser::S02::session1->session2,2028,pretrained_encoder,balanced_acc,0.22911223556324953
physionet_hyser,S02,session1,session2,physionet_hyser::S02::session1->session2,2028,raw_stats,balanced_acc,0.23694492384923796
physionet_hyser,S02,session1,session2,physionet_hyser::S02::session1->session2,2028,raw_stats_plus_frequency,balanced_acc,0.2737313539538971
physionet_hyser,S02,session1,session2,physionet_hyser::S02::session1->session2,2028,raw_stats_plus_pretrained,balanced_acc,0.28994020757608846
physionet_hyser,S02,session1,session2,physionet_hyser::S02::session1->session2,2029,frequency_logbandpower,balanced_acc,0.2557762037343363
physionet_hyser,S02,session1,session2,physionet_hyser::S02::session1->session2,2029,pretrained_encoder,balanced_acc,0.22248242902953153
physionet_hyser,S02,session1,session2,physionet_hyser::S02::session1->session2,2029,raw_stats,balanced_acc,0.2383405349281463
physionet_hyser,S02,session1,session2,physionet_hyser::S02::session1->session2,2029,raw_stats_plus_frequency,balanced_acc,0.2678118024845637
physionet_hyser,S02,session1,session2,physionet_hyser::S02::session1->session2,2029,raw_stats_plus_pretrained,balanced_acc,0.30035724430076693
physionet_hyser,S02,session1,session2,physionet_hyser::S02::session1->session2,2030,frequency_logbandpower,balanced_acc,0.2458517947675857
physionet_hyser,S02,session1,session2,physionet_hyser::S02::session1->session2,2030,pretrained_encoder,balanced_acc,0.20537201154434417
physionet_hyser,S02,session1,session2,physionet_hyser::S02::session1->session2,2030,raw_stats,balanced_acc,0.2369615684704728
physionet_hyser,S02,session1,session2,physionet_hyser::S02::session1->session2,2030,raw_stats_plus_frequency,balanced_acc,0.2591852353368308
physionet_hyser,S02,session1,session2,physionet_hyser::S02::session1->session2,2030,raw_stats_plus_pretrained,balanced_acc,0.28698640873994385
physionet_hyser,S02,session1,session2,physionet_hyser::S02::session1->session2,2031,frequency_logbandpower,balanced_acc,0.251589684383003
physionet_hyser,S02,session1,session2,physionet_hyser::S02::session1->session2,2031,pretrained_encoder,balanced_acc,0.22459445299264852
physionet_hyser,S02,session1,session2,physionet_hyser::S02::session1->session2,2031,raw_stats,balanced_acc,0.23892301484218392
physionet_hyser,S02,session1,session2,physionet_hyser::S02::session1->session2,2031,raw_stats_plus_frequency,balanced_acc,0.2669572257577691
physionet_hyser,S02,session1,session2,physionet_hyser::S02::session1->session2,2031,raw_stats_plus_pretrained,balanced_acc,0.2913856762994311
physionet_hyser,S02,session1,session2,physionet_hyser::S02::session1->session2,2032,frequency_logbandpower,balanced_acc,0.25051934338073045
physionet_hyser,S02,session1,session2,physionet_hyser::S02::session1->session2,2032,pretrained_encoder,balanced_acc,0.21711907700060834
physionet_hyser,S02,session1,session2,physionet_hyser::S02::session1->session2,2032,raw_stats,balanced_acc,0.23655716285470751
physionet_hyser,S02,session1,session2,physionet_hyser::S02::session1->session2,2032,raw_stats_plus_frequency,balanced_acc,0.26373714106934576
physionet_hyser,S02,session1,session2,physionet_hyser::S02::session1->session2,2032,raw_stats_plus_pretrained,balanced_acc,0.29331495258629664
physionet_hyser,S02,session1,session2,physionet_hyser::S02::session1->session2,2033,frequency_logbandpower,balanced_acc,0.24776837746049438
physionet_hyser,S02,session1,session2,physionet_hyser::S02::session1->session2,2033,pretrained_encoder,balanced_acc,0.21348703435767374
physionet_hyser,S02,session1,session2,physionet_hyser::S02::session1->session2,2033,raw_stats,balanced_acc,0.24361318488158978
physionet_hyser,S02,session1,session2,physionet_hyser::S02::session1->session2,2033,raw_stats_plus_frequency,balanced_acc,0.2774351976275324
physionet_hyser,S02,session1,session2,physionet_hyser::S02::session1->session2,2033,raw_stats_plus_pretrained,balanced_acc,0.28703849076361565
physionet_hyser,S02,session1,session2,physionet_hyser::S02::session1->session2,2034,frequency_logbandpower,balanced_acc,0.2555837743721744
physionet_hyser,S02,session1,session2,physionet_hyser::S02::session1->session2,2034,pretrained_encoder,balanced_acc,0.22345174268677995
physionet_hyser,S02,session1,session2,physionet_hyser::S02::session1->session2,2034,raw_stats,balanced_acc,0.2415191359099468
physionet_hyser,S02,session1,session2,physionet_hyser::S02::session1->session2,2034,raw_stats_plus_frequency,balanced_acc,0.27564805830108513
physionet_hyser,S02,session1,session2,physionet_hyser::S02::session1->session2,2034,raw_stats_plus_pretrained,balanced_acc,0.3070112476469732
physionet_hyser,S02,session1,session2,physionet_hyser::S02::session1->session2,2035,frequency_logbandpower,balanced_acc,0.2543966207090653
physionet_hyser,S02,session1,session2,physionet_hyser::S02::session1->session2,2035,pretrained_encoder,balanced_acc,0.2276783004337452
physionet_hyser,S02,session1,session2,physionet_hyser::S02::session1->session2,2035,raw_stats,balanced_acc,0.2419596952305821
physionet_hyser,S02,session1,session2,physionet_hyser::S02::session1->session2,2035,raw_stats_plus_frequency,balanced_acc,0.271078849615799
physionet_hyser,S02,session1,session2,physionet_hyser::S02::session1->session2,2035,raw_stats_plus_pretrained,balanced_acc,0.30493783881721087
physionet_hyser,S03,session1,session2,physionet_hyser::S03::session1->session2,2026,frequency_logbandpower,balanced_acc,0.294318102768388
physionet_hyser,S03,session1,session2,physionet_hyser::S03::session1->session2,2026,pretrained_encoder,balanced_acc,0.2662456562853629
physionet_hyser,S03,session1,session2,physionet_hyser::S03::session1->session2,2026,raw_stats,balanced_acc,0.28981135833633304
physionet_hyser,S03,session1,session2,physionet_hyser::S03::session1->session2,2026,raw_stats_plus_frequency,balanced_acc,0.30803088006127777
physionet_hyser,S03,session1,session2,physionet_hyser::S03::session1->session2,2026,raw_stats_plus_pretrained,balanced_acc,0.3479868449301171
physionet_hyser,S03,session1,session2,physionet_hyser::S03::session1->session2,2027,frequency_logbandpower,balanced_acc,0.30405010306715496
physionet_hyser,S03,session1,session2,physionet_hyser::S03::session1->session2,2027,pretrained_encoder,balanced_acc,0.263313319847956
physionet_hyser,S03,session1,session2,physionet_hyser::S03::session1->session2,2027,raw_stats,balanced_acc,0.2897271776560721
physionet_hyser,S03,session1,session2,physionet_hyser::S03::session1->session2,2027,raw_stats_plus_frequency,balanced_acc,0.3236886317674226
physionet_hyser,S03,session1,session2,physionet_hyser::S03::session1->session2,2027,raw_stats_plus_pretrained,balanced_acc,0.348535882341397
physionet_hyser,S03,session1,session2,physionet_hyser::S03::session1->session2,2028,frequency_logbandpower,balanced_acc,0.2986441904443978
physionet_hyser,S03,session1,session2,physionet_hyser::S03::session1->session2,2028,pretrained_encoder,balanced_acc,0.26533825708369196
physionet_hyser,S03,session1,session2,physionet_hyser::S03::session1->session2,2028,raw_stats,balanced_acc,0.3004281854378822
physionet_hyser,S03,session1,session2,physionet_hyser::S03::session1->session2,2028,raw_stats_plus_frequency,balanced_acc,0.32371025132153647
physionet_hyser,S03,session1,session2,physionet_hyser::S03::session1->session2,2028,raw_stats_plus_pretrained,balanced_acc,0.35274311271338155
physionet_hyser,S03,session1,session2,physionet_hyser::S03::session1->session2,2029,frequency_logbandpower,balanced_acc,0.29302906985045896
physionet_hyser,S03,session1,session2,physionet_hyser::S03::session1->session2,2029,pretrained_encoder,balanced_acc,0.2674662151566561
physionet_hyser,S03,session1,session2,physionet_hyser::S03::session1->session2,2029,raw_stats,balanced_acc,0.282828299483547
physionet_hyser,S03,session1,session2,physionet_hyser::S03::session1->session2,2029,raw_stats_plus_frequency,balanced_acc,0.3131278867226687
physionet_hyser,S03,session1,session2,physionet_hyser::S03::session1->session2,2029,raw_stats_plus_pretrained,balanced_acc,0.3609964343776024
physionet_hyser,S03,session1,session2,physionet_hyser::S03::session1->session2,2030,frequency_logbandpower,balanced_acc,0.2946178393777402
physionet_hyser,S03,session1,session2,physionet_hyser::S03::session1->session2,2030,pretrained_encoder,balanced_acc,0.2509650896168535
physionet_hyser,S03,session1,session2,physionet_hyser::S03::session1->session2,2030,raw_stats,balanced_acc,0.2803164949053005
physionet_hyser,S03,session1,session2,physionet_hyser::S03::session1->session2,2030,raw_stats_plus_frequency,balanced_acc,0.3119892005724351
physionet_hyser,S03,session1,session2,physionet_hyser::S03::session1->session2,2030,raw_stats_plus_pretrained,balanced_acc,0.3400732162075075
physionet_hyser,S03,session1,session2,physionet_hyser::S03::session1->session2,2031,frequency_logbandpower,balanced_acc,0.30037040886180594
physionet_hyser,S03,session1,session2,physionet_hyser::S03::session1->session2,2031,pretrained_encoder,balanced_acc,0.27003627053917656
physionet_hyser,S03,session1,session2,physionet_hyser::S03::session1->session2,2031,raw_stats,balanced_acc,0.30065875620085547
physionet_hyser,S03,session1,session2,physionet_hyser::S03::session1->session2,2031,raw_stats_plus_frequency,balanced_acc,0.3244128641753594
physionet_hyser,S03,session1,session2,physionet_hyser::S03::session1->session2,2031,raw_stats_plus_pretrained,balanced_acc,0.36014348879457414
physionet_hyser,S03,session1,session2,physionet_hyser::S03::session1->session2,2032,frequency_logbandpower,balanced_acc,0.28136498322850884
physionet_hyser,S03,session1,session2,physionet_hyser::S03::session1->session2,2032,pretrained_encoder,balanced_acc,0.26660331757110417
physionet_hyser,S03,session1,session2,physionet_hyser::S03::session1->session2,2032,raw_stats,balanced_acc,0.2871850602104321
physionet_hyser,S03,session1,session2,physionet_hyser::S03::session1->session2,2032,raw_stats_plus_frequency,balanced_acc,0.3161770346126052
physionet_hyser,S03,session1,session2,physionet_hyser::S03::session1->session2,2032,raw_stats_plus_pretrained,balanced_acc,0.3588978300039744
physionet_hyser,S03,session1,session2,physionet_hyser::S03::session1->session2,2033,frequency_logbandpower,balanced_acc,0.2928592532124361
physionet_hyser,S03,session1,session2,physionet_hyser::S03::session1->session2,2033,pretrained_encoder,balanced_acc,0.2566606738239231
physionet_hyser,S03,session1,session2,physionet_hyser::S03::session1->session2,2033,raw_stats,balanced_acc,0.29084891234527177
physionet_hyser,S03,session1,session2,physionet_hyser::S03::session1->session2,2033,raw_stats_plus_frequency,balanced_acc,0.32091334927563253
physionet_hyser,S03,session1,session2,physionet_hyser::S03::session1->session2,2033,raw_stats_plus_pretrained,balanced_acc,0.35739436152373283
physionet_hyser,S03,session1,session2,physionet_hyser::S03::session1->session2,2034,frequency_logbandpower,balanced_acc,0.2977358528922239
physionet_hyser,S03,session1,session2,physionet_hyser::S03::session1->session2,2034,pretrained_encoder,balanced_acc,0.25652127595970897
physionet_hyser,S03,session1,session2,physionet_hyser::S03::session1->session2,2034,raw_stats,balanced_acc,0.2901629088217946
physionet_hyser,S03,session1,session2,physionet_hyser::S03::session1->session2,2034,raw_stats_plus_frequency,balanced_acc,0.31869662338868954
physionet_hyser,S03,session1,session2,physionet_hyser::S03::session1->session2,2034,raw_stats_plus_pretrained,balanced_acc,0.35367912944248453
physionet_hyser,S03,session1,session2,physionet_hyser::S03::session1->session2,2035,frequency_logbandpower,balanced_acc,0.3080572696875142
physionet_hyser,S03,session1,session2,physionet_hyser::S03::session1->session2,2035,pretrained_encoder,balanced_acc,0.263848336058669
physionet_hyser,S03,session1,session2,physionet_hyser::S03::session1->session2,2035,raw_stats,balanced_acc,0.29287218001005916
physionet_hyser,S03,session1,session2,physionet_hyser::S03::session1->session2,2035,raw_stats_plus_frequency,balanced_acc,0.3354614194927456
physionet_hyser,S03,session1,session2,physionet_hyser::S03::session1->session2,2035,raw_stats_plus_pretrained,balanced_acc,0.35551847063125797
physionet_hyser,S04,session1,session2,physionet_hyser::S04::session1->session2,2026,frequency_logbandpower,balanced_acc,0.3020765756029626
physionet_hyser,S04,session1,session2,physionet_hyser::S04::session1->session2,2026,pretrained_encoder,balanced_acc,0.3227723996546235
physionet_hyser,S04,session1,session2,physionet_hyser::S04::session1->session2,2026,raw_stats,balanced_acc,0.28993192154795644
physionet_hyser,S04,session1,session2,physionet_hyser::S04::session1->session2,2026,raw_stats_plus_frequency,balanced_acc,0.3148000032809408
physionet_hyser,S04,session1,session2,physionet_hyser::S04::session1->session2,2026,raw_stats_plus_pretrained,balanced_acc,0.39392610288590263
physionet_hyser,S04,session1,session2,physionet_hyser::S04::session1->session2,2027,frequency_logbandpower,balanced_acc,0.3032800519747193
physionet_hyser,S04,session1,session2,physionet_hyser::S04::session1->session2,2027,pretrained_encoder,balanced_acc,0.32952171314474477
physionet_hyser,S04,session1,session2,physionet_hyser::S04::session1->session2,2027,raw_stats,balanced_acc,0.28549867071186535
physionet_hyser,S04,session1,session2,physionet_hyser::S04::session1->session2,2027,raw_stats_plus_frequency,balanced_acc,0.32128164988965585
physionet_hyser,S04,session1,session2,physionet_hyser::S04::session1->session2,2027,raw_stats_plus_pretrained,balanced_acc,0.3993381772874095
physionet_hyser,S04,session1,session2,physionet_hyser::S04::session1->session2,2028,frequency_logbandpower,balanced_acc,0.31208862643130564
physionet_hyser,S04,session1,session2,physionet_hyser::S04::session1->session2,2028,pretrained_encoder,balanced_acc,0.3228674011789539
physionet_hyser,S04,session1,session2,physionet_hyser::S04::session1->session2,2028,raw_stats,balanced_acc,0.2961797431053217
physionet_hyser,S04,session1,session2,physionet_hyser::S04::session1->session2,2028,raw_stats_plus_frequency,balanced_acc,0.3243796625771177
physionet_hyser,S04,session1,session2,physionet_hyser::S04::session1->session2,2028,raw_stats_plus_pretrained,balanced_acc,0.3988013578807637
physionet_hyser,S04,session1,session2,physionet_hyser::S04::session1->session2,2029,frequency_logbandpower,balanced_acc,0.3081489815849273
physionet_hyser,S04,session1,session2,physionet_hyser::S04::session1->session2,2029,pretrained_encoder,balanced_acc,0.3245534290698741
physionet_hyser,S04,session1,session2,physionet_hyser::S04::session1->session2,2029,raw_stats,balanced_acc,0.286454350482665
physionet_hyser,S04,session1,session2,physionet_hyser::S04::session1->session2,2029,raw_stats_plus_frequency,balanced_acc,0.31200739772867025
physionet_hyser,S04,session1,session2,physionet_hyser::S04::session1->session2,2029,raw_stats_plus_pretrained,balanced_acc,0.3862026057081225
physionet_hyser,S04,session1,session2,physionet_hyser::S04::session1->session2,2030,frequency_logbandpower,balanced_acc,0.31595209988270767
physionet_hyser,S04,session1,session2,physionet_hyser::S04::session1->session2,2030,pretrained_encoder,balanced_acc,0.32535575510530906
physionet_hyser,S04,session1,session2,physionet_hyser::S04::session1->session2,2030,raw_stats,balanced_acc,0.29314124839241107
physionet_hyser,S04,session1,session2,physionet_hyser::S04::session1->session2,2030,raw_stats_plus_frequency,balanced_acc,0.3219030028785901
physionet_hyser,S04,session1,session2,physionet_hyser::S04::session1->session2,2030,raw_stats_plus_pretrained,balanced_acc,0.40976370396709905
physionet_hyser,S04,session1,session2,physionet_hyser::S04::session1->session2,2031,frequency_logbandpower,balanced_acc,0.297227042855518
physionet_hyser,S04,session1,session2,physionet_hyser::S04::session1->session2,2031,pretrained_encoder,balanced_acc,0.32586557368108476
physionet_hyser,S04,session1,session2,physionet_hyser::S04::session1->session2,2031,raw_stats,balanced_acc,0.2895434205929115
physionet_hyser,S04,session1,session2,physionet_hyser::S04::session1->session2,2031,raw_stats_plus_frequency,balanced_acc,0.3109456094806837
physionet_hyser,S04,session1,session2,physionet_hyser::S04::session1->session2,2031,raw_stats_plus_pretrained,balanced_acc,0.3959857373794341
physionet_hyser,S04,session1,session2,physionet_hyser::S04::session1->session2,2032,frequency_logbandpower,balanced_acc,0.30980960450090833
physionet_hyser,S04,session1,session2,physionet_hyser::S04::session1->session2,2032,pretrained_encoder,balanced_acc,0.3274261385963036
physionet_hyser,S04,session1,session2,physionet_hyser::S04::session1->session2,2032,raw_stats,balanced_acc,0.2927870274677976
physionet_hyser,S04,session1,session2,physionet_hyser::S04::session1->session2,2032,raw_stats_plus_frequency,balanced_acc,0.3207372020424083
physionet_hyser,S04,session1,session2,physionet_hyser::S04::session1->session2,2032,raw_stats_plus_pretrained,balanced_acc,0.3907801662296202
physionet_hyser,S04,session1,session2,physionet_hyser::S04::session1->session2,2033,frequency_logbandpower,balanced_acc,0.3057514598723145
physionet_hyser,S04,session1,session2,physionet_hyser::S04::session1->session2,2033,pretrained_encoder,balanced_acc,0.31980301619104384
physionet_hyser,S04,session1,session2,physionet_hyser::S04::session1->session2,2033,raw_stats,balanced_acc,0.2893246294496794
physionet_hyser,S04,session1,session2,physionet_hyser::S04::session1->session2,2033,raw_stats_plus_frequency,balanced_acc,0.32121139167796486
physionet_hyser,S04,session1,session2,physionet_hyser::S04::session1->session2,2033,raw_stats_plus_pretrained,balanced_acc,0.4016704222365593
physionet_hyser,S04,session1,session2,physionet_hyser::S04::session1->session2,2034,frequency_logbandpower,balanced_acc,0.3146538765781808
physionet_hyser,S04,session1,session2,physionet_hyser::S04::session1->session2,2034,pretrained_encoder,balanced_acc,0.32695186165207785
physionet_hyser,S04,session1,session2,physionet_hyser::S04::session1->session2,2034,raw_stats,balanced_acc,0.2864483880244698
physionet_hyser,S04,session1,session2,physionet_hyser::S04::session1->session2,2034,raw_stats_plus_frequency,balanced_acc,0.3195913902413537
physionet_hyser,S04,session1,session2,physionet_hyser::S04::session1->session2,2034,raw_stats_plus_pretrained,balanced_acc,0.39054158078261336
physionet_hyser,S04,session1,session2,physionet_hyser::S04::session1->session2,2035,frequency_logbandpower,balanced_acc,0.30689654093704916
physionet_hyser,S04,session1,session2,physionet_hyser::S04::session1->session2,2035,pretrained_encoder,balanced_acc,0.3300485690267577
physionet_hyser,S04,session1,session2,physionet_hyser::S04::session1->session2,2035,raw_stats,balanced_acc,0.290629563306392
physionet_hyser,S04,session1,session2,physionet_hyser::S04::session1->session2,2035,raw_stats_plus_frequency,balanced_acc,0.31729937374666145
physionet_hyser,S04,session1,session2,physionet_hyser::S04::session1->session2,2035,raw_stats_plus_pretrained,balanced_acc,0.39515622333453365
physionet_hyser,S05,session1,session2,physionet_hyser::S05::session1->session2,2026,frequency_logbandpower,balanced_acc,0.19241167679456556
physionet_hyser,S05,session1,session2,physionet_hyser::S05::session1->session2,2026,pretrained_encoder,balanced_acc,0.23416559855374447
physionet_hyser,S05,session1,session2,physionet_hyser::S05::session1->session2,2026,raw_stats,balanced_acc,0.23459235890189617
physionet_hyser,S05,session1,session2,physionet_hyser::S05::session1->session2,2026,raw_stats_plus_frequency,balanced_acc,0.21365772156228496
physionet_hyser,S05,session1,session2,physionet_hyser::S05::session1->session2,2026,raw_stats_plus_pretrained,balanced_acc,0.26299087848888464
physionet_hyser,S05,session1,session2,physionet_hyser::S05::session1->session2,2027,frequency_logbandpower,balanced_acc,0.1888320772323288
physionet_hyser,S05,session1,session2,physionet_hyser::S05::session1->session2,2027,pretrained_encoder,balanced_acc,0.23328660760433184
physionet_hyser,S05,session1,session2,physionet_hyser::S05::session1->session2,2027,raw_stats,balanced_acc,0.22571220250019317
physionet_hyser,S05,session1,session2,physionet_hyser::S05::session1->session2,2027,raw_stats_plus_frequency,balanced_acc,0.2047711761956834
physionet_hyser,S05,session1,session2,physionet_hyser::S05::session1->session2,2027,raw_stats_plus_pretrained,balanced_acc,0.27546910267699665
physionet_hyser,S05,session1,session2,physionet_hyser::S05::session1->session2,2028,frequency_logbandpower,balanced_acc,0.19952170402653457
physionet_hyser,S05,session1,session2,physionet_hyser::S05::session1->session2,2028,pretrained_encoder,balanced_acc,0.22998785295102708
physionet_hyser,S05,session1,session2,physionet_hyser::S05::session1->session2,2028,raw_stats,balanced_acc,0.23265721843310988
physionet_hyser,S05,session1,session2,physionet_hyser::S05::session1->session2,2028,raw_stats_plus_frequency,balanced_acc,0.2134545567398049
physionet_hyser,S05,session1,session2,physionet_hyser::S05::session1->session2,2028,raw_stats_plus_pretrained,balanced_acc,0.2712650344479094
physionet_hyser,S05,session1,session2,physionet_hyser::S05::session1->session2,2029,frequency_logbandpower,balanced_acc,0.19215976882785327
physionet_hyser,S05,session1,session2,physionet_hyser::S05::session1->session2,2029,pretrained_encoder,balanced_acc,0.23362748630694974
physionet_hyser,S05,session1,session2,physionet_hyser::S05::session1->session2,2029,raw_stats,balanced_acc,0.22893558371513464
physionet_hyser,S05,session1,session2,physionet_hyser::S05::session1->session2,2029,raw_stats_plus_frequency,balanced_acc,0.20580427055361758
physionet_hyser,S05,session1,session2,physionet_hyser::S05::session1->session2,2029,raw_stats_plus_pretrained,balanced_acc,0.2683366213191495
physionet_hyser,S05,session1,session2,physionet_hyser::S05::session1->session2,2030,frequency_logbandpower,balanced_acc,0.1904053391816517
physionet_hyser,S05,session1,session2,physionet_hyser::S05::session1->session2,2030,pretrained_encoder,balanced_acc,0.2414246381930028
physionet_hyser,S05,session1,session2,physionet_hyser::S05::session1->session2,2030,raw_stats,balanced_acc,0.22983441539376975
physionet_hyser,S05,session1,session2,physionet_hyser::S05::session1->session2,2030,raw_stats_plus_frequency,balanced_acc,0.1996923912669487
physionet_hyser,S05,session1,session2,physionet_hyser::S05::session1->session2,2030,raw_stats_plus_pretrained,balanced_acc,0.2754472947531263
physionet_hyser,S05,session1,session2,physionet_hyser::S05::session1->session2,2031,frequency_logbandpower,balanced_acc,0.18995733607544846
physionet_hyser,S05,session1,session2,physionet_hyser::S05::session1->session2,2031,pretrained_encoder,balanced_acc,0.2338251563923243
physionet_hyser,S05,session1,session2,physionet_hyser::S05::session1->session2,2031,raw_stats,balanced_acc,0.22881006689849775
physionet_hyser,S05,session1,session2,physionet_hyser::S05::session1->session2,2031,raw_stats_plus_frequency,balanced_acc,0.20348557507614987
physionet_hyser,S05,session1,session2,physionet_hyser::S05::session1->session2,2031,raw_stats_plus_pretrained,balanced_acc,0.2647668317496239
physionet_hyser,S05,session1,session2,physionet_hyser::S05::session1->session2,2032,frequency_logbandpower,balanced_acc,0.18578928027680944
physionet_hyser,S05,session1,session2,physionet_hyser::S05::session1->session2,2032,pretrained_encoder,balanced_acc,0.23941315240569
physionet_hyser,S05,session1,session2,physionet_hyser::S05::session1->session2,2032,raw_stats,balanced_acc,0.23330326381844504
physionet_hyser,S05,session1,session2,physionet_hyser::S05::session1->session2,2032,raw_stats_plus_frequency,balanced_acc,0.20639541174427437
physionet_hyser,S05,session1,session2,physionet_hyser::S05::session1->session2,2032,raw_stats_plus_pretrained,balanced_acc,0.2725948669770167
physionet_hyser,S05,session1,session2,physionet_hyser::S05::session1->session2,2033,frequency_logbandpower,balanced_acc,0.19270423683459367
physionet_hyser,S05,session1,session2,physionet_hyser::S05::session1->session2,2033,pretrained_encoder,balanced_acc,0.23235191528898905
physionet_hyser,S05,session1,session2,physionet_hyser::S05::session1->session2,2033,raw_stats,balanced_acc,0.23304722160395633
physionet_hyser,S05,session1,session2,physionet_hyser::S05::session1->session2,2033,raw_stats_plus_frequency,balanced_acc,0.21106953435856862
physionet_hyser,S05,session1,session2,physionet_hyser::S05::session1->session2,2033,raw_stats_plus_pretrained,balanced_acc,0.2666236467184768
physionet_hyser,S05,session1,session2,physionet_hyser::S05::session1->session2,2034,frequency_logbandpower,balanced_acc,0.19092179635942155
physionet_hyser,S05,session1,session2,physionet_hyser::S05::session1->session2,2034,pretrained_encoder,balanced_acc,0.23706374396356653
physionet_hyser,S05,session1,session2,physionet_hyser::S05::session1->session2,2034,raw_stats,balanced_acc,0.2262575977053099
physionet_hyser,S05,session1,session2,physionet_hyser::S05::session1->session2,2034,raw_stats_plus_frequency,balanced_acc,0.20278774359968307
physionet_hyser,S05,session1,session2,physionet_hyser::S05::session1->session2,2034,raw_stats_plus_pretrained,balanced_acc,0.2674723179325109
physionet_hyser,S05,session1,session2,physionet_hyser::S05::session1->session2,2035,frequency_logbandpower,balanced_acc,0.19170243706406825
physionet_hyser,S05,session1,session2,physionet_hyser::S05::session1->session2,2035,pretrained_encoder,balanced_acc,0.23560457615544092
physionet_hyser,S05,session1,session2,physionet_hyser::S05::session1->session2,2035,raw_stats,balanced_acc,0.23065655776535132
physionet_hyser,S05,session1,session2,physionet_hyser::S05::session1->session2,2035,raw_stats_plus_frequency,balanced_acc,0.20927749327378745
physionet_hyser,S05,session1,session2,physionet_hyser::S05::session1->session2,2035,raw_stats_plus_pretrained,balanced_acc,0.2765416216504944
physionet_hyser,S06,session1,session2,physionet_hyser::S06::session1->session2,2026,frequency_logbandpower,balanced_acc,0.3860137874069826
physionet_hyser,S06,session1,session2,physionet_hyser::S06::session1->session2,2026,pretrained_encoder,balanced_acc,0.2447746416135845
physionet_hyser,S06,session1,session2,physionet_hyser::S06::session1->session2,2026,raw_stats,balanced_acc,0.3444364161381097
physionet_hyser,S06,session1,session2,physionet_hyser::S06::session1->session2,2026,raw_stats_plus_frequency,balanced_acc,0.393717085626217
physionet_hyser,S06,session1,session2,physionet_hyser::S06::session1->session2,2026,raw_stats_plus_pretrained,balanced_acc,0.33775669435999905
physionet_hyser,S06,session1,session2,physionet_hyser::S06::session1->session2,2027,frequency_logbandpower,balanced_acc,0.3759645413112964
physionet_hyser,S06,session1,session2,physionet_hyser::S06::session1->session2,2027,pretrained_encoder,balanced_acc,0.23642915993238395
physionet_hyser,S06,session1,session2,physionet_hyser::S06::session1->session2,2027,raw_stats,balanced_acc,0.34488207280779803
physionet_hyser,S06,session1,session2,physionet_hyser::S06::session1->session2,2027,raw_stats_plus_frequency,balanced_acc,0.40028521644574017
physionet_hyser,S06,session1,session2,physionet_hyser::S06::session1->session2,2027,raw_stats_plus_pretrained,balanced_acc,0.35414491884950594
physionet_hyser,S06,session1,session2,physionet_hyser::S06::session1->session2,2028,frequency_logbandpower,balanced_acc,0.38397358915302904
physionet_hyser,S06,session1,session2,physionet_hyser::S06::session1->session2,2028,pretrained_encoder,balanced_acc,0.2521141936989724
physionet_hyser,S06,session1,session2,physionet_hyser::S06::session1->session2,2028,raw_stats,balanced_acc,0.32969208880629475
physionet_hyser,S06,session1,session2,physionet_hyser::S06::session1->session2,2028,raw_stats_plus_frequency,balanced_acc,0.39874016432897075
physionet_hyser,S06,session1,session2,physionet_hyser::S06::session1->session2,2028,raw_stats_plus_pretrained,balanced_acc,0.3566772063781316
physionet_hyser,S06,session1,session2,physionet_hyser::S06::session1->session2,2029,frequency_logbandpower,balanced_acc,0.3878931732549878
physionet_hyser,S06,session1,session2,physionet_hyser::S06::session1->session2,2029,pretrained_encoder,balanced_acc,0.23331092480260748
physionet_hyser,S06,session1,session2,physionet_hyser::S06::session1->session2,2029,raw_stats,balanced_acc,0.33220329749587024
physionet_hyser,S06,session1,session2,physionet_hyser::S06::session1->session2,2029,raw_stats_plus_frequency,balanced_acc,0.40509955679835125
physionet_hyser,S06,session1,session2,physionet_hyser::S06::session1->session2,2029,raw_stats_plus_pretrained,balanced_acc,0.34832016592238296
physionet_hyser,S06,session1,session2,physionet_hyser::S06::session1->session2,2030,frequency_logbandpower,balanced_acc,0.3686703791990698
physionet_hyser,S06,session1,session2,physionet_hyser::S06::session1->session2,2030,pretrained_encoder,balanced_acc,0.23685031775037207
physionet_hyser,S06,session1,session2,physionet_hyser::S06::session1->session2,2030,raw_stats,balanced_acc,0.33726651374191924
physionet_hyser,S06,session1,session2,physionet_hyser::S06::session1->session2,2030,raw_stats_plus_frequency,balanced_acc,0.3953552236213174
physionet_hyser,S06,session1,session2,physionet_hyser::S06::session1->session2,2030,raw_stats_plus_pretrained,balanced_acc,0.3438639776247475
physionet_hyser,S06,session1,session2,physionet_hyser::S06::session1->session2,2031,frequency_logbandpower,balanced_acc,0.3692815789384059
physionet_hyser,S06,session1,session2,physionet_hyser::S06::session1->session2,2031,pretrained_encoder,balanced_acc,0.24181232089102744
physionet_hyser,S06,session1,session2,physionet_hyser::S06::session1->session2,2031,raw_stats,balanced_acc,0.33546758144019045
physionet_hyser,S06,session1,session2,physionet_hyser::S06::session1->session2,2031,raw_stats_plus_frequency,balanced_acc,0.3882300912123739
physionet_hyser,S06,session1,session2,physionet_hyser::S06::session1->session2,2031,raw_stats_plus_pretrained,balanced_acc,0.3490211723631671
physionet_hyser,S06,session1,session2,physionet_hyser::S06::session1->session2,2032,frequency_logbandpower,balanced_acc,0.37834877326198624
physionet_hyser,S06,session1,session2,physionet_hyser::S06::session1->session2,2032,pretrained_encoder,balanced_acc,0.24883929618136813
physionet_hyser,S06,session1,session2,physionet_hyser::S06::session1->session2,2032,raw_stats,balanced_acc,0.3395736244772035
physionet_hyser,S06,session1,session2,physionet_hyser::S06::session1->session2,2032,raw_stats_plus_frequency,balanced_acc,0.3898774965142931
physionet_hyser,S06,session1,session2,physionet_hyser::S06::session1->session2,2032,raw_stats_plus_pretrained,balanced_acc,0.3507192744068105
physionet_hyser,S06,session1,session2,physionet_hyser::S06::session1->session2,2033,frequency_logbandpower,balanced_acc,0.3722074814016812
physionet_hyser,S06,session1,session2,physionet_hyser::S06::session1->session2,2033,pretrained_encoder,balanced_acc,0.23426868818821442
physionet_hyser,S06,session1,session2,physionet_hyser::S06::session1->session2,2033,raw_stats,balanced_acc,0.3286281315096385
physionet_hyser,S06,session1,session2,physionet_hyser::S06::session1->session2,2033,raw_stats_plus_frequency,balanced_acc,0.3934623395402761
physionet_hyser,S06,session1,session2,physionet_hyser::S06::session1->session2,2033,raw_stats_plus_pretrained,balanced_acc,0.34334209114410863
physionet_hyser,S06,session1,session2,physionet_hyser::S06::session1->session2,2034,frequency_logbandpower,balanced_acc,0.37114115652820595
physionet_hyser,S06,session1,session2,physionet_hyser::S06::session1->session2,2034,pretrained_encoder,balanced_acc,0.24014516020176324
physionet_hyser,S06,session1,session2,physionet_hyser::S06::session1->session2,2034,raw_stats,balanced_acc,0.32927941100315095
physionet_hyser,S06,session1,session2,physionet_hyser::S06::session1->session2,2034,raw_stats_plus_frequency,balanced_acc,0.3981072532646309
physionet_hyser,S06,session1,session2,physionet_hyser::S06::session1->session2,2034,raw_stats_plus_pretrained,balanced_acc,0.3429413299164158
physionet_hyser,S06,session1,session2,physionet_hyser::S06::session1->session2,2035,frequency_logbandpower,balanced_acc,0.3797822258799434
physionet_hyser,S06,session1,session2,physionet_hyser::S06::session1->session2,2035,pretrained_encoder,balanced_acc,0.2359312439480844
physionet_hyser,S06,session1,session2,physionet_hyser::S06::session1->session2,2035,raw_stats,balanced_acc,0.3270244609142275
physionet_hyser,S06,session1,session2,physionet_hyser::S06::session1->session2,2035,raw_stats_plus_frequency,balanced_acc,0.38541022300953326
physionet_hyser,S06,session1,session2,physionet_hyser::S06::session1->session2,2035,raw_stats_plus_pretrained,balanced_acc,0.35105754347824786
physionet_hyser,S07,session1,session2,physionet_hyser::S07::session1->session2,2026,frequency_logbandpower,balanced_acc,0.4076273147819669
physionet_hyser,S07,session1,session2,physionet_hyser::S07::session1->session2,2026,pretrained_encoder,balanced_acc,0.31174708020995384
physionet_hyser,S07,session1,session2,physionet_hyser::S07::session1->session2,2026,raw_stats,balanced_acc,0.40775007596996415
physionet_hyser,S07,session1,session2,physionet_hyser::S07::session1->session2,2026,raw_stats_plus_frequency,balanced_acc,0.43151305436270254
physionet_hyser,S07,session1,session2,physionet_hyser::S07::session1->session2,2026,raw_stats_plus_pretrained,balanced_acc,0.4239126759777378
physionet_hyser,S07,session1,session2,physionet_hyser::S07::session1->session2,2027,frequency_logbandpower,balanced_acc,0.4129479882563126
physionet_hyser,S07,session1,session2,physionet_hyser::S07::session1->session2,2027,pretrained_encoder,balanced_acc,0.31846093035362005
physionet_hyser,S07,session1,session2,physionet_hyser::S07::session1->session2,2027,raw_stats,balanced_acc,0.39573615951599284
physionet_hyser,S07,session1,session2,physionet_hyser::S07::session1->session2,2027,raw_stats_plus_frequency,balanced_acc,0.42565860993914495
physionet_hyser,S07,session1,session2,physionet_hyser::S07::session1->session2,2027,raw_stats_plus_pretrained,balanced_acc,0.43134011473768474
physionet_hyser,S07,session1,session2,physionet_hyser::S07::session1->session2,2028,frequency_logbandpower,balanced_acc,0.4061129981459176
physionet_hyser,S07,session1,session2,physionet_hyser::S07::session1->session2,2028,pretrained_encoder,balanced_acc,0.31503150450883693
physionet_hyser,S07,session1,session2,physionet_hyser::S07::session1->session2,2028,raw_stats,balanced_acc,0.4003713190706585
physionet_hyser,S07,session1,session2,physionet_hyser::S07::session1->session2,2028,raw_stats_plus_frequency,balanced_acc,0.41603637643822633
physionet_hyser,S07,session1,session2,physionet_hyser::S07::session1->session2,2028,raw_stats_plus_pretrained,balanced_acc,0.4232645832901785
physionet_hyser,S07,session1,session2,physionet_hyser::S07::session1->session2,2029,frequency_logbandpower,balanced_acc,0.4017131460953141
physionet_hyser,S07,session1,session2,physionet_hyser::S07::session1->session2,2029,pretrained_encoder,balanced_acc,0.3153486979756301
physionet_hyser,S07,session1,session2,physionet_hyser::S07::session1->session2,2029,raw_stats,balanced_acc,0.38810673072011387
physionet_hyser,S07,session1,session2,physionet_hyser::S07::session1->session2,2029,raw_stats_plus_frequency,balanced_acc,0.42122869163626225
physionet_hyser,S07,session1,session2,physionet_hyser::S07::session1->session2,2029,raw_stats_plus_pretrained,balanced_acc,0.423371312944505
physionet_hyser,S07,session1,session2,physionet_hyser::S07::session1->session2,2030,frequency_logbandpower,balanced_acc,0.4026074146192616
physionet_hyser,S07,session1,session2,physionet_hyser::S07::session1->session2,2030,pretrained_encoder,balanced_acc,0.3226050245647237
physionet_hyser,S07,session1,session2,physionet_hyser::S07::session1->session2,2030,raw_stats,balanced_acc,0.3979626811369331
physionet_hyser,S07,session1,session2,physionet_hyser::S07::session1->session2,2030,raw_stats_plus_frequency,balanced_acc,0.4270693657703258
physionet_hyser,S07,session1,session2,physionet_hyser::S07::session1->session2,2030,raw_stats_plus_pretrained,balanced_acc,0.4268971001800206
physionet_hyser,S07,session1,session2,physionet_hyser::S07::session1->session2,2031,frequency_logbandpower,balanced_acc,0.3963877216957376
physionet_hyser,S07,session1,session2,physionet_hyser::S07::session1->session2,2031,pretrained_encoder,balanced_acc,0.3085558692446285
physionet_hyser,S07,session1,session2,physionet_hyser::S07::session1->session2,2031,raw_stats,balanced_acc,0.3878056108176947
physionet_hyser,S07,session1,session2,physionet_hyser::S07::session1->session2,2031,raw_stats_plus_frequency,balanced_acc,0.4225944259540312
physionet_hyser,S07,session1,session2,physionet_hyser::S07::session1->session2,2031,raw_stats_plus_pretrained,balanced_acc,0.41636775498138096
physionet_hyser,S07,session1,session2,physionet_hyser::S07::session1->session2,2032,frequency_logbandpower,balanced_acc,0.40237921598490506
physionet_hyser,S07,session1,session2,physionet_hyser::S07::session1->session2,2032,pretrained_encoder,balanced_acc,0.31441856459246037
physionet_hyser,S07,session1,session2,physionet_hyser::S07::session1->session2,2032,raw_stats,balanced_acc,0.4006445610359553
physionet_hyser,S07,session1,session2,physionet_hyser::S07::session1->session2,2032,raw_stats_plus_frequency,balanced_acc,0.42660617166945036
physionet_hyser,S07,session1,session2,physionet_hyser::S07::session1->session2,2032,raw_stats_plus_pretrained,balanced_acc,0.42488625858571494
physionet_hyser,S07,session1,session2,physionet_hyser::S07::session1->session2,2033,frequency_logbandpower,balanced_acc,0.4121984833933914
physionet_hyser,S07,session1,session2,physionet_hyser::S07::session1->session2,2033,pretrained_encoder,balanced_acc,0.32073452764191523
physionet_hyser,S07,session1,session2,physionet_hyser::S07::session1->session2,2033,raw_stats,balanced_acc,0.39881373761795363
physionet_hyser,S07,session1,session2,physionet_hyser::S07::session1->session2,2033,raw_stats_plus_frequency,balanced_acc,0.4268307475443386
physionet_hyser,S07,session1,session2,physionet_hyser::S07::session1->session2,2033,raw_stats_plus_pretrained,balanced_acc,0.4213814068956322
physionet_hyser,S07,session1,session2,physionet_hyser::S07::session1->session2,2034,frequency_logbandpower,balanced_acc,0.4101852213613039
physionet_hyser,S07,session1,session2,physionet_hyser::S07::session1->session2,2034,pretrained_encoder,balanced_acc,0.3245770151622175
physionet_hyser,S07,session1,session2,physionet_hyser::S07::session1->session2,2034,raw_stats,balanced_acc,0.39646995370294175
physionet_hyser,S07,session1,session2,physionet_hyser::S07::session1->session2,2034,raw_stats_plus_frequency,balanced_acc,0.4362618560579498
physionet_hyser,S07,session1,session2,physionet_hyser::S07::session1->session2,2034,raw_stats_plus_pretrained,balanced_acc,0.42078381543105947
physionet_hyser,S07,session1,session2,physionet_hyser::S07::session1->session2,2035,frequency_logbandpower,balanced_acc,0.4071392752131505
physionet_hyser,S07,session1,session2,physionet_hyser::S07::session1->session2,2035,pretrained_encoder,balanced_acc,0.31870271134677924
physionet_hyser,S07,session1,session2,physionet_hyser::S07::session1->session2,2035,raw_stats,balanced_acc,0.4014626923990601
physionet_hyser,S07,session1,session2,physionet_hyser::S07::session1->session2,2035,raw_stats_plus_frequency,balanced_acc,0.42596035419348016
physionet_hyser,S07,session1,session2,physionet_hyser::S07::session1->session2,2035,raw_stats_plus_pretrained,balanced_acc,0.42185981372959497
physionet_hyser,S08,session1,session2,physionet_hyser::S08::session1->session2,2026,frequency_logbandpower,balanced_acc,0.19139668027301238
physionet_hyser,S08,session1,session2,physionet_hyser::S08::session1->session2,2026,pretrained_encoder,balanced_acc,0.21322580592516122
physionet_hyser,S08,session1,session2,physionet_hyser::S08::session1->session2,2026,raw_stats,balanced_acc,0.15345336666094275
physionet_hyser,S08,session1,session2,physionet_hyser::S08::session1->session2,2026,raw_stats_plus_frequency,balanced_acc,0.2038980468065177
physionet_hyser,S08,session1,session2,physionet_hyser::S08::session1->session2,2026,raw_stats_plus_pretrained,balanced_acc,0.22967714344616777
physionet_hyser,S08,session1,session2,physionet_hyser::S08::session1->session2,2027,frequency_logbandpower,balanced_acc,0.1917687708255155
physionet_hyser,S08,session1,session2,physionet_hyser::S08::session1->session2,2027,pretrained_encoder,balanced_acc,0.19955427645260682
physionet_hyser,S08,session1,session2,physionet_hyser::S08::session1->session2,2027,raw_stats,balanced_acc,0.1519993663599344
physionet_hyser,S08,session1,session2,physionet_hyser::S08::session1->session2,2027,raw_stats_plus_frequency,balanced_acc,0.19015821868940755
physionet_hyser,S08,session1,session2,physionet_hyser::S08::session1->session2,2027,raw_stats_plus_pretrained,balanced_acc,0.22624919779797112
physionet_hyser,S08,session1,session2,physionet_hyser::S08::session1->session2,2028,frequency_logbandpower,balanced_acc,0.19130089801607375
physionet_hyser,S08,session1,session2,physionet_hyser::S08::session1->session2,2028,pretrained_encoder,balanced_acc,0.21018563130828985
physionet_hyser,S08,session1,session2,physionet_hyser::S08::session1->session2,2028,raw_stats,balanced_acc,0.14966735988529203
physionet_hyser,S08,session1,session2,physionet_hyser::S08::session1->session2,2028,raw_stats_plus_frequency,balanced_acc,0.1926978873905706
physionet_hyser,S08,session1,session2,physionet_hyser::S08::session1->session2,2028,raw_stats_plus_pretrained,balanced_acc,0.22359710014424783
physionet_hyser,S08,session1,session2,physionet_hyser::S08::session1->session2,2029,frequency_logbandpower,balanced_acc,0.19515185020726303
physionet_hyser,S08,session1,session2,physionet_hyser::S08::session1->session2,2029,pretrained_encoder,balanced_acc,0.2103909935765071
physionet_hyser,S08,session1,session2,physionet_hyser::S08::session1->session2,2029,raw_stats,balanced_acc,0.14748800113115138
physionet_hyser,S08,session1,session2,physionet_hyser::S08::session1->session2,2029,raw_stats_plus_frequency,balanced_acc,0.1999575207420074
physionet_hyser,S08,session1,session2,physionet_hyser::S08::session1->session2,2029,raw_stats_plus_pretrained,balanced_acc,0.2332352976012511
physionet_hyser,S08,session1,session2,physionet_hyser::S08::session1->session2,2030,frequency_logbandpower,balanced_acc,0.1970724799767842
physionet_hyser,S08,session1,session2,physionet_hyser::S08::session1->session2,2030,pretrained_encoder,balanced_acc,0.21241999756904809
physionet_hyser,S08,session1,session2,physionet_hyser::S08::session1->session2,2030,raw_stats,balanced_acc,0.1477177347401034
physionet_hyser,S08,session1,session2,physionet_hyser::S08::session1->session2,2030,raw_stats_plus_frequency,balanced_acc,0.1976039799947323
physionet_hyser,S08,session1,session2,physionet_hyser::S08::session1->session2,2030,raw_stats_plus_pretrained,balanced_acc,0.22915642632078706
physionet_hyser,S08,session1,session2,physionet_hyser::S08::session1->session2,2031,frequency_logbandpower,balanced_acc,0.19505126089883093
physionet_hyser,S08,session1,session2,physionet_hyser::S08::session1->session2,2031,pretrained_encoder,balanced_acc,0.20131542689384024
physionet_hyser,S08,session1,session2,physionet_hyser::S08::session1->session2,2031,raw_stats,balanced_acc,0.1490673710524776
physionet_hyser,S08,session1,session2,physionet_hyser::S08::session1->session2,2031,raw_stats_plus_frequency,balanced_acc,0.1987993697145132
physionet_hyser,S08,session1,session2,physionet_hyser::S08::session1->session2,2031,raw_stats_plus_pretrained,balanced_acc,0.23345305267161967
physionet_hyser,S08,session1,session2,physionet_hyser::S08::session1->session2,2032,frequency_logbandpower,balanced_acc,0.19546942393991915
physionet_hyser,S08,session1,session2,physionet_hyser::S08::session1->session2,2032,pretrained_encoder,balanced_acc,0.2084737849286277
physionet_hyser,S08,session1,session2,physionet_hyser::S08::session1->session2,2032,raw_stats,balanced_acc,0.14539001832740664
physionet_hyser,S08,session1,session2,physionet_hyser::S08::session1->session2,2032,raw_stats_plus_frequency,balanced_acc,0.1984110348150788
physionet_hyser,S08,session1,session2,physionet_hyser::S08::session1->session2,2032,raw_stats_plus_pretrained,balanced_acc,0.23601168573893755
physionet_hyser,S08,session1,session2,physionet_hyser::S08::session1->session2,2033,frequency_logbandpower,balanced_acc,0.19599512917772247
physionet_hyser,S08,session1,session2,physionet_hyser::S08::session1->session2,2033,pretrained_encoder,balanced_acc,0.21096175187894167
physionet_hyser,S08,session1,session2,physionet_hyser::S08::session1->session2,2033,raw_stats,balanced_acc,0.14240834441890265
physionet_hyser,S08,session1,session2,physionet_hyser::S08::session1->session2,2033,raw_stats_plus_frequency,balanced_acc,0.20051203835058015
physionet_hyser,S08,session1,session2,physionet_hyser::S08::session1->session2,2033,raw_stats_plus_pretrained,balanced_acc,0.22041064584434555
physionet_hyser,S08,session1,session2,physionet_hyser::S08::session1->session2,2034,frequency_logbandpower,balanced_acc,0.19444711590770658
physionet_hyser,S08,session1,session2,physionet_hyser::S08::session1->session2,2034,pretrained_encoder,balanced_acc,0.20864847836359535
physionet_hyser,S08,session1,session2,physionet_hyser::S08::session1->session2,2034,raw_stats,balanced_acc,0.14318014446478722
physionet_hyser,S08,session1,session2,physionet_hyser::S08::session1->session2,2034,raw_stats_plus_frequency,balanced_acc,0.2001011842009829
physionet_hyser,S08,session1,session2,physionet_hyser::S08::session1->session2,2034,raw_stats_plus_pretrained,balanced_acc,0.22315693820884838
physionet_hyser,S08,session1,session2,physionet_hyser::S08::session1->session2,2035,frequency_logbandpower,balanced_acc,0.19509143881487687
physionet_hyser,S08,session1,session2,physionet_hyser::S08::session1->session2,2035,pretrained_encoder,balanced_acc,0.20790966155699556
physionet_hyser,S08,session1,session2,physionet_hyser::S08::session1->session2,2035,raw_stats,balanced_acc,0.1403459476214724
physionet_hyser,S08,session1,session2,physionet_hyser::S08::session1->session2,2035,raw_stats_plus_frequency,balanced_acc,0.20021547763577563
physionet_hyser,S08,session1,session2,physionet_hyser::S08::session1->session2,2035,raw_stats_plus_pretrained,balanced_acc,0.21889459376450018
physionet_hyser,S09,session1,session2,physionet_hyser::S09::session1->session2,2026,frequency_logbandpower,balanced_acc,0.2543968835134663
physionet_hyser,S09,session1,session2,physionet_hyser::S09::session1->session2,2026,pretrained_encoder,balanced_acc,0.24117242184359627
physionet_hyser,S09,session1,session2,physionet_hyser::S09::session1->session2,2026,raw_stats,balanced_acc,0.23302666433797883
physionet_hyser,S09,session1,session2,physionet_hyser::S09::session1->session2,2026,raw_stats_plus_frequency,balanced_acc,0.26423532296818786
physionet_hyser,S09,session1,session2,physionet_hyser::S09::session1->session2,2026,raw_stats_plus_pretrained,balanced_acc,0.30310575867270884
physionet_hyser,S09,session1,session2,physionet_hyser::S09::session1->session2,2027,frequency_logbandpower,balanced_acc,0.26534965143763956
physionet_hyser,S09,session1,session2,physionet_hyser::S09::session1->session2,2027,pretrained_encoder,balanced_acc,0.2483663378441899
physionet_hyser,S09,session1,session2,physionet_hyser::S09::session1->session2,2027,raw_stats,balanced_acc,0.23897048683851924
physionet_hyser,S09,session1,session2,physionet_hyser::S09::session1->session2,2027,raw_stats_plus_frequency,balanced_acc,0.2600434426450405
physionet_hyser,S09,session1,session2,physionet_hyser::S09::session1->session2,2027,raw_stats_plus_pretrained,balanced_acc,0.30317277161650563
physionet_hyser,S09,session1,session2,physionet_hyser::S09::session1->session2,2028,frequency_logbandpower,balanced_acc,0.2594840417699311
physionet_hyser,S09,session1,session2,physionet_hyser::S09::session1->session2,2028,pretrained_encoder,balanced_acc,0.25500016725783375
physionet_hyser,S09,session1,session2,physionet_hyser::S09::session1->session2,2028,raw_stats,balanced_acc,0.2410628012457196
physionet_hyser,S09,session1,session2,physionet_hyser::S09::session1->session2,2028,raw_stats_plus_frequency,balanced_acc,0.2638682120262186
physionet_hyser,S09,session1,session2,physionet_hyser::S09::session1->session2,2028,raw_stats_plus_pretrained,balanced_acc,0.30760067304280453
physionet_hyser,S09,session1,session2,physionet_hyser::S09::session1->session2,2029,frequency_logbandpower,balanced_acc,0.25888518024003976
physionet_hyser,S09,session1,session2,physionet_hyser::S09::session1->session2,2029,pretrained_encoder,balanced_acc,0.24506538274461434
physionet_hyser,S09,session1,session2,physionet_hyser::S09::session1->session2,2029,raw_stats,balanced_acc,0.23360863914849234
physionet_hyser,S09,session1,session2,physionet_hyser::S09::session1->session2,2029,raw_stats_plus_frequency,balanced_acc,0.26971012504251857
physionet_hyser,S09,session1,session2,physionet_hyser::S09::session1->session2,2029,raw_stats_plus_pretrained,balanced_acc,0.3032773673634334
physionet_hyser,S09,session1,session2,physionet_hyser::S09::session1->session2,2030,frequency_logbandpower,balanced_acc,0.257649436541331
physionet_hyser,S09,session1,session2,physionet_hyser::S09::session1->session2,2030,pretrained_encoder,balanced_acc,0.23766475262228512
physionet_hyser,S09,session1,session2,physionet_hyser::S09::session1->session2,2030,raw_stats,balanced_acc,0.23666740856629384
physionet_hyser,S09,session1,session2,physionet_hyser::S09::session1->session2,2030,raw_stats_plus_frequency,balanced_acc,0.2637304726330407
physionet_hyser,S09,session1,session2,physionet_hyser::S09::session1->session2,2030,raw_stats_plus_pretrained,balanced_acc,0.28614684647278366
physionet_hyser,S09,session1,session2,physionet_hyser::S09::session1->session2,2031,frequency_logbandpower,balanced_acc,0.25615313130639916
physionet_hyser,S09,session1,session2,physionet_hyser::S09::session1->session2,2031,pretrained_encoder,balanced_acc,0.24619739538521093
physionet_hyser,S09,session1,session2,physionet_hyser::S09::session1->session2,2031,raw_stats,balanced_acc,0.23515501562506835
physionet_hyser,S09,session1,session2,physionet_hyser::S09::session1->session2,2031,raw_stats_plus_frequency,balanced_acc,0.2614766515532431
physionet_hyser,S09,session1,session2,physionet_hyser::S09::session1->session2,2031,raw_stats_plus_pretrained,balanced_acc,0.303035285170622
physionet_hyser,S09,session1,session2,physionet_hyser::S09::session1->session2,2032,frequency_logbandpower,balanced_acc,0.24690049846499024
physionet_hyser,S09,session1,session2,physionet_hyser::S09::session1->session2,2032,pretrained_encoder,balanced_acc,0.245056441055954
physionet_hyser,S09,session1,session2,physionet_hyser::S09::session1->session2,2032,raw_stats,balanced_acc,0.24339570465810048
physionet_hyser,S09,session1,session2,physionet_hyser::S09::session1->session2,2032,raw_stats_plus_frequency,balanced_acc,0.2619349471280446
physionet_hyser,S09,session1,session2,physionet_hyser::S09::session1->session2,2032,raw_stats_plus_pretrained,balanced_acc,0.30315573070366114
physionet_hyser,S09,session1,session2,physionet_hyser::S09::session1->session2,2033,frequency_logbandpower,balanced_acc,0.2581613940996412
physionet_hyser,S09,session1,session2,physionet_hyser::S09::session1->session2,2033,pretrained_encoder,balanced_acc,0.23970030898201133
physionet_hyser,S09,session1,session2,physionet_hyser::S09::session1->session2,2033,raw_stats,balanced_acc,0.23689194351786605
physionet_hyser,S09,session1,session2,physionet_hyser::S09::session1->session2,2033,raw_stats_plus_frequency,balanced_acc,0.2613727989236254
physionet_hyser,S09,session1,session2,physionet_hyser::S09::session1->session2,2033,raw_stats_plus_pretrained,balanced_acc,0.30873082192817597
physionet_hyser,S09,session1,session2,physionet_hyser::S09::session1->session2,2034,frequency_logbandpower,balanced_acc,0.2537326656625993
physionet_hyser,S09,session1,session2,physionet_hyser::S09::session1->session2,2034,pretrained_encoder,balanced_acc,0.2357260897398769
physionet_hyser,S09,session1,session2,physionet_hyser::S09::session1->session2,2034,raw_stats,balanced_acc,0.23858871159053768
physionet_hyser,S09,session1,session2,physionet_hyser::S09::session1->session2,2034,raw_stats_plus_frequency,balanced_acc,0.2653319486539897
physionet_hyser,S09,session1,session2,physionet_hyser::S09::session1->session2,2034,raw_stats_plus_pretrained,balanced_acc,0.29914968410893156
physionet_hyser,S09,session1,session2,physionet_hyser::S09::session1->session2,2035,frequency_logbandpower,balanced_acc,0.2579655495179737
physionet_hyser,S09,session1,session2,physionet_hyser::S09::session1->session2,2035,pretrained_encoder,balanced_acc,0.24380472804066908
physionet_hyser,S09,session1,session2,physionet_hyser::S09::session1->session2,2035,raw_stats,balanced_acc,0.23316620261951992
physionet_hyser,S09,session1,session2,physionet_hyser::S09::session1->session2,2035,raw_stats_plus_frequency,balanced_acc,0.2573300410513351
physionet_hyser,S09,session1,session2,physionet_hyser::S09::session1->session2,2035,raw_stats_plus_pretrained,balanced_acc,0.3066605965158126
physionet_hyser,S10,session1,session2,physionet_hyser::S10::session1->session2,2026,frequency_logbandpower,balanced_acc,0.21405646916670498
physionet_hyser,S10,session1,session2,physionet_hyser::S10::session1->session2,2026,pretrained_encoder,balanced_acc,0.19232566449684121
physionet_hyser,S10,session1,session2,physionet_hyser::S10::session1->session2,2026,raw_stats,balanced_acc,0.165639008288056
physionet_hyser,S10,session1,session2,physionet_hyser::S10::session1->session2,2026,raw_stats_plus_frequency,balanced_acc,0.20946736616623027
physionet_hyser,S10,session1,session2,physionet_hyser::S10::session1->session2,2026,raw_stats_plus_pretrained,balanced_acc,0.2221043972545641
physionet_hyser,S10,session1,session2,physionet_hyser::S10::session1->session2,2027,frequency_logbandpower,balanced_acc,0.21477882854140262
physionet_hyser,S10,session1,session2,physionet_hyser::S10::session1->session2,2027,pretrained_encoder,balanced_acc,0.19025105000227527
physionet_hyser,S10,session1,session2,physionet_hyser::S10::session1->session2,2027,raw_stats,balanced_acc,0.16581887587437155
physionet_hyser,S10,session1,session2,physionet_hyser::S10::session1->session2,2027,raw_stats_plus_frequency,balanced_acc,0.21713101330258539
physionet_hyser,S10,session1,session2,physionet_hyser::S10::session1->session2,2027,raw_stats_plus_pretrained,balanced_acc,0.2242314236298924
physionet_hyser,S10,session1,session2,physionet_hyser::S10::session1->session2,2028,frequency_logbandpower,balanced_acc,0.20880320689588674
physionet_hyser,S10,session1,session2,physionet_hyser::S10::session1->session2,2028,pretrained_encoder,balanced_acc,0.19369028449533993
physionet_hyser,S10,session1,session2,physionet_hyser::S10::session1->session2,2028,raw_stats,balanced_acc,0.17714288133108005
physionet_hyser,S10,session1,session2,physionet_hyser::S10::session1->session2,2028,raw_stats_plus_frequency,balanced_acc,0.21300026043175632
physionet_hyser,S10,session1,session2,physionet_hyser::S10::session1->session2,2028,raw_stats_plus_pretrained,balanced_acc,0.2333283561185798
physionet_hyser,S10,session1,session2,physionet_hyser::S10::session1->session2,2029,frequency_logbandpower,balanced_acc,0.2212277273797317
physionet_hyser,S10,session1,session2,physionet_hyser::S10::session1->session2,2029,pretrained_encoder,balanced_acc,0.1946775499703694
physionet_hyser,S10,session1,session2,physionet_hyser::S10::session1->session2,2029,raw_stats,balanced_acc,0.17329692877006578
physionet_hyser,S10,session1,session2,physionet_hyser::S10::session1->session2,2029,raw_stats_plus_frequency,balanced_acc,0.22111384325670438
physionet_hyser,S10,session1,session2,physionet_hyser::S10::session1->session2,2029,raw_stats_plus_pretrained,balanced_acc,0.23004031741624126
physionet_hyser,S10,session1,session2,physionet_hyser::S10::session1->session2,2030,frequency_logbandpower,balanced_acc,0.2187115553476272
physionet_hyser,S10,session1,session2,physionet_hyser::S10::session1->session2,2030,pretrained_encoder,balanced_acc,0.19696055844663793
physionet_hyser,S10,session1,session2,physionet_hyser::S10::session1->session2,2030,raw_stats,balanced_acc,0.17718842138014856
physionet_hyser,S10,session1,session2,physionet_hyser::S10::session1->session2,2030,raw_stats_plus_frequency,balanced_acc,0.21936478925149502
physionet_hyser,S10,session1,session2,physionet_hyser::S10::session1->session2,2030,raw_stats_plus_pretrained,balanced_acc,0.23107074551025264
physionet_hyser,S10,session1,session2,physionet_hyser::S10::session1->session2,2031,frequency_logbandpower,balanced_acc,0.21774962943284423
physionet_hyser,S10,session1,session2,physionet_hyser::S10::session1->session2,2031,pretrained_encoder,balanced_acc,0.19032470727954312
physionet_hyser,S10,session1,session2,physionet_hyser::S10::session1->session2,2031,raw_stats,balanced_acc,0.18285527432558715
physionet_hyser,S10,session1,session2,physionet_hyser::S10::session1->session2,2031,raw_stats_plus_frequency,balanced_acc,0.21720203655127213
physionet_hyser,S10,session1,session2,physionet_hyser::S10::session1->session2,2031,raw_stats_plus_pretrained,balanced_acc,0.22407218036434842
physionet_hyser,S10,session1,session2,physionet_hyser::S10::session1->session2,2032,frequency_logbandpower,balanced_acc,0.20974486100472353
physionet_hyser,S10,session1,session2,physionet_hyser::S10::session1->session2,2032,pretrained_encoder,balanced_acc,0.19273932108442748
physionet_hyser,S10,session1,session2,physionet_hyser::S10::session1->session2,2032,raw_stats,balanced_acc,0.17707078268404336
physionet_hyser,S10,session1,session2,physionet_hyser::S10::session1->session2,2032,raw_stats_plus_frequency,balanced_acc,0.21162095512596316
physionet_hyser,S10,session1,session2,physionet_hyser::S10::session1->session2,2032,raw_stats_plus_pretrained,balanced_acc,0.23037629973095852
physionet_hyser,S10,session1,session2,physionet_hyser::S10::session1->session2,2033,frequency_logbandpower,balanced_acc,0.21452177047484658
physionet_hyser,S10,session1,session2,physionet_hyser::S10::session1->session2,2033,pretrained_encoder,balanced_acc,0.198678146169915
physionet_hyser,S10,session1,session2,physionet_hyser::S10::session1->session2,2033,raw_stats,balanced_acc,0.1725363332800173
physionet_hyser,S10,session1,session2,physionet_hyser::S10::session1->session2,2033,raw_stats_plus_frequency,balanced_acc,0.21426220608542257
physionet_hyser,S10,session1,session2,physionet_hyser::S10::session1->session2,2033,raw_stats_plus_pretrained,balanced_acc,0.23013123118906703
physionet_hyser,S10,session1,session2,physionet_hyser::S10::session1->session2,2034,frequency_logbandpower,balanced_acc,0.22074062648413323
physionet_hyser,S10,session1,session2,physionet_hyser::S10::session1->session2,2034,pretrained_encoder,balanced_acc,0.19346653508714956
physionet_hyser,S10,session1,session2,physionet_hyser::S10::session1->session2,2034,raw_stats,balanced_acc,0.1727717345988029
physionet_hyser,S10,session1,session2,physionet_hyser::S10::session1->session2,2034,raw_stats_plus_frequency,balanced_acc,0.21730402564889764
physionet_hyser,S10,session1,session2,physionet_hyser::S10::session1->session2,2034,raw_stats_plus_pretrained,balanced_acc,0.22391812735497316
physionet_hyser,S10,session1,session2,physionet_hyser::S10::session1->session2,2035,frequency_logbandpower,balanced_acc,0.21459555225592203
physionet_hyser,S10,session1,session2,physionet_hyser::S10::session1->session2,2035,pretrained_encoder,balanced_acc,0.19646467062907005
physionet_hyser,S10,session1,session2,physionet_hyser::S10::session1->session2,2035,raw_stats,balanced_acc,0.17734460436265645
physionet_hyser,S10,session1,session2,physionet_hyser::S10::session1->session2,2035,raw_stats_plus_frequency,balanced_acc,0.21714169603722955
physionet_hyser,S10,session1,session2,physionet_hyser::S10::session1->session2,2035,raw_stats_plus_pretrained,balanced_acc,0.2238274450526954
physionet_hyser,S11,session1,session2,physionet_hyser::S11::session1->session2,2026,frequency_logbandpower,balanced_acc,0.26777044337179867
physionet_hyser,S11,session1,session2,physionet_hyser::S11::session1->session2,2026,pretrained_encoder,balanced_acc,0.20205391153367894
physionet_hyser,S11,session1,session2,physionet_hyser::S11::session1->session2,2026,raw_stats,balanced_acc,0.23088985162161477
physionet_hyser,S11,session1,session2,physionet_hyser::S11::session1->session2,2026,raw_stats_plus_frequency,balanced_acc,0.257895228039189
physionet_hyser,S11,session1,session2,physionet_hyser::S11::session1->session2,2026,raw_stats_plus_pretrained,balanced_acc,0.2549570808421599
physionet_hyser,S11,session1,session2,physionet_hyser::S11::session1->session2,2027,frequency_logbandpower,balanced_acc,0.26788052392003514
physionet_hyser,S11,session1,session2,physionet_hyser::S11::session1->session2,2027,pretrained_encoder,balanced_acc,0.20541008302271338
physionet_hyser,S11,session1,session2,physionet_hyser::S11::session1->session2,2027,raw_stats,balanced_acc,0.22790231424152796
physionet_hyser,S11,session1,session2,physionet_hyser::S11::session1->session2,2027,raw_stats_plus_frequency,balanced_acc,0.2688838335736805
physionet_hyser,S11,session1,session2,physionet_hyser::S11::session1->session2,2027,raw_stats_plus_pretrained,balanced_acc,0.2495151680090979
physionet_hyser,S11,session1,session2,physionet_hyser::S11::session1->session2,2028,frequency_logbandpower,balanced_acc,0.2688602815644683
physionet_hyser,S11,session1,session2,physionet_hyser::S11::session1->session2,2028,pretrained_encoder,balanced_acc,0.2064642865082374
physionet_hyser,S11,session1,session2,physionet_hyser::S11::session1->session2,2028,raw_stats,balanced_acc,0.23556234029220285
physionet_hyser,S11,session1,session2,physionet_hyser::S11::session1->session2,2028,raw_stats_plus_frequency,balanced_acc,0.27592782762567014
physionet_hyser,S11,session1,session2,physionet_hyser::S11::session1->session2,2028,raw_stats_plus_pretrained,balanced_acc,0.26139924404070464
physionet_hyser,S11,session1,session2,physionet_hyser::S11::session1->session2,2029,frequency_logbandpower,balanced_acc,0.26615916063310685
physionet_hyser,S11,session1,session2,physionet_hyser::S11::session1->session2,2029,pretrained_encoder,balanced_acc,0.20981402748923464
physionet_hyser,S11,session1,session2,physionet_hyser::S11::session1->session2,2029,raw_stats,balanced_acc,0.2202979826664992
physionet_hyser,S11,session1,session2,physionet_hyser::S11::session1->session2,2029,raw_stats_plus_frequency,balanced_acc,0.2705835151005103
physionet_hyser,S11,session1,session2,physionet_hyser::S11::session1->session2,2029,raw_stats_plus_pretrained,balanced_acc,0.26023842057084556
physionet_hyser,S11,session1,session2,physionet_hyser::S11::session1->session2,2030,frequency_logbandpower,balanced_acc,0.2704528276603436
physionet_hyser,S11,session1,session2,physionet_hyser::S11::session1->session2,2030,pretrained_encoder,balanced_acc,0.20151771915675376
physionet_hyser,S11,session1,session2,physionet_hyser::S11::session1->session2,2030,raw_stats,balanced_acc,0.22615367954034485
physionet_hyser,S11,session1,session2,physionet_hyser::S11::session1->session2,2030,raw_stats_plus_frequency,balanced_acc,0.2727126772877067
physionet_hyser,S11,session1,session2,physionet_hyser::S11::session1->session2,2030,raw_stats_plus_pretrained,balanced_acc,0.25215573491998655
physionet_hyser,S11,session1,session2,physionet_hyser::S11::session1->session2,2031,frequency_logbandpower,balanced_acc,0.2672048962419424
physionet_hyser,S11,session1,session2,physionet_hyser::S11::session1->session2,2031,pretrained_encoder,balanced_acc,0.20751790837993764
physionet_hyser,S11,session1,session2,physionet_hyser::S11::session1->session2,2031,raw_stats,balanced_acc,0.223547946688051
physionet_hyser,S11,session1,session2,physionet_hyser::S11::session1->session2,2031,raw_stats_plus_frequency,balanced_acc,0.2646045638876356
physionet_hyser,S11,session1,session2,physionet_hyser::S11::session1->session2,2031,raw_stats_plus_pretrained,balanced_acc,0.24852193947591988
physionet_hyser,S11,session1,session2,physionet_hyser::S11::session1->session2,2032,frequency_logbandpower,balanced_acc,0.2610150879406335
physionet_hyser,S11,session1,session2,physionet_hyser::S11::session1->session2,2032,pretrained_encoder,balanced_acc,0.20613112349279092
physionet_hyser,S11,session1,session2,physionet_hyser::S11::session1->session2,2032,raw_stats,balanced_acc,0.22705632198814826
physionet_hyser,S11,session1,session2,physionet_hyser::S11::session1->session2,2032,raw_stats_plus_frequency,balanced_acc,0.2567126370313982
physionet_hyser,S11,session1,session2,physionet_hyser::S11::session1->session2,2032,raw_stats_plus_pretrained,balanced_acc,0.25292367795911647
physionet_hyser,S11,session1,session2,physionet_hyser::S11::session1->session2,2033,frequency_logbandpower,balanced_acc,0.25873881830163686
physionet_hyser,S11,session1,session2,physionet_hyser::S11::session1->session2,2033,pretrained_encoder,balanced_acc,0.19572519055582516
physionet_hyser,S11,session1,session2,physionet_hyser::S11::session1->session2,2033,raw_stats,balanced_acc,0.23355119126742538
physionet_hyser,S11,session1,session2,physionet_hyser::S11::session1->session2,2033,raw_stats_plus_frequency,balanced_acc,0.26266730305416336
physionet_hyser,S11,session1,session2,physionet_hyser::S11::session1->session2,2033,raw_stats_plus_pretrained,balanced_acc,0.25084692720494417
physionet_hyser,S11,session1,session2,physionet_hyser::S11::session1->session2,2034,frequency_logbandpower,balanced_acc,0.26954566205984487
physionet_hyser,S11,session1,session2,physionet_hyser::S11::session1->session2,2034,pretrained_encoder,balanced_acc,0.20307143832101684
physionet_hyser,S11,session1,session2,physionet_hyser::S11::session1->session2,2034,raw_stats,balanced_acc,0.22553521467617224
physionet_hyser,S11,session1,session2,physionet_hyser::S11::session1->session2,2034,raw_stats_plus_frequency,balanced_acc,0.2714241393299044
physionet_hyser,S11,session1,session2,physionet_hyser::S11::session1->session2,2034,raw_stats_plus_pretrained,balanced_acc,0.2557748584012586
physionet_hyser,S11,session1,session2,physionet_hyser::S11::session1->session2,2035,frequency_logbandpower,balanced_acc,0.2596353947212818
physionet_hyser,S11,session1,session2,physionet_hyser::S11::session1->session2,2035,pretrained_encoder,balanced_acc,0.19221351687877977
physionet_hyser,S11,session1,session2,physionet_hyser::S11::session1->session2,2035,raw_stats,balanced_acc,0.2289566600748357
physionet_hyser,S11,session1,session2,physionet_hyser::S11::session1->session2,2035,raw_stats_plus_frequency,balanced_acc,0.26920055278720006
physionet_hyser,S11,session1,session2,physionet_hyser::S11::session1->session2,2035,raw_stats_plus_pretrained,balanced_acc,0.24919375233210694
physionet_hyser,S12,session1,session2,physionet_hyser::S12::session1->session2,2026,frequency_logbandpower,balanced_acc,0.22685212311540826
physionet_hyser,S12,session1,session2,physionet_hyser::S12::session1->session2,2026,pretrained_encoder,balanced_acc,0.18197222110333758
physionet_hyser,S12,session1,session2,physionet_hyser::S12::session1->session2,2026,raw_stats,balanced_acc,0.1856806055640853
physionet_hyser,S12,session1,session2,physionet_hyser::S12::session1->session2,2026,raw_stats_plus_frequency,balanced_acc,0.2403653399345201
physionet_hyser,S12,session1,session2,physionet_hyser::S12::session1->session2,2026,raw_stats_plus_pretrained,balanced_acc,0.2233166315143693
physionet_hyser,S12,session1,session2,physionet_hyser::S12::session1->session2,2027,frequency_logbandpower,balanced_acc,0.22017972124753266
physionet_hyser,S12,session1,session2,physionet_hyser::S12::session1->session2,2027,pretrained_encoder,balanced_acc,0.17837611978105775
physionet_hyser,S12,session1,session2,physionet_hyser::S12::session1->session2,2027,raw_stats,balanced_acc,0.19007266953252597
physionet_hyser,S12,session1,session2,physionet_hyser::S12::session1->session2,2027,raw_stats_plus_frequency,balanced_acc,0.22809000857399123
physionet_hyser,S12,session1,session2,physionet_hyser::S12::session1->session2,2027,raw_stats_plus_pretrained,balanced_acc,0.21826213612449727
physionet_hyser,S12,session1,session2,physionet_hyser::S12::session1->session2,2028,frequency_logbandpower,balanced_acc,0.2236935519033157
physionet_hyser,S12,session1,session2,physionet_hyser::S12::session1->session2,2028,pretrained_encoder,balanced_acc,0.17674088759744574
physionet_hyser,S12,session1,session2,physionet_hyser::S12::session1->session2,2028,raw_stats,balanced_acc,0.19059380209620191
physionet_hyser,S12,session1,session2,physionet_hyser::S12::session1->session2,2028,raw_stats_plus_frequency,balanced_acc,0.2298479492631903
physionet_hyser,S12,session1,session2,physionet_hyser::S12::session1->session2,2028,raw_stats_plus_pretrained,balanced_acc,0.21945052542664614
physionet_hyser,S12,session1,session2,physionet_hyser::S12::session1->session2,2029,frequency_logbandpower,balanced_acc,0.2199748506678028
physionet_hyser,S12,session1,session2,physionet_hyser::S12::session1->session2,2029,pretrained_encoder,balanced_acc,0.170721385044338
physionet_hyser,S12,session1,session2,physionet_hyser::S12::session1->session2,2029,raw_stats,balanced_acc,0.19648006966665166
physionet_hyser,S12,session1,session2,physionet_hyser::S12::session1->session2,2029,raw_stats_plus_frequency,balanced_acc,0.2271555506809177
physionet_hyser,S12,session1,session2,physionet_hyser::S12::session1->session2,2029,raw_stats_plus_pretrained,balanced_acc,0.211204767749885
physionet_hyser,S12,session1,session2,physionet_hyser::S12::session1->session2,2030,frequency_logbandpower,balanced_acc,0.2121441962835689
physionet_hyser,S12,session1,session2,physionet_hyser::S12::session1->session2,2030,pretrained_encoder,balanced_acc,0.1690809623179617
physionet_hyser,S12,session1,session2,physionet_hyser::S12::session1->session2,2030,raw_stats,balanced_acc,0.18846277900926417
physionet_hyser,S12,session1,session2,physionet_hyser::S12::session1->session2,2030,raw_stats_plus_frequency,balanced_acc,0.22487387689023877
physionet_hyser,S12,session1,session2,physionet_hyser::S12::session1->session2,2030,raw_stats_plus_pretrained,balanced_acc,0.2024802372358292
physionet_hyser,S12,session1,session2,physionet_hyser::S12::session1->session2,2031,frequency_logbandpower,balanced_acc,0.22390111477373437
physionet_hyser,S12,session1,session2,physionet_hyser::S12::session1->session2,2031,pretrained_encoder,balanced_acc,0.17290093430880776
physionet_hyser,S12,session1,session2,physionet_hyser::S12::session1->session2,2031,raw_stats,balanced_acc,0.18532123283534596
physionet_hyser,S12,session1,session2,physionet_hyser::S12::session1->session2,2031,raw_stats_plus_frequency,balanced_acc,0.23091536063928747
physionet_hyser,S12,session1,session2,physionet_hyser::S12::session1->session2,2031,raw_stats_plus_pretrained,balanced_acc,0.20587838086759874
physionet_hyser,S12,session1,session2,physionet_hyser::S12::session1->session2,2032,frequency_logbandpower,balanced_acc,0.22758191662683122
physionet_hyser,S12,session1,session2,physionet_hyser::S12::session1->session2,2032,pretrained_encoder,balanced_acc,0.17454921217604794
physionet_hyser,S12,session1,session2,physionet_hyser::S12::session1->session2,2032,raw_stats,balanced_acc,0.18767462251230202
physionet_hyser,S12,session1,session2,physionet_hyser::S12::session1->session2,2032,raw_stats_plus_frequency,balanced_acc,0.22741547145556662
physionet_hyser,S12,session1,session2,physionet_hyser::S12::session1->session2,2032,raw_stats_plus_pretrained,balanced_acc,0.21010483477041483
physionet_hyser,S12,session1,session2,physionet_hyser::S12::session1->session2,2033,frequency_logbandpower,balanced_acc,0.21381226306384207
physionet_hyser,S12,session1,session2,physionet_hyser::S12::session1->session2,2033,pretrained_encoder,balanced_acc,0.1818631112678079
physionet_hyser,S12,session1,session2,physionet_hyser::S12::session1->session2,2033,raw_stats,balanced_acc,0.18772673478204147
physionet_hyser,S12,session1,session2,physionet_hyser::S12::session1->session2,2033,raw_stats_plus_frequency,balanced_acc,0.22022235182837158
physionet_hyser,S12,session1,session2,physionet_hyser::S12::session1->session2,2033,raw_stats_plus_pretrained,balanced_acc,0.22179535750775303
physionet_hyser,S12,session1,session2,physionet_hyser::S12::session1->session2,2034,frequency_logbandpower,balanced_acc,0.21292153916454998
physionet_hyser,S12,session1,session2,physionet_hyser::S12::session1->session2,2034,pretrained_encoder,balanced_acc,0.17938843091852996
physionet_hyser,S12,session1,session2,physionet_hyser::S12::session1->session2,2034,raw_stats,balanced_acc,0.18499194047705647
physionet_hyser,S12,session1,session2,physionet_hyser::S12::session1->session2,2034,raw_stats_plus_frequency,balanced_acc,0.22381718351247995
physionet_hyser,S12,session1,session2,physionet_hyser::S12::session1->session2,2034,raw_stats_plus_pretrained,balanced_acc,0.21155096592125655
physionet_hyser,S12,session1,session2,physionet_hyser::S12::session1->session2,2035,frequency_logbandpower,balanced_acc,0.2161641583420991
physionet_hyser,S12,session1,session2,physionet_hyser::S12::session1->session2,2035,pretrained_encoder,balanced_acc,0.17605990943278832
physionet_hyser,S12,session1,session2,physionet_hyser::S12::session1->session2,2035,raw_stats,balanced_acc,0.1869642015136807
physionet_hyser,S12,session1,session2,physionet_hyser::S12::session1->session2,2035,raw_stats_plus_frequency,balanced_acc,0.22611121356664776
physionet_hyser,S12,session1,session2,physionet_hyser::S12::session1->session2,2035,raw_stats_plus_pretrained,balanced_acc,0.2185351250095155
physionet_hyser,S13,session1,session2,physionet_hyser::S13::session1->session2,2026,frequency_logbandpower,balanced_acc,0.2585613065875628
physionet_hyser,S13,session1,session2,physionet_hyser::S13::session1->session2,2026,pretrained_encoder,balanced_acc,0.2429377666231472
physionet_hyser,S13,session1,session2,physionet_hyser::S13::session1->session2,2026,raw_stats,balanced_acc,0.2045655524211524
physionet_hyser,S13,session1,session2,physionet_hyser::S13::session1->session2,2026,raw_stats_plus_frequency,balanced_acc,0.253357119119006
physionet_hyser,S13,session1,session2,physionet_hyser::S13::session1->session2,2026,raw_stats_plus_pretrained,balanced_acc,0.2694802641010293
physionet_hyser,S13,session1,session2,physionet_hyser::S13::session1->session2,2027,frequency_logbandpower,balanced_acc,0.24861202139853564
physionet_hyser,S13,session1,session2,physionet_hyser::S13::session1->session2,2027,pretrained_encoder,balanced_acc,0.24786046569483092
physionet_hyser,S13,session1,session2,physionet_hyser::S13::session1->session2,2027,raw_stats,balanced_acc,0.19844824054852747
physionet_hyser,S13,session1,session2,physionet_hyser::S13::session1->session2,2027,raw_stats_plus_frequency,balanced_acc,0.24021473928245476
physionet_hyser,S13,session1,session2,physionet_hyser::S13::session1->session2,2027,raw_stats_plus_pretrained,balanced_acc,0.2706711548422643
physionet_hyser,S13,session1,session2,physionet_hyser::S13::session1->session2,2028,frequency_logbandpower,balanced_acc,0.24541976036168367
physionet_hyser,S13,session1,session2,physionet_hyser::S13::session1->session2,2028,pretrained_encoder,balanced_acc,0.24771540938784678
physionet_hyser,S13,session1,session2,physionet_hyser::S13::session1->session2,2028,raw_stats,balanced_acc,0.20550097614641946
physionet_hyser,S13,session1,session2,physionet_hyser::S13::session1->session2,2028,raw_stats_plus_frequency,balanced_acc,0.2388653856103894
physionet_hyser,S13,session1,session2,physionet_hyser::S13::session1->session2,2028,raw_stats_plus_pretrained,balanced_acc,0.275122417751117
physionet_hyser,S13,session1,session2,physionet_hyser::S13::session1->session2,2029,frequency_logbandpower,balanced_acc,0.2577208490401857
physionet_hyser,S13,session1,session2,physionet_hyser::S13::session1->session2,2029,pretrained_encoder,balanced_acc,0.24408116305455244
physionet_hyser,S13,session1,session2,physionet_hyser::S13::session1->session2,2029,raw_stats,balanced_acc,0.205679353763958
physionet_hyser,S13,session1,session2,physionet_hyser::S13::session1->session2,2029,raw_stats_plus_frequency,balanced_acc,0.25658456470955426
physionet_hyser,S13,session1,session2,physionet_hyser::S13::session1->session2,2029,raw_stats_plus_pretrained,balanced_acc,0.2689290711552983
physionet_hyser,S13,session1,session2,physionet_hyser::S13::session1->session2,2030,frequency_logbandpower,balanced_acc,0.25207978403618797
physionet_hyser,S13,session1,session2,physionet_hyser::S13::session1->session2,2030,pretrained_encoder,balanced_acc,0.24539300576335696
physionet_hyser,S13,session1,session2,physionet_hyser::S13::session1->session2,2030,raw_stats,balanced_acc,0.20047551773330832
physionet_hyser,S13,session1,session2,physionet_hyser::S13::session1->session2,2030,raw_stats_plus_frequency,balanced_acc,0.24909431883189248
physionet_hyser,S13,session1,session2,physionet_hyser::S13::session1->session2,2030,raw_stats_plus_pretrained,balanced_acc,0.2713097616570744
physionet_hyser,S13,session1,session2,physionet_hyser::S13::session1->session2,2031,frequency_logbandpower,balanced_acc,0.25748570791236736
physionet_hyser,S13,session1,session2,physionet_hyser::S13::session1->session2,2031,pretrained_encoder,balanced_acc,0.23421081627830023
physionet_hyser,S13,session1,session2,physionet_hyser::S13::session1->session2,2031,raw_stats,balanced_acc,0.19762731622421034
physionet_hyser,S13,session1,session2,physionet_hyser::S13::session1->session2,2031,raw_stats_plus_frequency,balanced_acc,0.26256270010144894
physionet_hyser,S13,session1,session2,physionet_hyser::S13::session1->session2,2031,raw_stats_plus_pretrained,balanced_acc,0.2743676258502508
physionet_hyser,S13,session1,session2,physionet_hyser::S13::session1->session2,2032,frequency_logbandpower,balanced_acc,0.23593119265466636
physionet_hyser,S13,session1,session2,physionet_hyser::S13::session1->session2,2032,pretrained_encoder,balanced_acc,0.24698357151414468
physionet_hyser,S13,session1,session2,physionet_hyser::S13::session1->session2,2032,raw_stats,balanced_acc,0.20058339374471132
physionet_hyser,S13,session1,session2,physionet_hyser::S13::session1->session2,2032,raw_stats_plus_frequency,balanced_acc,0.23921430651606607
physionet_hyser,S13,session1,session2,physionet_hyser::S13::session1->session2,2032,raw_stats_plus_pretrained,balanced_acc,0.26783223396663136
physionet_hyser,S13,session1,session2,physionet_hyser::S13::session1->session2,2033,frequency_logbandpower,balanced_acc,0.2580133119113202
physionet_hyser,S13,session1,session2,physionet_hyser::S13::session1->session2,2033,pretrained_encoder,balanced_acc,0.24255190068685478
physionet_hyser,S13,session1,session2,physionet_hyser::S13::session1->session2,2033,raw_stats,balanced_acc,0.20695220990428315
physionet_hyser,S13,session1,session2,physionet_hyser::S13::session1->session2,2033,raw_stats_plus_frequency,balanced_acc,0.2567265817650483
physionet_hyser,S13,session1,session2,physionet_hyser::S13::session1->session2,2033,raw_stats_plus_pretrained,balanced_acc,0.2793147215987267
physionet_hyser,S13,session1,session2,physionet_hyser::S13::session1->session2,2034,frequency_logbandpower,balanced_acc,0.24461957074990665
physionet_hyser,S13,session1,session2,physionet_hyser::S13::session1->session2,2034,pretrained_encoder,balanced_acc,0.23908276727519845
physionet_hyser,S13,session1,session2,physionet_hyser::S13::session1->session2,2034,raw_stats,balanced_acc,0.19721682583725472
physionet_hyser,S13,session1,session2,physionet_hyser::S13::session1->session2,2034,raw_stats_plus_frequency,balanced_acc,0.24481074710161715
physionet_hyser,S13,session1,session2,physionet_hyser::S13::session1->session2,2034,raw_stats_plus_pretrained,balanced_acc,0.2676351350768894
physionet_hyser,S13,session1,session2,physionet_hyser::S13::session1->session2,2035,frequency_logbandpower,balanced_acc,0.2476334818987556
physionet_hyser,S13,session1,session2,physionet_hyser::S13::session1->session2,2035,pretrained_encoder,balanced_acc,0.23798965823685958
physionet_hyser,S13,session1,session2,physionet_hyser::S13::session1->session2,2035,raw_stats,balanced_acc,0.19851889039991796
physionet_hyser,S13,session1,session2,physionet_hyser::S13::session1->session2,2035,raw_stats_plus_frequency,balanced_acc,0.2477753201135369
physionet_hyser,S13,session1,session2,physionet_hyser::S13::session1->session2,2035,raw_stats_plus_pretrained,balanced_acc,0.27350115580397777
physionet_hyser,S14,session1,session2,physionet_hyser::S14::session1->session2,2026,frequency_logbandpower,balanced_acc,0.2403402861292878
physionet_hyser,S14,session1,session2,physionet_hyser::S14::session1->session2,2026,pretrained_encoder,balanced_acc,0.18479367640095032
physionet_hyser,S14,session1,session2,physionet_hyser::S14::session1->session2,2026,raw_stats,balanced_acc,0.20095952876058912
physionet_hyser,S14,session1,session2,physionet_hyser::S14::session1->session2,2026,raw_stats_plus_frequency,balanced_acc,0.24417835598343726
physionet_hyser,S14,session1,session2,physionet_hyser::S14::session1->session2,2026,raw_stats_plus_pretrained,balanced_acc,0.24367521141393425
physionet_hyser,S14,session1,session2,physionet_hyser::S14::session1->session2,2027,frequency_logbandpower,balanced_acc,0.2349751460337283
physionet_hyser,S14,session1,session2,physionet_hyser::S14::session1->session2,2027,pretrained_encoder,balanced_acc,0.19444635086568407
physionet_hyser,S14,session1,session2,physionet_hyser::S14::session1->session2,2027,raw_stats,balanced_acc,0.2014613095870049
physionet_hyser,S14,session1,session2,physionet_hyser::S14::session1->session2,2027,raw_stats_plus_frequency,balanced_acc,0.2339511568347867
physionet_hyser,S14,session1,session2,physionet_hyser::S14::session1->session2,2027,raw_stats_plus_pretrained,balanced_acc,0.2370919953347735
physionet_hyser,S14,session1,session2,physionet_hyser::S14::session1->session2,2028,frequency_logbandpower,balanced_acc,0.23249022493358018
physionet_hyser,S14,session1,session2,physionet_hyser::S14::session1->session2,2028,pretrained_encoder,balanced_acc,0.19431421067735774
physionet_hyser,S14,session1,session2,physionet_hyser::S14::session1->session2,2028,raw_stats,balanced_acc,0.1938163858732168
physionet_hyser,S14,session1,session2,physionet_hyser::S14::session1->session2,2028,raw_stats_plus_frequency,balanced_acc,0.23829854003363604
physionet_hyser,S14,session1,session2,physionet_hyser::S14::session1->session2,2028,raw_stats_plus_pretrained,balanced_acc,0.2479447846803999
physionet_hyser,S14,session1,session2,physionet_hyser::S14::session1->session2,2029,frequency_logbandpower,balanced_acc,0.2341832465069761
physionet_hyser,S14,session1,session2,physionet_hyser::S14::session1->session2,2029,pretrained_encoder,balanced_acc,0.1970763526951254
physionet_hyser,S14,session1,session2,physionet_hyser::S14::session1->session2,2029,raw_stats,balanced_acc,0.20114013192137273
physionet_hyser,S14,session1,session2,physionet_hyser::S14::session1->session2,2029,raw_stats_plus_frequency,balanced_acc,0.2407220146388375
physionet_hyser,S14,session1,session2,physionet_hyser::S14::session1->session2,2029,raw_stats_plus_pretrained,balanced_acc,0.24164023560581718
physionet_hyser,S14,session1,session2,physionet_hyser::S14::session1->session2,2030,frequency_logbandpower,balanced_acc,0.23610105870442094
physionet_hyser,S14,session1,session2,physionet_hyser::S14::session1->session2,2030,pretrained_encoder,balanced_acc,0.18835534613677768
physionet_hyser,S14,session1,session2,physionet_hyser::S14::session1->session2,2030,raw_stats,balanced_acc,0.19897239692313917
physionet_hyser,S14,session1,session2,physionet_hyser::S14::session1->session2,2030,raw_stats_plus_frequency,balanced_acc,0.2340622591902975
physionet_hyser,S14,session1,session2,physionet_hyser::S14::session1->session2,2030,raw_stats_plus_pretrained,balanced_acc,0.2410982816058465
physionet_hyser,S14,session1,session2,physionet_hyser::S14::session1->session2,2031,frequency_logbandpower,balanced_acc,0.22438946752415506
physionet_hyser,S14,session1,session2,physionet_hyser::S14::session1->session2,2031,pretrained_encoder,balanced_acc,0.18174630181501075
physionet_hyser,S14,session1,session2,physionet_hyser::S14::session1->session2,2031,raw_stats,balanced_acc,0.19537987163879533
physionet_hyser,S14,session1,session2,physionet_hyser::S14::session1->session2,2031,raw_stats_plus_frequency,balanced_acc,0.2342884498952276
physionet_hyser,S14,session1,session2,physionet_hyser::S14::session1->session2,2031,raw_stats_plus_pretrained,balanced_acc,0.24518236550290992
physionet_hyser,S14,session1,session2,physionet_hyser::S14::session1->session2,2032,frequency_logbandpower,balanced_acc,0.23744189694565426
physionet_hyser,S14,session1,session2,physionet_hyser::S14::session1->session2,2032,pretrained_encoder,balanced_acc,0.19242127927455044
physionet_hyser,S14,session1,session2,physionet_hyser::S14::session1->session2,2032,raw_stats,balanced_acc,0.20202545203261835
physionet_hyser,S14,session1,session2,physionet_hyser::S14::session1->session2,2032,raw_stats_plus_frequency,balanced_acc,0.24328534152641298
physionet_hyser,S14,session1,session2,physionet_hyser::S14::session1->session2,2032,raw_stats_plus_pretrained,balanced_acc,0.24893467110922363
physionet_hyser,S14,session1,session2,physionet_hyser::S14::session1->session2,2033,frequency_logbandpower,balanced_acc,0.23857430324742718
physionet_hyser,S14,session1,session2,physionet_hyser::S14::session1->session2,2033,pretrained_encoder,balanced_acc,0.1893101610765427
physionet_hyser,S14,session1,session2,physionet_hyser::S14::session1->session2,2033,raw_stats,balanced_acc,0.19638378400686965
physionet_hyser,S14,session1,session2,physionet_hyser::S14::session1->session2,2033,raw_stats_plus_frequency,balanced_acc,0.23778580510882075
physionet_hyser,S14,session1,session2,physionet_hyser::S14::session1->session2,2033,raw_stats_plus_pretrained,balanced_acc,0.24062064319550452
physionet_hyser,S14,session1,session2,physionet_hyser::S14::session1->session2,2034,frequency_logbandpower,balanced_acc,0.2432639547524718
physionet_hyser,S14,session1,session2,physionet_hyser::S14::session1->session2,2034,pretrained_encoder,balanced_acc,0.18343615809146116
physionet_hyser,S14,session1,session2,physionet_hyser::S14::session1->session2,2034,raw_stats,balanced_acc,0.20564859168993632
physionet_hyser,S14,session1,session2,physionet_hyser::S14::session1->session2,2034,raw_stats_plus_frequency,balanced_acc,0.2473231754062397
physionet_hyser,S14,session1,session2,physionet_hyser::S14::session1->session2,2034,raw_stats_plus_pretrained,balanced_acc,0.24203588768031678
physionet_hyser,S14,session1,session2,physionet_hyser::S14::session1->session2,2035,frequency_logbandpower,balanced_acc,0.24937771969615205
physionet_hyser,S14,session1,session2,physionet_hyser::S14::session1->session2,2035,pretrained_encoder,balanced_acc,0.18859887492069166
physionet_hyser,S14,session1,session2,physionet_hyser::S14::session1->session2,2035,raw_stats,balanced_acc,0.2049216415027013
physionet_hyser,S14,session1,session2,physionet_hyser::S14::session1->session2,2035,raw_stats_plus_frequency,balanced_acc,0.25077245417004496
physionet_hyser,S14,session1,session2,physionet_hyser::S14::session1->session2,2035,raw_stats_plus_pretrained,balanced_acc,0.24429088732161208
physionet_hyser,S15,session1,session2,physionet_hyser::S15::session1->session2,2026,frequency_logbandpower,balanced_acc,0.3325491178037427
physionet_hyser,S15,session1,session2,physionet_hyser::S15::session1->session2,2026,pretrained_encoder,balanced_acc,0.2782622333316951
physionet_hyser,S15,session1,session2,physionet_hyser::S15::session1->session2,2026,raw_stats,balanced_acc,0.29191343890412874
physionet_hyser,S15,session1,session2,physionet_hyser::S15::session1->session2,2026,raw_stats_plus_frequency,balanced_acc,0.3404977173338384
physionet_hyser,S15,session1,session2,physionet_hyser::S15::session1->session2,2026,raw_stats_plus_pretrained,balanced_acc,0.34826531985646314
physionet_hyser,S15,session1,session2,physionet_hyser::S15::session1->session2,2027,frequency_logbandpower,balanced_acc,0.32762813792960016
physionet_hyser,S15,session1,session2,physionet_hyser::S15::session1->session2,2027,pretrained_encoder,balanced_acc,0.2810230486476891
physionet_hyser,S15,session1,session2,physionet_hyser::S15::session1->session2,2027,raw_stats,balanced_acc,0.2890799351497605
physionet_hyser,S15,session1,session2,physionet_hyser::S15::session1->session2,2027,raw_stats_plus_frequency,balanced_acc,0.3377046828467673
physionet_hyser,S15,session1,session2,physionet_hyser::S15::session1->session2,2027,raw_stats_plus_pretrained,balanced_acc,0.34520802005141094
physionet_hyser,S15,session1,session2,physionet_hyser::S15::session1->session2,2028,frequency_logbandpower,balanced_acc,0.32343199540913015
physionet_hyser,S15,session1,session2,physionet_hyser::S15::session1->session2,2028,pretrained_encoder,balanced_acc,0.28640804514159834
physionet_hyser,S15,session1,session2,physionet_hyser::S15::session1->session2,2028,raw_stats,balanced_acc,0.2972648166497821
physionet_hyser,S15,session1,session2,physionet_hyser::S15::session1->session2,2028,raw_stats_plus_frequency,balanced_acc,0.3386786955975318
physionet_hyser,S15,session1,session2,physionet_hyser::S15::session1->session2,2028,raw_stats_plus_pretrained,balanced_acc,0.3556390482714778
physionet_hyser,S15,session1,session2,physionet_hyser::S15::session1->session2,2029,frequency_logbandpower,balanced_acc,0.32554395800451696
physionet_hyser,S15,session1,session2,physionet_hyser::S15::session1->session2,2029,pretrained_encoder,balanced_acc,0.27951404532660207
physionet_hyser,S15,session1,session2,physionet_hyser::S15::session1->session2,2029,raw_stats,balanced_acc,0.286992599398431
physionet_hyser,S15,session1,session2,physionet_hyser::S15::session1->session2,2029,raw_stats_plus_frequency,balanced_acc,0.32361383253368753
physionet_hyser,S15,session1,session2,physionet_hyser::S15::session1->session2,2029,raw_stats_plus_pretrained,balanced_acc,0.3428848653513411
physionet_hyser,S15,session1,session2,physionet_hyser::S15::session1->session2,2030,frequency_logbandpower,balanced_acc,0.3183223331611825
physionet_hyser,S15,session1,session2,physionet_hyser::S15::session1->session2,2030,pretrained_encoder,balanced_acc,0.27887708137413403
physionet_hyser,S15,session1,session2,physionet_hyser::S15::session1->session2,2030,raw_stats,balanced_acc,0.28888064763297805
physionet_hyser,S15,session1,session2,physionet_hyser::S15::session1->session2,2030,raw_stats_plus_frequency,balanced_acc,0.3227892974771016
physionet_hyser,S15,session1,session2,physionet_hyser::S15::session1->session2,2030,raw_stats_plus_pretrained,balanced_acc,0.3323518724290034
physionet_hyser,S15,session1,session2,physionet_hyser::S15::session1->session2,2031,frequency_logbandpower,balanced_acc,0.3157033167081085
physionet_hyser,S15,session1,session2,physionet_hyser::S15::session1->session2,2031,pretrained_encoder,balanced_acc,0.28677342032153014
physionet_hyser,S15,session1,session2,physionet_hyser::S15::session1->session2,2031,raw_stats,balanced_acc,0.2881221260396693
physionet_hyser,S15,session1,session2,physionet_hyser::S15::session1->session2,2031,raw_stats_plus_frequency,balanced_acc,0.328557517777736
physionet_hyser,S15,session1,session2,physionet_hyser::S15::session1->session2,2031,raw_stats_plus_pretrained,balanced_acc,0.3472828547907732
physionet_hyser,S15,session1,session2,physionet_hyser::S15::session1->session2,2032,frequency_logbandpower,balanced_acc,0.31431446927722717
physionet_hyser,S15,session1,session2,physionet_hyser::S15::session1->session2,2032,pretrained_encoder,balanced_acc,0.29102119996884485
physionet_hyser,S15,session1,session2,physionet_hyser::S15::session1->session2,2032,raw_stats,balanced_acc,0.27543001620771035
physionet_hyser,S15,session1,session2,physionet_hyser::S15::session1->session2,2032,raw_stats_plus_frequency,balanced_acc,0.3366576365943847
physionet_hyser,S15,session1,session2,physionet_hyser::S15::session1->session2,2032,raw_stats_plus_pretrained,balanced_acc,0.34974141811783355
physionet_hyser,S15,session1,session2,physionet_hyser::S15::session1->session2,2033,frequency_logbandpower,balanced_acc,0.3276737706251129
physionet_hyser,S15,session1,session2,physionet_hyser::S15::session1->session2,2033,pretrained_encoder,balanced_acc,0.2883165549830394
physionet_hyser,S15,session1,session2,physionet_hyser::S15::session1->session2,2033,raw_stats,balanced_acc,0.28764053478978363
physionet_hyser,S15,session1,session2,physionet_hyser::S15::session1->session2,2033,raw_stats_plus_frequency,balanced_acc,0.3393903552099472
physionet_hyser,S15,session1,session2,physionet_hyser::S15::session1->session2,2033,raw_stats_plus_pretrained,balanced_acc,0.3538046588770814
physionet_hyser,S15,session1,session2,physionet_hyser::S15::session1->session2,2034,frequency_logbandpower,balanced_acc,0.32653102893033736
physionet_hyser,S15,session1,session2,physionet_hyser::S15::session1->session2,2034,pretrained_encoder,balanced_acc,0.27927759120713874
physionet_hyser,S15,session1,session2,physionet_hyser::S15::session1->session2,2034,raw_stats,balanced_acc,0.2930794547692669
physionet_hyser,S15,session1,session2,physionet_hyser::S15::session1->session2,2034,raw_stats_plus_frequency,balanced_acc,0.3416281293012597
physionet_hyser,S15,session1,session2,physionet_hyser::S15::session1->session2,2034,raw_stats_plus_pretrained,balanced_acc,0.3492355203341571
physionet_hyser,S15,session1,session2,physionet_hyser::S15::session1->session2,2035,frequency_logbandpower,balanced_acc,0.3329107873111721
physionet_hyser,S15,session1,session2,physionet_hyser::S15::session1->session2,2035,pretrained_encoder,balanced_acc,0.2733505536760027
physionet_hyser,S15,session1,session2,physionet_hyser::S15::session1->session2,2035,raw_stats,balanced_acc,0.28399788783409413
physionet_hyser,S15,session1,session2,physionet_hyser::S15::session1->session2,2035,raw_stats_plus_frequency,balanced_acc,0.33861182827599
physionet_hyser,S15,session1,session2,physionet_hyser::S15::session1->session2,2035,raw_stats_plus_pretrained,balanced_acc,0.3532822602460866
physionet_hyser,S16,session1,session2,physionet_hyser::S16::session1->session2,2026,frequency_logbandpower,balanced_acc,0.19972582129537875
physionet_hyser,S16,session1,session2,physionet_hyser::S16::session1->session2,2026,pretrained_encoder,balanced_acc,0.19795993918201799
physionet_hyser,S16,session1,session2,physionet_hyser::S16::session1->session2,2026,raw_stats,balanced_acc,0.16276907607426025
physionet_hyser,S16,session1,session2,physionet_hyser::S16::session1->session2,2026,raw_stats_plus_frequency,balanced_acc,0.2016288712322435
physionet_hyser,S16,session1,session2,physionet_hyser::S16::session1->session2,2026,raw_stats_plus_pretrained,balanced_acc,0.22807278359977637
physionet_hyser,S16,session1,session2,physionet_hyser::S16::session1->session2,2027,frequency_logbandpower,balanced_acc,0.2037917257292682
physionet_hyser,S16,session1,session2,physionet_hyser::S16::session1->session2,2027,pretrained_encoder,balanced_acc,0.1938689613064599
physionet_hyser,S16,session1,session2,physionet_hyser::S16::session1->session2,2027,raw_stats,balanced_acc,0.17370721208155834
physionet_hyser,S16,session1,session2,physionet_hyser::S16::session1->session2,2027,raw_stats_plus_frequency,balanced_acc,0.20726275021280133
physionet_hyser,S16,session1,session2,physionet_hyser::S16::session1->session2,2027,raw_stats_plus_pretrained,balanced_acc,0.2310185405620428
physionet_hyser,S16,session1,session2,physionet_hyser::S16::session1->session2,2028,frequency_logbandpower,balanced_acc,0.20696789414005895
physionet_hyser,S16,session1,session2,physionet_hyser::S16::session1->session2,2028,pretrained_encoder,balanced_acc,0.20352359670875006
physionet_hyser,S16,session1,session2,physionet_hyser::S16::session1->session2,2028,raw_stats,balanced_acc,0.1629027633292452
physionet_hyser,S16,session1,session2,physionet_hyser::S16::session1->session2,2028,raw_stats_plus_frequency,balanced_acc,0.20617558361036892
physionet_hyser,S16,session1,session2,physionet_hyser::S16::session1->session2,2028,raw_stats_plus_pretrained,balanced_acc,0.23053937464330812
physionet_hyser,S16,session1,session2,physionet_hyser::S16::session1->session2,2029,frequency_logbandpower,balanced_acc,0.19457683677810544
physionet_hyser,S16,session1,session2,physionet_hyser::S16::session1->session2,2029,pretrained_encoder,balanced_acc,0.20483646009316675
physionet_hyser,S16,session1,session2,physionet_hyser::S16::session1->session2,2029,raw_stats,balanced_acc,0.1644809581664174
physionet_hyser,S16,session1,session2,physionet_hyser::S16::session1->session2,2029,raw_stats_plus_frequency,balanced_acc,0.1993685198370476
physionet_hyser,S16,session1,session2,physionet_hyser::S16::session1->session2,2029,raw_stats_plus_pretrained,balanced_acc,0.22250300320881405
physionet_hyser,S16,session1,session2,physionet_hyser::S16::session1->session2,2030,frequency_logbandpower,balanced_acc,0.1996285990291179
physionet_hyser,S16,session1,session2,physionet_hyser::S16::session1->session2,2030,pretrained_encoder,balanced_acc,0.19743703123776984
physionet_hyser,S16,session1,session2,physionet_hyser::S16::session1->session2,2030,raw_stats,balanced_acc,0.1651259797026894
physionet_hyser,S16,session1,session2,physionet_hyser::S16::session1->session2,2030,raw_stats_plus_frequency,balanced_acc,0.20280836201466035
physionet_hyser,S16,session1,session2,physionet_hyser::S16::session1->session2,2030,raw_stats_plus_pretrained,balanced_acc,0.2262435418771368
physionet_hyser,S16,session1,session2,physionet_hyser::S16::session1->session2,2031,frequency_logbandpower,balanced_acc,0.19415880797817914
physionet_hyser,S16,session1,session2,physionet_hyser::S16::session1->session2,2031,pretrained_encoder,balanced_acc,0.19354970565721716
physionet_hyser,S16,session1,session2,physionet_hyser::S16::session1->session2,2031,raw_stats,balanced_acc,0.1600115074944156
physionet_hyser,S16,session1,session2,physionet_hyser::S16::session1->session2,2031,raw_stats_plus_frequency,balanced_acc,0.20167883241088827
physionet_hyser,S16,session1,session2,physionet_hyser::S16::session1->session2,2031,raw_stats_plus_pretrained,balanced_acc,0.21381423164426247
physionet_hyser,S16,session1,session2,physionet_hyser::S16::session1->session2,2032,frequency_logbandpower,balanced_acc,0.19829450682690328
physionet_hyser,S16,session1,session2,physionet_hyser::S16::session1->session2,2032,pretrained_encoder,balanced_acc,0.1911962273118189
physionet_hyser,S16,session1,session2,physionet_hyser::S16::session1->session2,2032,raw_stats,balanced_acc,0.16622133751638493
physionet_hyser,S16,session1,session2,physionet_hyser::S16::session1->session2,2032,raw_stats_plus_frequency,balanced_acc,0.19391184856930216
physionet_hyser,S16,session1,session2,physionet_hyser::S16::session1->session2,2032,raw_stats_plus_pretrained,balanced_acc,0.2150760501241408
physionet_hyser,S16,session1,session2,physionet_hyser::S16::session1->session2,2033,frequency_logbandpower,balanced_acc,0.2020398260995254
physionet_hyser,S16,session1,session2,physionet_hyser::S16::session1->session2,2033,pretrained_encoder,balanced_acc,0.18915435663875482
physionet_hyser,S16,session1,session2,physionet_hyser::S16::session1->session2,2033,raw_stats,balanced_acc,0.15864940997692203
physionet_hyser,S16,session1,session2,physionet_hyser::S16::session1->session2,2033,raw_stats_plus_frequency,balanced_acc,0.20527069817696078
physionet_hyser,S16,session1,session2,physionet_hyser::S16::session1->session2,2033,raw_stats_plus_pretrained,balanced_acc,0.22679859582401304
physionet_hyser,S16,session1,session2,physionet_hyser::S16::session1->session2,2034,frequency_logbandpower,balanced_acc,0.20687547611943588
physionet_hyser,S16,session1,session2,physionet_hyser::S16::session1->session2,2034,pretrained_encoder,balanced_acc,0.19504604710559026
physionet_hyser,S16,session1,session2,physionet_hyser::S16::session1->session2,2034,raw_stats,balanced_acc,0.16155767077161035
physionet_hyser,S16,session1,session2,physionet_hyser::S16::session1->session2,2034,raw_stats_plus_frequency,balanced_acc,0.21073822982190532
physionet_hyser,S16,session1,session2,physionet_hyser::S16::session1->session2,2034,raw_stats_plus_pretrained,balanced_acc,0.2319793057619617
physionet_hyser,S16,session1,session2,physionet_hyser::S16::session1->session2,2035,frequency_logbandpower,balanced_acc,0.20077430458869017
physionet_hyser,S16,session1,session2,physionet_hyser::S16::session1->session2,2035,pretrained_encoder,balanced_acc,0.1966182865093367
physionet_hyser,S16,session1,session2,physionet_hyser::S16::session1->session2,2035,raw_stats,balanced_acc,0.16531154247505292
physionet_hyser,S16,session1,session2,physionet_hyser::S16::session1->session2,2035,raw_stats_plus_frequency,balanced_acc,0.19782911369014708
physionet_hyser,S16,session1,session2,physionet_hyser::S16::session1->session2,2035,raw_stats_plus_pretrained,balanced_acc,0.22235822624809537
physionet_hyser,S17,session1,session2,physionet_hyser::S17::session1->session2,2026,frequency_logbandpower,balanced_acc,0.348058471498539
physionet_hyser,S17,session1,session2,physionet_hyser::S17::session1->session2,2026,pretrained_encoder,balanced_acc,0.24732228267800507
physionet_hyser,S17,session1,session2,physionet_hyser::S17::session1->session2,2026,raw_stats,balanced_acc,0.2542106862128772
physionet_hyser,S17,session1,session2,physionet_hyser::S17::session1->session2,2026,raw_stats_plus_frequency,balanced_acc,0.3414873420618424
physionet_hyser,S17,session1,session2,physionet_hyser::S17::session1->session2,2026,raw_stats_plus_pretrained,balanced_acc,0.3162873542479616
physionet_hyser,S17,session1,session2,physionet_hyser::S17::session1->session2,2027,frequency_logbandpower,balanced_acc,0.35603577573453477
physionet_hyser,S17,session1,session2,physionet_hyser::S17::session1->session2,2027,pretrained_encoder,balanced_acc,0.2549622313802421
physionet_hyser,S17,session1,session2,physionet_hyser::S17::session1->session2,2027,raw_stats,balanced_acc,0.2573228105882967
physionet_hyser,S17,session1,session2,physionet_hyser::S17::session1->session2,2027,raw_stats_plus_frequency,balanced_acc,0.34212761451290896
physionet_hyser,S17,session1,session2,physionet_hyser::S17::session1->session2,2027,raw_stats_plus_pretrained,balanced_acc,0.3228840107629319
physionet_hyser,S17,session1,session2,physionet_hyser::S17::session1->session2,2028,frequency_logbandpower,balanced_acc,0.3578929512117755
physionet_hyser,S17,session1,session2,physionet_hyser::S17::session1->session2,2028,pretrained_encoder,balanced_acc,0.2545055497458812
physionet_hyser,S17,session1,session2,physionet_hyser::S17::session1->session2,2028,raw_stats,balanced_acc,0.25554021183175224
physionet_hyser,S17,session1,session2,physionet_hyser::S17::session1->session2,2028,raw_stats_plus_frequency,balanced_acc,0.35378426096716953
physionet_hyser,S17,session1,session2,physionet_hyser::S17::session1->session2,2028,raw_stats_plus_pretrained,balanced_acc,0.31615831726837285
physionet_hyser,S17,session1,session2,physionet_hyser::S17::session1->session2,2029,frequency_logbandpower,balanced_acc,0.35465153654762216
physionet_hyser,S17,session1,session2,physionet_hyser::S17::session1->session2,2029,pretrained_encoder,balanced_acc,0.25589340936912186
physionet_hyser,S17,session1,session2,physionet_hyser::S17::session1->session2,2029,raw_stats,balanced_acc,0.2478061600211732
physionet_hyser,S17,session1,session2,physionet_hyser::S17::session1->session2,2029,raw_stats_plus_frequency,balanced_acc,0.35072200941210036
physionet_hyser,S17,session1,session2,physionet_hyser::S17::session1->session2,2029,raw_stats_plus_pretrained,balanced_acc,0.3150321762976779
physionet_hyser,S17,session1,session2,physionet_hyser::S17::session1->session2,2030,frequency_logbandpower,balanced_acc,0.35513597063600383
physionet_hyser,S17,session1,session2,physionet_hyser::S17::session1->session2,2030,pretrained_encoder,balanced_acc,0.2525336571841678
physionet_hyser,S17,session1,session2,physionet_hyser::S17::session1->session2,2030,raw_stats,balanced_acc,0.25704487161610484
physionet_hyser,S17,session1,session2,physionet_hyser::S17::session1->session2,2030,raw_stats_plus_frequency,balanced_acc,0.3484821897143938
physionet_hyser,S17,session1,session2,physionet_hyser::S17::session1->session2,2030,raw_stats_plus_pretrained,balanced_acc,0.307819201928138
physionet_hyser,S17,session1,session2,physionet_hyser::S17::session1->session2,2031,frequency_logbandpower,balanced_acc,0.3507729457157995
physionet_hyser,S17,session1,session2,physionet_hyser::S17::session1->session2,2031,pretrained_encoder,balanced_acc,0.25467341782716424
physionet_hyser,S17,session1,session2,physionet_hyser::S17::session1->session2,2031,raw_stats,balanced_acc,0.25001543469443477
physionet_hyser,S17,session1,session2,physionet_hyser::S17::session1->session2,2031,raw_stats_plus_frequency,balanced_acc,0.3456899605452353
physionet_hyser,S17,session1,session2,physionet_hyser::S17::session1->session2,2031,raw_stats_plus_pretrained,balanced_acc,0.3089788796209624
physionet_hyser,S17,session1,session2,physionet_hyser::S17::session1->session2,2032,frequency_logbandpower,balanced_acc,0.35424563422142463
physionet_hyser,S17,session1,session2,physionet_hyser::S17::session1->session2,2032,pretrained_encoder,balanced_acc,0.2524370421959285
physionet_hyser,S17,session1,session2,physionet_hyser::S17::session1->session2,2032,raw_stats,balanced_acc,0.24061218784724644
physionet_hyser,S17,session1,session2,physionet_hyser::S17::session1->session2,2032,raw_stats_plus_frequency,balanced_acc,0.34040413476046527
physionet_hyser,S17,session1,session2,physionet_hyser::S17::session1->session2,2032,raw_stats_plus_pretrained,balanced_acc,0.3032433607289787
physionet_hyser,S17,session1,session2,physionet_hyser::S17::session1->session2,2033,frequency_logbandpower,balanced_acc,0.34885727970670827
physionet_hyser,S17,session1,session2,physionet_hyser::S17::session1->session2,2033,pretrained_encoder,balanced_acc,0.253622191071478
physionet_hyser,S17,session1,session2,physionet_hyser::S17::session1->session2,2033,raw_stats,balanced_acc,0.2416912473655147
physionet_hyser,S17,session1,session2,physionet_hyser::S17::session1->session2,2033,raw_stats_plus_frequency,balanced_acc,0.3468315677120227
physionet_hyser,S17,session1,session2,physionet_hyser::S17::session1->session2,2033,raw_stats_plus_pretrained,balanced_acc,0.31696767385398417
physionet_hyser,S17,session1,session2,physionet_hyser::S17::session1->session2,2034,frequency_logbandpower,balanced_acc,0.3568037968290842
physionet_hyser,S17,session1,session2,physionet_hyser::S17::session1->session2,2034,pretrained_encoder,balanced_acc,0.24909884862851883
physionet_hyser,S17,session1,session2,physionet_hyser::S17::session1->session2,2034,raw_stats,balanced_acc,0.24683642132031824
physionet_hyser,S17,session1,session2,physionet_hyser::S17::session1->session2,2034,raw_stats_plus_frequency,balanced_acc,0.35003385447822927
physionet_hyser,S17,session1,session2,physionet_hyser::S17::session1->session2,2034,raw_stats_plus_pretrained,balanced_acc,0.315420743864295
physionet_hyser,S17,session1,session2,physionet_hyser::S17::session1->session2,2035,frequency_logbandpower,balanced_acc,0.3616571606493275
physionet_hyser,S17,session1,session2,physionet_hyser::S17::session1->session2,2035,pretrained_encoder,balanced_acc,0.2522866033452546
physionet_hyser,S17,session1,session2,physionet_hyser::S17::session1->session2,2035,raw_stats,balanced_acc,0.2573460038136691
physionet_hyser,S17,session1,session2,physionet_hyser::S17::session1->session2,2035,raw_stats_plus_frequency,balanced_acc,0.34819585543577913
physionet_hyser,S17,session1,session2,physionet_hyser::S17::session1->session2,2035,raw_stats_plus_pretrained,balanced_acc,0.31782878625814776
physionet_hyser,S18,session1,session2,physionet_hyser::S18::session1->session2,2026,frequency_logbandpower,balanced_acc,0.24755181282910896
physionet_hyser,S18,session1,session2,physionet_hyser::S18::session1->session2,2026,pretrained_encoder,balanced_acc,0.16288083274009485
physionet_hyser,S18,session1,session2,physionet_hyser::S18::session1->session2,2026,raw_stats,balanced_acc,0.22549482523892864
physionet_hyser,S18,session1,session2,physionet_hyser::S18::session1->session2,2026,raw_stats_plus_frequency,balanced_acc,0.2500800530682689
physionet_hyser,S18,session1,session2,physionet_hyser::S18::session1->session2,2026,raw_stats_plus_pretrained,balanced_acc,0.20984383442495064
physionet_hyser,S18,session1,session2,physionet_hyser::S18::session1->session2,2027,frequency_logbandpower,balanced_acc,0.24740979656641313
physionet_hyser,S18,session1,session2,physionet_hyser::S18::session1->session2,2027,pretrained_encoder,balanced_acc,0.17024858533979978
physionet_hyser,S18,session1,session2,physionet_hyser::S18::session1->session2,2027,raw_stats,balanced_acc,0.22893395656274346
physionet_hyser,S18,session1,session2,physionet_hyser::S18::session1->session2,2027,raw_stats_plus_frequency,balanced_acc,0.2371311629011063
physionet_hyser,S18,session1,session2,physionet_hyser::S18::session1->session2,2027,raw_stats_plus_pretrained,balanced_acc,0.22751355851285726
physionet_hyser,S18,session1,session2,physionet_hyser::S18::session1->session2,2028,frequency_logbandpower,balanced_acc,0.2507990233011637
physionet_hyser,S18,session1,session2,physionet_hyser::S18::session1->session2,2028,pretrained_encoder,balanced_acc,0.16360083620955454
physionet_hyser,S18,session1,session2,physionet_hyser::S18::session1->session2,2028,raw_stats,balanced_acc,0.22225749535648295
physionet_hyser,S18,session1,session2,physionet_hyser::S18::session1->session2,2028,raw_stats_plus_frequency,balanced_acc,0.2455647758102381
physionet_hyser,S18,session1,session2,physionet_hyser::S18::session1->session2,2028,raw_stats_plus_pretrained,balanced_acc,0.22017465443819056
physionet_hyser,S18,session1,session2,physionet_hyser::S18::session1->session2,2029,frequency_logbandpower,balanced_acc,0.2614850375778929
physionet_hyser,S18,session1,session2,physionet_hyser::S18::session1->session2,2029,pretrained_encoder,balanced_acc,0.17102982923301965
physionet_hyser,S18,session1,session2,physionet_hyser::S18::session1->session2,2029,raw_stats,balanced_acc,0.2195484167269727
physionet_hyser,S18,session1,session2,physionet_hyser::S18::session1->session2,2029,raw_stats_plus_frequency,balanced_acc,0.2565296245437139
physionet_hyser,S18,session1,session2,physionet_hyser::S18::session1->session2,2029,raw_stats_plus_pretrained,balanced_acc,0.221476146237834
physionet_hyser,S18,session1,session2,physionet_hyser::S18::session1->session2,2030,frequency_logbandpower,balanced_acc,0.24870404651506176
physionet_hyser,S18,session1,session2,physionet_hyser::S18::session1->session2,2030,pretrained_encoder,balanced_acc,0.15904638859920328
physionet_hyser,S18,session1,session2,physionet_hyser::S18::session1->session2,2030,raw_stats,balanced_acc,0.21957623165586684
physionet_hyser,S18,session1,session2,physionet_hyser::S18::session1->session2,2030,raw_stats_plus_frequency,balanced_acc,0.24369088559877583
physionet_hyser,S18,session1,session2,physionet_hyser::S18::session1->session2,2030,raw_stats_plus_pretrained,balanced_acc,0.225978201009198
physionet_hyser,S18,session1,session2,physionet_hyser::S18::session1->session2,2031,frequency_logbandpower,balanced_acc,0.2502087331109104
physionet_hyser,S18,session1,session2,physionet_hyser::S18::session1->session2,2031,pretrained_encoder,balanced_acc,0.1683564527919591
physionet_hyser,S18,session1,session2,physionet_hyser::S18::session1->session2,2031,raw_stats,balanced_acc,0.222380864836344
physionet_hyser,S18,session1,session2,physionet_hyser::S18::session1->session2,2031,raw_stats_plus_frequency,balanced_acc,0.2492013953749874
physionet_hyser,S18,session1,session2,physionet_hyser::S18::session1->session2,2031,raw_stats_plus_pretrained,balanced_acc,0.21729878744973205
physionet_hyser,S18,session1,session2,physionet_hyser::S18::session1->session2,2032,frequency_logbandpower,balanced_acc,0.24358758290911967
physionet_hyser,S18,session1,session2,physionet_hyser::S18::session1->session2,2032,pretrained_encoder,balanced_acc,0.1647566374645112
physionet_hyser,S18,session1,session2,physionet_hyser::S18::session1->session2,2032,raw_stats,balanced_acc,0.21873345414248926
physionet_hyser,S18,session1,session2,physionet_hyser::S18::session1->session2,2032,raw_stats_plus_frequency,balanced_acc,0.2380386691323865
physionet_hyser,S18,session1,session2,physionet_hyser::S18::session1->session2,2032,raw_stats_plus_pretrained,balanced_acc,0.21525207497243928
physionet_hyser,S18,session1,session2,physionet_hyser::S18::session1->session2,2033,frequency_logbandpower,balanced_acc,0.2526976090958834
physionet_hyser,S18,session1,session2,physionet_hyser::S18::session1->session2,2033,pretrained_encoder,balanced_acc,0.1645215645023027
physionet_hyser,S18,session1,session2,physionet_hyser::S18::session1->session2,2033,raw_stats,balanced_acc,0.22178023851077816
physionet_hyser,S18,session1,session2,physionet_hyser::S18::session1->session2,2033,raw_stats_plus_frequency,balanced_acc,0.25291302395450244
physionet_hyser,S18,session1,session2,physionet_hyser::S18::session1->session2,2033,raw_stats_plus_pretrained,balanced_acc,0.21397990451505255
physionet_hyser,S18,session1,session2,physionet_hyser::S18::session1->session2,2034,frequency_logbandpower,balanced_acc,0.2513361921796996
physionet_hyser,S18,session1,session2,physionet_hyser::S18::session1->session2,2034,pretrained_encoder,balanced_acc,0.17406888980615098
physionet_hyser,S18,session1,session2,physionet_hyser::S18::session1->session2,2034,raw_stats,balanced_acc,0.23450285102113286
physionet_hyser,S18,session1,session2,physionet_hyser::S18::session1->session2,2034,raw_stats_plus_frequency,balanced_acc,0.2625513679835327
physionet_hyser,S18,session1,session2,physionet_hyser::S18::session1->session2,2034,raw_stats_plus_pretrained,balanced_acc,0.234136706541244
physionet_hyser,S18,session1,session2,physionet_hyser::S18::session1->session2,2035,frequency_logbandpower,balanced_acc,0.24146733442879312
physionet_hyser,S18,session1,session2,physionet_hyser::S18::session1->session2,2035,pretrained_encoder,balanced_acc,0.16742848274540736
physionet_hyser,S18,session1,session2,physionet_hyser::S18::session1->session2,2035,raw_stats,balanced_acc,0.2203015519823287
physionet_hyser,S18,session1,session2,physionet_hyser::S18::session1->session2,2035,raw_stats_plus_frequency,balanced_acc,0.24258760204473379
physionet_hyser,S18,session1,session2,physionet_hyser::S18::session1->session2,2035,raw_stats_plus_pretrained,balanced_acc,0.21911810899138343
physionet_hyser,S19,session1,session2,physionet_hyser::S19::session1->session2,2026,frequency_logbandpower,balanced_acc,0.28964131964308737
physionet_hyser,S19,session1,session2,physionet_hyser::S19::session1->session2,2026,pretrained_encoder,balanced_acc,0.18334541690975364
physionet_hyser,S19,session1,session2,physionet_hyser::S19::session1->session2,2026,raw_stats,balanced_acc,0.20761023015145608
physionet_hyser,S19,session1,session2,physionet_hyser::S19::session1->session2,2026,raw_stats_plus_frequency,balanced_acc,0.27724287063301734
physionet_hyser,S19,session1,session2,physionet_hyser::S19::session1->session2,2026,raw_stats_plus_pretrained,balanced_acc,0.24315750725293692
physionet_hyser,S19,session1,session2,physionet_hyser::S19::session1->session2,2027,frequency_logbandpower,balanced_acc,0.29435497210521394
physionet_hyser,S19,session1,session2,physionet_hyser::S19::session1->session2,2027,pretrained_encoder,balanced_acc,0.18061477094164843
physionet_hyser,S19,session1,session2,physionet_hyser::S19::session1->session2,2027,raw_stats,balanced_acc,0.22383435746509223
physionet_hyser,S19,session1,session2,physionet_hyser::S19::session1->session2,2027,raw_stats_plus_frequency,balanced_acc,0.2754844255336941
physionet_hyser,S19,session1,session2,physionet_hyser::S19::session1->session2,2027,raw_stats_plus_pretrained,balanced_acc,0.23529458346097692
physionet_hyser,S19,session1,session2,physionet_hyser::S19::session1->session2,2028,frequency_logbandpower,balanced_acc,0.2916944245195076
physionet_hyser,S19,session1,session2,physionet_hyser::S19::session1->session2,2028,pretrained_encoder,balanced_acc,0.18382175072746643
physionet_hyser,S19,session1,session2,physionet_hyser::S19::session1->session2,2028,raw_stats,balanced_acc,0.21342321851130877
physionet_hyser,S19,session1,session2,physionet_hyser::S19::session1->session2,2028,raw_stats_plus_frequency,balanced_acc,0.2694564149807782
physionet_hyser,S19,session1,session2,physionet_hyser::S19::session1->session2,2028,raw_stats_plus_pretrained,balanced_acc,0.23440407686404646
physionet_hyser,S19,session1,session2,physionet_hyser::S19::session1->session2,2029,frequency_logbandpower,balanced_acc,0.2878718014252492
physionet_hyser,S19,session1,session2,physionet_hyser::S19::session1->session2,2029,pretrained_encoder,balanced_acc,0.1802104907126039
physionet_hyser,S19,session1,session2,physionet_hyser::S19::session1->session2,2029,raw_stats,balanced_acc,0.2177363994183353
physionet_hyser,S19,session1,session2,physionet_hyser::S19::session1->session2,2029,raw_stats_plus_frequency,balanced_acc,0.27363046056595886
physionet_hyser,S19,session1,session2,physionet_hyser::S19::session1->session2,2029,raw_stats_plus_pretrained,balanced_acc,0.24022396413450858
physionet_hyser,S19,session1,session2,physionet_hyser::S19::session1->session2,2030,frequency_logbandpower,balanced_acc,0.3016150148708656
physionet_hyser,S19,session1,session2,physionet_hyser::S19::session1->session2,2030,pretrained_encoder,balanced_acc,0.1791186048084215
physionet_hyser,S19,session1,session2,physionet_hyser::S19::session1->session2,2030,raw_stats,balanced_acc,0.2170322533131145
physionet_hyser,S19,session1,session2,physionet_hyser::S19::session1->session2,2030,raw_stats_plus_frequency,balanced_acc,0.27541598423185565
physionet_hyser,S19,session1,session2,physionet_hyser::S19::session1->session2,2030,raw_stats_plus_pretrained,balanced_acc,0.23659941359513265
physionet_hyser,S19,session1,session2,physionet_hyser::S19::session1->session2,2031,frequency_logbandpower,balanced_acc,0.2900696627285789
physionet_hyser,S19,session1,session2,physionet_hyser::S19::session1->session2,2031,pretrained_encoder,balanced_acc,0.18213458268745322
physionet_hyser,S19,session1,session2,physionet_hyser::S19::session1->session2,2031,raw_stats,balanced_acc,0.2223575709301487
physionet_hyser,S19,session1,session2,physionet_hyser::S19::session1->session2,2031,raw_stats_plus_frequency,balanced_acc,0.2795597657389448
physionet_hyser,S19,session1,session2,physionet_hyser::S19::session1->session2,2031,raw_stats_plus_pretrained,balanced_acc,0.2398926866407809
physionet_hyser,S19,session1,session2,physionet_hyser::S19::session1->session2,2032,frequency_logbandpower,balanced_acc,0.2926622336687689
physionet_hyser,S19,session1,session2,physionet_hyser::S19::session1->session2,2032,pretrained_encoder,balanced_acc,0.17422192687233562
physionet_hyser,S19,session1,session2,physionet_hyser::S19::session1->session2,2032,raw_stats,balanced_acc,0.22302796494235114
physionet_hyser,S19,session1,session2,physionet_hyser::S19::session1->session2,2032,raw_stats_plus_frequency,balanced_acc,0.26601407561134927
physionet_hyser,S19,session1,session2,physionet_hyser::S19::session1->session2,2032,raw_stats_plus_pretrained,balanced_acc,0.2343883852273998
physionet_hyser,S19,session1,session2,physionet_hyser::S19::session1->session2,2033,frequency_logbandpower,balanced_acc,0.29849214252856404
physionet_hyser,S19,session1,session2,physionet_hyser::S19::session1->session2,2033,pretrained_encoder,balanced_acc,0.1840368685107559
physionet_hyser,S19,session1,session2,physionet_hyser::S19::session1->session2,2033,raw_stats,balanced_acc,0.21955374164389202
physionet_hyser,S19,session1,session2,physionet_hyser::S19::session1->session2,2033,raw_stats_plus_frequency,balanced_acc,0.28420976167267914
physionet_hyser,S19,session1,session2,physionet_hyser::S19::session1->session2,2033,raw_stats_plus_pretrained,balanced_acc,0.23512594229539574
physionet_hyser,S19,session1,session2,physionet_hyser::S19::session1->session2,2034,frequency_logbandpower,balanced_acc,0.2983455334339097
physionet_hyser,S19,session1,session2,physionet_hyser::S19::session1->session2,2034,pretrained_encoder,balanced_acc,0.18351941672141642
physionet_hyser,S19,session1,session2,physionet_hyser::S19::session1->session2,2034,raw_stats,balanced_acc,0.21427308677943604
physionet_hyser,S19,session1,session2,physionet_hyser::S19::session1->session2,2034,raw_stats_plus_frequency,balanced_acc,0.28077148639513705
physionet_hyser,S19,session1,session2,physionet_hyser::S19::session1->session2,2034,raw_stats_plus_pretrained,balanced_acc,0.24535165196521921
physionet_hyser,S19,session1,session2,physionet_hyser::S19::session1->session2,2035,frequency_logbandpower,balanced_acc,0.29427416471352497
physionet_hyser,S19,session1,session2,physionet_hyser::S19::session1->session2,2035,pretrained_encoder,balanced_acc,0.18380590700732766
physionet_hyser,S19,session1,session2,physionet_hyser::S19::session1->session2,2035,raw_stats,balanced_acc,0.2157716993561145
physionet_hyser,S19,session1,session2,physionet_hyser::S19::session1->session2,2035,raw_stats_plus_frequency,balanced_acc,0.2738721353276004
physionet_hyser,S19,session1,session2,physionet_hyser::S19::session1->session2,2035,raw_stats_plus_pretrained,balanced_acc,0.23948386990722212
physionet_hyser,S20,session1,session2,physionet_hyser::S20::session1->session2,2026,frequency_logbandpower,balanced_acc,0.16777114651043057
physionet_hyser,S20,session1,session2,physionet_hyser::S20::session1->session2,2026,pretrained_encoder,balanced_acc,0.20009596070027677
physionet_hyser,S20,session1,session2,physionet_hyser::S20::session1->session2,2026,raw_stats,balanced_acc,0.13486251553235007
physionet_hyser,S20,session1,session2,physionet_hyser::S20::session1->session2,2026,raw_stats_plus_frequency,balanced_acc,0.17365197963773402
physionet_hyser,S20,session1,session2,physionet_hyser::S20::session1->session2,2026,raw_stats_plus_pretrained,balanced_acc,0.20788599057682036
physionet_hyser,S20,session1,session2,physionet_hyser::S20::session1->session2,2027,frequency_logbandpower,balanced_acc,0.17649297563062977
physionet_hyser,S20,session1,session2,physionet_hyser::S20::session1->session2,2027,pretrained_encoder,balanced_acc,0.19998699258070377
physionet_hyser,S20,session1,session2,physionet_hyser::S20::session1->session2,2027,raw_stats,balanced_acc,0.13734631348816764
physionet_hyser,S20,session1,session2,physionet_hyser::S20::session1->session2,2027,raw_stats_plus_frequency,balanced_acc,0.17391444333073874
physionet_hyser,S20,session1,session2,physionet_hyser::S20::session1->session2,2027,raw_stats_plus_pretrained,balanced_acc,0.19874005676917625
physionet_hyser,S20,session1,session2,physionet_hyser::S20::session1->session2,2028,frequency_logbandpower,balanced_acc,0.16929102624985684
physionet_hyser,S20,session1,session2,physionet_hyser::S20::session1->session2,2028,pretrained_encoder,balanced_acc,0.21034080018107795
physionet_hyser,S20,session1,session2,physionet_hyser::S20::session1->session2,2028,raw_stats,balanced_acc,0.13118960665063864
physionet_hyser,S20,session1,session2,physionet_hyser::S20::session1->session2,2028,raw_stats_plus_frequency,balanced_acc,0.1739294197717524
physionet_hyser,S20,session1,session2,physionet_hyser::S20::session1->session2,2028,raw_stats_plus_pretrained,balanced_acc,0.20466193446796965
physionet_hyser,S20,session1,session2,physionet_hyser::S20::session1->session2,2029,frequency_logbandpower,balanced_acc,0.17523851911790841
physionet_hyser,S20,session1,session2,physionet_hyser::S20::session1->session2,2029,pretrained_encoder,balanced_acc,0.2007186483739143
physionet_hyser,S20,session1,session2,physionet_hyser::S20::session1->session2,2029,raw_stats,balanced_acc,0.13358523579721926
physionet_hyser,S20,session1,session2,physionet_hyser::S20::session1->session2,2029,raw_stats_plus_frequency,balanced_acc,0.17757372316380032
physionet_hyser,S20,session1,session2,physionet_hyser::S20::session1->session2,2029,raw_stats_plus_pretrained,balanced_acc,0.20717815921498112
physionet_hyser,S20,session1,session2,physionet_hyser::S20::session1->session2,2030,frequency_logbandpower,balanced_acc,0.17242175631112475
physionet_hyser,S20,session1,session2,physionet_hyser::S20::session1->session2,2030,pretrained_encoder,balanced_acc,0.2048348140104593
physionet_hyser,S20,session1,session2,physionet_hyser::S20::session1->session2,2030,raw_stats,balanced_acc,0.12553776736636935
physionet_hyser,S20,session1,session2,physionet_hyser::S20::session1->session2,2030,raw_stats_plus_frequency,balanced_acc,0.1696598237707911
physionet_hyser,S20,session1,session2,physionet_hyser::S20::session1->session2,2030,raw_stats_plus_pretrained,balanced_acc,0.20555306022660924
physionet_hyser,S20,session1,session2,physionet_hyser::S20::session1->session2,2031,frequency_logbandpower,balanced_acc,0.1669244931366701
physionet_hyser,S20,session1,session2,physionet_hyser::S20::session1->session2,2031,pretrained_encoder,balanced_acc,0.1997297364987238
physionet_hyser,S20,session1,session2,physionet_hyser::S20::session1->session2,2031,raw_stats,balanced_acc,0.12880213084327952
physionet_hyser,S20,session1,session2,physionet_hyser::S20::session1->session2,2031,raw_stats_plus_frequency,balanced_acc,0.1801597007425244
physionet_hyser,S20,session1,session2,physionet_hyser::S20::session1->session2,2031,raw_stats_plus_pretrained,balanced_acc,0.20681501452013087
physionet_hyser,S20,session1,session2,physionet_hyser::S20::session1->session2,2032,frequency_logbandpower,balanced_acc,0.170563341541852
physionet_hyser,S20,session1,session2,physionet_hyser::S20::session1->session2,2032,pretrained_encoder,balanced_acc,0.20237948683879972
physionet_hyser,S20,session1,session2,physionet_hyser::S20::session1->session2,2032,raw_stats,balanced_acc,0.1264657677169754
physionet_hyser,S20,session1,session2,physionet_hyser::S20::session1->session2,2032,raw_stats_plus_frequency,balanced_acc,0.17022377956396853
physionet_hyser,S20,session1,session2,physionet_hyser::S20::session1->session2,2032,raw_stats_plus_pretrained,balanced_acc,0.20764199820580959
physionet_hyser,S20,session1,session2,physionet_hyser::S20::session1->session2,2033,frequency_logbandpower,balanced_acc,0.16039137368200512
physionet_hyser,S20,session1,session2,physionet_hyser::S20::session1->session2,2033,pretrained_encoder,balanced_acc,0.19471973510005633
physionet_hyser,S20,session1,session2,physionet_hyser::S20::session1->session2,2033,raw_stats,balanced_acc,0.13955822393849893
physionet_hyser,S20,session1,session2,physionet_hyser::S20::session1->session2,2033,raw_stats_plus_frequency,balanced_acc,0.16880676551203572
physionet_hyser,S20,session1,session2,physionet_hyser::S20::session1->session2,2033,raw_stats_plus_pretrained,balanced_acc,0.20828880507668301
physionet_hyser,S20,session1,session2,physionet_hyser::S20::session1->session2,2034,frequency_logbandpower,balanced_acc,0.16786669673604454
physionet_hyser,S20,session1,session2,physionet_hyser::S20::session1->session2,2034,pretrained_encoder,balanced_acc,0.2019842403168035
physionet_hyser,S20,session1,session2,physionet_hyser::S20::session1->session2,2034,raw_stats,balanced_acc,0.1273806899070291
physionet_hyser,S20,session1,session2,physionet_hyser::S20::session1->session2,2034,raw_stats_plus_frequency,balanced_acc,0.17246378440107987
physionet_hyser,S20,session1,session2,physionet_hyser::S20::session1->session2,2034,raw_stats_plus_pretrained,balanced_acc,0.20798854507169096
physionet_hyser,S20,session1,session2,physionet_hyser::S20::session1->session2,2035,frequency_logbandpower,balanced_acc,0.16872623214144256
physionet_hyser,S20,session1,session2,physionet_hyser::S20::session1->session2,2035,pretrained_encoder,balanced_acc,0.19183986704381353
physionet_hyser,S20,session1,session2,physionet_hyser::S20::session1->session2,2035,raw_stats,balanced_acc,0.13061918572291917
physionet_hyser,S20,session1,session2,physionet_hyser::S20::session1->session2,2035,raw_stats_plus_frequency,balanced_acc,0.17061560564238076
physionet_hyser,S20,session1,session2,physionet_hyser::S20::session1->session2,2035,raw_stats_plus_pretrained,balanced_acc,0.19563199627280256
